100.0000000000 3.3508920306
100.0010000000 3.3580925012
100.0020000000 3.3653004355
100.0030000000 3.3725155845
100.0040000000 3.3797376987
100.0050000000 3.3869665286
100.0060000000 3.3942018247
100.0070000000 3.4014433371
100.0080000000 3.4086908158
100.0090000000 3.4159440108
100.0100000000 3.4232026718
100.0110000000 3.4304665485
100.0120000000 3.4377353904
100.0130000000 3.4450089469
100.0140000000 3.4522869674
100.0150000000 3.4595692012
100.0160000000 3.4668553973
100.0170000000 3.4741453050
100.0180000000 3.4814386733
100.0190000000 3.4887352512
100.0200000000 3.4960347875
100.0210000000 3.5033370313
100.0220000000 3.5106417314
100.0230000000 3.5179486367
100.0240000000 3.5252574961
100.0250000000 3.5325680584
100.0260000000 3.5398800725
100.0270000000 3.5471932873
100.0280000000 3.5545074517
100.0290000000 3.5618223146
100.0300000000 3.5691376251
100.0310000000 3.5764531322
100.0320000000 3.5837685849
100.0330000000 3.5910837325
100.0340000000 3.5983983242
100.0350000000 3.6057121094
100.0360000000 3.6130248374
100.0370000000 3.6203362579
100.0380000000 3.6276461204
100.0390000000 3.6349541747
100.0400000000 3.6422601708
100.0410000000 3.6495638585
100.0420000000 3.6568649882
100.0430000000 3.6641633102
100.0440000000 3.6714585749
100.0450000000 3.6787505330
100.0460000000 3.6860389354
100.0470000000 3.6933235330
100.0480000000 3.7006040772
100.0490000000 3.7078803194
100.0500000000 3.7151520111
100.0510000000 3.7224189043
100.0520000000 3.7296807512
100.0530000000 3.7369373039
100.0540000000 3.7441883152
100.0550000000 3.7514335379
100.0560000000 3.7586727251
100.0570000000 3.7659056301
100.0580000000 3.7731320067
100.0590000000 3.7803516088
100.0600000000 3.7875641906
100.0610000000 3.7947695067
100.0620000000 3.8019673121
100.0630000000 3.8091573618
100.0640000000 3.8163394115
100.0650000000 3.8235132170
100.0660000000 3.8306785346
100.0670000000 3.8378351207
100.0680000000 3.8449827324
100.0690000000 3.8521211269
100.0700000000 3.8592500621
100.0710000000 3.8663692959
100.0720000000 3.8734785868
100.0730000000 3.8805776937
100.0740000000 3.8876663760
100.0750000000 3.8947443934
100.0760000000 3.9018115060
100.0770000000 3.9088674744
100.0780000000 3.9159120597
100.0790000000 3.9229450234
100.0800000000 3.9299661274
100.0810000000 3.9369751342
100.0820000000 3.9439718067
100.0830000000 3.9509559083
100.0840000000 3.9579272028
100.0850000000 3.9648854548
100.0860000000 3.9718304290
100.0870000000 3.9787618910
100.0880000000 3.9856796066
100.0890000000 3.9925833425
100.0900000000 3.9994728655
100.0910000000 4.0063479433
100.0920000000 4.0132083441
100.0930000000 4.0200538365
100.0940000000 4.0268841899
100.0950000000 4.0336991741
100.0960000000 4.0404985595
100.0970000000 4.0472821173
100.0980000000 4.0540496190
100.0990000000 4.0608008370
100.1000000000 4.0675355441
100.1010000000 4.0742535139
100.1020000000 4.0809545206
100.1030000000 4.0876383388
100.1040000000 4.0943047442
100.1050000000 4.1009535127
100.1060000000 4.1075844213
100.1070000000 4.1141972472
100.1080000000 4.1207917687
100.1090000000 4.1273677646
100.1100000000 4.1339250144
100.1110000000 4.1404632983
100.1120000000 4.1469823972
100.1130000000 4.1534820929
100.1140000000 4.1599621676
100.1150000000 4.1664224045
100.1160000000 4.1728625875
100.1170000000 4.1792825011
100.1180000000 4.1856819307
100.1190000000 4.1920606624
100.1200000000 4.1984184831
100.1210000000 4.2047551804
100.1220000000 4.2110705428
100.1230000000 4.2173643596
100.1240000000 4.2236364207
100.1250000000 4.2298865169
100.1260000000 4.2361144400
100.1270000000 4.2423199824
100.1280000000 4.2485029374
100.1290000000 4.2546630991
100.1300000000 4.2608002625
100.1310000000 4.2669142233
100.1320000000 4.2730047783
100.1330000000 4.2790717249
100.1340000000 4.2851148616
100.1350000000 4.2911339875
100.1360000000 4.2971289029
100.1370000000 4.3030994088
100.1380000000 4.3090453070
100.1390000000 4.3149664005
100.1400000000 4.3208624928
100.1410000000 4.3267333888
100.1420000000 4.3325788938
100.1430000000 4.3383988145
100.1440000000 4.3441929581
100.1450000000 4.3499611331
100.1460000000 4.3557031488
100.1470000000 4.3614188153
100.1480000000 4.3671079440
100.1490000000 4.3727703470
100.1500000000 4.3784058373
100.1510000000 4.3840142292
100.1520000000 4.3895953378
100.1530000000 4.3951489790
100.1540000000 4.4006749701
100.1550000000 4.4061731290
100.1560000000 4.4116432748
100.1570000000 4.4170852278
100.1580000000 4.4224988089
100.1590000000 4.4278838403
100.1600000000 4.4332401452
100.1610000000 4.4385675479
100.1620000000 4.4438658734
100.1630000000 4.4491349483
100.1640000000 4.4543745997
100.1650000000 4.4595846561
100.1660000000 4.4647649470
100.1670000000 4.4699153029
100.1680000000 4.4750355555
100.1690000000 4.4801255375
100.1700000000 4.4851850825
100.1710000000 4.4902140256
100.1720000000 4.4952122027
100.1730000000 4.5001794508
100.1740000000 4.5051156082
100.1750000000 4.5100205142
100.1760000000 4.5148940092
100.1770000000 4.5197359347
100.1780000000 4.5245461334
100.1790000000 4.5293244492
100.1800000000 4.5340707269
100.1810000000 4.5387848126
100.1820000000 4.5434665537
100.1830000000 4.5481157985
100.1840000000 4.5527323965
100.1850000000 4.5573161986
100.1860000000 4.5618670564
100.1870000000 4.5663848233
100.1880000000 4.5708693533
100.1890000000 4.5753205019
100.1900000000 4.5797381257
100.1910000000 4.5841220826
100.1920000000 4.5884722314
100.1930000000 4.5927884326
100.1940000000 4.5970705473
100.1950000000 4.6013184384
100.1960000000 4.6055319696
100.1970000000 4.6097110059
100.1980000000 4.6138554137
100.1990000000 4.6179650605
100.2000000000 4.6220398149
100.2010000000 4.6260795471
100.2020000000 4.6300841282
100.2030000000 4.6340534307
100.2040000000 4.6379873282
100.2050000000 4.6418856959
100.2060000000 4.6457484098
100.2070000000 4.6495753475
100.2080000000 4.6533663878
100.2090000000 4.6571214106
100.2100000000 4.6608402972
100.2110000000 4.6645229303
100.2120000000 4.6681691936
100.2130000000 4.6717789724
100.2140000000 4.6753521529
100.2150000000 4.6788886230
100.2160000000 4.6823882717
100.2170000000 4.6858509892
100.2180000000 4.6892766672
100.2190000000 4.6926651986
100.2200000000 4.6960164775
100.2210000000 4.6993303996
100.2220000000 4.7026068617
100.2230000000 4.7058457619
100.2240000000 4.7090469997
100.2250000000 4.7122104760
100.2260000000 4.7153360929
100.2270000000 4.7184237538
100.2280000000 4.7214733636
100.2290000000 4.7244848283
100.2300000000 4.7274580556
100.2310000000 4.7303929541
100.2320000000 4.7332894341
100.2330000000 4.7361474070
100.2340000000 4.7389667858
100.2350000000 4.7417474847
100.2360000000 4.7444894192
100.2370000000 4.7471925062
100.2380000000 4.7498566641
100.2390000000 4.7524818125
100.2400000000 4.7550678725
100.2410000000 4.7576147664
100.2420000000 4.7601224179
100.2430000000 4.7625907523
100.2440000000 4.7650196960
100.2450000000 4.7674091769
100.2460000000 4.7697591243
100.2470000000 4.7720694688
100.2480000000 4.7743401424
100.2490000000 4.7765710787
100.2500000000 4.7787622122
100.2510000000 4.7809134794
100.2520000000 4.7830248177
100.2530000000 4.7850961661
100.2540000000 4.7871274650
100.2550000000 4.7891186561
100.2560000000 4.7910696827
100.2570000000 4.7929804892
100.2580000000 4.7948510217
100.2590000000 4.7966812275
100.2600000000 4.7984710554
100.2610000000 4.8002204555
100.2620000000 4.8019293795
100.2630000000 4.8035977804
100.2640000000 4.8052256124
100.2650000000 4.8068128316
100.2660000000 4.8083593950
100.2670000000 4.8098652613
100.2680000000 4.8113303906
100.2690000000 4.8127547443
100.2700000000 4.8141382854
100.2710000000 4.8154809780
100.2720000000 4.8167827880
100.2730000000 4.8180436825
100.2740000000 4.8192636300
100.2750000000 4.8204426004
100.2760000000 4.8215805653
100.2770000000 4.8226774974
100.2780000000 4.8237333709
100.2790000000 4.8247481616
100.2800000000 4.8257218464
100.2810000000 4.8266544040
100.2820000000 4.8275458142
100.2830000000 4.8283960584
100.2840000000 4.8292051193
100.2850000000 4.8299729813
100.2860000000 4.8306996298
100.2870000000 4.8313850520
100.2880000000 4.8320292364
100.2890000000 4.8326321728
100.2900000000 4.8331938525
100.2910000000 4.8337142685
100.2920000000 4.8341934147
100.2930000000 4.8346312868
100.2940000000 4.8350278819
100.2950000000 4.8353831984
100.2960000000 4.8356972362
100.2970000000 4.8359699965
100.2980000000 4.8362014822
100.2990000000 4.8363916973
100.3000000000 4.8365406474
100.3010000000 4.8366483395
100.3020000000 4.8367147820
100.3030000000 4.8367399848
100.3040000000 4.8367239591
100.3050000000 4.8366667175
100.3060000000 4.8365682742
100.3070000000 4.8364286447
100.3080000000 4.8362478459
100.3090000000 4.8360258960
100.3100000000 4.8357628150
100.3110000000 4.8354586239
100.3120000000 4.8351133453
100.3130000000 4.8347270032
100.3140000000 4.8342996230
100.3150000000 4.8338312315
100.3160000000 4.8333218570
100.3170000000 4.8327715289
100.3180000000 4.8321802785
100.3190000000 4.8315481381
100.3200000000 4.8308751414
100.3210000000 4.8301613239
100.3220000000 4.8294067220
100.3230000000 4.8286113739
100.3240000000 4.8277753188
100.3250000000 4.8268985978
100.3260000000 4.8259812529
100.3270000000 4.8250233277
100.3280000000 4.8240248673
100.3290000000 4.8229859180
100.3300000000 4.8219065275
100.3310000000 4.8207867451
100.3320000000 4.8196266212
100.3330000000 4.8184262077
100.3340000000 4.8171855580
100.3350000000 4.8159047265
100.3360000000 4.8145837695
100.3370000000 4.8132227441
100.3380000000 4.8118217093
100.3390000000 4.8103807251
100.3400000000 4.8088998531
100.3410000000 4.8073791559
100.3420000000 4.8058186979
100.3430000000 4.8042185447
100.3440000000 4.8025787630
100.3450000000 4.8008994212
100.3460000000 4.7991805888
100.3470000000 4.7974223369
100.3480000000 4.7956247376
100.3490000000 4.7937878647
100.3500000000 4.7919117931
100.3510000000 4.7899965990
100.3520000000 4.7880423601
100.3530000000 4.7860491554
100.3540000000 4.7840170651
100.3550000000 4.7819461708
100.3560000000 4.7798365554
100.3570000000 4.7776883031
100.3580000000 4.7755014996
100.3590000000 4.7732762315
100.3600000000 4.7710125871
100.3610000000 4.7687106559
100.3620000000 4.7663705284
100.3630000000 4.7639922969
100.3640000000 4.7615760546
100.3650000000 4.7591218961
100.3660000000 4.7566299174
100.3670000000 4.7541002155
100.3680000000 4.7515328890
100.3690000000 4.7489280376
100.3700000000 4.7462857623
100.3710000000 4.7436061653
100.3720000000 4.7408893502
100.3730000000 4.7381354217
100.3740000000 4.7353444858
100.3750000000 4.7325166499
100.3760000000 4.7296520224
100.3770000000 4.7267507131
100.3780000000 4.7238128331
100.3790000000 4.7208384945
100.3800000000 4.7178278107
100.3810000000 4.7147808966
100.3820000000 4.7116978680
100.3830000000 4.7085788419
100.3840000000 4.7054239368
100.3850000000 4.7022332721
100.3860000000 4.6990069687
100.3870000000 4.6957451484
100.3880000000 4.6924479343
100.3890000000 4.6891154509
100.3900000000 4.6857478235
100.3910000000 4.6823451789
100.3920000000 4.6789076449
100.3930000000 4.6754353506
100.3940000000 4.6719284260
100.3950000000 4.6683870027
100.3960000000 4.6648112131
100.3970000000 4.6612011908
100.3980000000 4.6575570706
100.3990000000 4.6538789886
100.4000000000 4.6501670817
100.4010000000 4.6464214882
100.4020000000 4.6426423474
100.4030000000 4.6388297998
100.4040000000 4.6349839869
100.4050000000 4.6311050514
100.4060000000 4.6271931372
100.4070000000 4.6232483890
100.4080000000 4.6192709530
100.4090000000 4.6152609760
100.4100000000 4.6112186064
100.4110000000 4.6071439933
100.4120000000 4.6030372870
100.4130000000 4.5988986389
100.4140000000 4.5947282015
100.4150000000 4.5905261282
100.4160000000 4.5862925736
100.4170000000 4.5820276933
100.4180000000 4.5777316438
100.4190000000 4.5734045829
100.4200000000 4.5690466692
100.4210000000 4.5646580624
100.4220000000 4.5602389234
100.4230000000 4.5557894137
100.4240000000 4.5513096962
100.4250000000 4.5467999346
100.4260000000 4.5422602936
100.4270000000 4.5376909390
100.4280000000 4.5330920374
100.4290000000 4.5284637566
100.4300000000 4.5238062651
100.4310000000 4.5191197326
100.4320000000 4.5144043297
100.4330000000 4.5096602279
100.4340000000 4.5048875996
100.4350000000 4.5000866182
100.4360000000 4.4952574581
100.4370000000 4.4904002946
100.4380000000 4.4855153037
100.4390000000 4.4806026627
100.4400000000 4.4756625494
100.4410000000 4.4706951429
100.4420000000 4.4657006228
100.4430000000 4.4606791700
100.4440000000 4.4556309658
100.4450000000 4.4505561929
100.4460000000 4.4454550344
100.4470000000 4.4403276745
100.4480000000 4.4351742983
100.4490000000 4.4299950916
100.4500000000 4.4247902412
100.4510000000 4.4195599346
100.4520000000 4.4143043601
100.4530000000 4.4090237070
100.4540000000 4.4037181652
100.4550000000 4.3983879256
100.4560000000 4.3930331799
100.4570000000 4.3876541203
100.4580000000 4.3822509401
100.4590000000 4.3768238334
100.4600000000 4.3713729948
100.4610000000 4.3658986198
100.4620000000 4.3604009048
100.4630000000 4.3548800468
100.4640000000 4.3493362436
100.4650000000 4.3437696936
100.4660000000 4.3381805962
100.4670000000 4.3325691513
100.4680000000 4.3269355595
100.4690000000 4.3212800224
100.4700000000 4.3156027419
100.4710000000 4.3099039210
100.4720000000 4.3041837631
100.4730000000 4.2984424723
100.4740000000 4.2926802535
100.4750000000 4.2868973122
100.4760000000 4.2810938547
100.4770000000 4.2752700876
100.4780000000 4.2694262185
100.4790000000 4.2635624555
100.4800000000 4.2576790073
100.4810000000 4.2517760834
100.4820000000 4.2458538935
100.4830000000 4.2399126485
100.4840000000 4.2339525593
100.4850000000 4.2279738379
100.4860000000 4.2219766965
100.4870000000 4.2159613481
100.4880000000 4.2099280062
100.4890000000 4.2038768850
100.4900000000 4.1978081990
100.4910000000 4.1917221633
100.4920000000 4.1856189938
100.4930000000 4.1794989067
100.4940000000 4.1733621187
100.4950000000 4.1672088471
100.4960000000 4.1610393098
100.4970000000 4.1548537251
100.4980000000 4.1486523117
100.4990000000 4.1424352889
100.5000000000 4.1362028766
100.5010000000 4.1299552948
100.5020000000 4.1236927645
100.5030000000 4.1174155066
100.5040000000 4.1111237428
100.5050000000 4.1048176952
100.5060000000 4.0984975862
100.5070000000 4.0921636388
100.5080000000 4.0858160762
100.5090000000 4.0794551221
100.5100000000 4.0730810008
100.5110000000 4.0666939366
100.5120000000 4.0602941546
100.5130000000 4.0538818801
100.5140000000 4.0474573385
100.5150000000 4.0410207561
100.5160000000 4.0345723591
100.5170000000 4.0281123743
100.5180000000 4.0216410287
100.5190000000 4.0151585497
100.5200000000 4.0086651650
100.5210000000 4.0021611026
100.5220000000 3.9956465909
100.5230000000 3.9891218584
100.5240000000 3.9825871341
100.5250000000 3.9760426471
100.5260000000 3.9694886270
100.5270000000 3.9629253035
100.5280000000 3.9563529065
100.5290000000 3.9497716663
100.5300000000 3.9431818134
100.5310000000 3.9365835785
100.5320000000 3.9299771925
100.5330000000 3.9233628866
100.5340000000 3.9167408922
100.5350000000 3.9101114408
100.5360000000 3.9034747642
100.5370000000 3.8968310944
100.5380000000 3.8901806634
100.5390000000 3.8835237035
100.5400000000 3.8768604473
100.5410000000 3.8701911273
100.5420000000 3.8635159763
100.5430000000 3.8568352271
100.5440000000 3.8501491129
100.5450000000 3.8434578666
100.5460000000 3.8367617216
100.5470000000 3.8300609113
100.5480000000 3.8233556690
100.5490000000 3.8166462283
100.5500000000 3.8099328229
100.5510000000 3.8032156864
100.5520000000 3.7964950525
100.5530000000 3.7897711552
100.5540000000 3.7830442282
100.5550000000 3.7763145054
100.5560000000 3.7695822208
100.5570000000 3.7628476082
100.5580000000 3.7561109018
100.5590000000 3.7493723354
100.5600000000 3.7426321430
100.5610000000 3.7358905587
100.5620000000 3.7291478162
100.5630000000 3.7224041495
100.5640000000 3.7156597926
100.5650000000 3.7089149792
100.5660000000 3.7021699432
100.5670000000 3.6954249183
100.5680000000 3.6886801381
100.5690000000 3.6819358362
100.5700000000 3.6751922462
100.5710000000 3.6684496015
100.5720000000 3.6617081353
100.5730000000 3.6549680810
100.5740000000 3.6482296716
100.5750000000 3.6414931400
100.5760000000 3.6347587191
100.5770000000 3.6280266417
100.5780000000 3.6212971403
100.5790000000 3.6145704473
100.5800000000 3.6078467949
100.5810000000 3.6011264152
100.5820000000 3.5944095401
100.5830000000 3.5876964013
100.5840000000 3.5809872304
100.5850000000 3.5742822585
100.5860000000 3.5675817169
100.5870000000 3.5608858364
100.5880000000 3.5541948476
100.5890000000 3.5475089809
100.5900000000 3.5408284666
100.5910000000 3.5341535346
100.5920000000 3.5274844145
100.5930000000 3.5208213357
100.5940000000 3.5141645273
100.5950000000 3.5075142182
100.5960000000 3.5008706370
100.5970000000 3.4942340118
100.5980000000 3.4876045707
100.5990000000 3.4809825412
100.6000000000 3.4743681507
100.6010000000 3.4677616261
100.6020000000 3.4611631942
100.6030000000 3.4545730811
100.6040000000 3.4479915129
100.6050000000 3.4414187152
100.6060000000 3.4348549131
100.6070000000 3.4283003314
100.6080000000 3.4217551948
100.6090000000 3.4152197272
100.6100000000 3.4086941523
100.6110000000 3.4021786933
100.6120000000 3.3956735732
100.6130000000 3.3891790142
100.6140000000 3.3826952386
100.6150000000 3.3762224677
100.6160000000 3.3697609227
100.6170000000 3.3633108243
100.6180000000 3.3568723927
100.6190000000 3.3504458476
100.6200000000 3.3440314083
100.6210000000 3.3376292935
100.6220000000 3.3312397216
100.6230000000 3.3248629104
100.6240000000 3.3184990770
100.6250000000 3.3121484384
100.6260000000 3.3058112107
100.6270000000 3.2994876097
100.6280000000 3.2931778507
100.6290000000 3.2868821481
100.6300000000 3.2806007162
100.6310000000 3.2743337685
100.6320000000 3.2680815180
100.6330000000 3.2618441771
100.6340000000 3.2556219576
100.6350000000 3.2494150708
100.6360000000 3.2432237274
100.6370000000 3.2370481374
100.6380000000 3.2308885102
100.6390000000 3.2247450547
100.6400000000 3.2186179792
100.6410000000 3.2125074912
100.6420000000 3.2064137976
100.6430000000 3.2003371049
100.6440000000 3.1942776186
100.6450000000 3.1882355438
100.6460000000 3.1822110848
100.6470000000 3.1762044452
100.6480000000 3.1702158282
100.6490000000 3.1642454360
100.6500000000 3.1582934702
100.6510000000 3.1523601318
100.6520000000 3.1464456210
100.6530000000 3.1405501372
100.6540000000 3.1346738794
100.6550000000 3.1288170456
100.6560000000 3.1229798331
100.6570000000 3.1171624385
100.6580000000 3.1113650577
100.6590000000 3.1055878858
100.6600000000 3.0998311172
100.6610000000 3.0940949454
100.6620000000 3.0883795632
100.6630000000 3.0826851627
100.6640000000 3.0770119352
100.6650000000 3.0713600711
100.6660000000 3.0657297601
100.6670000000 3.0601211911
100.6680000000 3.0545345520
100.6690000000 3.0489700303
100.6700000000 3.0434278122
100.6710000000 3.0379080833
100.6720000000 3.0324110286
100.6730000000 3.0269368317
100.6740000000 3.0214856759
100.6750000000 3.0160577433
100.6760000000 3.0106532154
100.6770000000 3.0052722725
100.6780000000 2.9999150943
100.6790000000 2.9945818597
100.6800000000 2.9892727463
100.6810000000 2.9839879313
100.6820000000 2.9787275907
100.6830000000 2.9734918996
100.6840000000 2.9682810324
100.6850000000 2.9630951624
100.6860000000 2.9579344620
100.6870000000 2.9527991028
100.6880000000 2.9476892553
100.6890000000 2.9426050893
100.6900000000 2.9375467734
100.6910000000 2.9325144753
100.6920000000 2.9275083620
100.6930000000 2.9225285992
100.6940000000 2.9175753519
100.6950000000 2.9126487839
100.6960000000 2.9077490583
100.6970000000 2.9028763369
100.6980000000 2.8980307808
100.6990000000 2.8932125500
100.7000000000 2.8884218035
100.7010000000 2.8836586992
100.7020000000 2.8789233942
100.7030000000 2.8742160443
100.7040000000 2.8695368047
100.7050000000 2.8648858293
100.7060000000 2.8602632708
100.7070000000 2.8556692813
100.7080000000 2.8511040116
100.7090000000 2.8465676115
100.7100000000 2.8420602297
100.7110000000 2.8375820139
100.7120000000 2.8331331108
100.7130000000 2.8287136661
100.7140000000 2.8243238241
100.7150000000 2.8199637283
100.7160000000 2.8156335212
100.7170000000 2.8113333440
100.7180000000 2.8070633370
100.7190000000 2.8028236392
100.7200000000 2.7986143886
100.7210000000 2.7944357223
100.7220000000 2.7902877760
100.7230000000 2.7861706844
100.7240000000 2.7820845812
100.7250000000 2.7780295988
100.7260000000 2.7740058686
100.7270000000 2.7700135209
100.7280000000 2.7660526847
100.7290000000 2.7621234880
100.7300000000 2.7582260578
100.7310000000 2.7543605196
100.7320000000 2.7505269981
100.7330000000 2.7467256166
100.7340000000 2.7429564974
100.7350000000 2.7392197616
100.7360000000 2.7355155291
100.7370000000 2.7318439187
100.7380000000 2.7282050480
100.7390000000 2.7245990335
100.7400000000 2.7210259903
100.7410000000 2.7174860325
100.7420000000 2.7139792730
100.7430000000 2.7105058236
100.7440000000 2.7070657946
100.7450000000 2.7036592955
100.7460000000 2.7002864344
100.7470000000 2.6969473180
100.7480000000 2.6936420523
100.7490000000 2.6903707416
100.7500000000 2.6871334892
100.7510000000 2.6839303972
100.7520000000 2.6807615664
100.7530000000 2.6776270966
100.7540000000 2.6745270860
100.7550000000 2.6714616319
100.7560000000 2.6684308302
100.7570000000 2.6654347756
100.7580000000 2.6624735615
100.7590000000 2.6595472803
100.7600000000 2.6566560229
100.7610000000 2.6537998791
100.7620000000 2.6509789373
100.7630000000 2.6481932848
100.7640000000 2.6454430076
100.7650000000 2.6427281904
100.7660000000 2.6400489168
100.7670000000 2.6374052688
100.7680000000 2.6347973275
100.7690000000 2.6322251726
100.7700000000 2.6296888824
100.7710000000 2.6271885341
100.7720000000 2.6247242036
100.7730000000 2.6222959654
100.7740000000 2.6199038930
100.7750000000 2.6175480582
100.7760000000 2.6152285319
100.7770000000 2.6129453835
100.7780000000 2.6106986813
100.7790000000 2.6084884920
100.7800000000 2.6063148813
100.7810000000 2.6041779135
100.7820000000 2.6020776516
100.7830000000 2.6000141572
100.7840000000 2.5979874910
100.7850000000 2.5959977118
100.7860000000 2.5940448776
100.7870000000 2.5921290449
100.7880000000 2.5902502688
100.7890000000 2.5884086032
100.7900000000 2.5866041008
100.7910000000 2.5848368128
100.7920000000 2.5831067891
100.7930000000 2.5814140785
100.7940000000 2.5797587282
100.7950000000 2.5781407843
100.7960000000 2.5765602915
100.7970000000 2.5750172931
100.7980000000 2.5735118313
100.7990000000 2.5720439468
100.8000000000 2.5706136789
100.8010000000 2.5692210658
100.8020000000 2.5678661444
100.8030000000 2.5665489499
100.8040000000 2.5652695167
100.8050000000 2.5640278773
100.8060000000 2.5628240635
100.8070000000 2.5616581052
100.8080000000 2.5605300313
100.8090000000 2.5594398693
100.8100000000 2.5583876454
100.8110000000 2.5573733843
100.8120000000 2.5563971097
100.8130000000 2.5554588436
100.8140000000 2.5545586068
100.8150000000 2.5536964190
100.8160000000 2.5528722983
100.8170000000 2.5520862614
100.8180000000 2.5513383240
100.8190000000 2.5506285001
100.8200000000 2.5499568027
100.8210000000 2.5493232432
100.8220000000 2.5487278318
100.8230000000 2.5481705774
100.8240000000 2.5476514874
100.8250000000 2.5471705680
100.8260000000 2.5467278241
100.8270000000 2.5463232592
100.8280000000 2.5459568755
100.8290000000 2.5456286737
100.8300000000 2.5453386534
100.8310000000 2.5450868128
100.8320000000 2.5448731487
100.8330000000 2.5446976567
100.8340000000 2.5445603309
100.8350000000 2.5444611641
100.8360000000 2.5444001480
100.8370000000 2.5443772727
100.8380000000 2.5443925271
100.8390000000 2.5444458986
100.8400000000 2.5445373737
100.8410000000 2.5446669370
100.8420000000 2.5448345722
100.8430000000 2.5450402616
100.8440000000 2.5452839860
100.8450000000 2.5455657251
100.8460000000 2.5458854571
100.8470000000 2.5462431590
100.8480000000 2.5466388064
100.8490000000 2.5470723736
100.8500000000 2.5475438337
100.8510000000 2.5480531583
100.8520000000 2.5486003179
100.8530000000 2.5491852814
100.8540000000 2.5498080167
100.8550000000 2.5504684901
100.8560000000 2.5511666669
100.8570000000 2.5519025108
100.8580000000 2.5526759844
100.8590000000 2.5534870488
100.8600000000 2.5543356641
100.8610000000 2.5552217889
100.8620000000 2.5561453804
100.8630000000 2.5571063947
100.8640000000 2.5581047866
100.8650000000 2.5591405094
100.8660000000 2.5602135153
100.8670000000 2.5613237553
100.8680000000 2.5624711788
100.8690000000 2.5636557342
100.8700000000 2.5648773685
100.8710000000 2.5661360274
100.8720000000 2.5674316554
100.8730000000 2.5687641956
100.8740000000 2.5701335900
100.8750000000 2.5715397792
100.8760000000 2.5729827026
100.8770000000 2.5744622982
100.8780000000 2.5759785030
100.8790000000 2.5775312525
100.8800000000 2.5791204810
100.8810000000 2.5807461216
100.8820000000 2.5824081061
100.8830000000 2.5841063651
100.8840000000 2.5858408278
100.8850000000 2.5876114225
100.8860000000 2.5894180758
100.8870000000 2.5912607134
100.8880000000 2.5931392597
100.8890000000 2.5950536377
100.8900000000 2.5970037694
100.8910000000 2.5989895755
100.8920000000 2.6010109753
100.8930000000 2.6030678871
100.8940000000 2.6051602279
100.8950000000 2.6072879136
100.8960000000 2.6094508586
100.8970000000 2.6116489763
100.8980000000 2.6138821790
100.8990000000 2.6161503776
100.9000000000 2.6184534818
100.9010000000 2.6207914003
100.9020000000 2.6231640404
100.9030000000 2.6255713083
100.9040000000 2.6280131091
100.9050000000 2.6304893465
100.9060000000 2.6329999233
100.9070000000 2.6355447409
100.9080000000 2.6381236997
100.9090000000 2.6407366987
100.9100000000 2.6433836361
100.9110000000 2.6460644085
100.9120000000 2.6487789118
100.9130000000 2.6515270404
100.9140000000 2.6543086878
100.9150000000 2.6571237461
100.9160000000 2.6599721066
100.9170000000 2.6628536591
100.9180000000 2.6657682925
100.9190000000 2.6687158945
100.9200000000 2.6716963518
100.9210000000 2.6747095499
100.9220000000 2.6777553730
100.9230000000 2.6808337045
100.9240000000 2.6839444265
100.9250000000 2.6870874201
100.9260000000 2.6902625653
100.9270000000 2.6934697409
100.9280000000 2.6967088247
100.9290000000 2.6999796935
100.9300000000 2.7032822229
100.9310000000 2.7066162874
100.9320000000 2.7099817606
100.9330000000 2.7133785149
100.9340000000 2.7168064216
100.9350000000 2.7202653512
100.9360000000 2.7237551727
100.9370000000 2.7272757546
100.9380000000 2.7308269640
100.9390000000 2.7344086670
100.9400000000 2.7380207289
100.9410000000 2.7416630136
100.9420000000 2.7453353843
100.9430000000 2.7490377031
100.9440000000 2.7527698310
100.9450000000 2.7565316282
100.9460000000 2.7603229536
100.9470000000 2.7641436653
100.9480000000 2.7679936205
100.9490000000 2.7718726753
100.9500000000 2.7757806847
100.9510000000 2.7797175029
100.9520000000 2.7836829832
100.9530000000 2.7876769777
100.9540000000 2.7916993377
100.9550000000 2.7957499136
100.9560000000 2.7998285547
100.9570000000 2.8039351095
100.9580000000 2.8080694255
100.9590000000 2.8122313492
100.9600000000 2.8164207263
100.9610000000 2.8206374015
100.9620000000 2.8248812187
100.9630000000 2.8291520209
100.9640000000 2.8334496499
100.9650000000 2.8377739470
100.9660000000 2.8421247523
100.9670000000 2.8465019053
100.9680000000 2.8509052445
100.9690000000 2.8553346073
100.9700000000 2.8597898307
100.9710000000 2.8642707504
100.9720000000 2.8687772015
100.9730000000 2.8733090182
100.9740000000 2.8778660338
100.9750000000 2.8824480809
100.9760000000 2.8870549911
100.9770000000 2.8916865954
100.9780000000 2.8963427236
100.9790000000 2.9010232051
100.9800000000 2.9057278683
100.9810000000 2.9104565409
100.9820000000 2.9152090496
100.9830000000 2.9199852206
100.9840000000 2.9247848791
100.9850000000 2.9296078495
100.9860000000 2.9344539558
100.9870000000 2.9393230207
100.9880000000 2.9442148666
100.9890000000 2.9491293149
100.9900000000 2.9540661864
100.9910000000 2.9590253010
100.9920000000 2.9640064780
100.9930000000 2.9690095360
100.9940000000 2.9740342929
100.9950000000 2.9790805657
100.9960000000 2.9841481708
100.9970000000 2.9892369241
100.9980000000 2.9943466405
100.9990000000 2.9994771344
101.0000000000 3.0046282196
101.0010000000 3.0097997089
101.0020000000 3.0149914148
101.0030000000 3.0202031490
101.0040000000 3.0254347225
101.0050000000 3.0306859457
101.0060000000 3.0359566284
101.0070000000 3.0412465798
101.0080000000 3.0465556084
101.0090000000 3.0518835221
101.0100000000 3.0572301283
101.0110000000 3.0625952335
101.0120000000 3.0679786440
101.0130000000 3.0733801652
101.0140000000 3.0787996022
101.0150000000 3.0842367592
101.0160000000 3.0896914401
101.0170000000 3.0951634482
101.0180000000 3.1006525861
101.0190000000 3.1061586561
101.0200000000 3.1116814596
101.0210000000 3.1172207979
101.0220000000 3.1227764714
101.0230000000 3.1283482803
101.0240000000 3.1339360240
101.0250000000 3.1395395017
101.0260000000 3.1451585118
101.0270000000 3.1507928524
101.0280000000 3.1564423211
101.0290000000 3.1621067149
101.0300000000 3.1677858306
101.0310000000 3.1734794643
101.0320000000 3.1791874118
101.0330000000 3.1849094682
101.0340000000 3.1906454286
101.0350000000 3.1963950872
101.0360000000 3.2021582381
101.0370000000 3.2079346749
101.0380000000 3.2137241907
101.0390000000 3.2195265783
101.0400000000 3.2253416302
101.0410000000 3.2311691382
101.0420000000 3.2370088941
101.0430000000 3.2428606890
101.0440000000 3.2487243138
101.0450000000 3.2545995592
101.0460000000 3.2604862152
101.0470000000 3.2663840717
101.0480000000 3.2722929183
101.0490000000 3.2782125440
101.0500000000 3.2841427378
101.0510000000 3.2900832882
101.0520000000 3.2960339835
101.0530000000 3.3019946116
101.0540000000 3.3079649601
101.0550000000 3.3139448165
101.0560000000 3.3199339680
101.0570000000 3.3259322012
101.0580000000 3.3319393028
101.0590000000 3.3379550592
101.0600000000 3.3439792564
101.0610000000 3.3500116804
101.0620000000 3.3560521166
101.0630000000 3.3621003506
101.0640000000 3.3681561675
101.0650000000 3.3742193524
101.0660000000 3.3802896899
101.0670000000 3.3863669648
101.0680000000 3.3924509614
101.0690000000 3.3985414640
101.0700000000 3.4046382567
101.0710000000 3.4107411233
101.0720000000 3.4168498478
101.0730000000 3.4229642135
101.0740000000 3.4290840042
101.0750000000 3.4352090030
101.0760000000 3.4413389933
101.0770000000 3.4474737582
101.0780000000 3.4536130806
101.0790000000 3.4597567436
101.0800000000 3.4659045299
101.0810000000 3.4720562222
101.0820000000 3.4782116033
101.0830000000 3.4843704557
101.0840000000 3.4905325620
101.0850000000 3.4966977047
101.0860000000 3.5028656661
101.0870000000 3.5090362287
101.0880000000 3.5152091749
101.0890000000 3.5213842870
101.0900000000 3.5275613474
101.0910000000 3.5337401383
101.0920000000 3.5399204422
101.0930000000 3.5461020413
101.0940000000 3.5522847180
101.0950000000 3.5584682547
101.0960000000 3.5646524337
101.0970000000 3.5708370376
101.0980000000 3.5770218488
101.0990000000 3.5832066499
101.1000000000 3.5893912235
101.1010000000 3.5955753522
101.1020000000 3.6017588188
101.1030000000 3.6079414062
101.1040000000 3.6141228973
101.1050000000 3.6203030751
101.1060000000 3.6264817228
101.1070000000 3.6326586236
101.1080000000 3.6388335608
101.1090000000 3.6450063181
101.1100000000 3.6511766789
101.1110000000 3.6573444273
101.1120000000 3.6635093469
101.1130000000 3.6696712221
101.1140000000 3.6758298370
101.1150000000 3.6819849761
101.1160000000 3.6881364240
101.1170000000 3.6942839655
101.1180000000 3.7004273856
101.1190000000 3.7065664697
101.1200000000 3.7127010030
101.1210000000 3.7188307713
101.1220000000 3.7249555605
101.1230000000 3.7310751566
101.1240000000 3.7371893460
101.1250000000 3.7432979153
101.1260000000 3.7494006515
101.1270000000 3.7554973415
101.1280000000 3.7615877729
101.1290000000 3.7676717334
101.1300000000 3.7737490108
101.1310000000 3.7798193935
101.1320000000 3.7858826700
101.1330000000 3.7919386292
101.1340000000 3.7979870603
101.1350000000 3.8040277528
101.1360000000 3.8100604966
101.1370000000 3.8160850818
101.1380000000 3.8221012991
101.1390000000 3.8281089392
101.1400000000 3.8341077934
101.1410000000 3.8400976533
101.1420000000 3.8460783110
101.1430000000 3.8520495588
101.1440000000 3.8580111894
101.1450000000 3.8639629961
101.1460000000 3.8699047723
101.1470000000 3.8758363121
101.1480000000 3.8817574097
101.1490000000 3.8876678602
101.1500000000 3.8935674586
101.1510000000 3.8994560007
101.1520000000 3.9053332826
101.1530000000 3.9111991009
101.1540000000 3.9170532526
101.1550000000 3.9228955352
101.1560000000 3.9287257468
101.1570000000 3.9345436858
101.1580000000 3.9403491511
101.1590000000 3.9461419422
101.1600000000 3.9519218591
101.1610000000 3.9576887022
101.1620000000 3.9634422724
101.1630000000 3.9691823714
101.1640000000 3.9749088010
101.1650000000 3.9806213640
101.1660000000 3.9863198633
101.1670000000 3.9920041026
101.1680000000 3.9976738862
101.1690000000 4.0033290189
101.1700000000 4.0089693059
101.1710000000 4.0145945532
101.1720000000 4.0202045673
101.1730000000 4.0257991554
101.1740000000 4.0313781250
101.1750000000 4.0369412846
101.1760000000 4.0424884429
101.1770000000 4.0480194096
101.1780000000 4.0535339948
101.1790000000 4.0590320093
101.1800000000 4.0645132644
101.1810000000 4.0699775722
101.1820000000 4.0754247455
101.1830000000 4.0808545975
101.1840000000 4.0862669424
101.1850000000 4.0916615948
101.1860000000 4.0970383700
101.1870000000 4.1023970842
101.1880000000 4.1077375540
101.1890000000 4.1130595968
101.1900000000 4.1183630309
101.1910000000 4.1236476749
101.1920000000 4.1289133486
101.1930000000 4.1341598721
101.1940000000 4.1393870663
101.1950000000 4.1445947531
101.1960000000 4.1497827549
101.1970000000 4.1549508949
101.1980000000 4.1600989970
101.1990000000 4.1652268858
101.2000000000 4.1703343870
101.2010000000 4.1754213267
101.2020000000 4.1804875318
101.2030000000 4.1855328302
101.2040000000 4.1905570505
101.2050000000 4.1955600219
101.2060000000 4.2005415746
101.2070000000 4.2055015397
101.2080000000 4.2104397487
101.2090000000 4.2153560343
101.2100000000 4.2202502299
101.2110000000 4.2251221697
101.2120000000 4.2299716887
101.2130000000 4.2347986228
101.2140000000 4.2396028087
101.2150000000 4.2443840840
101.2160000000 4.2491422871
101.2170000000 4.2538772573
101.2180000000 4.2585888347
101.2190000000 4.2632768602
101.2200000000 4.2679411759
101.2210000000 4.2725816244
101.2220000000 4.2771980494
101.2230000000 4.2817902954
101.2240000000 4.2863582079
101.2250000000 4.2909016331
101.2260000000 4.2954204183
101.2270000000 4.2999144117
101.2280000000 4.3043834622
101.2290000000 4.3088274200
101.2300000000 4.3132461358
101.2310000000 4.3176394616
101.2320000000 4.3220072501
101.2330000000 4.3263493549
101.2340000000 4.3306656308
101.2350000000 4.3349559334
101.2360000000 4.3392201192
101.2370000000 4.3434580458
101.2380000000 4.3476695717
101.2390000000 4.3518545562
101.2400000000 4.3560128598
101.2410000000 4.3601443441
101.2420000000 4.3642488712
101.2430000000 4.3683263047
101.2440000000 4.3723765089
101.2450000000 4.3763993491
101.2460000000 4.3803946918
101.2470000000 4.3843624044
101.2480000000 4.3883023551
101.2490000000 4.3922144135
101.2500000000 4.3960984500
101.2510000000 4.3999543359
101.2520000000 4.4037819438
101.2530000000 4.4075811473
101.2540000000 4.4113518207
101.2550000000 4.4150938398
101.2560000000 4.4188070812
101.2570000000 4.4224914225
101.2580000000 4.4261467424
101.2590000000 4.4297729209
101.2600000000 4.4333698386
101.2610000000 4.4369373776
101.2620000000 4.4404754207
101.2630000000 4.4439838522
101.2640000000 4.4474625570
101.2650000000 4.4509114215
101.2660000000 4.4543303329
101.2670000000 4.4577191795
101.2680000000 4.4610778510
101.2690000000 4.4644062377
101.2700000000 4.4677042315
101.2710000000 4.4709717251
101.2720000000 4.4742086123
101.2730000000 4.4774147881
101.2740000000 4.4805901486
101.2750000000 4.4837345911
101.2760000000 4.4868480139
101.2770000000 4.4899303164
101.2780000000 4.4929813992
101.2790000000 4.4960011640
101.2800000000 4.4989895136
101.2810000000 4.5019463521
101.2820000000 4.5048715844
101.2830000000 4.5077651170
101.2840000000 4.5106268571
101.2850000000 4.5134567134
101.2860000000 4.5162545955
101.2870000000 4.5190204142
101.2880000000 4.5217540816
101.2890000000 4.5244555109
101.2900000000 4.5271246162
101.2910000000 4.5297613133
101.2920000000 4.5323655186
101.2930000000 4.5349371500
101.2940000000 4.5374761265
101.2950000000 4.5399823684
101.2960000000 4.5424557968
101.2970000000 4.5448963344
101.2980000000 4.5473039049
101.2990000000 4.5496784331
101.3000000000 4.5520198451
101.3010000000 4.5543280683
101.3020000000 4.5566030310
101.3030000000 4.5588446629
101.3040000000 4.5610528949
101.3050000000 4.5632276590
101.3060000000 4.5653688885
101.3070000000 4.5674765178
101.3080000000 4.5695504825
101.3090000000 4.5715907196
101.3100000000 4.5735971671
101.3110000000 4.5755697642
101.3120000000 4.5775084515
101.3130000000 4.5794131707
101.3140000000 4.5812838646
101.3150000000 4.5831204775
101.3160000000 4.5849229546
101.3170000000 4.5866912426
101.3180000000 4.5884252892
101.3190000000 4.5901250434
101.3200000000 4.5917904556
101.3210000000 4.5934214771
101.3220000000 4.5950180607
101.3230000000 4.5965801603
101.3240000000 4.5981077311
101.3250000000 4.5996007293
101.3260000000 4.6010591128
101.3270000000 4.6024828402
101.3280000000 4.6038718718
101.3290000000 4.6052261688
101.3300000000 4.6065456938
101.3310000000 4.6078304105
101.3320000000 4.6090802842
101.3330000000 4.6102952809
101.3340000000 4.6114753683
101.3350000000 4.6126205151
101.3360000000 4.6137306913
101.3370000000 4.6148058682
101.3380000000 4.6158460182
101.3390000000 4.6168511152
101.3400000000 4.6178211340
101.3410000000 4.6187560510
101.3420000000 4.6196558435
101.3430000000 4.6205204904
101.3440000000 4.6213499716
101.3450000000 4.6221442683
101.3460000000 4.6229033630
101.3470000000 4.6236272393
101.3480000000 4.6243158824
101.3490000000 4.6249692783
101.3500000000 4.6255874146
101.3510000000 4.6261702800
101.3520000000 4.6267178644
101.3530000000 4.6272301590
101.3540000000 4.6277071563
101.3550000000 4.6281488501
101.3560000000 4.6285552352
101.3570000000 4.6289263079
101.3580000000 4.6292620656
101.3590000000 4.6295625071
101.3600000000 4.6298276323
101.3610000000 4.6300574425
101.3620000000 4.6302519399
101.3630000000 4.6304111285
101.3640000000 4.6305350130
101.3650000000 4.6306235998
101.3660000000 4.6306768962
101.3670000000 4.6306949110
101.3680000000 4.6306776540
101.3690000000 4.6306251364
101.3700000000 4.6305373707
101.3710000000 4.6304143705
101.3720000000 4.6302561507
101.3730000000 4.6300627275
101.3740000000 4.6298341182
101.3750000000 4.6295703415
101.3760000000 4.6292714172
101.3770000000 4.6289373664
101.3780000000 4.6285682115
101.3790000000 4.6281639760
101.3800000000 4.6277246848
101.3810000000 4.6272503638
101.3820000000 4.6267410403
101.3830000000 4.6261967429
101.3840000000 4.6256175013
101.3850000000 4.6250033464
101.3860000000 4.6243543103
101.3870000000 4.6236704266
101.3880000000 4.6229517298
101.3890000000 4.6221982559
101.3900000000 4.6214100417
101.3910000000 4.6205871258
101.3920000000 4.6197295475
101.3930000000 4.6188373475
101.3940000000 4.6179105679
101.3950000000 4.6169492518
101.3960000000 4.6159534435
101.3970000000 4.6149231886
101.3980000000 4.6138585339
101.3990000000 4.6127595273
101.4000000000 4.6116262180
101.4010000000 4.6104586565
101.4020000000 4.6092568942
101.4030000000 4.6080209840
101.4040000000 4.6067509798
101.4050000000 4.6054469368
101.4060000000 4.6041089114
101.4070000000 4.6027369610
101.4080000000 4.6013311444
101.4090000000 4.5998915215
101.4100000000 4.5984181533
101.4110000000 4.5969111023
101.4120000000 4.5953704316
101.4130000000 4.5937962061
101.4140000000 4.5921884915
101.4150000000 4.5905473546
101.4160000000 4.5888728637
101.4170000000 4.5871650879
101.4180000000 4.5854240978
101.4190000000 4.5836499650
101.4200000000 4.5818427620
101.4210000000 4.5800025629
101.4220000000 4.5781294428
101.4230000000 4.5762234776
101.4240000000 4.5742847449
101.4250000000 4.5723133231
101.4260000000 4.5703092918
101.4270000000 4.5682727317
101.4280000000 4.5662037246
101.4290000000 4.5641023537
101.4300000000 4.5619687029
101.4310000000 4.5598028575
101.4320000000 4.5576049040
101.4330000000 4.5553749297
101.4340000000 4.5531130232
101.4350000000 4.5508192742
101.4360000000 4.5484937735
101.4370000000 4.5461366131
101.4380000000 4.5437478857
101.4390000000 4.5413276857
101.4400000000 4.5388761080
101.4410000000 4.5363932490
101.4420000000 4.5338792060
101.4430000000 4.5313340774
101.4440000000 4.5287579627
101.4450000000 4.5261509624
101.4460000000 4.5235131782
101.4470000000 4.5208447128
101.4480000000 4.5181456698
101.4490000000 4.5154161542
101.4500000000 4.5126562717
101.4510000000 4.5098661293
101.4520000000 4.5070458348
101.4530000000 4.5041954973
101.4540000000 4.5013152269
101.4550000000 4.4984051344
101.4560000000 4.4954653321
101.4570000000 4.4924959329
101.4580000000 4.4894970511
101.4590000000 4.4864688017
101.4600000000 4.4834113010
101.4610000000 4.4803246659
101.4620000000 4.4772090147
101.4630000000 4.4740644665
101.4640000000 4.4708911415
101.4650000000 4.4676891607
101.4660000000 4.4644586462
101.4670000000 4.4611997213
101.4680000000 4.4579125098
101.4690000000 4.4545971368
101.4700000000 4.4512537283
101.4710000000 4.4478824113
101.4720000000 4.4444833137
101.4730000000 4.4410565642
101.4740000000 4.4376022928
101.4750000000 4.4341206301
101.4760000000 4.4306117079
101.4770000000 4.4270756587
101.4780000000 4.4235126160
101.4790000000 4.4199227144
101.4800000000 4.4163060891
101.4810000000 4.4126628765
101.4820000000 4.4089932138
101.4830000000 4.4052972390
101.4840000000 4.4015750912
101.4850000000 4.3978269101
101.4860000000 4.3940528366
101.4870000000 4.3902530123
101.4880000000 4.3864275797
101.4890000000 4.3825766822
101.4900000000 4.3787004641
101.4910000000 4.3747990704
101.4920000000 4.3708726471
101.4930000000 4.3669213411
101.4940000000 4.3629453000
101.4950000000 4.3589446722
101.4960000000 4.3549196072
101.4970000000 4.3508702550
101.4980000000 4.3467967666
101.4990000000 4.3426992939
101.5000000000 4.3385779894
101.5010000000 4.3344330065
101.5020000000 4.3302644994
101.5030000000 4.3260726232
101.5040000000 4.3218575335
101.5050000000 4.3176193871
101.5060000000 4.3133583411
101.5070000000 4.3090745538
101.5080000000 4.3047681839
101.5090000000 4.3004393912
101.5100000000 4.2960883360
101.5110000000 4.2917151795
101.5120000000 4.2873200835
101.5130000000 4.2829032106
101.5140000000 4.2784647243
101.5150000000 4.2740047884
101.5160000000 4.2695235680
101.5170000000 4.2650212283
101.5180000000 4.2604979357
101.5190000000 4.2559538569
101.5200000000 4.2513891597
101.5210000000 4.2468040123
101.5220000000 4.2421985837
101.5230000000 4.2375730434
101.5240000000 4.2329275618
101.5250000000 4.2282623099
101.5260000000 4.2235774592
101.5270000000 4.2188731821
101.5280000000 4.2141496515
101.5290000000 4.2094070409
101.5300000000 4.2046455245
101.5310000000 4.1998652771
101.5320000000 4.1950664741
101.5330000000 4.1902492916
101.5340000000 4.1854139062
101.5350000000 4.1805604952
101.5360000000 4.1756892364
101.5370000000 4.1708003083
101.5380000000 4.1658938897
101.5390000000 4.1609701604
101.5400000000 4.1560293005
101.5410000000 4.1510714906
101.5420000000 4.1460969120
101.5430000000 4.1411057466
101.5440000000 4.1360981766
101.5450000000 4.1310743851
101.5460000000 4.1260345552
101.5470000000 4.1209788711
101.5480000000 4.1159075172
101.5490000000 4.1108206783
101.5500000000 4.1057185400
101.5510000000 4.1006012882
101.5520000000 4.0954691094
101.5530000000 4.0903221904
101.5540000000 4.0851607186
101.5550000000 4.0799848820
101.5560000000 4.0747948688
101.5570000000 4.0695908678
101.5580000000 4.0643730682
101.5590000000 4.0591416597
101.5600000000 4.0538968324
101.5610000000 4.0486387768
101.5620000000 4.0433676838
101.5630000000 4.0380837448
101.5640000000 4.0327871516
101.5650000000 4.0274780962
101.5660000000 4.0221567714
101.5670000000 4.0168233699
101.5680000000 4.0114780851
101.5690000000 4.0061211108
101.5700000000 4.0007526408
101.5710000000 3.9953728698
101.5720000000 3.9899819923
101.5730000000 3.9845802036
101.5740000000 3.9791676990
101.5750000000 3.9737446743
101.5760000000 3.9683113256
101.5770000000 3.9628678494
101.5780000000 3.9574144423
101.5790000000 3.9519513013
101.5800000000 3.9464786237
101.5810000000 3.9409966072
101.5820000000 3.9355054496
101.5830000000 3.9300053491
101.5840000000 3.9244965041
101.5850000000 3.9189791133
101.5860000000 3.9134533755
101.5870000000 3.9079194900
101.5880000000 3.9023776561
101.5890000000 3.8968280736
101.5900000000 3.8912709422
101.5910000000 3.8857064620
101.5920000000 3.8801348334
101.5930000000 3.8745562568
101.5940000000 3.8689709329
101.5950000000 3.8633790625
101.5960000000 3.8577808468
101.5970000000 3.8521764869
101.5980000000 3.8465661842
101.5990000000 3.8409501404
101.6000000000 3.8353285570
101.6010000000 3.8297016359
101.6020000000 3.8240695791
101.6030000000 3.8184325887
101.6040000000 3.8127908670
101.6050000000 3.8071446163
101.6060000000 3.8014940390
101.6070000000 3.7958393378
101.6080000000 3.7901807152
101.6090000000 3.7845183740
101.6100000000 3.7788525170
101.6110000000 3.7731833471
101.6120000000 3.7675110673
101.6130000000 3.7618358806
101.6140000000 3.7561579901
101.6150000000 3.7504775987
101.6160000000 3.7447949098
101.6170000000 3.7391101265
101.6180000000 3.7334234519
101.6190000000 3.7277350893
101.6200000000 3.7220452418
101.6210000000 3.7163541128
101.6220000000 3.7106619054
101.6230000000 3.7049688228
101.6240000000 3.6992750681
101.6250000000 3.6935808446
101.6260000000 3.6878863553
101.6270000000 3.6821918033
101.6280000000 3.6764973916
101.6290000000 3.6708033232
101.6300000000 3.6651098009
101.6310000000 3.6594170276
101.6320000000 3.6537252060
101.6330000000 3.6480345388
101.6340000000 3.6423452285
101.6350000000 3.6366574776
101.6360000000 3.6309714885
101.6370000000 3.6252874633
101.6380000000 3.6196056042
101.6390000000 3.6139261132
101.6400000000 3.6082491921
101.6410000000 3.6025750426
101.6420000000 3.5969038663
101.6430000000 3.5912358646
101.6440000000 3.5855712387
101.6450000000 3.5799101897
101.6460000000 3.5742529184
101.6470000000 3.5685996256
101.6480000000 3.5629505117
101.6490000000 3.5573057770
101.6500000000 3.5516656217
101.6510000000 3.5460302456
101.6520000000 3.5403998483
101.6530000000 3.5347746294
101.6540000000 3.5291547879
101.6550000000 3.5235405229
101.6560000000 3.5179320329
101.6570000000 3.5123295166
101.6580000000 3.5067331720
101.6590000000 3.5011431970
101.6600000000 3.4955597894
101.6610000000 3.4899831463
101.6620000000 3.4844134650
101.6630000000 3.4788509421
101.6640000000 3.4732957740
101.6650000000 3.4677481570
101.6660000000 3.4622082868
101.6670000000 3.4566763589
101.6680000000 3.4511525686
101.6690000000 3.4456371105
101.6700000000 3.4401301792
101.6710000000 3.4346319688
101.6720000000 3.4291426730
101.6730000000 3.4236624853
101.6740000000 3.4181915986
101.6750000000 3.4127302056
101.6760000000 3.4072784985
101.6770000000 3.4018366692
101.6780000000 3.3964049091
101.6790000000 3.3909834093
101.6800000000 3.3855723605
101.6810000000 3.3801719527
101.6820000000 3.3747823758
101.6830000000 3.3694038192
101.6840000000 3.3640364717
101.6850000000 3.3586805219
101.6860000000 3.3533361576
101.6870000000 3.3480035664
101.6880000000 3.3426829355
101.6890000000 3.3373744514
101.6900000000 3.3320783003
101.6910000000 3.3267946677
101.6920000000 3.3215237388
101.6930000000 3.3162656983
101.6940000000 3.3110207303
101.6950000000 3.3057890183
101.6960000000 3.3005707456
101.6970000000 3.2953660946
101.6980000000 3.2901752475
101.6990000000 3.2849983857
101.7000000000 3.2798356901
101.7010000000 3.2746873413
101.7020000000 3.2695535190
101.7030000000 3.2644344025
101.7040000000 3.2593301705
101.7050000000 3.2542410013
101.7060000000 3.2491670723
101.7070000000 3.2441085605
101.7080000000 3.2390656422
101.7090000000 3.2340384934
101.7100000000 3.2290272891
101.7110000000 3.2240322038
101.7120000000 3.2190534116
101.7130000000 3.2140910857
101.7140000000 3.2091453989
101.7150000000 3.2042165230
101.7160000000 3.1993046297
101.7170000000 3.1944098895
101.7180000000 3.1895324726
101.7190000000 3.1846725485
101.7200000000 3.1798302858
101.7210000000 3.1750058528
101.7220000000 3.1701994167
101.7230000000 3.1654111444
101.7240000000 3.1606412019
101.7250000000 3.1558897545
101.7260000000 3.1511569668
101.7270000000 3.1464430029
101.7280000000 3.1417480259
101.7290000000 3.1370721983
101.7300000000 3.1324156819
101.7310000000 3.1277786379
101.7320000000 3.1231612263
101.7330000000 3.1185636070
101.7340000000 3.1139859386
101.7350000000 3.1094283793
101.7360000000 3.1048910864
101.7370000000 3.1003742164
101.7380000000 3.0958779251
101.7390000000 3.0914023675
101.7400000000 3.0869476980
101.7410000000 3.0825140698
101.7420000000 3.0781016358
101.7430000000 3.0737105477
101.7440000000 3.0693409566
101.7450000000 3.0649930128
101.7460000000 3.0606668657
101.7470000000 3.0563626640
101.7480000000 3.0520805555
101.7490000000 3.0478206871
101.7500000000 3.0435832051
101.7510000000 3.0393682548
101.7520000000 3.0351759805
101.7530000000 3.0310065261
101.7540000000 3.0268600341
101.7550000000 3.0227366467
101.7560000000 3.0186365049
101.7570000000 3.0145597488
101.7580000000 3.0105065177
101.7590000000 3.0064769503
101.7600000000 3.0024711840
101.7610000000 2.9984893555
101.7620000000 2.9945316006
101.7630000000 2.9905980543
101.7640000000 2.9866888505
101.7650000000 2.9828041225
101.7660000000 2.9789440023
101.7670000000 2.9751086213
101.7680000000 2.9712981098
101.7690000000 2.9675125973
101.7700000000 2.9637522124
101.7710000000 2.9600170826
101.7720000000 2.9563073346
101.7730000000 2.9526230941
101.7740000000 2.9489644860
101.7750000000 2.9453316340
101.7760000000 2.9417246611
101.7770000000 2.9381436892
101.7780000000 2.9345888392
101.7790000000 2.9310602312
101.7800000000 2.9275579842
101.7810000000 2.9240822163
101.7820000000 2.9206330446
101.7830000000 2.9172105852
101.7840000000 2.9138149533
101.7850000000 2.9104462629
101.7860000000 2.9071046273
101.7870000000 2.9037901586
101.7880000000 2.9005029679
101.7890000000 2.8972431655
101.7900000000 2.8940108605
101.7910000000 2.8908061610
101.7920000000 2.8876291743
101.7930000000 2.8844800062
101.7940000000 2.8813587621
101.7950000000 2.8782655459
101.7960000000 2.8752004608
101.7970000000 2.8721636086
101.7980000000 2.8691550904
101.7990000000 2.8661750062
101.8000000000 2.8632234548
101.8010000000 2.8603005340
101.8020000000 2.8574063408
101.8030000000 2.8545409708
101.8040000000 2.8517045188
101.8050000000 2.8488970784
101.8060000000 2.8461187421
101.8070000000 2.8433696016
101.8080000000 2.8406497472
101.8090000000 2.8379592684
101.8100000000 2.8352982535
101.8110000000 2.8326667897
101.8120000000 2.8300649631
101.8130000000 2.8274928589
101.8140000000 2.8249505611
101.8150000000 2.8224381525
101.8160000000 2.8199557150
101.8170000000 2.8175033293
101.8180000000 2.8150810750
101.8190000000 2.8126890307
101.8200000000 2.8103272739
101.8210000000 2.8079958808
101.8220000000 2.8056949267
101.8230000000 2.8034244857
101.8240000000 2.8011846308
101.8250000000 2.7989754339
101.8260000000 2.7967969659
101.8270000000 2.7946492964
101.8280000000 2.7925324939
101.8290000000 2.7904466259
101.8300000000 2.7883917587
101.8310000000 2.7863679574
101.8320000000 2.7843752862
101.8330000000 2.7824138079
101.8340000000 2.7804835844
101.8350000000 2.7785846763
101.8360000000 2.7767171431
101.8370000000 2.7748810433
101.8380000000 2.7730764341
101.8390000000 2.7713033715
101.8400000000 2.7695619107
101.8410000000 2.7678521053
101.8420000000 2.7661740080
101.8430000000 2.7645276705
101.8440000000 2.7629131431
101.8450000000 2.7613304749
101.8460000000 2.7597797142
101.8470000000 2.7582609078
101.8480000000 2.7567741014
101.8490000000 2.7553193398
101.8500000000 2.7538966663
101.8510000000 2.7525061233
101.8520000000 2.7511477519
101.8530000000 2.7498215920
101.8540000000 2.7485276825
101.8550000000 2.7472660611
101.8560000000 2.7460367641
101.8570000000 2.7448398270
101.8580000000 2.7436752839
101.8590000000 2.7425431677
101.8600000000 2.7414435103
101.8610000000 2.7403763423
101.8620000000 2.7393416933
101.8630000000 2.7383395914
101.8640000000 2.7373700638
101.8650000000 2.7364331366
101.8660000000 2.7355288344
101.8670000000 2.7346571809
101.8680000000 2.7338181985
101.8690000000 2.7330119084
101.8700000000 2.7322383308
101.8710000000 2.7314974846
101.8720000000 2.7307893875
101.8730000000 2.7301140560
101.8740000000 2.7294715055
101.8750000000 2.7288617503
101.8760000000 2.7282848032
101.8770000000 2.7277406763
101.8780000000 2.7272293801
101.8790000000 2.7267509241
101.8800000000 2.7263053167
101.8810000000 2.7258925649
101.8820000000 2.7255126747
101.8830000000 2.7251656509
101.8840000000 2.7248514970
101.8850000000 2.7245702155
101.8860000000 2.7243218077
101.8870000000 2.7241062735
101.8880000000 2.7239236119
101.8890000000 2.7237738205
101.8900000000 2.7236568958
101.8910000000 2.7235728333
101.8920000000 2.7235216271
101.8930000000 2.7235032702
101.8940000000 2.7235177543
101.8950000000 2.7235650702
101.8960000000 2.7236452074
101.8970000000 2.7237581540
101.8980000000 2.7239038973
101.8990000000 2.7240824231
101.9000000000 2.7242937164
101.9010000000 2.7245377605
101.9020000000 2.7248145381
101.9030000000 2.7251240304
101.9040000000 2.7254662175
101.9050000000 2.7258410783
101.9060000000 2.7262485905
101.9070000000 2.7266887308
101.9080000000 2.7271614747
101.9090000000 2.7276667963
101.9100000000 2.7282046689
101.9110000000 2.7287750643
101.9120000000 2.7293779534
101.9130000000 2.7300133058
101.9140000000 2.7306810899
101.9150000000 2.7313812731
101.9160000000 2.7321138216
101.9170000000 2.7328787004
101.9180000000 2.7336758733
101.9190000000 2.7345053031
101.9200000000 2.7353669513
101.9210000000 2.7362607783
101.9220000000 2.7371867435
101.9230000000 2.7381448049
101.9240000000 2.7391349196
101.9250000000 2.7401570434
101.9260000000 2.7412111310
101.9270000000 2.7422971360
101.9280000000 2.7434150108
101.9290000000 2.7445647068
101.9300000000 2.7457461742
101.9310000000 2.7469593620
101.9320000000 2.7482042181
101.9330000000 2.7494806893
101.9340000000 2.7507887213
101.9350000000 2.7521282588
101.9360000000 2.7534992451
101.9370000000 2.7549016225
101.9380000000 2.7563353324
101.9390000000 2.7578003147
101.9400000000 2.7592965085
101.9410000000 2.7608238518
101.9420000000 2.7623822812
101.9430000000 2.7639717325
101.9440000000 2.7655921403
101.9450000000 2.7672434381
101.9460000000 2.7689255582
101.9470000000 2.7706384321
101.9480000000 2.7723819898
101.9490000000 2.7741561606
101.9500000000 2.7759608726
101.9510000000 2.7777960527
101.9520000000 2.7796616267
101.9530000000 2.7815575197
101.9540000000 2.7834836552
101.9550000000 2.7854399560
101.9560000000 2.7874263437
101.9570000000 2.7894427389
101.9580000000 2.7914890612
101.9590000000 2.7935652288
101.9600000000 2.7956711593
101.9610000000 2.7978067690
101.9620000000 2.7999719732
101.9630000000 2.8021666862
101.9640000000 2.8043908211
101.9650000000 2.8066442902
101.9660000000 2.8089270046
101.9670000000 2.8112388744
101.9680000000 2.8135798088
101.9690000000 2.8159497157
101.9700000000 2.8183485023
101.9710000000 2.8207760747
101.9720000000 2.8232323377
101.9730000000 2.8257171954
101.9740000000 2.8282305510
101.9750000000 2.8307723062
101.9760000000 2.8333423623
101.9770000000 2.8359406191
101.9780000000 2.8385669758
101.9790000000 2.8412213303
101.9800000000 2.8439035798
101.9810000000 2.8466136203
101.9820000000 2.8493513469
101.9830000000 2.8521166538
101.9840000000 2.8549094341
101.9850000000 2.8577295800
101.9860000000 2.8605769829
101.9870000000 2.8634515329
101.9880000000 2.8663531195
101.9890000000 2.8692816311
101.9900000000 2.8722369550
101.9910000000 2.8752189778
101.9920000000 2.8782275852
101.9930000000 2.8812626617
101.9940000000 2.8843240912
101.9950000000 2.8874117563
101.9960000000 2.8905255390
101.9970000000 2.8936653204
101.9980000000 2.8968309804
101.9990000000 2.9000223983
102.0000000000 2.9032394523
102.0010000000 2.9064820198
102.0020000000 2.9097499773
102.0030000000 2.9130432004
102.0040000000 2.9163615639
102.0050000000 2.9197049416
102.0060000000 2.9230732064
102.0070000000 2.9264662306
102.0080000000 2.9298838853
102.0090000000 2.9333260410
102.0100000000 2.9367925672
102.0110000000 2.9402833326
102.0120000000 2.9437982051
102.0130000000 2.9473370516
102.0140000000 2.9508997385
102.0150000000 2.9544861310
102.0160000000 2.9580960937
102.0170000000 2.9617294903
102.0180000000 2.9653861838
102.0190000000 2.9690660362
102.0200000000 2.9727689089
102.0210000000 2.9764946623
102.0220000000 2.9802431562
102.0230000000 2.9840142495
102.0240000000 2.9878078004
102.0250000000 2.9916236662
102.0260000000 2.9954617036
102.0270000000 2.9993217683
102.0280000000 3.0032037155
102.0290000000 3.0071073994
102.0300000000 3.0110326737
102.0310000000 3.0149793912
102.0320000000 3.0189474040
102.0330000000 3.0229365634
102.0340000000 3.0269467200
102.0350000000 3.0309777239
102.0360000000 3.0350294241
102.0370000000 3.0391016692
102.0380000000 3.0431943068
102.0390000000 3.0473071842
102.0400000000 3.0514401477
102.0410000000 3.0555930430
102.0420000000 3.0597657151
102.0430000000 3.0639580083
102.0440000000 3.0681697662
102.0450000000 3.0724008320
102.0460000000 3.0766510479
102.0470000000 3.0809202556
102.0480000000 3.0852082961
102.0490000000 3.0895150099
102.0500000000 3.0938402367
102.0510000000 3.0981838156
102.0520000000 3.1025455851
102.0530000000 3.1069253830
102.0540000000 3.1113230468
102.0550000000 3.1157384129
102.0560000000 3.1201713176
102.0570000000 3.1246215961
102.0580000000 3.1290890835
102.0590000000 3.1335736140
102.0600000000 3.1380750213
102.0610000000 3.1425931386
102.0620000000 3.1471277984
102.0630000000 3.1516788328
102.0640000000 3.1562460732
102.0650000000 3.1608293506
102.0660000000 3.1654284952
102.0670000000 3.1700433371
102.0680000000 3.1746737054
102.0690000000 3.1793194290
102.0700000000 3.1839803362
102.0710000000 3.1886562547
102.0720000000 3.1933470118
102.0730000000 3.1980524343
102.0740000000 3.2027723485
102.0750000000 3.2075065800
102.0760000000 3.2122549544
102.0770000000 3.2170172964
102.0780000000 3.2217934304
102.0790000000 3.2265831802
102.0800000000 3.2313863695
102.0810000000 3.2362028212
102.0820000000 3.2410323580
102.0830000000 3.2458748018
102.0840000000 3.2507299746
102.0850000000 3.2555976976
102.0860000000 3.2604777916
102.0870000000 3.2653700772
102.0880000000 3.2702743745
102.0890000000 3.2751905032
102.0900000000 3.2801182825
102.0910000000 3.2850575314
102.0920000000 3.2900080684
102.0930000000 3.2949697117
102.0940000000 3.2999422792
102.0950000000 3.3049255883
102.0960000000 3.3099194561
102.0970000000 3.3149236994
102.0980000000 3.3199381346
102.0990000000 3.3249625779
102.1000000000 3.3299968450
102.1010000000 3.3350407515
102.1020000000 3.3400941125
102.1030000000 3.3451567429
102.1040000000 3.3502284572
102.1050000000 3.3553090697
102.1060000000 3.3603983945
102.1070000000 3.3654962453
102.1080000000 3.3706024355
102.1090000000 3.3757167784
102.1100000000 3.3808390868
102.1110000000 3.3859691735
102.1120000000 3.3911068510
102.1130000000 3.3962519315
102.1140000000 3.4014042270
102.1150000000 3.4065635492
102.1160000000 3.4117297098
102.1170000000 3.4169025201
102.1180000000 3.4220817912
102.1190000000 3.4272673341
102.1200000000 3.4324589597
102.1210000000 3.4376564784
102.1220000000 3.4428597008
102.1230000000 3.4480684371
102.1240000000 3.4532824974
102.1250000000 3.4585016916
102.1260000000 3.4637258296
102.1270000000 3.4689547210
102.1280000000 3.4741881754
102.1290000000 3.4794260022
102.1300000000 3.4846680107
102.1310000000 3.4899140100
102.1320000000 3.4951638092
102.1330000000 3.5004172174
102.1340000000 3.5056740435
102.1350000000 3.5109340961
102.1360000000 3.5161971841
102.1370000000 3.5214631161
102.1380000000 3.5267317008
102.1390000000 3.5320027466
102.1400000000 3.5372760621
102.1410000000 3.5425514558
102.1420000000 3.5478287359
102.1430000000 3.5531077110
102.1440000000 3.5583881895
102.1450000000 3.5636699795
102.1460000000 3.5689528896
102.1470000000 3.5742367280
102.1480000000 3.5795213032
102.1490000000 3.5848064234
102.1500000000 3.5900918970
102.1510000000 3.5953775326
102.1520000000 3.6006631384
102.1530000000 3.6059485231
102.1540000000 3.6112334950
102.1550000000 3.6165178630
102.1560000000 3.6218014354
102.1570000000 3.6270840212
102.1580000000 3.6323654291
102.1590000000 3.6376454679
102.1600000000 3.6429239467
102.1610000000 3.6482006744
102.1620000000 3.6534754602
102.1630000000 3.6587481135
102.1640000000 3.6640184436
102.1650000000 3.6692862600
102.1660000000 3.6745513723
102.1670000000 3.6798135903
102.1680000000 3.6850727240
102.1690000000 3.6903285834
102.1700000000 3.6955809787
102.1710000000 3.7008297203
102.1720000000 3.7060746187
102.1730000000 3.7113154848
102.1740000000 3.7165521295
102.1750000000 3.7217843637
102.1760000000 3.7270119989
102.1770000000 3.7322348466
102.1780000000 3.7374527184
102.1790000000 3.7426654264
102.1800000000 3.7478727826
102.1810000000 3.7530745996
102.1820000000 3.7582706898
102.1830000000 3.7634608663
102.1840000000 3.7686449420
102.1850000000 3.7738227305
102.1860000000 3.7789940453
102.1870000000 3.7841587005
102.1880000000 3.7893165101
102.1890000000 3.7944672887
102.1900000000 3.7996108510
102.1910000000 3.8047470122
102.1920000000 3.8098755875
102.1930000000 3.8149963928
102.1940000000 3.8201092440
102.1950000000 3.8252139573
102.1960000000 3.8303103496
102.1970000000 3.8353982378
102.1980000000 3.8404774391
102.1990000000 3.8455477715
102.2000000000 3.8506090527
102.2010000000 3.8556611014
102.2020000000 3.8607037362
102.2030000000 3.8657367763
102.2040000000 3.8707600413
102.2050000000 3.8757733511
102.2060000000 3.8807765260
102.2070000000 3.8857693867
102.2080000000 3.8907517544
102.2090000000 3.8957234506
102.2100000000 3.9006842972
102.2110000000 3.9056341168
102.2120000000 3.9105727320
102.2130000000 3.9154999663
102.2140000000 3.9204156432
102.2150000000 3.9253195869
102.2160000000 3.9302116222
102.2170000000 3.9350915740
102.2180000000 3.9399592679
102.2190000000 3.9448145300
102.2200000000 3.9496571868
102.2210000000 3.9544870652
102.2220000000 3.9593039929
102.2230000000 3.9641077978
102.2240000000 3.9688983084
102.2250000000 3.9736753537
102.2260000000 3.9784387633
102.2270000000 3.9831883673
102.2280000000 3.9879239963
102.2290000000 3.9926454814
102.2300000000 3.9973526542
102.2310000000 4.0020453472
102.2320000000 4.0067233929
102.2330000000 4.0113866249
102.2340000000 4.0160348770
102.2350000000 4.0206679837
102.2360000000 4.0252857800
102.2370000000 4.0298881018
102.2380000000 4.0344747851
102.2390000000 4.0390456669
102.2400000000 4.0436005845
102.2410000000 4.0481393762
102.2420000000 4.0526618805
102.2430000000 4.0571679367
102.2440000000 4.0616573847
102.2450000000 4.0661300651
102.2460000000 4.0705858192
102.2470000000 4.0750244886
102.2480000000 4.0794459159
102.2490000000 4.0838499443
102.2500000000 4.0882364174
102.2510000000 4.0926051799
102.2520000000 4.0969560767
102.2530000000 4.1012889537
102.2540000000 4.1056036573
102.2550000000 4.1099000348
102.2560000000 4.1141779340
102.2570000000 4.1184372034
102.2580000000 4.1226776924
102.2590000000 4.1268992508
102.2600000000 4.1311017293
102.2610000000 4.1352849794
102.2620000000 4.1394488532
102.2630000000 4.1435932035
102.2640000000 4.1477178838
102.2650000000 4.1518227486
102.2660000000 4.1559076529
102.2670000000 4.1599724524
102.2680000000 4.1640170038
102.2690000000 4.1680411645
102.2700000000 4.1720447924
102.2710000000 4.1760277464
102.2720000000 4.1799898862
102.2730000000 4.1839310723
102.2740000000 4.1878511657
102.2750000000 4.1917500285
102.2760000000 4.1956275234
102.2770000000 4.1994835142
102.2780000000 4.2033178650
102.2790000000 4.2071304412
102.2800000000 4.2109211086
102.2810000000 4.2146897343
102.2820000000 4.2184361857
102.2830000000 4.2221603314
102.2840000000 4.2258620406
102.2850000000 4.2295411836
102.2860000000 4.2331976312
102.2870000000 4.2368312553
102.2880000000 4.2404419286
102.2890000000 4.2440295246
102.2900000000 4.2475939177
102.2910000000 4.2511349831
102.2920000000 4.2546525970
102.2930000000 4.2581466363
102.2940000000 4.2616169789
102.2950000000 4.2650635035
102.2960000000 4.2684860898
102.2970000000 4.2718846183
102.2980000000 4.2752589704
102.2990000000 4.2786090284
102.3000000000 4.2819346755
102.3010000000 4.2852357957
102.3020000000 4.2885122742
102.3030000000 4.2917639969
102.3040000000 4.2949908505
102.3050000000 4.2981927229
102.3060000000 4.3013695028
102.3070000000 4.3045210797
102.3080000000 4.3076473443
102.3090000000 4.3107481880
102.3100000000 4.3138235033
102.3110000000 4.3168731834
102.3120000000 4.3198971229
102.3130000000 4.3228952168
102.3140000000 4.3258673615
102.3150000000 4.3288134541
102.3160000000 4.3317333927
102.3170000000 4.3346270766
102.3180000000 4.3374944057
102.3190000000 4.3403352811
102.3200000000 4.3431496048
102.3210000000 4.3459372799
102.3220000000 4.3486982103
102.3230000000 4.3514323010
102.3240000000 4.3541394580
102.3250000000 4.3568195882
102.3260000000 4.3594725995
102.3270000000 4.3620984009
102.3280000000 4.3646969024
102.3290000000 4.3672680149
102.3300000000 4.3698116504
102.3310000000 4.3723277218
102.3320000000 4.3748161432
102.3330000000 4.3772768294
102.3340000000 4.3797096967
102.3350000000 4.3821146619
102.3360000000 4.3844916431
102.3370000000 4.3868405595
102.3380000000 4.3891613312
102.3390000000 4.3914538794
102.3400000000 4.3937181261
102.3410000000 4.3959539948
102.3420000000 4.3981614095
102.3430000000 4.4003402958
102.3440000000 4.4024905799
102.3450000000 4.4046121892
102.3460000000 4.4067050522
102.3470000000 4.4087690985
102.3480000000 4.4108042586
102.3490000000 4.4128104641
102.3500000000 4.4147876478
102.3510000000 4.4167357434
102.3520000000 4.4186546856
102.3530000000 4.4205444105
102.3540000000 4.4224048550
102.3550000000 4.4242359571
102.3560000000 4.4260376559
102.3570000000 4.4278098916
102.3580000000 4.4295526054
102.3590000000 4.4312657397
102.3600000000 4.4329492380
102.3610000000 4.4346030446
102.3620000000 4.4362271053
102.3630000000 4.4378213667
102.3640000000 4.4393857765
102.3650000000 4.4409202836
102.3660000000 4.4424248380
102.3670000000 4.4438993906
102.3680000000 4.4453438937
102.3690000000 4.4467583005
102.3700000000 4.4481425653
102.3710000000 4.4494966435
102.3720000000 4.4508204917
102.3730000000 4.4521140675
102.3740000000 4.4533773296
102.3750000000 4.4546102380
102.3760000000 4.4558127535
102.3770000000 4.4569848382
102.3780000000 4.4581264553
102.3790000000 4.4592375691
102.3800000000 4.4603181450
102.3810000000 4.4613681494
102.3820000000 4.4623875500
102.3830000000 4.4633763156
102.3840000000 4.4643344159
102.3850000000 4.4652618220
102.3860000000 4.4661585059
102.3870000000 4.4670244409
102.3880000000 4.4678596012
102.3890000000 4.4686639623
102.3900000000 4.4694375007
102.3910000000 4.4701801942
102.3920000000 4.4708920216
102.3930000000 4.4715729627
102.3940000000 4.4722229987
102.3950000000 4.4728421116
102.3960000000 4.4734302849
102.3970000000 4.4739875029
102.3980000000 4.4745137512
102.3990000000 4.4750090164
102.4000000000 4.4754732863
102.4010000000 4.4759065499
102.4020000000 4.4763087973
102.4030000000 4.4766800195
102.4040000000 4.4770202089
102.4050000000 4.4773293589
102.4060000000 4.4776074642
102.4070000000 4.4778545202
102.4080000000 4.4780705240
102.4090000000 4.4782554734
102.4100000000 4.4784093674
102.4110000000 4.4785322063
102.4120000000 4.4786239913
102.4130000000 4.4786847250
102.4140000000 4.4787144108
102.4150000000 4.4787130535
102.4160000000 4.4786806588
102.4170000000 4.4786172338
102.4180000000 4.4785227865
102.4190000000 4.4783973260
102.4200000000 4.4782408628
102.4210000000 4.4780534081
102.4220000000 4.4778349746
102.4230000000 4.4775855760
102.4240000000 4.4773052270
102.4250000000 4.4769939436
102.4260000000 4.4766517428
102.4270000000 4.4762786427
102.4280000000 4.4758746627
102.4290000000 4.4754398231
102.4300000000 4.4749741454
102.4310000000 4.4744776523
102.4320000000 4.4739503675
102.4330000000 4.4733923159
102.4340000000 4.4728035233
102.4350000000 4.4721840169
102.4360000000 4.4715338249
102.4370000000 4.4708529766
102.4380000000 4.4701415023
102.4390000000 4.4693994335
102.4400000000 4.4686268029
102.4410000000 4.4678236442
102.4420000000 4.4669899922
102.4430000000 4.4661258828
102.4440000000 4.4652313530
102.4450000000 4.4643064410
102.4460000000 4.4633511859
102.4470000000 4.4623656281
102.4480000000 4.4613498089
102.4490000000 4.4603037708
102.4500000000 4.4592275575
102.4510000000 4.4581212136
102.4520000000 4.4569847848
102.4530000000 4.4558183180
102.4540000000 4.4546218610
102.4550000000 4.4533954630
102.4560000000 4.4521391740
102.4570000000 4.4508530450
102.4580000000 4.4495371285
102.4590000000 4.4481914776
102.4600000000 4.4468161467
102.4610000000 4.4454111914
102.4620000000 4.4439766680
102.4630000000 4.4425126342
102.4640000000 4.4410191486
102.4650000000 4.4394962709
102.4660000000 4.4379440619
102.4670000000 4.4363625833
102.4680000000 4.4347518981
102.4690000000 4.4331120700
102.4700000000 4.4314431642
102.4710000000 4.4297452466
102.4720000000 4.4280183842
102.4730000000 4.4262626451
102.4740000000 4.4244780985
102.4750000000 4.4226648146
102.4760000000 4.4208228644
102.4770000000 4.4189523203
102.4780000000 4.4170532554
102.4790000000 4.4151257441
102.4800000000 4.4131698617
102.4810000000 4.4111856844
102.4820000000 4.4091732896
102.4830000000 4.4071327557
102.4840000000 4.4050641619
102.4850000000 4.4029675887
102.4860000000 4.4008431174
102.4870000000 4.3986908303
102.4880000000 4.3965108109
102.4890000000 4.3943031435
102.4900000000 4.3920679133
102.4910000000 4.3898052068
102.4920000000 4.3875151113
102.4930000000 4.3851977151
102.4940000000 4.3828531074
102.4950000000 4.3804813784
102.4960000000 4.3780826195
102.4970000000 4.3756569228
102.4980000000 4.3732043815
102.4990000000 4.3707250896
102.5000000000 4.3682191423
102.5010000000 4.3656866355
102.5020000000 4.3631276663
102.5030000000 4.3605423325
102.5040000000 4.3579307331
102.5050000000 4.3552929678
102.5060000000 4.3526291374
102.5070000000 4.3499393435
102.5080000000 4.3472236888
102.5090000000 4.3444822767
102.5100000000 4.3417152117
102.5110000000 4.3389225992
102.5120000000 4.3361045455
102.5130000000 4.3332611576
102.5140000000 4.3303925438
102.5150000000 4.3274988129
102.5160000000 4.3245800750
102.5170000000 4.3216364406
102.5180000000 4.3186680216
102.5190000000 4.3156749304
102.5200000000 4.3126572804
102.5210000000 4.3096151861
102.5220000000 4.3065487625
102.5230000000 4.3034581256
102.5240000000 4.3003433924
102.5250000000 4.2972046807
102.5260000000 4.2940421090
102.5270000000 4.2908557969
102.5280000000 4.2876458645
102.5290000000 4.2844124332
102.5300000000 4.2811556248
102.5310000000 4.2778755621
102.5320000000 4.2745723689
102.5330000000 4.2712461695
102.5340000000 4.2678970893
102.5350000000 4.2645252544
102.5360000000 4.2611307916
102.5370000000 4.2577138288
102.5380000000 4.2542744942
102.5390000000 4.2508129174
102.5400000000 4.2473292284
102.5410000000 4.2438235580
102.5420000000 4.2402960379
102.5430000000 4.2367468006
102.5440000000 4.2331759792
102.5450000000 4.2295837077
102.5460000000 4.2259701209
102.5470000000 4.2223353542
102.5480000000 4.2186795439
102.5490000000 4.2150028269
102.5500000000 4.2113053410
102.5510000000 4.2075872246
102.5520000000 4.2038486169
102.5530000000 4.2000896579
102.5540000000 4.1963104880
102.5550000000 4.1925112488
102.5560000000 4.1886920822
102.5570000000 4.1848531311
102.5580000000 4.1809945388
102.5590000000 4.1771164495
102.5600000000 4.1732190081
102.5610000000 4.1693023600
102.5620000000 4.1653666516
102.5630000000 4.1614120296
102.5640000000 4.1574386416
102.5650000000 4.1534466358
102.5660000000 4.1494361611
102.5670000000 4.1454073669
102.5680000000 4.1413604035
102.5690000000 4.1372954216
102.5700000000 4.1332125726
102.5710000000 4.1291120087
102.5720000000 4.1249938824
102.5730000000 4.1208583472
102.5740000000 4.1167055568
102.5750000000 4.1125356658
102.5760000000 4.1083488294
102.5770000000 4.1041452032
102.5780000000 4.0999249435
102.5790000000 4.0956882073
102.5800000000 4.0914351519
102.5810000000 4.0871659355
102.5820000000 4.0828807166
102.5830000000 4.0785796543
102.5840000000 4.0742629084
102.5850000000 4.0699306392
102.5860000000 4.0655830075
102.5870000000 4.0612201745
102.5880000000 4.0568423022
102.5890000000 4.0524495530
102.5900000000 4.0480420897
102.5910000000 4.0436200759
102.5920000000 4.0391836754
102.5930000000 4.0347330527
102.5940000000 4.0302683728
102.5950000000 4.0257898009
102.5960000000 4.0212975032
102.5970000000 4.0167916458
102.5980000000 4.0122723958
102.5990000000 4.0077399203
102.6000000000 4.0031943873
102.6010000000 3.9986359648
102.6020000000 3.9940648216
102.6030000000 3.9894811269
102.6040000000 3.9848850501
102.6050000000 3.9802767612
102.6060000000 3.9756564306
102.6070000000 3.9710242292
102.6080000000 3.9663803282
102.6090000000 3.9617248991
102.6100000000 3.9570581141
102.6110000000 3.9523801455
102.6120000000 3.9476911662
102.6130000000 3.9429913492
102.6140000000 3.9382808682
102.6150000000 3.9335598971
102.6160000000 3.9288286102
102.6170000000 3.9240871820
102.6180000000 3.9193357876
102.6190000000 3.9145746022
102.6200000000 3.9098038015
102.6210000000 3.9050235615
102.6220000000 3.9002340584
102.6230000000 3.8954354690
102.6240000000 3.8906279700
102.6250000000 3.8858117387
102.6260000000 3.8809869526
102.6270000000 3.8761537895
102.6280000000 3.8713124275
102.6290000000 3.8664630450
102.6300000000 3.8616058205
102.6310000000 3.8567409330
102.6320000000 3.8518685616
102.6330000000 3.8469888856
102.6340000000 3.8421020848
102.6350000000 3.8372083391
102.6360000000 3.8323078284
102.6370000000 3.8274007331
102.6380000000 3.8224872338
102.6390000000 3.8175675113
102.6400000000 3.8126417464
102.6410000000 3.8077101204
102.6420000000 3.8027728145
102.6430000000 3.7978300104
102.6440000000 3.7928818896
102.6450000000 3.7879286342
102.6460000000 3.7829704260
102.6470000000 3.7780074474
102.6480000000 3.7730398807
102.6490000000 3.7680679083
102.6500000000 3.7630917129
102.6510000000 3.7581114773
102.6520000000 3.7531273843
102.6530000000 3.7481396170
102.6540000000 3.7431483584
102.6550000000 3.7381537918
102.6560000000 3.7331561004
102.6570000000 3.7281554678
102.6580000000 3.7231520773
102.6590000000 3.7181461126
102.6600000000 3.7131377573
102.6610000000 3.7081271951
102.6620000000 3.7031146098
102.6630000000 3.6981001851
102.6640000000 3.6930841050
102.6650000000 3.6880665533
102.6660000000 3.6830477139
102.6670000000 3.6780277709
102.6680000000 3.6730069081
102.6690000000 3.6679853096
102.6700000000 3.6629631593
102.6710000000 3.6579406413
102.6720000000 3.6529179395
102.6730000000 3.6478952378
102.6740000000 3.6428727202
102.6750000000 3.6378505707
102.6760000000 3.6328289730
102.6770000000 3.6278081110
102.6780000000 3.6227881685
102.6790000000 3.6177693292
102.6800000000 3.6127517768
102.6810000000 3.6077356948
102.6820000000 3.6027212669
102.6830000000 3.5977086763
102.6840000000 3.5926981066
102.6850000000 3.5876897408
102.6860000000 3.5826837623
102.6870000000 3.5776803539
102.6880000000 3.5726796988
102.6890000000 3.5676819795
102.6900000000 3.5626873789
102.6910000000 3.5576960795
102.6920000000 3.5527082637
102.6930000000 3.5477241136
102.6940000000 3.5427438115
102.6950000000 3.5377675393
102.6960000000 3.5327954787
102.6970000000 3.5278278113
102.6980000000 3.5228647185
102.6990000000 3.5179063816
102.7000000000 3.5129529816
102.7010000000 3.5080046993
102.7020000000 3.5030617154
102.7030000000 3.4981242101
102.7040000000 3.4931923639
102.7050000000 3.4882663565
102.7060000000 3.4833463677
102.7070000000 3.4784325771
102.7080000000 3.4735251638
102.7090000000 3.4686243069
102.7100000000 3.4637301850
102.7110000000 3.4588429767
102.7120000000 3.4539628600
102.7130000000 3.4490900131
102.7140000000 3.4442246134
102.7150000000 3.4393668383
102.7160000000 3.4345168648
102.7170000000 3.4296748698
102.7180000000 3.4248410295
102.7190000000 3.4200155202
102.7200000000 3.4151985175
102.7210000000 3.4103901970
102.7220000000 3.4055907337
102.7230000000 3.4008003025
102.7240000000 3.3960190778
102.7250000000 3.3912472336
102.7260000000 3.3864849436
102.7270000000 3.3817323813
102.7280000000 3.3769897195
102.7290000000 3.3722571309
102.7300000000 3.3675347876
102.7310000000 3.3628228615
102.7320000000 3.3581215240
102.7330000000 3.3534309460
102.7340000000 3.3487512983
102.7350000000 3.3440827509
102.7360000000 3.3394254737
102.7370000000 3.3347796359
102.7380000000 3.3301454065
102.7390000000 3.3255229538
102.7400000000 3.3209124460
102.7410000000 3.3163140505
102.7420000000 3.3117279344
102.7430000000 3.3071542645
102.7440000000 3.3025932067
102.7450000000 3.2980449268
102.7460000000 3.2935095901
102.7470000000 3.2889873611
102.7480000000 3.2844784041
102.7490000000 3.2799828828
102.7500000000 3.2755009605
102.7510000000 3.2710327997
102.7520000000 3.2665785626
102.7530000000 3.2621384110
102.7540000000 3.2577125059
102.7550000000 3.2533010078
102.7560000000 3.2489040769
102.7570000000 3.2445218725
102.7580000000 3.2401545537
102.7590000000 3.2358022788
102.7600000000 3.2314652056
102.7610000000 3.2271434914
102.7620000000 3.2228372927
102.7630000000 3.2185467658
102.7640000000 3.2142720660
102.7650000000 3.2100133483
102.7660000000 3.2057707669
102.7670000000 3.2015444756
102.7680000000 3.1973346275
102.7690000000 3.1931413749
102.7700000000 3.1889648698
102.7710000000 3.1848052634
102.7720000000 3.1806627063
102.7730000000 3.1765373484
102.7740000000 3.1724293390
102.7750000000 3.1683388268
102.7760000000 3.1642659598
102.7770000000 3.1602108854
102.7780000000 3.1561737502
102.7790000000 3.1521547003
102.7800000000 3.1481538810
102.7810000000 3.1441714369
102.7820000000 3.1402075121
102.7830000000 3.1362622498
102.7840000000 3.1323357927
102.7850000000 3.1284282826
102.7860000000 3.1245398606
102.7870000000 3.1206706674
102.7880000000 3.1168208427
102.7890000000 3.1129905254
102.7900000000 3.1091798539
102.7910000000 3.1053889659
102.7920000000 3.1016179981
102.7930000000 3.0978670867
102.7940000000 3.0941363670
102.7950000000 3.0904259737
102.7960000000 3.0867360406
102.7970000000 3.0830667008
102.7980000000 3.0794180867
102.7990000000 3.0757903298
102.8000000000 3.0721835609
102.8010000000 3.0685979101
102.8020000000 3.0650335066
102.8030000000 3.0614904788
102.8040000000 3.0579689544
102.8050000000 3.0544690603
102.8060000000 3.0509909224
102.8070000000 3.0475346662
102.8080000000 3.0441004159
102.8090000000 3.0406882953
102.8100000000 3.0372984271
102.8110000000 3.0339309333
102.8120000000 3.0305859351
102.8130000000 3.0272635528
102.8140000000 3.0239639059
102.8150000000 3.0206871131
102.8160000000 3.0174332921
102.8170000000 3.0142025599
102.8180000000 3.0109950326
102.8190000000 3.0078108254
102.8200000000 3.0046500528
102.8210000000 3.0015128282
102.8220000000 2.9983992643
102.8230000000 2.9953094728
102.8240000000 2.9922435647
102.8250000000 2.9892016500
102.8260000000 2.9861838377
102.8270000000 2.9831902362
102.8280000000 2.9802209527
102.8290000000 2.9772760938
102.8300000000 2.9743557649
102.8310000000 2.9714600707
102.8320000000 2.9685891150
102.8330000000 2.9657430005
102.8340000000 2.9629218291
102.8350000000 2.9601257019
102.8360000000 2.9573547190
102.8370000000 2.9546089793
102.8380000000 2.9518885812
102.8390000000 2.9491936219
102.8400000000 2.9465241978
102.8410000000 2.9438804042
102.8420000000 2.9412623355
102.8430000000 2.9386700854
102.8440000000 2.9361037464
102.8450000000 2.9335634099
102.8460000000 2.9310491668
102.8470000000 2.9285611066
102.8480000000 2.9260993181
102.8490000000 2.9236638890
102.8500000000 2.9212549061
102.8510000000 2.9188724553
102.8520000000 2.9165166213
102.8530000000 2.9141874880
102.8540000000 2.9118851383
102.8550000000 2.9096096540
102.8560000000 2.9073611161
102.8570000000 2.9051396044
102.8580000000 2.9029451979
102.8590000000 2.9007779745
102.8600000000 2.8986380111
102.8610000000 2.8965253837
102.8620000000 2.8944401671
102.8630000000 2.8923824352
102.8640000000 2.8903522610
102.8650000000 2.8883497162
102.8660000000 2.8863748719
102.8670000000 2.8844277979
102.8680000000 2.8825085629
102.8690000000 2.8806172348
102.8700000000 2.8787538803
102.8710000000 2.8769185653
102.8720000000 2.8751113545
102.8730000000 2.8733323115
102.8740000000 2.8715814990
102.8750000000 2.8698589787
102.8760000000 2.8681648111
102.8770000000 2.8664990558
102.8780000000 2.8648617713
102.8790000000 2.8632530150
102.8800000000 2.8616728435
102.8810000000 2.8601213119
102.8820000000 2.8585984748
102.8830000000 2.8571043852
102.8840000000 2.8556390955
102.8850000000 2.8542026568
102.8860000000 2.8527951192
102.8870000000 2.8514165317
102.8880000000 2.8500669423
102.8890000000 2.8487463979
102.8900000000 2.8474549444
102.8910000000 2.8461926266
102.8920000000 2.8449594882
102.8930000000 2.8437555717
102.8940000000 2.8425809189
102.8950000000 2.8414355702
102.8960000000 2.8403195650
102.8970000000 2.8392329417
102.8980000000 2.8381757376
102.8990000000 2.8371479888
102.9000000000 2.8361497306
102.9010000000 2.8351809969
102.9020000000 2.8342418208
102.9030000000 2.8333322340
102.9040000000 2.8324522674
102.9050000000 2.8316019508
102.9060000000 2.8307813127
102.9070000000 2.8299903806
102.9080000000 2.8292291812
102.9090000000 2.8284977396
102.9100000000 2.8277960802
102.9110000000 2.8271242262
102.9120000000 2.8264821997
102.9130000000 2.8258700216
102.9140000000 2.8252877120
102.9150000000 2.8247352896
102.9160000000 2.8242127721
102.9170000000 2.8237201763
102.9180000000 2.8232575176
102.9190000000 2.8228248104
102.9200000000 2.8224220682
102.9210000000 2.8220493032
102.9220000000 2.8217065266
102.9230000000 2.8213937484
102.9240000000 2.8211109775
102.9250000000 2.8208582220
102.9260000000 2.8206354884
102.9270000000 2.8204427826
102.9280000000 2.8202801090
102.9290000000 2.8201474713
102.9300000000 2.8200448717
102.9310000000 2.8199723115
102.9320000000 2.8199297909
102.9330000000 2.8199173091
102.9340000000 2.8199348640
102.9350000000 2.8199824525
102.9360000000 2.8200600704
102.9370000000 2.8201677124
102.9380000000 2.8203053722
102.9390000000 2.8204730421
102.9400000000 2.8206707137
102.9410000000 2.8208983773
102.9420000000 2.8211560221
102.9430000000 2.8214436361
102.9440000000 2.8217612065
102.9450000000 2.8221087192
102.9460000000 2.8224861590
102.9470000000 2.8228935097
102.9480000000 2.8233307540
102.9490000000 2.8237978733
102.9500000000 2.8242948483
102.9510000000 2.8248216582
102.9520000000 2.8253782815
102.9530000000 2.8259646952
102.9540000000 2.8265808755
102.9550000000 2.8272267976
102.9560000000 2.8279024352
102.9570000000 2.8286077614
102.9580000000 2.8293427478
102.9590000000 2.8301073652
102.9600000000 2.8309015832
102.9610000000 2.8317253704
102.9620000000 2.8325786942
102.9630000000 2.8334615210
102.9640000000 2.8343738161
102.9650000000 2.8353155438
102.9660000000 2.8362866672
102.9670000000 2.8372871484
102.9680000000 2.8383169485
102.9690000000 2.8393760273
102.9700000000 2.8404643439
102.9710000000 2.8415818559
102.9720000000 2.8427285201
102.9730000000 2.8439042923
102.9740000000 2.8451091271
102.9750000000 2.8463429780
102.9760000000 2.8476057975
102.9770000000 2.8488975371
102.9780000000 2.8502181473
102.9790000000 2.8515675773
102.9800000000 2.8529457755
102.9810000000 2.8543526890
102.9820000000 2.8557882642
102.9830000000 2.8572524462
102.9840000000 2.8587451790
102.9850000000 2.8602664059
102.9860000000 2.8618160687
102.9870000000 2.8633941085
102.9880000000 2.8650004653
102.9890000000 2.8666350781
102.9900000000 2.8682978846
102.9910000000 2.8699888219
102.9920000000 2.8717078257
102.9930000000 2.8734548309
102.9940000000 2.8752297714
102.9950000000 2.8770325798
102.9960000000 2.8788631880
102.9970000000 2.8807215268
102.9980000000 2.8826075259
102.9990000000 2.8845211141
103.0000000000 2.8864622191
103.0010000000 2.8884307676
103.0020000000 2.8904266854
103.0030000000 2.8924498973
103.0040000000 2.8945003270
103.0050000000 2.8965778973
103.0060000000 2.8986825300
103.0070000000 2.9008141457
103.0080000000 2.9029726644
103.0090000000 2.9051580049
103.0100000000 2.9073700851
103.0110000000 2.9096088217
103.0120000000 2.9118741308
103.0130000000 2.9141659272
103.0140000000 2.9164841250
103.0150000000 2.9188286372
103.0160000000 2.9211993757
103.0170000000 2.9235962518
103.0180000000 2.9260191756
103.0190000000 2.9284680562
103.0200000000 2.9309428020
103.0210000000 2.9334433203
103.0220000000 2.9359695175
103.0230000000 2.9385212989
103.0240000000 2.9410985692
103.0250000000 2.9437012319
103.0260000000 2.9463291896
103.0270000000 2.9489823442
103.0280000000 2.9516605965
103.0290000000 2.9543638463
103.0300000000 2.9570919927
103.0310000000 2.9598449338
103.0320000000 2.9626225668
103.0330000000 2.9654247880
103.0340000000 2.9682514928
103.0350000000 2.9711025758
103.0360000000 2.9739779305
103.0370000000 2.9768774497
103.0380000000 2.9798010252
103.0390000000 2.9827485482
103.0400000000 2.9857199086
103.0410000000 2.9887149958
103.0420000000 2.9917336982
103.0430000000 2.9947759033
103.0440000000 2.9978414977
103.0450000000 3.0009303674
103.0460000000 3.0040423972
103.0470000000 3.0071774714
103.0480000000 3.0103354733
103.0490000000 3.0135162853
103.0500000000 3.0167197890
103.0510000000 3.0199458654
103.0520000000 3.0231943944
103.0530000000 3.0264652551
103.0540000000 3.0297583260
103.0550000000 3.0330734847
103.0560000000 3.0364106078
103.0570000000 3.0397695714
103.0580000000 3.0431502506
103.0590000000 3.0465525198
103.0600000000 3.0499762526
103.0610000000 3.0534213219
103.0620000000 3.0568875996
103.0630000000 3.0603749571
103.0640000000 3.0638832648
103.0650000000 3.0674123925
103.0660000000 3.0709622093
103.0670000000 3.0745325832
103.0680000000 3.0781233819
103.0690000000 3.0817344721
103.0700000000 3.0853657197
103.0710000000 3.0890169902
103.0720000000 3.0926881480
103.0730000000 3.0963790569
103.0740000000 3.1000895801
103.0750000000 3.1038195800
103.0760000000 3.1075689183
103.0770000000 3.1113374560
103.0780000000 3.1151250533
103.0790000000 3.1189315699
103.0800000000 3.1227568647
103.0810000000 3.1266007960
103.0820000000 3.1304632213
103.0830000000 3.1343439974
103.0840000000 3.1382429807
103.0850000000 3.1421600266
103.0860000000 3.1460949901
103.0870000000 3.1500477255
103.0880000000 3.1540180863
103.0890000000 3.1580059256
103.0900000000 3.1620110956
103.0910000000 3.1660334481
103.0920000000 3.1700728342
103.0930000000 3.1741291043
103.0940000000 3.1782021083
103.0950000000 3.1822916954
103.0960000000 3.1863977143
103.0970000000 3.1905200131
103.0980000000 3.1946584391
103.0990000000 3.1988128394
103.1000000000 3.2029830601
103.1010000000 3.2071689470
103.1020000000 3.2113703453
103.1030000000 3.2155870995
103.1040000000 3.2198190537
103.1050000000 3.2240660514
103.1060000000 3.2283279355
103.1070000000 3.2326045484
103.1080000000 3.2368957319
103.1090000000 3.2412013275
103.1100000000 3.2455211760
103.1110000000 3.2498551175
103.1120000000 3.2542029920
103.1130000000 3.2585646387
103.1140000000 3.2629398963
103.1150000000 3.2673286033
103.1160000000 3.2717305973
103.1170000000 3.2761457157
103.1180000000 3.2805737954
103.1190000000 3.2850146728
103.1200000000 3.2894681837
103.1210000000 3.2939341635
103.1220000000 3.2984124474
103.1230000000 3.3029028699
103.1240000000 3.3074052651
103.1250000000 3.3119194666
103.1260000000 3.3164453078
103.1270000000 3.3209826214
103.1280000000 3.3255312400
103.1290000000 3.3300909954
103.1300000000 3.3346617194
103.1310000000 3.3392432431
103.1320000000 3.3438353974
103.1330000000 3.3484380127
103.1340000000 3.3530509191
103.1350000000 3.3576739462
103.1360000000 3.3623069233
103.1370000000 3.3669496795
103.1380000000 3.3716020434
103.1390000000 3.3762638431
103.1400000000 3.3809349067
103.1410000000 3.3856150616
103.1420000000 3.3903041353
103.1430000000 3.3950019545
103.1440000000 3.3997083459
103.1450000000 3.4044231359
103.1460000000 3.4091461504
103.1470000000 3.4138772151
103.1480000000 3.4186161555
103.1490000000 3.4233627967
103.1500000000 3.4281169635
103.1510000000 3.4328784806
103.1520000000 3.4376471722
103.1530000000 3.4424228624
103.1540000000 3.4472053750
103.1550000000 3.4519945336
103.1560000000 3.4567901615
103.1570000000 3.4615920818
103.1580000000 3.4664001174
103.1590000000 3.4712140908
103.1600000000 3.4760338245
103.1610000000 3.4808591408
103.1620000000 3.4856898616
103.1630000000 3.4905258089
103.1640000000 3.4953668041
103.1650000000 3.5002126688
103.1660000000 3.5050632243
103.1670000000 3.5099182917
103.1680000000 3.5147776919
103.1690000000 3.5196412457
103.1700000000 3.5245087737
103.1710000000 3.5293800966
103.1720000000 3.5342550346
103.1730000000 3.5391334079
103.1740000000 3.5440150367
103.1750000000 3.5488997411
103.1760000000 3.5537873408
103.1770000000 3.5586776557
103.1780000000 3.5635705054
103.1790000000 3.5684657097
103.1800000000 3.5733630879
103.1810000000 3.5782624595
103.1820000000 3.5831636439
103.1830000000 3.5880664604
103.1840000000 3.5929707282
103.1850000000 3.5978762666
103.1860000000 3.6027828947
103.1870000000 3.6076904316
103.1880000000 3.6125986964
103.1890000000 3.6175075082
103.1900000000 3.6224166860
103.1910000000 3.6273260488
103.1920000000 3.6322354157
103.1930000000 3.6371446057
103.1940000000 3.6420534378
103.1950000000 3.6469617312
103.1960000000 3.6518693048
103.1970000000 3.6567759777
103.1980000000 3.6616815692
103.1990000000 3.6665858984
103.2000000000 3.6714887845
103.2010000000 3.6763900469
103.2020000000 3.6812895047
103.2030000000 3.6861869776
103.2040000000 3.6910822849
103.2050000000 3.6959752462
103.2060000000 3.7008656812
103.2070000000 3.7057534096
103.2080000000 3.7106382513
103.2090000000 3.7155200263
103.2100000000 3.7203985545
103.2110000000 3.7252736563
103.2120000000 3.7301451518
103.2130000000 3.7350128617
103.2140000000 3.7398766063
103.2150000000 3.7447362066
103.2160000000 3.7495914834
103.2170000000 3.7544422577
103.2180000000 3.7592883508
103.2190000000 3.7641295840
103.2200000000 3.7689657789
103.2210000000 3.7737967573
103.2220000000 3.7786223411
103.2230000000 3.7834423524
103.2240000000 3.7882566136
103.2250000000 3.7930649473
103.2260000000 3.7978671762
103.2270000000 3.8026631234
103.2280000000 3.8074526120
103.2290000000 3.8122354656
103.2300000000 3.8170115078
103.2310000000 3.8217805626
103.2320000000 3.8265424542
103.2330000000 3.8312970071
103.2340000000 3.8360440461
103.2350000000 3.8407833962
103.2360000000 3.8455148826
103.2370000000 3.8502383311
103.2380000000 3.8549535674
103.2390000000 3.8596604178
103.2400000000 3.8643587087
103.2410000000 3.8690482670
103.2420000000 3.8737289198
103.2430000000 3.8784004946
103.2440000000 3.8830628191
103.2450000000 3.8877157215
103.2460000000 3.8923590302
103.2470000000 3.8969925741
103.2480000000 3.9016161824
103.2490000000 3.9062296845
103.2500000000 3.9108329105
103.2510000000 3.9154256905
103.2520000000 3.9200078554
103.2530000000 3.9245792360
103.2540000000 3.9291396640
103.2550000000 3.9336889710
103.2560000000 3.9382269895
103.2570000000 3.9427535521
103.2580000000 3.9472684918
103.2590000000 3.9517716422
103.2600000000 3.9562628372
103.2610000000 3.9607419113
103.2620000000 3.9652086992
103.2630000000 3.9696630362
103.2640000000 3.9741047581
103.2650000000 3.9785337010
103.2660000000 3.9829497016
103.2670000000 3.9873525971
103.2680000000 3.9917422250
103.2690000000 3.9961184235
103.2700000000 4.0004810311
103.2710000000 4.0048298869
103.2720000000 4.0091648306
103.2730000000 4.0134857021
103.2740000000 4.0177923422
103.2750000000 4.0220845918
103.2760000000 4.0263622928
103.2770000000 4.0306252872
103.2780000000 4.0348734179
103.2790000000 4.0391065280
103.2800000000 4.0433244613
103.2810000000 4.0475270623
103.2820000000 4.0517141758
103.2830000000 4.0558856474
103.2840000000 4.0600413232
103.2850000000 4.0641810496
103.2860000000 4.0683046741
103.2870000000 4.0724120443
103.2880000000 4.0765030087
103.2890000000 4.0805774163
103.2900000000 4.0846351168
103.2910000000 4.0886759602
103.2920000000 4.0926997975
103.2930000000 4.0967064800
103.2940000000 4.1006958600
103.2950000000 4.1046677900
103.2960000000 4.1086221234
103.2970000000 4.1125587143
103.2980000000 4.1164774172
103.2990000000 4.1203780875
103.3000000000 4.1242605811
103.3010000000 4.1281247546
103.3020000000 4.1319704652
103.3030000000 4.1357975710
103.3040000000 4.1396059305
103.3050000000 4.1433954031
103.3060000000 4.1471658488
103.3070000000 4.1509171283
103.3080000000 4.1546491030
103.3090000000 4.1583616350
103.3100000000 4.1620545870
103.3110000000 4.1657278227
103.3120000000 4.1693812063
103.3130000000 4.1730146027
103.3140000000 4.1766278776
103.3150000000 4.1802208975
103.3160000000 4.1837935296
103.3170000000 4.1873456417
103.3180000000 4.1908771026
103.3190000000 4.1943877816
103.3200000000 4.1978775489
103.3210000000 4.2013462755
103.3220000000 4.2047938331
103.3230000000 4.2082200941
103.3240000000 4.2116249318
103.3250000000 4.2150082203
103.3260000000 4.2183698344
103.3270000000 4.2217096497
103.3280000000 4.2250275425
103.3290000000 4.2283233902
103.3300000000 4.2315970707
103.3310000000 4.2348484629
103.3320000000 4.2380774464
103.3330000000 4.2412839016
103.3340000000 4.2444677098
103.3350000000 4.2476287531
103.3360000000 4.2507669145
103.3370000000 4.2538820778
103.3380000000 4.2569741274
103.3390000000 4.2600429490
103.3400000000 4.2630884287
103.3410000000 4.2661104538
103.3420000000 4.2691089122
103.3430000000 4.2720836928
103.3440000000 4.2750346853
103.3450000000 4.2779617804
103.3460000000 4.2808648694
103.3470000000 4.2837438448
103.3480000000 4.2865985998
103.3490000000 4.2894290284
103.3500000000 4.2922350257
103.3510000000 4.2950164876
103.3520000000 4.2977733108
103.3530000000 4.3005053930
103.3540000000 4.3032126328
103.3550000000 4.3058949297
103.3560000000 4.3085521841
103.3570000000 4.3111842973
103.3580000000 4.3137911715
103.3590000000 4.3163727099
103.3600000000 4.3189288166
103.3610000000 4.3214593965
103.3620000000 4.3239643557
103.3630000000 4.3264436009
103.3640000000 4.3288970400
103.3650000000 4.3313245818
103.3660000000 4.3337261359
103.3670000000 4.3361016129
103.3680000000 4.3384509245
103.3690000000 4.3407739832
103.3700000000 4.3430707026
103.3710000000 4.3453409971
103.3720000000 4.3475847820
103.3730000000 4.3498019739
103.3740000000 4.3519924902
103.3750000000 4.3541562490
103.3760000000 4.3562931698
103.3770000000 4.3584031729
103.3780000000 4.3604861796
103.3790000000 4.3625421120
103.3800000000 4.3645708936
103.3810000000 4.3665724484
103.3820000000 4.3685467019
103.3830000000 4.3704935801
103.3840000000 4.3724130103
103.3850000000 4.3743049209
103.3860000000 4.3761692409
103.3870000000 4.3780059008
103.3880000000 4.3798148316
103.3890000000 4.3815959658
103.3900000000 4.3833492365
103.3910000000 4.3850745781
103.3920000000 4.3867719260
103.3930000000 4.3884412163
103.3940000000 4.3900823867
103.3950000000 4.3916953753
103.3960000000 4.3932801217
103.3970000000 4.3948365662
103.3980000000 4.3963646505
103.3990000000 4.3978643170
103.4000000000 4.3993355092
103.4010000000 4.4007781718
103.4020000000 4.4021922505
103.4030000000 4.4035776918
103.4040000000 4.4049344436
103.4050000000 4.4062624545
103.4060000000 4.4075616746
103.4070000000 4.4088320545
103.4080000000 4.4100735463
103.4090000000 4.4112861029
103.4100000000 4.4124696784
103.4110000000 4.4136242279
103.4120000000 4.4147497076
103.4130000000 4.4158460746
103.4140000000 4.4169132873
103.4150000000 4.4179513050
103.4160000000 4.4189600881
103.4170000000 4.4199395981
103.4180000000 4.4208897977
103.4190000000 4.4218106503
103.4200000000 4.4227021207
103.4210000000 4.4235641747
103.4220000000 4.4243967791
103.4230000000 4.4251999018
103.4240000000 4.4259735119
103.4250000000 4.4267175794
103.4260000000 4.4274320754
103.4270000000 4.4281169723
103.4280000000 4.4287722432
103.4290000000 4.4293978627
103.4300000000 4.4299938062
103.4310000000 4.4305600503
103.4320000000 4.4310965726
103.4330000000 4.4316033518
103.4340000000 4.4320803678
103.4350000000 4.4325276016
103.4360000000 4.4329450350
103.4370000000 4.4333326512
103.4380000000 4.4336904344
103.4390000000 4.4340183699
103.4400000000 4.4343164439
103.4410000000 4.4345846440
103.4420000000 4.4348229587
103.4430000000 4.4350313777
103.4440000000 4.4352098916
103.4450000000 4.4353584923
103.4460000000 4.4354771727
103.4470000000 4.4355659269
103.4480000000 4.4356247498
103.4490000000 4.4356536378
103.4500000000 4.4356525881
103.4510000000 4.4356215991
103.4520000000 4.4355606703
103.4530000000 4.4354698023
103.4540000000 4.4353489967
103.4550000000 4.4351982563
103.4560000000 4.4350175849
103.4570000000 4.4348069876
103.4580000000 4.4345664704
103.4590000000 4.4342960403
103.4600000000 4.4339957057
103.4610000000 4.4336654760
103.4620000000 4.4333053614
103.4630000000 4.4329153735
103.4640000000 4.4324955251
103.4650000000 4.4320458296
103.4660000000 4.4315663020
103.4670000000 4.4310569582
103.4680000000 4.4305178150
103.4690000000 4.4299488907
103.4700000000 4.4293502043
103.4710000000 4.4287217761
103.4720000000 4.4280636274
103.4730000000 4.4273757807
103.4740000000 4.4266582594
103.4750000000 4.4259110882
103.4760000000 4.4251342928
103.4770000000 4.4243278999
103.4780000000 4.4234919373
103.4790000000 4.4226264341
103.4800000000 4.4217314201
103.4810000000 4.4208069266
103.4820000000 4.4198529856
103.4830000000 4.4188696305
103.4840000000 4.4178568956
103.4850000000 4.4168148162
103.4860000000 4.4157434289
103.4870000000 4.4146427712
103.4880000000 4.4135128818
103.4890000000 4.4123538002
103.4900000000 4.4111655674
103.4910000000 4.4099482251
103.4920000000 4.4087018162
103.4930000000 4.4074263847
103.4940000000 4.4061219757
103.4950000000 4.4047886351
103.4960000000 4.4034264103
103.4970000000 4.4020353493
103.4980000000 4.4006155014
103.4990000000 4.3991669170
103.5000000000 4.3976896474
103.5010000000 4.3961837451
103.5020000000 4.3946492636
103.5030000000 4.3930862573
103.5040000000 4.3914947818
103.5050000000 4.3898748937
103.5060000000 4.3882266508
103.5070000000 4.3865501116
103.5080000000 4.3848453359
103.5090000000 4.3831123846
103.5100000000 4.3813513193
103.5110000000 4.3795622029
103.5120000000 4.3777450993
103.5130000000 4.3759000734
103.5140000000 4.3740271910
103.5150000000 4.3721265191
103.5160000000 4.3701981257
103.5170000000 4.3682420798
103.5180000000 4.3662584512
103.5190000000 4.3642473111
103.5200000000 4.3622087314
103.5210000000 4.3601427851
103.5220000000 4.3580495463
103.5230000000 4.3559290899
103.5240000000 4.3537814921
103.5250000000 4.3516068298
103.5260000000 4.3494051809
103.5270000000 4.3471766247
103.5280000000 4.3449212409
103.5290000000 4.3426391106
103.5300000000 4.3403303158
103.5310000000 4.3379949393
103.5320000000 4.3356330652
103.5330000000 4.3332447782
103.5340000000 4.3308301643
103.5350000000 4.3283893102
103.5360000000 4.3259223039
103.5370000000 4.3234292339
103.5380000000 4.3209101900
103.5390000000 4.3183652630
103.5400000000 4.3157945443
103.5410000000 4.3131981266
103.5420000000 4.3105761034
103.5430000000 4.3079285692
103.5440000000 4.3052556192
103.5450000000 4.3025573499
103.5460000000 4.2998338584
103.5470000000 4.2970852431
103.5480000000 4.2943116030
103.5490000000 4.2915130380
103.5500000000 4.2886896493
103.5510000000 4.2858415385
103.5520000000 4.2829688086
103.5530000000 4.2800715632
103.5540000000 4.2771499068
103.5550000000 4.2742039449
103.5560000000 4.2712337839
103.5570000000 4.2682395312
103.5580000000 4.2652212947
103.5590000000 4.2621791836
103.5600000000 4.2591133078
103.5610000000 4.2560237781
103.5620000000 4.2529107061
103.5630000000 4.2497742043
103.5640000000 4.2466143862
103.5650000000 4.2434313661
103.5660000000 4.2402252589
103.5670000000 4.2369961808
103.5680000000 4.2337442485
103.5690000000 4.2304695796
103.5700000000 4.2271722926
103.5710000000 4.2238525070
103.5720000000 4.2205103427
103.5730000000 4.2171459209
103.5740000000 4.2137593632
103.5750000000 4.2103507925
103.5760000000 4.2069203319
103.5770000000 4.2034681059
103.5780000000 4.1999942395
103.5790000000 4.1964988585
103.5800000000 4.1929820895
103.5810000000 4.1894440600
103.5820000000 4.1858848982
103.5830000000 4.1823047331
103.5840000000 4.1787036944
103.5850000000 4.1750819128
103.5860000000 4.1714395196
103.5870000000 4.1677766467
103.5880000000 4.1640934271
103.5890000000 4.1603899944
103.5900000000 4.1566664828
103.5910000000 4.1529230275
103.5920000000 4.1491597642
103.5930000000 4.1453768296
103.5940000000 4.1415743609
103.5950000000 4.1377524962
103.5960000000 4.1339113740
103.5970000000 4.1300511340
103.5980000000 4.1261719162
103.5990000000 4.1222738614
103.6000000000 4.1183571113
103.6010000000 4.1144218081
103.6020000000 4.1104680946
103.6030000000 4.1064961146
103.6040000000 4.1025060123
103.6050000000 4.0984979327
103.6060000000 4.0944720214
103.6070000000 4.0904284247
103.6080000000 4.0863672895
103.6090000000 4.0822887635
103.6100000000 4.0781929950
103.6110000000 4.0740801328
103.6120000000 4.0699503264
103.6130000000 4.0658037260
103.6140000000 4.0616404824
103.6150000000 4.0574607470
103.6160000000 4.0532646719
103.6170000000 4.0490524095
103.6180000000 4.0448241133
103.6190000000 4.0405799370
103.6200000000 4.0363200350
103.6210000000 4.0320445623
103.6220000000 4.0277536746
103.6230000000 4.0234475280
103.6240000000 4.0191262792
103.6250000000 4.0147900855
103.6260000000 4.0104391048
103.6270000000 4.0060734955
103.6280000000 4.0016934166
103.6290000000 3.9972990276
103.6300000000 3.9928904884
103.6310000000 3.9884679597
103.6320000000 3.9840316025
103.6330000000 3.9795815785
103.6340000000 3.9751180498
103.6350000000 3.9706411790
103.6360000000 3.9661511291
103.6370000000 3.9616480640
103.6380000000 3.9571321476
103.6390000000 3.9526035446
103.6400000000 3.9480624199
103.6410000000 3.9435089393
103.6420000000 3.9389432686
103.6430000000 3.9343655744
103.6440000000 3.9297760235
103.6450000000 3.9251747834
103.6460000000 3.9205620218
103.6470000000 3.9159379070
103.6480000000 3.9113026076
103.6490000000 3.9066562928
103.6500000000 3.9019991320
103.6510000000 3.8973312953
103.6520000000 3.8926529528
103.6530000000 3.8879642753
103.6540000000 3.8832654340
103.6550000000 3.8785566004
103.6560000000 3.8738379463
103.6570000000 3.8691096440
103.6580000000 3.8643718661
103.6590000000 3.8596247856
103.6600000000 3.8548685758
103.6610000000 3.8501034105
103.6620000000 3.8453294636
103.6630000000 3.8405469095
103.6640000000 3.8357559230
103.6650000000 3.8309566790
103.6660000000 3.8261493529
103.6670000000 3.8213341203
103.6680000000 3.8165111572
103.6690000000 3.8116806399
103.6700000000 3.8068427448
103.6710000000 3.8019976487
103.6720000000 3.7971455289
103.6730000000 3.7922865627
103.6740000000 3.7874209277
103.6750000000 3.7825488019
103.6760000000 3.7776703633
103.6770000000 3.7727857904
103.6780000000 3.7678952619
103.6790000000 3.7629989566
103.6800000000 3.7580970536
103.6810000000 3.7531897322
103.6820000000 3.7482771721
103.6830000000 3.7433595528
103.6840000000 3.7384370545
103.6850000000 3.7335098572
103.6860000000 3.7285781413
103.6870000000 3.7236420872
103.6880000000 3.7187018757
103.6890000000 3.7137576877
103.6900000000 3.7088097041
103.6910000000 3.7038581061
103.6920000000 3.6989030751
103.6930000000 3.6939447925
103.6940000000 3.6889834400
103.6950000000 3.6840191992
103.6960000000 3.6790522521
103.6970000000 3.6740827805
103.6980000000 3.6691109666
103.6990000000 3.6641369926
103.7000000000 3.6591610407
103.7010000000 3.6541832933
103.7020000000 3.6492039329
103.7030000000 3.6442231420
103.7040000000 3.6392411032
103.7050000000 3.6342579992
103.7060000000 3.6292740127
103.7070000000 3.6242893264
103.7080000000 3.6193041232
103.7090000000 3.6143185860
103.7100000000 3.6093328975
103.7110000000 3.6043472408
103.7120000000 3.5993617987
103.7130000000 3.5943767541
103.7140000000 3.5893922901
103.7150000000 3.5844085896
103.7160000000 3.5794258353
103.7170000000 3.5744442104
103.7180000000 3.5694638976
103.7190000000 3.5644850799
103.7200000000 3.5595079399
103.7210000000 3.5545326606
103.7220000000 3.5495594246
103.7230000000 3.5445884146
103.7240000000 3.5396198133
103.7250000000 3.5346538030
103.7260000000 3.5296905664
103.7270000000 3.5247302858
103.7280000000 3.5197731435
103.7290000000 3.5148193217
103.7300000000 3.5098690024
103.7310000000 3.5049223677
103.7320000000 3.4999795994
103.7330000000 3.4950408793
103.7340000000 3.4901063890
103.7350000000 3.4851763099
103.7360000000 3.4802508235
103.7370000000 3.4753301108
103.7380000000 3.4704143530
103.7390000000 3.4655037309
103.7400000000 3.4605984252
103.7410000000 3.4556986165
103.7420000000 3.4508044850
103.7430000000 3.4459162110
103.7440000000 3.4410339744
103.7450000000 3.4361579550
103.7460000000 3.4312883323
103.7470000000 3.4264252858
103.7480000000 3.4215689944
103.7490000000 3.4167196371
103.7500000000 3.4118773925
103.7510000000 3.4070424392
103.7520000000 3.4022149552
103.7530000000 3.3973951185
103.7540000000 3.3925831067
103.7550000000 3.3877790972
103.7560000000 3.3829832672
103.7570000000 3.3781957935
103.7580000000 3.3734168526
103.7590000000 3.3686466208
103.7600000000 3.3638852741
103.7610000000 3.3591329882
103.7620000000 3.3543899383
103.7630000000 3.3496562995
103.7640000000 3.3449322466
103.7650000000 3.3402179539
103.7660000000 3.3355135955
103.7670000000 3.3308193450
103.7680000000 3.3261353758
103.7690000000 3.3214618609
103.7700000000 3.3167989729
103.7710000000 3.3121468841
103.7720000000 3.3075057663
103.7730000000 3.3028757912
103.7740000000 3.2982571297
103.7750000000 3.2936499527
103.7760000000 3.2890544305
103.7770000000 3.2844707329
103.7780000000 3.2798990295
103.7790000000 3.2753394893
103.7800000000 3.2707922812
103.7810000000 3.2662575732
103.7820000000 3.2617355331
103.7830000000 3.2572263285
103.7840000000 3.2527301260
103.7850000000 3.2482470923
103.7860000000 3.2437773932
103.7870000000 3.2393211944
103.7880000000 3.2348786608
103.7890000000 3.2304499571
103.7900000000 3.2260352473
103.7910000000 3.2216346950
103.7920000000 3.2172484633
103.7930000000 3.2128767149
103.7940000000 3.2085196117
103.7950000000 3.2041773155
103.7960000000 3.1998499871
103.7970000000 3.1955377872
103.7980000000 3.1912408757
103.7990000000 3.1869594121
103.8000000000 3.1826935554
103.8010000000 3.1784434637
103.8020000000 3.1742092950
103.8030000000 3.1699912066
103.8040000000 3.1657893549
103.8050000000 3.1616038963
103.8060000000 3.1574349861
103.8070000000 3.1532827794
103.8080000000 3.1491474304
103.8090000000 3.1450290929
103.8100000000 3.1409279201
103.8110000000 3.1368440645
103.8120000000 3.1327776780
103.8130000000 3.1287289120
103.8140000000 3.1246979170
103.8150000000 3.1206848433
103.8160000000 3.1166898401
103.8170000000 3.1127130563
103.8180000000 3.1087546400
103.8190000000 3.1048147387
103.8200000000 3.1008934992
103.8210000000 3.0969910677
103.8220000000 3.0931075897
103.8230000000 3.0892432099
103.8240000000 3.0853980726
103.8250000000 3.0815723212
103.8260000000 3.0777660985
103.8270000000 3.0739795465
103.8280000000 3.0702128066
103.8290000000 3.0664660195
103.8300000000 3.0627393252
103.8310000000 3.0590328629
103.8320000000 3.0553467712
103.8330000000 3.0516811878
103.8340000000 3.0480362498
103.8350000000 3.0444120936
103.8360000000 3.0408088547
103.8370000000 3.0372266681
103.8380000000 3.0336656677
103.8390000000 3.0301259871
103.8400000000 3.0266077587
103.8410000000 3.0231111144
103.8420000000 3.0196361852
103.8430000000 3.0161831014
103.8440000000 3.0127519926
103.8450000000 3.0093429874
103.8460000000 3.0059562137
103.8470000000 3.0025917987
103.8480000000 2.9992498688
103.8490000000 2.9959305494
103.8500000000 2.9926339654
103.8510000000 2.9893602405
103.8520000000 2.9861094979
103.8530000000 2.9828818599
103.8540000000 2.9796774479
103.8550000000 2.9764963826
103.8560000000 2.9733387836
103.8570000000 2.9702047701
103.8580000000 2.9670944600
103.8590000000 2.9640079707
103.8600000000 2.9609454184
103.8610000000 2.9579069189
103.8620000000 2.9548925867
103.8630000000 2.9519025356
103.8640000000 2.9489368787
103.8650000000 2.9459957280
103.8660000000 2.9430791946
103.8670000000 2.9401873890
103.8680000000 2.9373204205
103.8690000000 2.9344783977
103.8700000000 2.9316614282
103.8710000000 2.9288696188
103.8720000000 2.9261030753
103.8730000000 2.9233619026
103.8740000000 2.9206462049
103.8750000000 2.9179560851
103.8760000000 2.9152916455
103.8770000000 2.9126529874
103.8780000000 2.9100402111
103.8790000000 2.9074534161
103.8800000000 2.9048927008
103.8810000000 2.9023581628
103.8820000000 2.8998498987
103.8830000000 2.8973680042
103.8840000000 2.8949125740
103.8850000000 2.8924837019
103.8860000000 2.8900814806
103.8870000000 2.8877060021
103.8880000000 2.8853573572
103.8890000000 2.8830356360
103.8900000000 2.8807409273
103.8910000000 2.8784733191
103.8920000000 2.8762328985
103.8930000000 2.8740197515
103.8940000000 2.8718339632
103.8950000000 2.8696756177
103.8960000000 2.8675447980
103.8970000000 2.8654415863
103.8980000000 2.8633660636
103.8990000000 2.8613183101
103.9000000000 2.8592984049
103.9010000000 2.8573064260
103.9020000000 2.8553424507
103.9030000000 2.8534065549
103.9040000000 2.8514988138
103.9050000000 2.8496193015
103.9060000000 2.8477680909
103.9070000000 2.8459452542
103.9080000000 2.8441508622
103.9090000000 2.8423849852
103.9100000000 2.8406476919
103.9110000000 2.8389390503
103.9120000000 2.8372591273
103.9130000000 2.8356079887
103.9140000000 2.8339856994
103.9150000000 2.8323923232
103.9160000000 2.8308279228
103.9170000000 2.8292925598
103.9180000000 2.8277862950
103.9190000000 2.8263091879
103.9200000000 2.8248612971
103.9210000000 2.8234426800
103.9220000000 2.8220533931
103.9230000000 2.8206934917
103.9240000000 2.8193630302
103.9250000000 2.8180620618
103.9260000000 2.8167906387
103.9270000000 2.8155488120
103.9280000000 2.8143366317
103.9290000000 2.8131541468
103.9300000000 2.8120014053
103.9310000000 2.8108784538
103.9320000000 2.8097853383
103.9330000000 2.8087221034
103.9340000000 2.8076887926
103.9350000000 2.8066854484
103.9360000000 2.8057121123
103.9370000000 2.8047688247
103.9380000000 2.8038556247
103.9390000000 2.8029725505
103.9400000000 2.8021196393
103.9410000000 2.8012969269
103.9420000000 2.8005044483
103.9430000000 2.7997422373
103.9440000000 2.7990103266
103.9450000000 2.7983087477
103.9460000000 2.7976375312
103.9470000000 2.7969967064
103.9480000000 2.7963863018
103.9490000000 2.7958063444
103.9500000000 2.7952568604
103.9510000000 2.7947378748
103.9520000000 2.7942494114
103.9530000000 2.7937914930
103.9540000000 2.7933641414
103.9550000000 2.7929673771
103.9560000000 2.7926012195
103.9570000000 2.7922656870
103.9580000000 2.7919607968
103.9590000000 2.7916865651
103.9600000000 2.7914430068
103.9610000000 2.7912301359
103.9620000000 2.7910479652
103.9630000000 2.7908965063
103.9640000000 2.7907757697
103.9650000000 2.7906857651
103.9660000000 2.7906265005
103.9670000000 2.7905979834
103.9680000000 2.7906002197
103.9690000000 2.7906332145
103.9700000000 2.7906969715
103.9710000000 2.7907914937
103.9720000000 2.7909167825
103.9730000000 2.7910728385
103.9740000000 2.7912596611
103.9750000000 2.7914772485
103.9760000000 2.7917255980
103.9770000000 2.7920047055
103.9780000000 2.7923145660
103.9790000000 2.7926551732
103.9800000000 2.7930265199
103.9810000000 2.7934285975
103.9820000000 2.7938613967
103.9830000000 2.7943249066
103.9840000000 2.7948191155
103.9850000000 2.7953440105
103.9860000000 2.7958995775
103.9870000000 2.7964858015
103.9880000000 2.7971026661
103.9890000000 2.7977501540
103.9900000000 2.7984282467
103.9910000000 2.7991369246
103.9920000000 2.7998761670
103.9930000000 2.8006459521
103.9940000000 2.8014462569
103.9950000000 2.8022770573
103.9960000000 2.8031383282
103.9970000000 2.8040300433
103.9980000000 2.8049521752
103.9990000000 2.8059046955
104.0000000000 2.8068875745
104.0010000000 2.8079007815
104.0020000000 2.8089442847
104.0030000000 2.8100180511
104.0040000000 2.8111220468
104.0050000000 2.8122562366
104.0060000000 2.8134205843
104.0070000000 2.8146150526
104.0080000000 2.8158396029
104.0090000000 2.8170941958
104.0100000000 2.8183787907
104.0110000000 2.8196933457
104.0120000000 2.8210378182
104.0130000000 2.8224121642
104.0140000000 2.8238163386
104.0150000000 2.8252502954
104.0160000000 2.8267139875
104.0170000000 2.8282073664
104.0180000000 2.8297303830
104.0190000000 2.8312829867
104.0200000000 2.8328651259
104.0210000000 2.8344767482
104.0220000000 2.8361177999
104.0230000000 2.8377882260
104.0240000000 2.8394879710
104.0250000000 2.8412169777
104.0260000000 2.8429751883
104.0270000000 2.8447625437
104.0280000000 2.8465789837
104.0290000000 2.8484244473
104.0300000000 2.8502988721
104.0310000000 2.8522021949
104.0320000000 2.8541343512
104.0330000000 2.8560952757
104.0340000000 2.8580849019
104.0350000000 2.8601031623
104.0360000000 2.8621499882
104.0370000000 2.8642253101
104.0380000000 2.8663290572
104.0390000000 2.8684611579
104.0400000000 2.8706215394
104.0410000000 2.8728101279
104.0420000000 2.8750268486
104.0430000000 2.8772716256
104.0440000000 2.8795443820
104.0450000000 2.8818450399
104.0460000000 2.8841735203
104.0470000000 2.8865297433
104.0480000000 2.8889136280
104.0490000000 2.8913250921
104.0500000000 2.8937640529
104.0510000000 2.8962304262
104.0520000000 2.8987241269
104.0530000000 2.9012450691
104.0540000000 2.9037931657
104.0550000000 2.9063683287
104.0560000000 2.9089704689
104.0570000000 2.9115994964
104.0580000000 2.9142553201
104.0590000000 2.9169378481
104.0600000000 2.9196469872
104.0610000000 2.9223826436
104.0620000000 2.9251447223
104.0630000000 2.9279331273
104.0640000000 2.9307477618
104.0650000000 2.9335885278
104.0660000000 2.9364553266
104.0670000000 2.9393480583
104.0680000000 2.9422666223
104.0690000000 2.9452109167
104.0700000000 2.9481808389
104.0710000000 2.9511762853
104.0720000000 2.9541971515
104.0730000000 2.9572433318
104.0740000000 2.9603147199
104.0750000000 2.9634112084
104.0760000000 2.9665326890
104.0770000000 2.9696790526
104.0780000000 2.9728501890
104.0790000000 2.9760459871
104.0800000000 2.9792663351
104.0810000000 2.9825111199
104.0820000000 2.9857802280
104.0830000000 2.9890735445
104.0840000000 2.9923909539
104.0850000000 2.9957323398
104.0860000000 2.9990975848
104.0870000000 3.0024865707
104.0880000000 3.0058991783
104.0890000000 3.0093352877
104.0900000000 3.0127947780
104.0910000000 3.0162775274
104.0920000000 3.0197834134
104.0930000000 3.0233123125
104.0940000000 3.0268641004
104.0950000000 3.0304386519
104.0960000000 3.0340358410
104.0970000000 3.0376555408
104.0980000000 3.0412976237
104.0990000000 3.0449619612
104.1000000000 3.0486484238
104.1010000000 3.0523568815
104.1020000000 3.0560872031
104.1030000000 3.0598392570
104.1040000000 3.0636129104
104.1050000000 3.0674080300
104.1060000000 3.0712244814
104.1070000000 3.0750621298
104.1080000000 3.0789208393
104.1090000000 3.0828004732
104.1100000000 3.0867008942
104.1110000000 3.0906219641
104.1120000000 3.0945635441
104.1130000000 3.0985254943
104.1140000000 3.1025076743
104.1150000000 3.1065099429
104.1160000000 3.1105321581
104.1170000000 3.1145741773
104.1180000000 3.1186358569
104.1190000000 3.1227170527
104.1200000000 3.1268176198
104.1210000000 3.1309374125
104.1220000000 3.1350762845
104.1230000000 3.1392340887
104.1240000000 3.1434106772
104.1250000000 3.1476059015
104.1260000000 3.1518196124
104.1270000000 3.1560516600
104.1280000000 3.1603018937
104.1290000000 3.1645701622
104.1300000000 3.1688563135
104.1310000000 3.1731601950
104.1320000000 3.1774816533
104.1330000000 3.1818205345
104.1340000000 3.1861766840
104.1350000000 3.1905499464
104.1360000000 3.1949401658
104.1370000000 3.1993471856
104.1380000000 3.2037708487
104.1390000000 3.2082109971
104.1400000000 3.2126674725
104.1410000000 3.2171401156
104.1420000000 3.2216287669
104.1430000000 3.2261332659
104.1440000000 3.2306534519
104.1450000000 3.2351891632
104.1460000000 3.2397402377
104.1470000000 3.2443065129
104.1480000000 3.2488878253
104.1490000000 3.2534840113
104.1500000000 3.2580949063
104.1510000000 3.2627203453
104.1520000000 3.2673601630
104.1530000000 3.2720141931
104.1540000000 3.2766822691
104.1550000000 3.2813642237
104.1560000000 3.2860598894
104.1570000000 3.2907690979
104.1580000000 3.2954916804
104.1590000000 3.3002274678
104.1600000000 3.3049762901
104.1610000000 3.3097379772
104.1620000000 3.3145123583
104.1630000000 3.3192992622
104.1640000000 3.3240985171
104.1650000000 3.3289099508
104.1660000000 3.3337333906
104.1670000000 3.3385686633
104.1680000000 3.3434155954
104.1690000000 3.3482740128
104.1700000000 3.3531437409
104.1710000000 3.3580246048
104.1720000000 3.3629164292
104.1730000000 3.3678190381
104.1740000000 3.3727322555
104.1750000000 3.3776559045
104.1760000000 3.3825898081
104.1770000000 3.3875337889
104.1780000000 3.3924876691
104.1790000000 3.3974512702
104.1800000000 3.4024244138
104.1810000000 3.4074069207
104.1820000000 3.4123986116
104.1830000000 3.4173993068
104.1840000000 3.4224088260
104.1850000000 3.4274269889
104.1860000000 3.4324536146
104.1870000000 3.4374885220
104.1880000000 3.4425315296
104.1890000000 3.4475824556
104.1900000000 3.4526411178
104.1910000000 3.4577073337
104.1920000000 3.4627809207
104.1930000000 3.4678616957
104.1940000000 3.4729494753
104.1950000000 3.4780440760
104.1960000000 3.4831453137
104.1970000000 3.4882530042
104.1980000000 3.4933669632
104.1990000000 3.4984870059
104.2000000000 3.5036129474
104.2010000000 3.5087446023
104.2020000000 3.5138817853
104.2030000000 3.5190243107
104.2040000000 3.5241719924
104.2050000000 3.5293246445
104.2060000000 3.5344820804
104.2070000000 3.5396441137
104.2080000000 3.5448105576
104.2090000000 3.5499812251
104.2100000000 3.5551559290
104.2110000000 3.5603344821
104.2120000000 3.5655166968
104.2130000000 3.5707023854
104.2140000000 3.5758913601
104.2150000000 3.5810834329
104.2160000000 3.5862784157
104.2170000000 3.5914761201
104.2180000000 3.5966763579
104.2190000000 3.6018789404
104.2200000000 3.6070836789
104.2210000000 3.6122903848
104.2220000000 3.6174988691
104.2230000000 3.6227089428
104.2240000000 3.6279204169
104.2250000000 3.6331331022
104.2260000000 3.6383468095
104.2270000000 3.6435613494
104.2280000000 3.6487765325
104.2290000000 3.6539921695
104.2300000000 3.6592080709
104.2310000000 3.6644240470
104.2320000000 3.6696399084
104.2330000000 3.6748554654
104.2340000000 3.6800705284
104.2350000000 3.6852849077
104.2360000000 3.6904984137
104.2370000000 3.6957108567
104.2380000000 3.7009220471
104.2390000000 3.7061317951
104.2400000000 3.7113399112
104.2410000000 3.7165462057
104.2420000000 3.7217504891
104.2430000000 3.7269525717
104.2440000000 3.7321522641
104.2450000000 3.7373493768
104.2460000000 3.7425437204
104.2470000000 3.7477351057
104.2480000000 3.7529233432
104.2490000000 3.7581082438
104.2500000000 3.7632896185
104.2510000000 3.7684672781
104.2520000000 3.7736410339
104.2530000000 3.7788106969
104.2540000000 3.7839760784
104.2550000000 3.7891369899
104.2560000000 3.7942932430
104.2570000000 3.7994446492
104.2580000000 3.8045910204
104.2590000000 3.8097321686
104.2600000000 3.8148679059
104.2610000000 3.8199980445
104.2620000000 3.8251223968
104.2630000000 3.8302407755
104.2640000000 3.8353529934
104.2650000000 3.8404588634
104.2660000000 3.8455581987
104.2670000000 3.8506508126
104.2680000000 3.8557365188
104.2690000000 3.8608151310
104.2700000000 3.8658864632
104.2710000000 3.8709503296
104.2720000000 3.8760065447
104.2730000000 3.8810549232
104.2740000000 3.8860952801
104.2750000000 3.8911274305
104.2760000000 3.8961511899
104.2770000000 3.9011663741
104.2780000000 3.9061727990
104.2790000000 3.9111702810
104.2800000000 3.9161586365
104.2810000000 3.9211376825
104.2820000000 3.9261072361
104.2830000000 3.9310671149
104.2840000000 3.9360171365
104.2850000000 3.9409571190
104.2860000000 3.9458868810
104.2870000000 3.9508062411
104.2880000000 3.9557150186
104.2890000000 3.9606130327
104.2900000000 3.9655001033
104.2910000000 3.9703760506
104.2920000000 3.9752406952
104.2930000000 3.9800938578
104.2940000000 3.9849353598
104.2950000000 3.9897650229
104.2960000000 3.9945826690
104.2970000000 3.9993881207
104.2980000000 4.0041812008
104.2990000000 4.0089617326
104.3000000000 4.0137295397
104.3010000000 4.0184844463
104.3020000000 4.0232262769
104.3030000000 4.0279548565
104.3040000000 4.0326700105
104.3050000000 4.0373715648
104.3060000000 4.0420593457
104.3070000000 4.0467331800
104.3080000000 4.0513928949
104.3090000000 4.0560383183
104.3100000000 4.0606692782
104.3110000000 4.0652856034
104.3120000000 4.0698871231
104.3130000000 4.0744736670
104.3140000000 4.0790450653
104.3150000000 4.0836011487
104.3160000000 4.0881417484
104.3170000000 4.0926666962
104.3180000000 4.0971758244
104.3190000000 4.1016689657
104.3200000000 4.1061459537
104.3210000000 4.1106066221
104.3220000000 4.1150508054
104.3230000000 4.1194783387
104.3240000000 4.1238890576
104.3250000000 4.1282827982
104.3260000000 4.1326593974
104.3270000000 4.1370186923
104.3280000000 4.1413605210
104.3290000000 4.1456847221
104.3300000000 4.1499911345
104.3310000000 4.1542795980
104.3320000000 4.1585499531
104.3330000000 4.1628020407
104.3340000000 4.1670357023
104.3350000000 4.1712507802
104.3360000000 4.1754471172
104.3370000000 4.1796245570
104.3380000000 4.1837829436
104.3390000000 4.1879221219
104.3400000000 4.1920419372
104.3410000000 4.1961422359
104.3420000000 4.2002228647
104.3430000000 4.2042836710
104.3440000000 4.2083245031
104.3450000000 4.2123452099
104.3460000000 4.2163456409
104.3470000000 4.2203256463
104.3480000000 4.2242850771
104.3490000000 4.2282237851
104.3500000000 4.2321416225
104.3510000000 4.2360384426
104.3520000000 4.2399140991
104.3530000000 4.2437684467
104.3540000000 4.2476013406
104.3550000000 4.2514126369
104.3560000000 4.2552021925
104.3570000000 4.2589698648
104.3580000000 4.2627155123
104.3590000000 4.2664389939
104.3600000000 4.2701401696
104.3610000000 4.2738188999
104.3620000000 4.2774750464
104.3630000000 4.2811084711
104.3640000000 4.2847190371
104.3650000000 4.2883066082
104.3660000000 4.2918710489
104.3670000000 4.2954122246
104.3680000000 4.2989300016
104.3690000000 4.3024242468
104.3700000000 4.3058948280
104.3710000000 4.3093416140
104.3720000000 4.3127644742
104.3730000000 4.3161632789
104.3740000000 4.3195378994
104.3750000000 4.3228882076
104.3760000000 4.3262140763
104.3770000000 4.3295153793
104.3780000000 4.3327919912
104.3790000000 4.3360437874
104.3800000000 4.3392706441
104.3810000000 4.3424724387
104.3820000000 4.3456490490
104.3830000000 4.3488003541
104.3840000000 4.3519262338
104.3850000000 4.3550265687
104.3860000000 4.3581012406
104.3870000000 4.3611501318
104.3880000000 4.3641731258
104.3890000000 4.3671701070
104.3900000000 4.3701409605
104.3910000000 4.3730855725
104.3920000000 4.3760038300
104.3930000000 4.3788956212
104.3940000000 4.3817608347
104.3950000000 4.3845993607
104.3960000000 4.3874110897
104.3970000000 4.3901959137
104.3980000000 4.3929537252
104.3990000000 4.3956844178
104.4000000000 4.3983878863
104.4010000000 4.4010640261
104.4020000000 4.4037127337
104.4030000000 4.4063339065
104.4040000000 4.4089274432
104.4050000000 4.4114932430
104.4060000000 4.4140312063
104.4070000000 4.4165412346
104.4080000000 4.4190232301
104.4090000000 4.4214770963
104.4100000000 4.4239027375
104.4110000000 4.4263000590
104.4120000000 4.4286689671
104.4130000000 4.4310093693
104.4140000000 4.4333211737
104.4150000000 4.4356042899
104.4160000000 4.4378586281
104.4170000000 4.4400840997
104.4180000000 4.4422806172
104.4190000000 4.4444480940
104.4200000000 4.4465864445
104.4210000000 4.4486955843
104.4220000000 4.4507754297
104.4230000000 4.4528258985
104.4240000000 4.4548469092
104.4250000000 4.4568383814
104.4260000000 4.4588002358
104.4270000000 4.4607323942
104.4280000000 4.4626347793
104.4290000000 4.4645073150
104.4300000000 4.4663499262
104.4310000000 4.4681625388
104.4320000000 4.4699450798
104.4330000000 4.4716974774
104.4340000000 4.4734196608
104.4350000000 4.4751115600
104.4360000000 4.4767731065
104.4370000000 4.4784042326
104.4380000000 4.4800048718
104.4390000000 4.4815749587
104.4400000000 4.4831144288
104.4410000000 4.4846232189
104.4420000000 4.4861012667
104.4430000000 4.4875485113
104.4440000000 4.4889648925
104.4450000000 4.4903503516
104.4460000000 4.4917048305
104.4470000000 4.4930282728
104.4480000000 4.4943206227
104.4490000000 4.4955818258
104.4500000000 4.4968118287
104.4510000000 4.4980105791
104.4520000000 4.4991780258
104.4530000000 4.5003141188
104.4540000000 4.5014188092
104.4550000000 4.5024920491
104.4560000000 4.5035337919
104.4570000000 4.5045439920
104.4580000000 4.5055226050
104.4590000000 4.5064695875
104.4600000000 4.5073848973
104.4610000000 4.5082684934
104.4620000000 4.5091203359
104.4630000000 4.5099403859
104.4640000000 4.5107286059
104.4650000000 4.5114849592
104.4660000000 4.5122094105
104.4670000000 4.5129019255
104.4680000000 4.5135624712
104.4690000000 4.5141910156
104.4700000000 4.5147875278
104.4710000000 4.5153519782
104.4720000000 4.5158843383
104.4730000000 4.5163845807
104.4740000000 4.5168526790
104.4750000000 4.5172886084
104.4760000000 4.5176923448
104.4770000000 4.5180638654
104.4780000000 4.5184031487
104.4790000000 4.5187101741
104.4800000000 4.5189849224
104.4810000000 4.5192273753
104.4820000000 4.5194375159
104.4830000000 4.5196153284
104.4840000000 4.5197607979
104.4850000000 4.5198739111
104.4860000000 4.5199546556
104.4870000000 4.5200030201
104.4880000000 4.5200189946
104.4890000000 4.5200025702
104.4900000000 4.5199537392
104.4910000000 4.5198724950
104.4920000000 4.5197588322
104.4930000000 4.5196127467
104.4940000000 4.5194342353
104.4950000000 4.5192232962
104.4960000000 4.5189799285
104.4970000000 4.5187041328
104.4980000000 4.5183959106
104.4990000000 4.5180552647
104.5000000000 4.5176821990
104.5010000000 4.5172767186
104.5020000000 4.5168388297
104.5030000000 4.5163685399
104.5040000000 4.5158658576
104.5050000000 4.5153307926
104.5060000000 4.5147633559
104.5070000000 4.5141635594
104.5080000000 4.5135314166
104.5090000000 4.5128669418
104.5100000000 4.5121701505
104.5110000000 4.5114410596
104.5120000000 4.5106796869
104.5130000000 4.5098860514
104.5140000000 4.5090601736
104.5150000000 4.5082020746
104.5160000000 4.5073117772
104.5170000000 4.5063893050
104.5180000000 4.5054346829
104.5190000000 4.5044479369
104.5200000000 4.5034290943
104.5210000000 4.5023781834
104.5220000000 4.5012952337
104.5230000000 4.5001802760
104.5240000000 4.4990333419
104.5250000000 4.4978544647
104.5260000000 4.4966436783
104.5270000000 4.4954010181
104.5280000000 4.4941265205
104.5290000000 4.4928202232
104.5300000000 4.4914821649
104.5310000000 4.4901123854
104.5320000000 4.4887109259
104.5330000000 4.4872778286
104.5340000000 4.4858131367
104.5350000000 4.4843168948
104.5360000000 4.4827891485
104.5370000000 4.4812299446
104.5380000000 4.4796393310
104.5390000000 4.4780173567
104.5400000000 4.4763640719
104.5410000000 4.4746795280
104.5420000000 4.4729637773
104.5430000000 4.4712168736
104.5440000000 4.4694388715
104.5450000000 4.4676298269
104.5460000000 4.4657897966
104.5470000000 4.4639188390
104.5480000000 4.4620170131
104.5490000000 4.4600843793
104.5500000000 4.4581209991
104.5510000000 4.4561269350
104.5520000000 4.4541022508
104.5530000000 4.4520470113
104.5540000000 4.4499612823
104.5550000000 4.4478451310
104.5560000000 4.4456986255
104.5570000000 4.4435218350
104.5580000000 4.4413148298
104.5590000000 4.4390776815
104.5600000000 4.4368104625
104.5610000000 4.4345132466
104.5620000000 4.4321861083
104.5630000000 4.4298291237
104.5640000000 4.4274423695
104.5650000000 4.4250259238
104.5660000000 4.4225798657
104.5670000000 4.4201042753
104.5680000000 4.4175992339
104.5690000000 4.4150648238
104.5700000000 4.4125011283
104.5710000000 4.4099082321
104.5720000000 4.4072862205
104.5730000000 4.4046351802
104.5740000000 4.4019551988
104.5750000000 4.3992463650
104.5760000000 4.3965087687
104.5770000000 4.3937425006
104.5780000000 4.3909476526
104.5790000000 4.3881243176
104.5800000000 4.3852725896
104.5810000000 4.3823925636
104.5820000000 4.3794843356
104.5830000000 4.3765480027
104.5840000000 4.3735836630
104.5850000000 4.3705914157
104.5860000000 4.3675713608
104.5870000000 4.3645235995
104.5880000000 4.3614482341
104.5890000000 4.3583453678
104.5900000000 4.3552151047
104.5910000000 4.3520575501
104.5920000000 4.3488728103
104.5930000000 4.3456609924
104.5940000000 4.3424222046
104.5950000000 4.3391565562
104.5960000000 4.3358641574
104.5970000000 4.3325451194
104.5980000000 4.3291995543
104.5990000000 4.3258275753
104.6000000000 4.3224292964
104.6010000000 4.3190048329
104.6020000000 4.3155543007
104.6030000000 4.3120778169
104.6040000000 4.3085754995
104.6050000000 4.3050474672
104.6060000000 4.3014938402
104.6070000000 4.2979147391
104.6080000000 4.2943102857
104.6090000000 4.2906806028
104.6100000000 4.2870258140
104.6110000000 4.2833460437
104.6120000000 4.2796414177
104.6130000000 4.2759120621
104.6140000000 4.2721581045
104.6150000000 4.2683796729
104.6160000000 4.2645768966
104.6170000000 4.2607499056
104.6180000000 4.2568988308
104.6190000000 4.2530238041
104.6200000000 4.2491249583
104.6210000000 4.2452024269
104.6220000000 4.2412563444
104.6230000000 4.2372868462
104.6240000000 4.2332940686
104.6250000000 4.2292781487
104.6260000000 4.2252392243
104.6270000000 4.2211774345
104.6280000000 4.2170929187
104.6290000000 4.2129858177
104.6300000000 4.2088562727
104.6310000000 4.2047044259
104.6320000000 4.2005304205
104.6330000000 4.1963344001
104.6340000000 4.1921165097
104.6350000000 4.1878768946
104.6360000000 4.1836157012
104.6370000000 4.1793330766
104.6380000000 4.1750291688
104.6390000000 4.1707041265
104.6400000000 4.1663580991
104.6410000000 4.1619912371
104.6420000000 4.1576036915
104.6430000000 4.1531956142
104.6440000000 4.1487671578
104.6450000000 4.1443184758
104.6460000000 4.1398497222
104.6470000000 4.1353610521
104.6480000000 4.1308526211
104.6490000000 4.1263245857
104.6500000000 4.1217771029
104.6510000000 4.1172103307
104.6520000000 4.1126244277
104.6530000000 4.1080195533
104.6540000000 4.1033958675
104.6550000000 4.0987535311
104.6560000000 4.0940927056
104.6570000000 4.0894135531
104.6580000000 4.0847162366
104.6590000000 4.0800009196
104.6600000000 4.0752677663
104.6610000000 4.0705169417
104.6620000000 4.0657486115
104.6630000000 4.0609629418
104.6640000000 4.0561600996
104.6650000000 4.0513402525
104.6660000000 4.0465035687
104.6670000000 4.0416502171
104.6680000000 4.0367803672
104.6690000000 4.0318941891
104.6700000000 4.0269918537
104.6710000000 4.0220735323
104.6720000000 4.0171393970
104.6730000000 4.0121896203
104.6740000000 4.0072243754
104.6750000000 4.0022438362
104.6760000000 3.9972481771
104.6770000000 3.9922375730
104.6780000000 3.9872121996
104.6790000000 3.9821722329
104.6800000000 3.9771178497
104.6810000000 3.9720492271
104.6820000000 3.9669665431
104.6830000000 3.9618699759
104.6840000000 3.9567597045
104.6850000000 3.9516359083
104.6860000000 3.9464987672
104.6870000000 3.9413484618
104.6880000000 3.9361851730
104.6890000000 3.9310090823
104.6900000000 3.9258203717
104.6910000000 3.9206192238
104.6920000000 3.9154058215
104.6930000000 3.9101803483
104.6940000000 3.9049429881
104.6950000000 3.8996939254
104.6960000000 3.8944333450
104.6970000000 3.8891614323
104.6980000000 3.8838783732
104.6990000000 3.8785843537
104.7000000000 3.8732795606
104.7010000000 3.8679641810
104.7020000000 3.8626384025
104.7030000000 3.8573024129
104.7040000000 3.8519564007
104.7050000000 3.8466005545
104.7060000000 3.8412350636
104.7070000000 3.8358601175
104.7080000000 3.8304759062
104.7090000000 3.8250826199
104.7100000000 3.8196804494
104.7110000000 3.8142695857
104.7120000000 3.8088502202
104.7130000000 3.8034225447
104.7140000000 3.7979867512
104.7150000000 3.7925430323
104.7160000000 3.7870915807
104.7170000000 3.7816325895
104.7180000000 3.7761662521
104.7190000000 3.7706927622
104.7200000000 3.7652123139
104.7210000000 3.7597251015
104.7220000000 3.7542313196
104.7230000000 3.7487311631
104.7240000000 3.7432248272
104.7250000000 3.7377125073
104.7260000000 3.7321943991
104.7270000000 3.7266706987
104.7280000000 3.7211416021
104.7290000000 3.7156073059
104.7300000000 3.7100680068
104.7310000000 3.7045239016
104.7320000000 3.6989751875
104.7330000000 3.6934220619
104.7340000000 3.6878647222
104.7350000000 3.6823033663
104.7360000000 3.6767381922
104.7370000000 3.6711693978
104.7380000000 3.6655971816
104.7390000000 3.6600217420
104.7400000000 3.6544432778
104.7410000000 3.6488619876
104.7420000000 3.6432780704
104.7430000000 3.6376917254
104.7440000000 3.6321031518
104.7450000000 3.6265125489
104.7460000000 3.6209201163
104.7470000000 3.6153260535
104.7480000000 3.6097305603
104.7490000000 3.6041338364
104.7500000000 3.5985360818
104.7510000000 3.5929374965
104.7520000000 3.5873382805
104.7530000000 3.5817386340
104.7540000000 3.5761387572
104.7550000000 3.5705388504
104.7560000000 3.5649391138
104.7570000000 3.5593397479
104.7580000000 3.5537409531
104.7590000000 3.5481429298
104.7600000000 3.5425458784
104.7610000000 3.5369499995
104.7620000000 3.5313554934
104.7630000000 3.5257625607
104.7640000000 3.5201714019
104.7650000000 3.5145822174
104.7660000000 3.5089952077
104.7670000000 3.5034105731
104.7680000000 3.4978285141
104.7690000000 3.4922492310
104.7700000000 3.4866729241
104.7710000000 3.4810997936
104.7720000000 3.4755300397
104.7730000000 3.4699638625
104.7740000000 3.4644014620
104.7750000000 3.4588430382
104.7760000000 3.4532887909
104.7770000000 3.4477389198
104.7780000000 3.4421936247
104.7790000000 3.4366531050
104.7800000000 3.4311175602
104.7810000000 3.4255871895
104.7820000000 3.4200621921
104.7830000000 3.4145427670
104.7840000000 3.4090291131
104.7850000000 3.4035214290
104.7860000000 3.3980199134
104.7870000000 3.3925247645
104.7880000000 3.3870361806
104.7890000000 3.3815543597
104.7900000000 3.3760794997
104.7910000000 3.3706117981
104.7920000000 3.3651514523
104.7930000000 3.3596986596
104.7940000000 3.3542536170
104.7950000000 3.3488165211
104.7960000000 3.3433875686
104.7970000000 3.3379669558
104.7980000000 3.3325548786
104.7990000000 3.3271515328
104.8000000000 3.3217571140
104.8010000000 3.3163718175
104.8020000000 3.3109958382
104.8030000000 3.3056293707
104.8040000000 3.3002726096
104.8050000000 3.2949257489
104.8060000000 3.2895889824
104.8070000000 3.2842625036
104.8080000000 3.2789465058
104.8090000000 3.2736411817
104.8100000000 3.2683467238
104.8110000000 3.2630633245
104.8120000000 3.2577911754
104.8130000000 3.2525304681
104.8140000000 3.2472813937
104.8150000000 3.2420441431
104.8160000000 3.2368189064
104.8170000000 3.2316058739
104.8180000000 3.2264052350
104.8190000000 3.2212171791
104.8200000000 3.2160418950
104.8210000000 3.2108795710
104.8220000000 3.2057303952
104.8230000000 3.2005945553
104.8240000000 3.1954722382
104.8250000000 3.1903636309
104.8260000000 3.1852689195
104.8270000000 3.1801882899
104.8280000000 3.1751219274
104.8290000000 3.1700700171
104.8300000000 3.1650327434
104.8310000000 3.1600102902
104.8320000000 3.1550028411
104.8330000000 3.1500105791
104.8340000000 3.1450336866
104.8350000000 3.1400723457
104.8360000000 3.1351267380
104.8370000000 3.1301970444
104.8380000000 3.1252834454
104.8390000000 3.1203861210
104.8400000000 3.1155052505
104.8410000000 3.1106410129
104.8420000000 3.1057935864
104.8430000000 3.1009631489
104.8440000000 3.0961498776
104.8450000000 3.0913539491
104.8460000000 3.0865755396
104.8470000000 3.0818148245
104.8480000000 3.0770719786
104.8490000000 3.0723471765
104.8500000000 3.0676405918
104.8510000000 3.0629523975
104.8520000000 3.0582827663
104.8530000000 3.0536318700
104.8540000000 3.0489998800
104.8550000000 3.0443869668
104.8560000000 3.0397933004
104.8570000000 3.0352190503
104.8580000000 3.0306643851
104.8590000000 3.0261294730
104.8600000000 3.0216144813
104.8610000000 3.0171195767
104.8620000000 3.0126449255
104.8630000000 3.0081906928
104.8640000000 3.0037570435
104.8650000000 2.9993441416
104.8660000000 2.9949521503
104.8670000000 2.9905812324
104.8680000000 2.9862315497
104.8690000000 2.9819032634
104.8700000000 2.9775965340
104.8710000000 2.9733115212
104.8720000000 2.9690483842
104.8730000000 2.9648072811
104.8740000000 2.9605883694
104.8750000000 2.9563918061
104.8760000000 2.9522177471
104.8770000000 2.9480663477
104.8780000000 2.9439377625
104.8790000000 2.9398321450
104.8800000000 2.9357496484
104.8810000000 2.9316904248
104.8820000000 2.9276546256
104.8830000000 2.9236424014
104.8840000000 2.9196539019
104.8850000000 2.9156892762
104.8860000000 2.9117486725
104.8870000000 2.9078322380
104.8880000000 2.9039401195
104.8890000000 2.9000724625
104.8900000000 2.8962294119
104.8910000000 2.8924111119
104.8920000000 2.8886177056
104.8930000000 2.8848493353
104.8940000000 2.8811061426
104.8950000000 2.8773882681
104.8960000000 2.8736958516
104.8970000000 2.8700290320
104.8980000000 2.8663879473
104.8990000000 2.8627727347
104.9000000000 2.8591835305
104.9010000000 2.8556204700
104.9020000000 2.8520836877
104.9030000000 2.8485733173
104.9040000000 2.8450894913
104.9050000000 2.8416323416
104.9060000000 2.8382019991
104.9070000000 2.8347985937
104.9080000000 2.8314222543
104.9090000000 2.8280731092
104.9100000000 2.8247512853
104.9110000000 2.8214569091
104.9120000000 2.8181901057
104.9130000000 2.8149509994
104.9140000000 2.8117397137
104.9150000000 2.8085563709
104.9160000000 2.8054010925
104.9170000000 2.8022739991
104.9180000000 2.7991752101
104.9190000000 2.7961048440
104.9200000000 2.7930630185
104.9210000000 2.7900498501
104.9220000000 2.7870654544
104.9230000000 2.7841099460
104.9240000000 2.7811834385
104.9250000000 2.7782860446
104.9260000000 2.7754178758
104.9270000000 2.7725790427
104.9280000000 2.7697696549
104.9290000000 2.7669898210
104.9300000000 2.7642396484
104.9310000000 2.7615192437
104.9320000000 2.7588287124
104.9330000000 2.7561681590
104.9340000000 2.7535376867
104.9350000000 2.7509373981
104.9360000000 2.7483673944
104.9370000000 2.7458277759
104.9380000000 2.7433186418
104.9390000000 2.7408400903
104.9400000000 2.7383922184
104.9410000000 2.7359751223
104.9420000000 2.7335888969
104.9430000000 2.7312336360
104.9440000000 2.7289094326
104.9450000000 2.7266163783
104.9460000000 2.7243545638
104.9470000000 2.7221240787
104.9480000000 2.7199250115
104.9490000000 2.7177574495
104.9500000000 2.7156214791
104.9510000000 2.7135171855
104.9520000000 2.7114446527
104.9530000000 2.7094039637
104.9540000000 2.7073952005
104.9550000000 2.7054184438
104.9560000000 2.7034737732
104.9570000000 2.7015612672
104.9580000000 2.6996810034
104.9590000000 2.6978330580
104.9600000000 2.6960175060
104.9610000000 2.6942344217
104.9620000000 2.6924838778
104.9630000000 2.6907659461
104.9640000000 2.6890806973
104.9650000000 2.6874282008
104.9660000000 2.6858085250
104.9670000000 2.6842217370
104.9680000000 2.6826679029
104.9690000000 2.6811470875
104.9700000000 2.6796593547
104.9710000000 2.6782047669
104.9720000000 2.6767833856
104.9730000000 2.6753952711
104.9740000000 2.6740404824
104.9750000000 2.6727190774
104.9760000000 2.6714311129
104.9770000000 2.6701766444
104.9780000000 2.6689557265
104.9790000000 2.6677684122
104.9800000000 2.6666147536
104.9810000000 2.6654948017
104.9820000000 2.6644086060
104.9830000000 2.6633562151
104.9840000000 2.6623376763
104.9850000000 2.6613530357
104.9860000000 2.6604023383
104.9870000000 2.6594856278
104.9880000000 2.6586029467
104.9890000000 2.6577543363
104.9900000000 2.6569398370
104.9910000000 2.6561594875
104.9920000000 2.6554133256
104.9930000000 2.6547013879
104.9940000000 2.6540237097
104.9950000000 2.6533803252
104.9960000000 2.6527712673
104.9970000000 2.6521965676
104.9980000000 2.6516562568
104.9990000000 2.6511503641
105.0000000000 2.6506789176
105.0010000000 2.6502419441
105.0020000000 2.6498394694
105.0030000000 2.6494715178
105.0040000000 2.6491381125
105.0050000000 2.6488392757
105.0060000000 2.6485750279
105.0070000000 2.6483453889
105.0080000000 2.6481503769
105.0090000000 2.6479900091
105.0100000000 2.6478643013
105.0110000000 2.6477732682
105.0120000000 2.6477169232
105.0130000000 2.6476952786
105.0140000000 2.6477083453
105.0150000000 2.6477561330
105.0160000000 2.6478386504
105.0170000000 2.6479559047
105.0180000000 2.6481079019
105.0190000000 2.6482946470
105.0200000000 2.6485161434
105.0210000000 2.6487723937
105.0220000000 2.6490633988
105.0230000000 2.6493891589
105.0240000000 2.6497496724
105.0250000000 2.6501449369
105.0260000000 2.6505749485
105.0270000000 2.6510397023
105.0280000000 2.6515391920
105.0290000000 2.6520734101
105.0300000000 2.6526423480
105.0310000000 2.6532459955
105.0320000000 2.6538843416
105.0330000000 2.6545573739
105.0340000000 2.6552650786
105.0350000000 2.6560074410
105.0360000000 2.6567844448
105.0370000000 2.6575960728
105.0380000000 2.6584423063
105.0390000000 2.6593231256
105.0400000000 2.6602385096
105.0410000000 2.6611884360
105.0420000000 2.6621728814
105.0430000000 2.6631918209
105.0440000000 2.6642452287
105.0450000000 2.6653330775
105.0460000000 2.6664553389
105.0470000000 2.6676119834
105.0480000000 2.6688029799
105.0490000000 2.6700282964
105.0500000000 2.6712878996
105.0510000000 2.6725817549
105.0520000000 2.6739098267
105.0530000000 2.6752720778
105.0540000000 2.6766684700
105.0550000000 2.6780989640
105.0560000000 2.6795635191
105.0570000000 2.6810620934
105.0580000000 2.6825946439
105.0590000000 2.6841611261
105.0600000000 2.6857614947
105.0610000000 2.6873957029
105.0620000000 2.6890637028
105.0630000000 2.6907654451
105.0640000000 2.6925008796
105.0650000000 2.6942699547
105.0660000000 2.6960726176
105.0670000000 2.6979088144
105.0680000000 2.6997784899
105.0690000000 2.7016815876
105.0700000000 2.7036180501
105.0710000000 2.7055878185
105.0720000000 2.7075908330
105.0730000000 2.7096270322
105.0740000000 2.7116963540
105.0750000000 2.7137987346
105.0760000000 2.7159341095
105.0770000000 2.7181024127
105.0780000000 2.7203035771
105.0790000000 2.7225375344
105.0800000000 2.7248042151
105.0810000000 2.7271035487
105.0820000000 2.7294354633
105.0830000000 2.7317998859
105.0840000000 2.7341967423
105.0850000000 2.7366259573
105.0860000000 2.7390874544
105.0870000000 2.7415811559
105.0880000000 2.7441069829
105.0890000000 2.7466648555
105.0900000000 2.7492546926
105.0910000000 2.7518764120
105.0920000000 2.7545299300
105.0930000000 2.7572151623
105.0940000000 2.7599320230
105.0950000000 2.7626804253
105.0960000000 2.7654602812
105.0970000000 2.7682715015
105.0980000000 2.7711139959
105.0990000000 2.7739876731
105.1000000000 2.7768924404
105.1010000000 2.7798282043
105.1020000000 2.7827948699
105.1030000000 2.7857923414
105.1040000000 2.7888205216
105.1050000000 2.7918793126
105.1060000000 2.7949686149
105.1070000000 2.7980883283
105.1080000000 2.8012383513
105.1090000000 2.8044185814
105.1100000000 2.8076289149
105.1110000000 2.8108692470
105.1120000000 2.8141394719
105.1130000000 2.8174394827
105.1140000000 2.8207691714
105.1150000000 2.8241284290
105.1160000000 2.8275171451
105.1170000000 2.8309352087
105.1180000000 2.8343825073
105.1190000000 2.8378589278
105.1200000000 2.8413643555
105.1210000000 2.8448986750
105.1220000000 2.8484617699
105.1230000000 2.8520535224
105.1240000000 2.8556738141
105.1250000000 2.8593225251
105.1260000000 2.8629995348
105.1270000000 2.8667047214
105.1280000000 2.8704379622
105.1290000000 2.8741991334
105.1300000000 2.8779881101
105.1310000000 2.8818047665
105.1320000000 2.8856489758
105.1330000000 2.8895206100
105.1340000000 2.8934195404
105.1350000000 2.8973456370
105.1360000000 2.9012987689
105.1370000000 2.9052788045
105.1380000000 2.9092856107
105.1390000000 2.9133190537
105.1400000000 2.9173789988
105.1410000000 2.9214653102
105.1420000000 2.9255778512
105.1430000000 2.9297164839
105.1440000000 2.9338810698
105.1450000000 2.9380714693
105.1460000000 2.9422875417
105.1470000000 2.9465291455
105.1480000000 2.9507961382
105.1490000000 2.9550883765
105.1500000000 2.9594057161
105.1510000000 2.9637480116
105.1520000000 2.9681151169
105.1530000000 2.9725068849
105.1540000000 2.9769231675
105.1550000000 2.9813638160
105.1560000000 2.9858286803
105.1570000000 2.9903176099
105.1580000000 2.9948304531
105.1590000000 2.9993670574
105.1600000000 3.0039272695
105.1610000000 3.0085109350
105.1620000000 3.0131178989
105.1630000000 3.0177480052
105.1640000000 3.0224010970
105.1650000000 3.0270770167
105.1660000000 3.0317756056
105.1670000000 3.0364967044
105.1680000000 3.0412401528
105.1690000000 3.0460057898
105.1700000000 3.0507934535
105.1710000000 3.0556029810
105.1720000000 3.0604342090
105.1730000000 3.0652869730
105.1740000000 3.0701611079
105.1750000000 3.0750564478
105.1760000000 3.0799728258
105.1770000000 3.0849100744
105.1780000000 3.0898680254
105.1790000000 3.0948465096
105.1800000000 3.0998453571
105.1810000000 3.1048643973
105.1820000000 3.1099034587
105.1830000000 3.1149623694
105.1840000000 3.1200409562
105.1850000000 3.1251390457
105.1860000000 3.1302564633
105.1870000000 3.1353930341
105.1880000000 3.1405485821
105.1890000000 3.1457229308
105.1900000000 3.1509159029
105.1910000000 3.1561273205
105.1920000000 3.1613570049
105.1930000000 3.1666047767
105.1940000000 3.1718704558
105.1950000000 3.1771538616
105.1960000000 3.1824548125
105.1970000000 3.1877731266
105.1980000000 3.1931086210
105.1990000000 3.1984611124
105.2000000000 3.2038304167
105.2010000000 3.2092163492
105.2020000000 3.2146187246
105.2030000000 3.2200373568
105.2040000000 3.2254720594
105.2050000000 3.2309226450
105.2060000000 3.2363889259
105.2070000000 3.2418707136
105.2080000000 3.2473678192
105.2090000000 3.2528800529
105.2100000000 3.2584072245
105.2110000000 3.2639491433
105.2120000000 3.2695056179
105.2130000000 3.2750764564
105.2140000000 3.2806614663
105.2150000000 3.2862604545
105.2160000000 3.2918732275
105.2170000000 3.2974995910
105.2180000000 3.3031393505
105.2190000000 3.3087923108
105.2200000000 3.3144582761
105.2210000000 3.3201370503
105.2220000000 3.3258284365
105.2230000000 3.3315322377
105.2240000000 3.3372482559
105.2250000000 3.3429762931
105.2260000000 3.3487161505
105.2270000000 3.3544676290
105.2280000000 3.3602305290
105.2290000000 3.3660046504
105.2300000000 3.3717897926
105.2310000000 3.3775857547
105.2320000000 3.3833923352
105.2330000000 3.3892093323
105.2340000000 3.3950365438
105.2350000000 3.4008737669
105.2360000000 3.4067207986
105.2370000000 3.4125774353
105.2380000000 3.4184434731
105.2390000000 3.4243187079
105.2400000000 3.4302029349
105.2410000000 3.4360959490
105.2420000000 3.4419975449
105.2430000000 3.4479075169
105.2440000000 3.4538256587
105.2450000000 3.4597517639
105.2460000000 3.4656856258
105.2470000000 3.4716270372
105.2480000000 3.4775757907
105.2490000000 3.4835316784
105.2500000000 3.4894944923
105.2510000000 3.4954640240
105.2520000000 3.5014400649
105.2530000000 3.5074224060
105.2540000000 3.5134108379
105.2550000000 3.5194051513
105.2560000000 3.5254051363
105.2570000000 3.5314105829
105.2580000000 3.5374212807
105.2590000000 3.5434370194
105.2600000000 3.5494575880
105.2610000000 3.5554827755
105.2620000000 3.5615123709
105.2630000000 3.5675461625
105.2640000000 3.5735839388
105.2650000000 3.5796254879
105.2660000000 3.5856705978
105.2670000000 3.5917190563
105.2680000000 3.5977706510
105.2690000000 3.6038251692
105.2700000000 3.6098823983
105.2710000000 3.6159421254
105.2720000000 3.6220041374
105.2730000000 3.6280682213
105.2740000000 3.6341341635
105.2750000000 3.6402017509
105.2760000000 3.6462707697
105.2770000000 3.6523410063
105.2780000000 3.6584122470
105.2790000000 3.6644842780
105.2800000000 3.6705568852
105.2810000000 3.6766298546
105.2820000000 3.6827029722
105.2830000000 3.6887760238
105.2840000000 3.6948487952
105.2850000000 3.7009210721
105.2860000000 3.7069926401
105.2870000000 3.7130632850
105.2880000000 3.7191327924
105.2890000000 3.7252009479
105.2900000000 3.7312675370
105.2910000000 3.7373323454
105.2920000000 3.7433951586
105.2930000000 3.7494557623
105.2940000000 3.7555139421
105.2950000000 3.7615694836
105.2960000000 3.7676221725
105.2970000000 3.7736717945
105.2980000000 3.7797181353
105.2990000000 3.7857609809
105.3000000000 3.7918001171
105.3010000000 3.7978353298
105.3020000000 3.8038664051
105.3030000000 3.8098931291
105.3040000000 3.8159152881
105.3050000000 3.8219326682
105.3060000000 3.8279450560
105.3070000000 3.8339522380
105.3080000000 3.8399540008
105.3090000000 3.8459501313
105.3100000000 3.8519404163
105.3110000000 3.8579246430
105.3120000000 3.8639025985
105.3130000000 3.8698740704
105.3140000000 3.8758388460
105.3150000000 3.8817967132
105.3160000000 3.8877474599
105.3170000000 3.8936908742
105.3180000000 3.8996267444
105.3190000000 3.9055548591
105.3200000000 3.9114750068
105.3210000000 3.9173869767
105.3220000000 3.9232905578
105.3230000000 3.9291855397
105.3240000000 3.9350717119
105.3250000000 3.9409488643
105.3260000000 3.9468167872
105.3270000000 3.9526752709
105.3280000000 3.9585241062
105.3290000000 3.9643630841
105.3300000000 3.9701919957
105.3310000000 3.9760106328
105.3320000000 3.9818187872
105.3330000000 3.9876162510
105.3340000000 3.9934028167
105.3350000000 3.9991782773
105.3360000000 4.0049424257
105.3370000000 4.0106950557
105.3380000000 4.0164359609
105.3390000000 4.0221649356
105.3400000000 4.0278817743
105.3410000000 4.0335862720
105.3420000000 4.0392782241
105.3430000000 4.0449574260
105.3440000000 4.0506236741
105.3450000000 4.0562767647
105.3460000000 4.0619164947
105.3470000000 4.0675426615
105.3480000000 4.0731550626
105.3490000000 4.0787534964
105.3500000000 4.0843377614
105.3510000000 4.0899076565
105.3520000000 4.0954629813
105.3530000000 4.1010035357
105.3540000000 4.1065291200
105.3550000000 4.1120395352
105.3560000000 4.1175345826
105.3570000000 4.1230140639
105.3580000000 4.1284777815
105.3590000000 4.1339255383
105.3600000000 4.1393571375
105.3610000000 4.1447723829
105.3620000000 4.1501710790
105.3630000000 4.1555530305
105.3640000000 4.1609180429
105.3650000000 4.1662659222
105.3660000000 4.1715964748
105.3670000000 4.1769095078
105.3680000000 4.1822048288
105.3690000000 4.1874822459
105.3700000000 4.1927415680
105.3710000000 4.1979826044
105.3720000000 4.2032051650
105.3730000000 4.2084090603
105.3740000000 4.2135941014
105.3750000000 4.2187601002
105.3760000000 4.2239068688
105.3770000000 4.2290342204
105.3780000000 4.2341419685
105.3790000000 4.2392299273
105.3800000000 4.2442979118
105.3810000000 4.2493457374
105.3820000000 4.2543732204
105.3830000000 4.2593801776
105.3840000000 4.2643664265
105.3850000000 4.2693317853
105.3860000000 4.2742760729
105.3870000000 4.2791991089
105.3880000000 4.2841007135
105.3890000000 4.2889807077
105.3900000000 4.2938389132
105.3910000000 4.2986751523
105.3920000000 4.3034892482
105.3930000000 4.3082810247
105.3940000000 4.3130503064
105.3950000000 4.3177969186
105.3960000000 4.3225206873
105.3970000000 4.3272214394
105.3980000000 4.3318990025
105.3990000000 4.3365532048
105.4000000000 4.3411838755
105.4010000000 4.3457908445
105.4020000000 4.3503739425
105.4030000000 4.3549330008
105.4040000000 4.3594678519
105.4050000000 4.3639783286
105.4060000000 4.3684642650
105.4070000000 4.3729254957
105.4080000000 4.3773618562
105.4090000000 4.3817731828
105.4100000000 4.3861593127
105.4110000000 4.3905200839
105.4120000000 4.3948553352
105.4130000000 4.3991649065
105.4140000000 4.4034486381
105.4150000000 4.4077063715
105.4160000000 4.4119379491
105.4170000000 4.4161432140
105.4180000000 4.4203220101
105.4190000000 4.4244741825
105.4200000000 4.4285995769
105.4210000000 4.4326980401
105.4220000000 4.4367694197
105.4230000000 4.4408135641
105.4240000000 4.4448303229
105.4250000000 4.4488195464
105.4260000000 4.4527810858
105.4270000000 4.4567147934
105.4280000000 4.4606205222
105.4290000000 4.4644981265
105.4300000000 4.4683474611
105.4310000000 4.4721683821
105.4320000000 4.4759607464
105.4330000000 4.4797244120
105.4340000000 4.4834592376
105.4350000000 4.4871650831
105.4360000000 4.4908418093
105.4370000000 4.4944892781
105.4380000000 4.4981073521
105.4390000000 4.5016958952
105.4400000000 4.5052547721
105.4410000000 4.5087838486
105.4420000000 4.5122829915
105.4430000000 4.5157520685
105.4440000000 4.5191909486
105.4450000000 4.5225995015
105.4460000000 4.5259775980
105.4470000000 4.5293251101
105.4480000000 4.5326419107
105.4490000000 4.5359278738
105.4500000000 4.5391828744
105.4510000000 4.5424067885
105.4520000000 4.5455994932
105.4530000000 4.5487608668
105.4540000000 4.5518907885
105.4550000000 4.5549891386
105.4560000000 4.5580557985
105.4570000000 4.5610906506
105.4580000000 4.5640935785
105.4590000000 4.5670644669
105.4600000000 4.5700032014
105.4610000000 4.5729096689
105.4620000000 4.5757837573
105.4630000000 4.5786253555
105.4640000000 4.5814343539
105.4650000000 4.5842106435
105.4660000000 4.5869541167
105.4670000000 4.5896646671
105.4680000000 4.5923421892
105.4690000000 4.5949865787
105.4700000000 4.5975977325
105.4710000000 4.6001755487
105.4720000000 4.6027199263
105.4730000000 4.6052307656
105.4740000000 4.6077079680
105.4750000000 4.6101514362
105.4760000000 4.6125610739
105.4770000000 4.6149367859
105.4780000000 4.6172784783
105.4790000000 4.6195860583
105.4800000000 4.6218594344
105.4810000000 4.6240985160
105.4820000000 4.6263032140
105.4830000000 4.6284734402
105.4840000000 4.6306091078
105.4850000000 4.6327101309
105.4860000000 4.6347764252
105.4870000000 4.6368079073
105.4880000000 4.6388044950
105.4890000000 4.6407661074
105.4900000000 4.6426926648
105.4910000000 4.6445840886
105.4920000000 4.6464403016
105.4930000000 4.6482612276
105.4940000000 4.6500467918
105.4950000000 4.6517969204
105.4960000000 4.6535115410
105.4970000000 4.6551905824
105.4980000000 4.6568339746
105.4990000000 4.6584416488
105.5000000000 4.6600135375
105.5010000000 4.6615495744
105.5020000000 4.6630496943
105.5030000000 4.6645138335
105.5040000000 4.6659419294
105.5050000000 4.6673339206
105.5060000000 4.6686897470
105.5070000000 4.6700093499
105.5080000000 4.6712926715
105.5090000000 4.6725396556
105.5100000000 4.6737502470
105.5110000000 4.6749243920
105.5120000000 4.6760620380
105.5130000000 4.6771631336
105.5140000000 4.6782276289
105.5150000000 4.6792554751
105.5160000000 4.6802466246
105.5170000000 4.6812010313
105.5180000000 4.6821186502
105.5190000000 4.6829994377
105.5200000000 4.6838433512
105.5210000000 4.6846503498
105.5220000000 4.6854203935
105.5230000000 4.6861534438
105.5240000000 4.6868494635
105.5250000000 4.6875084164
105.5260000000 4.6881302681
105.5270000000 4.6887149849
105.5280000000 4.6892625349
105.5290000000 4.6897728872
105.5300000000 4.6902460122
105.5310000000 4.6906818817
105.5320000000 4.6910804688
105.5330000000 4.6914417477
105.5340000000 4.6917656943
105.5350000000 4.6920522853
105.5360000000 4.6923014992
105.5370000000 4.6925133153
105.5380000000 4.6926877146
105.5390000000 4.6928246793
105.5400000000 4.6929241928
105.5410000000 4.6929862398
105.5420000000 4.6930108065
105.5430000000 4.6929978803
105.5440000000 4.6929474498
105.5450000000 4.6928595050
105.5460000000 4.6927340373
105.5470000000 4.6925710393
105.5480000000 4.6923705049
105.5490000000 4.6921324293
105.5500000000 4.6918568092
105.5510000000 4.6915436424
105.5520000000 4.6911929281
105.5530000000 4.6908046668
105.5540000000 4.6903788602
105.5550000000 4.6899155116
105.5560000000 4.6894146253
105.5570000000 4.6888762072
105.5580000000 4.6883002642
105.5590000000 4.6876868048
105.5600000000 4.6870358387
105.5610000000 4.6863473769
105.5620000000 4.6856214317
105.5630000000 4.6848580168
105.5640000000 4.6840571470
105.5650000000 4.6832188388
105.5660000000 4.6823431096
105.5670000000 4.6814299784
105.5680000000 4.6804794654
105.5690000000 4.6794915921
105.5700000000 4.6784663814
105.5710000000 4.6774038574
105.5720000000 4.6763040455
105.5730000000 4.6751669726
105.5740000000 4.6739926667
105.5750000000 4.6727811573
105.5760000000 4.6715324749
105.5770000000 4.6702466517
105.5780000000 4.6689237210
105.5790000000 4.6675637174
105.5800000000 4.6661666768
105.5810000000 4.6647326364
105.5820000000 4.6632616348
105.5830000000 4.6617537119
105.5840000000 4.6602089088
105.5850000000 4.6586272680
105.5860000000 4.6570088331
105.5870000000 4.6553536493
105.5880000000 4.6536617629
105.5890000000 4.6519332215
105.5900000000 4.6501680740
105.5910000000 4.6483663708
105.5920000000 4.6465281633
105.5930000000 4.6446535043
105.5940000000 4.6427424479
105.5950000000 4.6407950496
105.5960000000 4.6388113660
105.5970000000 4.6367914550
105.5980000000 4.6347353759
105.5990000000 4.6326431892
105.6000000000 4.6305149567
105.6010000000 4.6283507416
105.6020000000 4.6261506081
105.6030000000 4.6239146219
105.6040000000 4.6216428498
105.6050000000 4.6193353601
105.6060000000 4.6169922222
105.6070000000 4.6146135068
105.6080000000 4.6121992858
105.6090000000 4.6097496325
105.6100000000 4.6072646214
105.6110000000 4.6047443282
105.6120000000 4.6021888298
105.6130000000 4.5995982047
105.6140000000 4.5969725321
105.6150000000 4.5943118929
105.6160000000 4.5916163692
105.6170000000 4.5888860440
105.6180000000 4.5861210018
105.6190000000 4.5833213285
105.6200000000 4.5804871109
105.6210000000 4.5776184371
105.6220000000 4.5747153967
105.6230000000 4.5717780802
105.6240000000 4.5688065794
105.6250000000 4.5658009875
105.6260000000 4.5627613986
105.6270000000 4.5596879085
105.6280000000 4.5565806136
105.6290000000 4.5534396120
105.6300000000 4.5502650027
105.6310000000 4.5470568862
105.6320000000 4.5438153638
105.6330000000 4.5405405385
105.6340000000 4.5372325140
105.6350000000 4.5338913954
105.6360000000 4.5305172891
105.6370000000 4.5271103025
105.6380000000 4.5236705442
105.6390000000 4.5201981242
105.6400000000 4.5166931533
105.6410000000 4.5131557437
105.6420000000 4.5095860089
105.6430000000 4.5059840631
105.6440000000 4.5023500222
105.6450000000 4.4986840029
105.6460000000 4.4949861231
105.6470000000 4.4912565019
105.6480000000 4.4874952596
105.6490000000 4.4837025176
105.6500000000 4.4798783983
105.6510000000 4.4760230254
105.6520000000 4.4721365236
105.6530000000 4.4682190189
105.6540000000 4.4642706382
105.6550000000 4.4602915096
105.6560000000 4.4562817625
105.6570000000 4.4522415270
105.6580000000 4.4481709347
105.6590000000 4.4440701181
105.6600000000 4.4399392108
105.6610000000 4.4357783474
105.6620000000 4.4315876639
105.6630000000 4.4273672970
105.6640000000 4.4231173848
105.6650000000 4.4188380662
105.6660000000 4.4145294813
105.6670000000 4.4101917713
105.6680000000 4.4058250784
105.6690000000 4.4014295457
105.6700000000 4.3970053177
105.6710000000 4.3925525397
105.6720000000 4.3880713580
105.6730000000 4.3835619200
105.6740000000 4.3790243742
105.6750000000 4.3744588701
105.6760000000 4.3698655581
105.6770000000 4.3652445897
105.6780000000 4.3605961175
105.6790000000 4.3559202949
105.6800000000 4.3512172764
105.6810000000 4.3464872175
105.6820000000 4.3417302747
105.6830000000 4.3369466055
105.6840000000 4.3321363684
105.6850000000 4.3272997226
105.6860000000 4.3224368286
105.6870000000 4.3175478478
105.6880000000 4.3126329423
105.6890000000 4.3076922756
105.6900000000 4.3027260117
105.6910000000 4.2977343158
105.6920000000 4.2927173540
105.6930000000 4.2876752932
105.6940000000 4.2826083014
105.6950000000 4.2775165474
105.6960000000 4.2724002009
105.6970000000 4.2672594326
105.6980000000 4.2620944140
105.6990000000 4.2569053176
105.7000000000 4.2516923167
105.7010000000 4.2464555855
105.7020000000 4.2411952991
105.7030000000 4.2359116335
105.7040000000 4.2306047655
105.7050000000 4.2252748728
105.7060000000 4.2199221339
105.7070000000 4.2145467282
105.7080000000 4.2091488360
105.7090000000 4.2037286382
105.7100000000 4.1982863168
105.7110000000 4.1928220546
105.7120000000 4.1873360349
105.7130000000 4.1818284423
105.7140000000 4.1762994617
105.7150000000 4.1707492793
105.7160000000 4.1651780816
105.7170000000 4.1595860563
105.7180000000 4.1539733915
105.7190000000 4.1483402765
105.7200000000 4.1426869010
105.7210000000 4.1370134556
105.7220000000 4.1313201317
105.7230000000 4.1256071214
105.7240000000 4.1198746176
105.7250000000 4.1141228137
105.7260000000 4.1083519041
105.7270000000 4.1025620839
105.7280000000 4.0967535487
105.7290000000 4.0909264951
105.7300000000 4.0850811201
105.7310000000 4.0792176216
105.7320000000 4.0733361981
105.7330000000 4.0674370489
105.7340000000 4.0615203737
105.7350000000 4.0555863733
105.7360000000 4.0496352487
105.7370000000 4.0436672018
105.7380000000 4.0376824353
105.7390000000 4.0316811521
105.7400000000 4.0256635561
105.7410000000 4.0196298517
105.7420000000 4.0135802440
105.7430000000 4.0075149385
105.7440000000 4.0014341416
105.7450000000 3.9953380600
105.7460000000 3.9892269012
105.7470000000 3.9831008732
105.7480000000 3.9769601847
105.7490000000 3.9708050448
105.7500000000 3.9646356631
105.7510000000 3.9584522501
105.7520000000 3.9522550166
105.7530000000 3.9460441738
105.7540000000 3.9398199337
105.7550000000 3.9335825089
105.7560000000 3.9273321121
105.7570000000 3.9210689569
105.7580000000 3.9147932573
105.7590000000 3.9085052277
105.7600000000 3.9022050830
105.7610000000 3.8958930388
105.7620000000 3.8895693110
105.7630000000 3.8832341159
105.7640000000 3.8768876703
105.7650000000 3.8705301916
105.7660000000 3.8641618976
105.7670000000 3.8577830063
105.7680000000 3.8513937365
105.7690000000 3.8449943071
105.7700000000 3.8385849377
105.7710000000 3.8321658480
105.7720000000 3.8257372584
105.7730000000 3.8192993895
105.7740000000 3.8128524623
105.7750000000 3.8063966982
105.7760000000 3.7999323192
105.7770000000 3.7934595472
105.7780000000 3.7869786048
105.7790000000 3.7804897149
105.7800000000 3.7739931007
105.7810000000 3.7674889857
105.7820000000 3.7609775937
105.7830000000 3.7544591489
105.7840000000 3.7479338758
105.7850000000 3.7414019992
105.7860000000 3.7348637441
105.7870000000 3.7283193359
105.7880000000 3.7217690003
105.7890000000 3.7152129631
105.7900000000 3.7086514505
105.7910000000 3.7020846890
105.7920000000 3.6955129052
105.7930000000 3.6889363260
105.7940000000 3.6823551786
105.7950000000 3.6757696903
105.7960000000 3.6691800887
105.7970000000 3.6625866016
105.7980000000 3.6559894570
105.7990000000 3.6493888831
105.8000000000 3.6427851082
105.8010000000 3.6361783608
105.8020000000 3.6295688698
105.8030000000 3.6229568638
105.8040000000 3.6163425721
105.8050000000 3.6097262237
105.8060000000 3.6031080479
105.8070000000 3.5964882741
105.8080000000 3.5898671320
105.8090000000 3.5832448512
105.8100000000 3.5766216614
105.8110000000 3.5699977925
105.8120000000 3.5633734744
105.8130000000 3.5567489373
105.8140000000 3.5501244112
105.8150000000 3.5435001262
105.8160000000 3.5368763127
105.8170000000 3.5302532008
105.8180000000 3.5236310209
105.8190000000 3.5170100034
105.8200000000 3.5103903787
105.8210000000 3.5037723770
105.8220000000 3.4971562289
105.8230000000 3.4905421647
105.8240000000 3.4839304148
105.8250000000 3.4773212096
105.8260000000 3.4707147795
105.8270000000 3.4641113548
105.8280000000 3.4575111657
105.8290000000 3.4509144426
105.8300000000 3.4443214155
105.8310000000 3.4377323147
105.8320000000 3.4311473702
105.8330000000 3.4245668118
105.8340000000 3.4179908697
105.8350000000 3.4114197734
105.8360000000 3.4048537527
105.8370000000 3.3982930372
105.8380000000 3.3917378563
105.8390000000 3.3851884394
105.8400000000 3.3786450156
105.8410000000 3.3721078140
105.8420000000 3.3655770635
105.8430000000 3.3590529928
105.8440000000 3.3525358305
105.8450000000 3.3460258049
105.8460000000 3.3395231444
105.8470000000 3.3330280769
105.8480000000 3.3265408302
105.8490000000 3.3200616320
105.8500000000 3.3135907096
105.8510000000 3.3071282902
105.8520000000 3.3006746008
105.8530000000 3.2942298681
105.8540000000 3.2877943185
105.8550000000 3.2813681782
105.8560000000 3.2749516731
105.8570000000 3.2685450290
105.8580000000 3.2621484713
105.8590000000 3.2557622249
105.8600000000 3.2493865148
105.8610000000 3.2430215655
105.8620000000 3.2366676010
105.8630000000 3.2303248454
105.8640000000 3.2239935222
105.8650000000 3.2176738545
105.8660000000 3.2113660653
105.8670000000 3.2050703770
105.8680000000 3.1987870120
105.8690000000 3.1925161918
105.8700000000 3.1862581381
105.8710000000 3.1800130718
105.8720000000 3.1737812136
105.8730000000 3.1675627838
105.8740000000 3.1613580022
105.8750000000 3.1551670883
105.8760000000 3.1489902610
105.8770000000 3.1428277391
105.8780000000 3.1366797407
105.8790000000 3.1305464834
105.8800000000 3.1244281847
105.8810000000 3.1183250612
105.8820000000 3.1122373293
105.8830000000 3.1061652050
105.8840000000 3.1001089036
105.8850000000 3.0940686400
105.8860000000 3.0880446286
105.8870000000 3.0820370834
105.8880000000 3.0760462177
105.8890000000 3.0700722445
105.8900000000 3.0641153760
105.8910000000 3.0581758240
105.8920000000 3.0522538000
105.8930000000 3.0463495145
105.8940000000 3.0404631778
105.8950000000 3.0345949995
105.8960000000 3.0287451885
105.8970000000 3.0229139535
105.8980000000 3.0171015021
105.8990000000 3.0113080418
105.9000000000 3.0055337792
105.9010000000 2.9997789203
105.9020000000 2.9940436707
105.9030000000 2.9883282351
105.9040000000 2.9826328178
105.9050000000 2.9769576222
105.9060000000 2.9713028514
105.9070000000 2.9656687077
105.9080000000 2.9600553925
105.9090000000 2.9544631069
105.9100000000 2.9488920512
105.9110000000 2.9433424248
105.9120000000 2.9378144268
105.9130000000 2.9323082554
105.9140000000 2.9268241080
105.9150000000 2.9213621814
105.9160000000 2.9159226718
105.9170000000 2.9105057744
105.9180000000 2.9051116840
105.9190000000 2.8997405945
105.9200000000 2.8943926989
105.9210000000 2.8890681896
105.9220000000 2.8837672584
105.9230000000 2.8784900962
105.9240000000 2.8732368929
105.9250000000 2.8680078380
105.9260000000 2.8628031199
105.9270000000 2.8576229266
105.9280000000 2.8524674448
105.9290000000 2.8473368609
105.9300000000 2.8422313600
105.9310000000 2.8371511268
105.9320000000 2.8320963449
105.9330000000 2.8270671973
105.9340000000 2.8220638659
105.9350000000 2.8170865319
105.9360000000 2.8121353757
105.9370000000 2.8072105768
105.9380000000 2.8023123138
105.9390000000 2.7974407644
105.9400000000 2.7925961055
105.9410000000 2.7877785130
105.9420000000 2.7829881622
105.9430000000 2.7782252271
105.9440000000 2.7734898812
105.9450000000 2.7687822967
105.9460000000 2.7641026453
105.9470000000 2.7594510973
105.9480000000 2.7548278225
105.9490000000 2.7502329896
105.9500000000 2.7456667663
105.9510000000 2.7411293195
105.9520000000 2.7366208150
105.9530000000 2.7321414177
105.9540000000 2.7276912916
105.9550000000 2.7232705997
105.9560000000 2.7188795039
105.9570000000 2.7145181653
105.9580000000 2.7101867439
105.9590000000 2.7058853989
105.9600000000 2.7016142881
105.9610000000 2.6973735687
105.9620000000 2.6931633967
105.9630000000 2.6889839271
105.9640000000 2.6848353140
105.9650000000 2.6807177102
105.9660000000 2.6766312678
105.9670000000 2.6725761376
105.9680000000 2.6685524696
105.9690000000 2.6645604124
105.9700000000 2.6606001140
105.9710000000 2.6566717209
105.9720000000 2.6527753788
105.9730000000 2.6489112323
105.9740000000 2.6450794249
105.9750000000 2.6412800990
105.9760000000 2.6375133959
105.9770000000 2.6337794558
105.9780000000 2.6300784180
105.9790000000 2.6264104203
105.9800000000 2.6227755998
105.9810000000 2.6191740923
105.9820000000 2.6156060325
105.9830000000 2.6120715539
105.9840000000 2.6085707890
105.9850000000 2.6051038693
105.9860000000 2.6016709247
105.9870000000 2.5982720844
105.9880000000 2.5949074764
105.9890000000 2.5915772273
105.9900000000 2.5882814627
105.9910000000 2.5850203071
105.9920000000 2.5817938838
105.9930000000 2.5786023149
105.9940000000 2.5754457213
105.9950000000 2.5723242228
105.9960000000 2.5692379379
105.9970000000 2.5661869841
105.9980000000 2.5631714775
105.9990000000 2.5601915332
106.0000000000 2.5572472649
106.0010000000 2.5543387852
106.0020000000 2.5514662056
106.0030000000 2.5486296363
106.0040000000 2.5458291861
106.0050000000 2.5430649628
106.0060000000 2.5403370730
106.0070000000 2.5376456219
106.0080000000 2.5349907136
106.0090000000 2.5323724510
106.0100000000 2.5297909355
106.0110000000 2.5272462676
106.0120000000 2.5247385464
106.0130000000 2.5222678696
106.0140000000 2.5198343339
106.0150000000 2.5174380345
106.0160000000 2.5150790656
106.0170000000 2.5127575200
106.0180000000 2.5104734891
106.0190000000 2.5082270632
106.0200000000 2.5060183314
106.0210000000 2.5038473812
106.0220000000 2.5017142991
106.0230000000 2.4996191703
106.0240000000 2.4975620786
106.0250000000 2.4955431065
106.0260000000 2.4935623352
106.0270000000 2.4916198448
106.0280000000 2.4897157138
106.0290000000 2.4878500196
106.0300000000 2.4860228383
106.0310000000 2.4842342445
106.0320000000 2.4824843116
106.0330000000 2.4807731118
106.0340000000 2.4791007158
106.0350000000 2.4774671930
106.0360000000 2.4758726116
106.0370000000 2.4743170383
106.0380000000 2.4728005387
106.0390000000 2.4713231767
106.0400000000 2.4698850153
106.0410000000 2.4684861158
106.0420000000 2.4671265385
106.0430000000 2.4658063419
106.0440000000 2.4645255836
106.0450000000 2.4632843196
106.0460000000 2.4620826046
106.0470000000 2.4609204921
106.0480000000 2.4597980339
106.0490000000 2.4587152808
106.0500000000 2.4576722820
106.0510000000 2.4566690855
106.0520000000 2.4557057378
106.0530000000 2.4547822841
106.0540000000 2.4538987684
106.0550000000 2.4530552329
106.0560000000 2.4522517189
106.0570000000 2.4514882660
106.0580000000 2.4507649126
106.0590000000 2.4500816956
106.0600000000 2.4494386507
106.0610000000 2.4488358121
106.0620000000 2.4482732125
106.0630000000 2.4477508834
106.0640000000 2.4472688549
106.0650000000 2.4468271557
106.0660000000 2.4464258130
106.0670000000 2.4460648528
106.0680000000 2.4457442995
106.0690000000 2.4454641763
106.0700000000 2.4452245050
106.0710000000 2.4450253057
106.0720000000 2.4448665976
106.0730000000 2.4447483981
106.0740000000 2.4446707234
106.0750000000 2.4446335882
106.0760000000 2.4446370059
106.0770000000 2.4446809885
106.0780000000 2.4447655465
106.0790000000 2.4448906890
106.0800000000 2.4450564239
106.0810000000 2.4452627575
106.0820000000 2.4455096947
106.0830000000 2.4457972391
106.0840000000 2.4461253928
106.0850000000 2.4464941567
106.0860000000 2.4469035299
106.0870000000 2.4473535105
106.0880000000 2.4478440950
106.0890000000 2.4483752785
106.0900000000 2.4489470548
106.0910000000 2.4495594161
106.0920000000 2.4502123535
106.0930000000 2.4509058563
106.0940000000 2.4516399127
106.0950000000 2.4524145093
106.0960000000 2.4532296316
106.0970000000 2.4540852633
106.0980000000 2.4549813870
106.0990000000 2.4559179837
106.1000000000 2.4568950331
106.1010000000 2.4579125135
106.1020000000 2.4589704017
106.1030000000 2.4600686732
106.1040000000 2.4612073021
106.1050000000 2.4623862610
106.1060000000 2.4636055212
106.1070000000 2.4648650525
106.1080000000 2.4661648234
106.1090000000 2.4675048010
106.1100000000 2.4688849509
106.1110000000 2.4703052374
106.1120000000 2.4717656233
106.1130000000 2.4732660701
106.1140000000 2.4748065380
106.1150000000 2.4763869855
106.1160000000 2.4780073699
106.1170000000 2.4796676472
106.1180000000 2.4813677718
106.1190000000 2.4831076969
106.1200000000 2.4848873742
106.1210000000 2.4867067541
106.1220000000 2.4885657854
106.1230000000 2.4904644158
106.1240000000 2.4924025915
106.1250000000 2.4943802572
106.1260000000 2.4963973564
106.1270000000 2.4984538312
106.1280000000 2.5005496221
106.1290000000 2.5026846686
106.1300000000 2.5048589085
106.1310000000 2.5070722784
106.1320000000 2.5093247135
106.1330000000 2.5116161476
106.1340000000 2.5139465131
106.1350000000 2.5163157412
106.1360000000 2.5187237616
106.1370000000 2.5211705026
106.1380000000 2.5236558912
106.1390000000 2.5261798532
106.1400000000 2.5287423128
106.1410000000 2.5313431929
106.1420000000 2.5339824153
106.1430000000 2.5366599000
106.1440000000 2.5393755661
106.1450000000 2.5421293312
106.1460000000 2.5449211114
106.1470000000 2.5477508217
106.1480000000 2.5506183756
106.1490000000 2.5535236854
106.1500000000 2.5564666620
106.1510000000 2.5594472150
106.1520000000 2.5624652525
106.1530000000 2.5655206817
106.1540000000 2.5686134081
106.1550000000 2.5717433359
106.1560000000 2.5749103683
106.1570000000 2.5781144069
106.1580000000 2.5813553521
106.1590000000 2.5846331030
106.1600000000 2.5879475573
106.1610000000 2.5912986116
106.1620000000 2.5946861610
106.1630000000 2.5981100996
106.1640000000 2.6015703198
106.1650000000 2.6050667131
106.1660000000 2.6085991695
106.1670000000 2.6121675778
106.1680000000 2.6157718255
106.1690000000 2.6194117989
106.1700000000 2.6230873829
106.1710000000 2.6267984614
106.1720000000 2.6305449166
106.1730000000 2.6343266300
106.1740000000 2.6381434814
106.1750000000 2.6419953495
106.1760000000 2.6458821119
106.1770000000 2.6498036447
106.1780000000 2.6537598231
106.1790000000 2.6577505206
106.1800000000 2.6617756100
106.1810000000 2.6658349625
106.1820000000 2.6699284483
106.1830000000 2.6740559361
106.1840000000 2.6782172938
106.1850000000 2.6824123878
106.1860000000 2.6866410834
106.1870000000 2.6909032447
106.1880000000 2.6951987345
106.1890000000 2.6995274145
106.1900000000 2.7038891454
106.1910000000 2.7082837864
106.1920000000 2.7127111956
106.1930000000 2.7171712302
106.1940000000 2.7216637459
106.1950000000 2.7261885974
106.1960000000 2.7307456382
106.1970000000 2.7353347207
106.1980000000 2.7399556961
106.1990000000 2.7446084145
106.2000000000 2.7492927248
106.2010000000 2.7540084748
106.2020000000 2.7587555113
106.2030000000 2.7635336798
106.2040000000 2.7683428247
106.2050000000 2.7731827893
106.2060000000 2.7780534160
106.2070000000 2.7829545458
106.2080000000 2.7878860188
106.2090000000 2.7928476739
106.2100000000 2.7978393490
106.2110000000 2.8028608808
106.2120000000 2.8079121051
106.2130000000 2.8129928565
106.2140000000 2.8181029685
106.2150000000 2.8232422737
106.2160000000 2.8284106035
106.2170000000 2.8336077884
106.2180000000 2.8388336577
106.2190000000 2.8440880398
106.2200000000 2.8493707619
106.2210000000 2.8546816503
106.2220000000 2.8600205303
106.2230000000 2.8653872262
106.2240000000 2.8707815612
106.2250000000 2.8762033575
106.2260000000 2.8816524364
106.2270000000 2.8871286181
106.2280000000 2.8926317218
106.2290000000 2.8981615660
106.2300000000 2.9037179679
106.2310000000 2.9093007438
106.2320000000 2.9149097092
106.2330000000 2.9205446785
106.2340000000 2.9262054652
106.2350000000 2.9318918819
106.2360000000 2.9376037401
106.2370000000 2.9433408506
106.2380000000 2.9491030231
106.2390000000 2.9548900664
106.2400000000 2.9607017886
106.2410000000 2.9665379967
106.2420000000 2.9723984967
106.2430000000 2.9782830940
106.2440000000 2.9841915930
106.2450000000 2.9901237970
106.2460000000 2.9960795087
106.2470000000 3.0020585300
106.2480000000 3.0080606616
106.2490000000 3.0140857036
106.2500000000 3.0201334553
106.2510000000 3.0262037150
106.2520000000 3.0322962802
106.2530000000 3.0384109476
106.2540000000 3.0445475132
106.2550000000 3.0507057719
106.2560000000 3.0568855182
106.2570000000 3.0630865454
106.2580000000 3.0693086463
106.2590000000 3.0755516128
106.2600000000 3.0818152360
106.2610000000 3.0880993062
106.2620000000 3.0944036132
106.2630000000 3.1007279456
106.2640000000 3.1070720917
106.2650000000 3.1134358387
106.2660000000 3.1198189734
106.2670000000 3.1262212816
106.2680000000 3.1326425484
106.2690000000 3.1390825584
106.2700000000 3.1455410954
106.2710000000 3.1520179423
106.2720000000 3.1585128816
106.2730000000 3.1650256950
106.2740000000 3.1715561634
106.2750000000 3.1781040673
106.2760000000 3.1846691863
106.2770000000 3.1912512994
106.2780000000 3.1978501851
106.2790000000 3.2044656212
106.2800000000 3.2110973846
106.2810000000 3.2177452520
106.2820000000 3.2244089992
106.2830000000 3.2310884015
106.2840000000 3.2377832335
106.2850000000 3.2444932695
106.2860000000 3.2512182827
106.2870000000 3.2579580462
106.2880000000 3.2647123324
106.2890000000 3.2714809130
106.2900000000 3.2782635592
106.2910000000 3.2850600417
106.2920000000 3.2918701307
106.2930000000 3.2986935958
106.2940000000 3.3055302061
106.2950000000 3.3123797301
106.2960000000 3.3192419360
106.2970000000 3.3261165913
106.2980000000 3.3330034631
106.2990000000 3.3399023180
106.3000000000 3.3468129221
106.3010000000 3.3537350410
106.3020000000 3.3606684400
106.3030000000 3.3676128837
106.3040000000 3.3745681365
106.3050000000 3.3815339623
106.3060000000 3.3885101244
106.3070000000 3.3954963858
106.3080000000 3.4024925093
106.3090000000 3.4094982569
106.3100000000 3.4165133904
106.3110000000 3.4235376713
106.3120000000 3.4305708606
106.3130000000 3.4376127190
106.3140000000 3.4446630066
106.3150000000 3.4517214836
106.3160000000 3.4587879095
106.3170000000 3.4658620435
106.3180000000 3.4729436445
106.3190000000 3.4800324712
106.3200000000 3.4871282818
106.3210000000 3.4942308343
106.3220000000 3.5013398864
106.3230000000 3.5084551955
106.3240000000 3.5155765187
106.3250000000 3.5227036129
106.3260000000 3.5298362345
106.3270000000 3.5369741400
106.3280000000 3.5441170854
106.3290000000 3.5512648265
106.3300000000 3.5584171189
106.3310000000 3.5655737181
106.3320000000 3.5727343791
106.3330000000 3.5798988569
106.3340000000 3.5870669063
106.3350000000 3.5942382818
106.3360000000 3.6014127378
106.3370000000 3.6085900286
106.3380000000 3.6157699082
106.3390000000 3.6229521305
106.3400000000 3.6301364492
106.3410000000 3.6373226179
106.3420000000 3.6445103902
106.3430000000 3.6516995193
106.3440000000 3.6588897586
106.3450000000 3.6660808610
106.3460000000 3.6732725798
106.3470000000 3.6804646679
106.3480000000 3.6876568780
106.3490000000 3.6948489631
106.3500000000 3.7020406758
106.3510000000 3.7092317689
106.3520000000 3.7164219950
106.3530000000 3.7236111066
106.3540000000 3.7307988564
106.3550000000 3.7379849970
106.3560000000 3.7451692807
106.3570000000 3.7523514603
106.3580000000 3.7595312882
106.3590000000 3.7667085171
106.3600000000 3.7738828994
106.3610000000 3.7810541877
106.3620000000 3.7882221349
106.3630000000 3.7953864934
106.3640000000 3.8025470162
106.3650000000 3.8097034560
106.3660000000 3.8168555657
106.3670000000 3.8240030983
106.3680000000 3.8311458069
106.3690000000 3.8382834446
106.3700000000 3.8454157647
106.3710000000 3.8525425206
106.3720000000 3.8596634658
106.3730000000 3.8667783539
106.3740000000 3.8738869388
106.3750000000 3.8809889744
106.3760000000 3.8880842148
106.3770000000 3.8951724142
106.3780000000 3.9022533272
106.3790000000 3.9093267082
106.3800000000 3.9163923122
106.3810000000 3.9234498942
106.3820000000 3.9304992094
106.3830000000 3.9375400132
106.3840000000 3.9445720614
106.3850000000 3.9515951098
106.3860000000 3.9586089145
106.3870000000 3.9656132321
106.3880000000 3.9726078192
106.3890000000 3.9795924326
106.3900000000 3.9865668296
106.3910000000 3.9935307678
106.3920000000 4.0004840048
106.3930000000 4.0074262989
106.3940000000 4.0143574084
106.3950000000 4.0212770920
106.3960000000 4.0281851088
106.3970000000 4.0350812181
106.3980000000 4.0419651798
106.3990000000 4.0488367539
106.4000000000 4.0556957008
106.4010000000 4.0625417814
106.4020000000 4.0693747569
106.4030000000 4.0761943888
106.4040000000 4.0830004391
106.4050000000 4.0897926702
106.4060000000 4.0965708449
106.4070000000 4.1033347264
106.4080000000 4.1100840784
106.4090000000 4.1168186649
106.4100000000 4.1235382503
106.4110000000 4.1302425998
106.4120000000 4.1369314787
106.4130000000 4.1436046530
106.4140000000 4.1502618889
106.4150000000 4.1569029534
106.4160000000 4.1635276138
106.4170000000 4.1701356379
106.4180000000 4.1767267942
106.4190000000 4.1833008515
106.4200000000 4.1898575792
106.4210000000 4.1963967472
106.4220000000 4.2029181261
106.4230000000 4.2094214868
106.4240000000 4.2159066010
106.4250000000 4.2223732407
106.4260000000 4.2288211789
106.4270000000 4.2352501886
106.4280000000 4.2416600439
106.4290000000 4.2480505191
106.4300000000 4.2544213896
106.4310000000 4.2607724308
106.4320000000 4.2671034193
106.4330000000 4.2734141318
106.4340000000 4.2797043461
106.4350000000 4.2859738404
106.4360000000 4.2922223936
106.4370000000 4.2984497852
106.4380000000 4.3046557954
106.4390000000 4.3108402052
106.4400000000 4.3170027961
106.4410000000 4.3231433505
106.4420000000 4.3292616512
106.4430000000 4.3353574820
106.4440000000 4.3414306272
106.4450000000 4.3474808721
106.4460000000 4.3535080023
106.4470000000 4.3595118045
106.4480000000 4.3654920660
106.4490000000 4.3714485748
106.4500000000 4.3773811199
106.4510000000 4.3832894908
106.4520000000 4.3891734779
106.4530000000 4.3950328724
106.4540000000 4.4008674661
106.4550000000 4.4066770518
106.4560000000 4.4124614231
106.4570000000 4.4182203743
106.4580000000 4.4239537006
106.4590000000 4.4296611979
106.4600000000 4.4353426632
106.4610000000 4.4409978940
106.4620000000 4.4466266889
106.4630000000 4.4522288473
106.4640000000 4.4578041693
106.4650000000 4.4633524561
106.4660000000 4.4688735096
106.4670000000 4.4743671328
106.4680000000 4.4798331293
106.4690000000 4.4852713037
106.4700000000 4.4906814617
106.4710000000 4.4960634096
106.4720000000 4.5014169549
106.4730000000 4.5067419057
106.4740000000 4.5120380714
106.4750000000 4.5173052621
106.4760000000 4.5225432889
106.4770000000 4.5277519639
106.4780000000 4.5329311000
106.4790000000 4.5380805112
106.4800000000 4.5432000125
106.4810000000 4.5482894198
106.4820000000 4.5533485500
106.4830000000 4.5583772210
106.4840000000 4.5633752517
106.4850000000 4.5683424620
106.4860000000 4.5732786727
106.4870000000 4.5781837058
106.4880000000 4.5830573843
106.4890000000 4.5878995321
106.4900000000 4.5927099742
106.4910000000 4.5974885367
106.4920000000 4.6022350466
106.4930000000 4.6069493322
106.4940000000 4.6116312225
106.4950000000 4.6162805480
106.4960000000 4.6208971399
106.4970000000 4.6254808307
106.4980000000 4.6300314538
106.4990000000 4.6345488440
106.5000000000 4.6390328368
106.5010000000 4.6434832690
106.5020000000 4.6478999786
106.5030000000 4.6522828047
106.5040000000 4.6566315872
106.5050000000 4.6609461676
106.5060000000 4.6652263881
106.5070000000 4.6694720924
106.5080000000 4.6736831250
106.5090000000 4.6778593319
106.5100000000 4.6820005599
106.5110000000 4.6861066573
106.5120000000 4.6901774733
106.5130000000 4.6942128585
106.5140000000 4.6982126643
106.5150000000 4.7021767437
106.5160000000 4.7061049507
106.5170000000 4.7099971405
106.5180000000 4.7138531695
106.5190000000 4.7176728953
106.5200000000 4.7214561766
106.5210000000 4.7252028736
106.5220000000 4.7289128474
106.5230000000 4.7325859606
106.5240000000 4.7362220767
106.5250000000 4.7398210608
106.5260000000 4.7433827790
106.5270000000 4.7469070987
106.5280000000 4.7503938885
106.5290000000 4.7538430184
106.5300000000 4.7572543595
106.5310000000 4.7606277842
106.5320000000 4.7639631662
106.5330000000 4.7672603805
106.5340000000 4.7705193032
106.5350000000 4.7737398120
106.5360000000 4.7769217856
106.5370000000 4.7800651041
106.5380000000 4.7831696489
106.5390000000 4.7862353026
106.5400000000 4.7892619492
106.5410000000 4.7922494741
106.5420000000 4.7951977638
106.5430000000 4.7981067062
106.5440000000 4.8009761905
106.5450000000 4.8038061074
106.5460000000 4.8065963486
106.5470000000 4.8093468075
106.5480000000 4.8120573785
106.5490000000 4.8147279576
106.5500000000 4.8173584419
106.5510000000 4.8199487301
106.5520000000 4.8224987220
106.5530000000 4.8250083191
106.5540000000 4.8274774238
106.5550000000 4.8299059402
106.5560000000 4.8322937738
106.5570000000 4.8346408311
106.5580000000 4.8369470204
106.5590000000 4.8392122511
106.5600000000 4.8414364340
106.5610000000 4.8436194815
106.5620000000 4.8457613072
106.5630000000 4.8478618261
106.5640000000 4.8499209546
106.5650000000 4.8519386106
106.5660000000 4.8539147132
106.5670000000 4.8558491831
106.5680000000 4.8577419423
106.5690000000 4.8595929142
106.5700000000 4.8614020237
106.5710000000 4.8631691970
106.5720000000 4.8648943618
106.5730000000 4.8665774472
106.5740000000 4.8682183838
106.5750000000 4.8698171035
106.5760000000 4.8713735395
106.5770000000 4.8728876269
106.5780000000 4.8743593017
106.5790000000 4.8757885017
106.5800000000 4.8771751659
106.5810000000 4.8785192350
106.5820000000 4.8798206509
106.5830000000 4.8810793571
106.5840000000 4.8822952985
106.5850000000 4.8834684213
106.5860000000 4.8845986735
106.5870000000 4.8856860042
106.5880000000 4.8867303641
106.5890000000 4.8877317055
106.5900000000 4.8886899819
106.5910000000 4.8896051485
106.5920000000 4.8904771617
106.5930000000 4.8913059797
106.5940000000 4.8920915618
106.5950000000 4.8928338691
106.5960000000 4.8935328640
106.5970000000 4.8941885103
106.5980000000 4.8948007736
106.5990000000 4.8953696205
106.6000000000 4.8958950195
106.6010000000 4.8963769404
106.6020000000 4.8968153544
106.6030000000 4.8972102343
106.6040000000 4.8975615545
106.6050000000 4.8978692906
106.6060000000 4.8981334198
106.6070000000 4.8983539209
106.6080000000 4.8985307742
106.6090000000 4.8986639612
106.6100000000 4.8987534651
106.6110000000 4.8987992708
106.6120000000 4.8988013642
106.6130000000 4.8987597331
106.6140000000 4.8986743666
106.6150000000 4.8985452554
106.6160000000 4.8983723917
106.6170000000 4.8981557690
106.6180000000 4.8978953825
106.6190000000 4.8975912288
106.6200000000 4.8972433061
106.6210000000 4.8968516140
106.6220000000 4.8964161536
106.6230000000 4.8959369275
106.6240000000 4.8954139399
106.6250000000 4.8948471964
106.6260000000 4.8942367041
106.6270000000 4.8935824716
106.6280000000 4.8928845091
106.6290000000 4.8921428282
106.6300000000 4.8913574420
106.6310000000 4.8905283650
106.6320000000 4.8896556135
106.6330000000 4.8887392051
106.6340000000 4.8877791588
106.6350000000 4.8867754952
106.6360000000 4.8857282366
106.6370000000 4.8846374065
106.6380000000 4.8835030299
106.6390000000 4.8823251336
106.6400000000 4.8811037455
106.6410000000 4.8798388954
106.6420000000 4.8785306143
106.6430000000 4.8771789347
106.6440000000 4.8757838908
106.6450000000 4.8743455181
106.6460000000 4.8728638536
106.6470000000 4.8713389360
106.6480000000 4.8697708053
106.6490000000 4.8681595030
106.6500000000 4.8665050722
106.6510000000 4.8648075572
106.6520000000 4.8630670042
106.6530000000 4.8612834606
106.6540000000 4.8594569753
106.6550000000 4.8575875989
106.6560000000 4.8556753832
106.6570000000 4.8537203816
106.6580000000 4.8517226490
106.6590000000 4.8496822418
106.6600000000 4.8475992177
106.6610000000 4.8454736361
106.6620000000 4.8433055578
106.6630000000 4.8410950450
106.6640000000 4.8388421614
106.6650000000 4.8365469722
106.6660000000 4.8342095440
106.6670000000 4.8318299450
106.6680000000 4.8294082446
106.6690000000 4.8269445139
106.6700000000 4.8244388254
106.6710000000 4.8218912530
106.6720000000 4.8193018721
106.6730000000 4.8166707596
106.6740000000 4.8139979936
106.6750000000 4.8112836539
106.6760000000 4.8085278217
106.6770000000 4.8057305796
106.6780000000 4.8028920116
106.6790000000 4.8000122033
106.6800000000 4.7970912414
106.6810000000 4.7941292144
106.6820000000 4.7911262120
106.6830000000 4.7880823253
106.6840000000 4.7849976471
106.6850000000 4.7818722714
106.6860000000 4.7787062935
106.6870000000 4.7754998104
106.6880000000 4.7722529203
106.6890000000 4.7689657229
106.6900000000 4.7656383192
106.6910000000 4.7622708118
106.6920000000 4.7588633046
106.6930000000 4.7554159027
106.6940000000 4.7519287129
106.6950000000 4.7484018432
106.6960000000 4.7448354030
106.6970000000 4.7412295032
106.6980000000 4.7375842560
106.6990000000 4.7338997748
106.7000000000 4.7301761748
106.7010000000 4.7264135721
106.7020000000 4.7226120844
106.7030000000 4.7187718308
106.7040000000 4.7148929316
106.7050000000 4.7109755086
106.7060000000 4.7070196849
106.7070000000 4.7030255848
106.7080000000 4.6989933342
106.7090000000 4.6949230601
106.7100000000 4.6908148911
106.7110000000 4.6866689568
106.7120000000 4.6824853883
106.7130000000 4.6782643181
106.7140000000 4.6740058798
106.7150000000 4.6697102086
106.7160000000 4.6653774407
106.7170000000 4.6610077138
106.7180000000 4.6566011669
106.7190000000 4.6521579401
106.7200000000 4.6476781750
106.7210000000 4.6431620144
106.7220000000 4.6386096025
106.7230000000 4.6340210845
106.7240000000 4.6293966071
106.7250000000 4.6247363182
106.7260000000 4.6200403670
106.7270000000 4.6153089039
106.7280000000 4.6105420806
106.7290000000 4.6057400500
106.7300000000 4.6009029662
106.7310000000 4.5960309847
106.7320000000 4.5911242621
106.7330000000 4.5861829563
106.7340000000 4.5812072263
106.7350000000 4.5761972324
106.7360000000 4.5711531362
106.7370000000 4.5660751004
106.7380000000 4.5609632888
106.7390000000 4.5558178666
106.7400000000 4.5506390001
106.7410000000 4.5454268568
106.7420000000 4.5401816054
106.7430000000 4.5349034157
106.7440000000 4.5295924586
106.7450000000 4.5242489065
106.7460000000 4.5188729325
106.7470000000 4.5134647113
106.7480000000 4.5080244184
106.7490000000 4.5025522305
106.7500000000 4.4970483257
106.7510000000 4.4915128829
106.7520000000 4.4859460823
106.7530000000 4.4803481051
106.7540000000 4.4747191338
106.7550000000 4.4690593518
106.7560000000 4.4633689437
106.7570000000 4.4576480952
106.7580000000 4.4518969930
106.7590000000 4.4461158251
106.7600000000 4.4403047803
106.7610000000 4.4344640486
106.7620000000 4.4285938211
106.7630000000 4.4226942898
106.7640000000 4.4167656480
106.7650000000 4.4108080898
106.7660000000 4.4048218105
106.7670000000 4.3988070063
106.7680000000 4.3927638746
106.7690000000 4.3866926136
106.7700000000 4.3805934226
106.7710000000 4.3744665021
106.7720000000 4.3683120532
106.7730000000 4.3621302784
106.7740000000 4.3559213809
106.7750000000 4.3496855650
106.7760000000 4.3434230359
106.7770000000 4.3371339999
106.7780000000 4.3308186640
106.7790000000 4.3244772365
106.7800000000 4.3181099264
106.7810000000 4.3117169437
106.7820000000 4.3052984993
106.7830000000 4.2988548051
106.7840000000 4.2923860738
106.7850000000 4.2858925191
106.7860000000 4.2793743556
106.7870000000 4.2728317987
106.7880000000 4.2662650648
106.7890000000 4.2596743712
106.7900000000 4.2530599359
106.7910000000 4.2464219779
106.7920000000 4.2397607171
106.7930000000 4.2330763742
106.7940000000 4.2263691706
106.7950000000 4.2196393288
106.7960000000 4.2128870719
106.7970000000 4.2061126239
106.7980000000 4.1993162097
106.7990000000 4.1924980549
106.8000000000 4.1856583859
106.8010000000 4.1787974300
106.8020000000 4.1719154152
106.8030000000 4.1650125702
106.8040000000 4.1580891247
106.8050000000 4.1511453088
106.8060000000 4.1441813538
106.8070000000 4.1371974914
106.8080000000 4.1301939541
106.8090000000 4.1231709753
106.8100000000 4.1161287889
106.8110000000 4.1090676296
106.8120000000 4.1019877330
106.8130000000 4.0948893350
106.8140000000 4.0877726726
106.8150000000 4.0806379832
106.8160000000 4.0734855050
106.8170000000 4.0663154768
106.8180000000 4.0591281381
106.8190000000 4.0519237290
106.8200000000 4.0447024905
106.8210000000 4.0374646638
106.8220000000 4.0302104910
106.8230000000 4.0229402149
106.8240000000 4.0156540786
106.8250000000 4.0083523261
106.8260000000 4.0010352018
106.8270000000 3.9937029509
106.8280000000 3.9863558188
106.8290000000 3.9789940520
106.8300000000 3.9716178970
106.8310000000 3.9642276013
106.8320000000 3.9568234127
106.8330000000 3.9494055796
106.8340000000 3.9419743510
106.8350000000 3.9345299763
106.8360000000 3.9270727054
106.8370000000 3.9196027888
106.8380000000 3.9121204775
106.8390000000 3.9046260230
106.8400000000 3.8971196770
106.8410000000 3.8896016921
106.8420000000 3.8820723211
106.8430000000 3.8745318172
106.8440000000 3.8669804343
106.8450000000 3.8594184265
106.8460000000 3.8518460484
106.8470000000 3.8442635550
106.8480000000 3.8366712017
106.8490000000 3.8290692444
106.8500000000 3.8214579394
106.8510000000 3.8138375431
106.8520000000 3.8062083127
106.8530000000 3.7985705054
106.8540000000 3.7909243789
106.8550000000 3.7832701912
106.8560000000 3.7756082009
106.8570000000 3.7679386665
106.8580000000 3.7602618472
106.8590000000 3.7525780023
106.8600000000 3.7448873913
106.8610000000 3.7371902744
106.8620000000 3.7294869117
106.8630000000 3.7217775637
106.8640000000 3.7140624913
106.8650000000 3.7063419555
106.8660000000 3.6986162175
106.8670000000 3.6908855389
106.8680000000 3.6831501816
106.8690000000 3.6754104074
106.8700000000 3.6676664786
106.8710000000 3.6599186576
106.8720000000 3.6521672071
106.8730000000 3.6444123898
106.8740000000 3.6366544687
106.8750000000 3.6288937071
106.8760000000 3.6211303681
106.8770000000 3.6133647153
106.8780000000 3.6055970124
106.8790000000 3.5978275230
106.8800000000 3.5900565110
106.8810000000 3.5822842405
106.8820000000 3.5745109755
106.8830000000 3.5667369803
106.8840000000 3.5589625191
106.8850000000 3.5511878563
106.8860000000 3.5434132564
106.8870000000 3.5356389838
106.8880000000 3.5278653033
106.8890000000 3.5200924793
106.8900000000 3.5123207765
106.8910000000 3.5045504596
106.8920000000 3.4967817932
106.8930000000 3.4890150422
106.8940000000 3.4812504711
106.8950000000 3.4734883448
106.8960000000 3.4657289278
106.8970000000 3.4579724848
106.8980000000 3.4502192805
106.8990000000 3.4424695793
106.9000000000 3.4347236459
106.9010000000 3.4269817447
106.9020000000 3.4192441400
106.9030000000 3.4115110961
106.9040000000 3.4037828773
106.9050000000 3.3960597477
106.9060000000 3.3883419713
106.9070000000 3.3806298119
106.9080000000 3.3729235333
106.9090000000 3.3652233992
106.9100000000 3.3575296730
106.9110000000 3.3498426180
106.9120000000 3.3421624975
106.9130000000 3.3344895743
106.9140000000 3.3268241114
106.9150000000 3.3191663713
106.9160000000 3.3115166165
106.9170000000 3.3038751091
106.9180000000 3.2962421112
106.9190000000 3.2886178846
106.9200000000 3.2810026908
106.9210000000 3.2733967910
106.9220000000 3.2658004464
106.9230000000 3.2582139177
106.9240000000 3.2506374655
106.9250000000 3.2430713499
106.9260000000 3.2355158309
106.9270000000 3.2279711681
106.9280000000 3.2204376210
106.9290000000 3.2129154485
106.9300000000 3.2054049093
106.9310000000 3.1979062619
106.9320000000 3.1904197641
106.9330000000 3.1829456738
106.9340000000 3.1754842482
106.9350000000 3.1680357443
106.9360000000 3.1606004187
106.9370000000 3.1531785275
106.9380000000 3.1457703266
106.9390000000 3.1383760713
106.9400000000 3.1309960166
106.9410000000 3.1236304170
106.9420000000 3.1162795268
106.9430000000 3.1089435995
106.9440000000 3.1016228885
106.9450000000 3.0943176464
106.9460000000 3.0870281257
106.9470000000 3.0797545782
106.9480000000 3.0724972552
106.9490000000 3.0652564076
106.9500000000 3.0580322858
106.9510000000 3.0508251397
106.9520000000 3.0436352185
106.9530000000 3.0364627712
106.9540000000 3.0293080460
106.9550000000 3.0221712906
106.9560000000 3.0150527523
106.9570000000 3.0079526776
106.9580000000 3.0008713127
106.9590000000 2.9938089030
106.9600000000 2.9867656935
106.9610000000 2.9797419284
106.9620000000 2.9727378514
106.9630000000 2.9657537057
106.9640000000 2.9587897338
106.9650000000 2.9518461774
106.9660000000 2.9449232778
106.9670000000 2.9380212755
106.9680000000 2.9311404105
106.9690000000 2.9242809221
106.9700000000 2.9174430487
106.9710000000 2.9106270284
106.9720000000 2.9038330983
106.9730000000 2.8970614949
106.9740000000 2.8903124542
106.9750000000 2.8835862112
106.9760000000 2.8768830002
106.9770000000 2.8702030550
106.9780000000 2.8635466086
106.9790000000 2.8569138930
106.9800000000 2.8503051397
106.9810000000 2.8437205794
106.9820000000 2.8371604421
106.9830000000 2.8306249568
106.9840000000 2.8241143519
106.9850000000 2.8176288550
106.9860000000 2.8111686928
106.9870000000 2.8047340913
106.9880000000 2.7983252756
106.9890000000 2.7919424701
106.9900000000 2.7855858981
106.9910000000 2.7792557825
106.9920000000 2.7729523449
106.9930000000 2.7666758063
106.9940000000 2.7604263869
106.9950000000 2.7542043057
106.9960000000 2.7480097813
106.9970000000 2.7418430309
106.9980000000 2.7357042712
106.9990000000 2.7295937178
107.0000000000 2.7235115855
107.0010000000 2.7174580881
107.0020000000 2.7114334385
107.0030000000 2.7054378488
107.0040000000 2.6994715300
107.0050000000 2.6935346921
107.0060000000 2.6876275443
107.0070000000 2.6817502948
107.0080000000 2.6759031509
107.0090000000 2.6700863187
107.0100000000 2.6643000036
107.0110000000 2.6585444098
107.0120000000 2.6528197406
107.0130000000 2.6471261983
107.0140000000 2.6414639842
107.0150000000 2.6358332985
107.0160000000 2.6302343404
107.0170000000 2.6246673081
107.0180000000 2.6191323988
107.0190000000 2.6136298087
107.0200000000 2.6081597327
107.0210000000 2.6027223648
107.0220000000 2.5973178981
107.0230000000 2.5919465243
107.0240000000 2.5866084343
107.0250000000 2.5813038177
107.0260000000 2.5760328632
107.0270000000 2.5707957582
107.0280000000 2.5655926892
107.0290000000 2.5604238414
107.0300000000 2.5552893990
107.0310000000 2.5501895450
107.0320000000 2.5451244614
107.0330000000 2.5400943289
107.0340000000 2.5350993271
107.0350000000 2.5301396345
107.0360000000 2.5252154285
107.0370000000 2.5203268851
107.0380000000 2.5154741794
107.0390000000 2.5106574851
107.0400000000 2.5058769749
107.0410000000 2.5011328201
107.0420000000 2.4964251911
107.0430000000 2.4917542569
107.0440000000 2.4871201852
107.0450000000 2.4825231427
107.0460000000 2.4779632948
107.0470000000 2.4734408057
107.0480000000 2.4689558382
107.0490000000 2.4645085541
107.0500000000 2.4600991139
107.0510000000 2.4557276767
107.0520000000 2.4513944005
107.0530000000 2.4470994420
107.0540000000 2.4428429566
107.0550000000 2.4386250986
107.0560000000 2.4344460206
107.0570000000 2.4303058744
107.0580000000 2.4262048103
107.0590000000 2.4221429773
107.0600000000 2.4181205230
107.0610000000 2.4141375940
107.0620000000 2.4101943353
107.0630000000 2.4062908907
107.0640000000 2.4024274027
107.0650000000 2.3986040125
107.0660000000 2.3948208598
107.0670000000 2.3910780831
107.0680000000 2.3873758197
107.0690000000 2.3837142052
107.0700000000 2.3800933742
107.0710000000 2.3765134596
107.0720000000 2.3729745934
107.0730000000 2.3694769058
107.0740000000 2.3660205259
107.0750000000 2.3626055812
107.0760000000 2.3592321981
107.0770000000 2.3559005013
107.0780000000 2.3526106145
107.0790000000 2.3493626596
107.0800000000 2.3461567574
107.0810000000 2.3429930271
107.0820000000 2.3398715867
107.0830000000 2.3367925527
107.0840000000 2.3337560400
107.0850000000 2.3307621623
107.0860000000 2.3278110320
107.0870000000 2.3249027596
107.0880000000 2.3220374548
107.0890000000 2.3192152252
107.0900000000 2.3164361776
107.0910000000 2.3137004169
107.0920000000 2.3110080466
107.0930000000 2.3083591691
107.0940000000 2.3057538850
107.0950000000 2.3031922934
107.0960000000 2.3006744923
107.0970000000 2.2982005779
107.0980000000 2.2957706451
107.0990000000 2.2933847873
107.1000000000 2.2910430963
107.1010000000 2.2887456626
107.1020000000 2.2864925752
107.1030000000 2.2842839214
107.1040000000 2.2821197872
107.1050000000 2.2800002572
107.1060000000 2.2779254143
107.1070000000 2.2758953400
107.1080000000 2.2739101142
107.1090000000 2.2719698154
107.1100000000 2.2700745206
107.1110000000 2.2682243053
107.1120000000 2.2664192433
107.1130000000 2.2646594072
107.1140000000 2.2629448677
107.1150000000 2.2612756944
107.1160000000 2.2596519549
107.1170000000 2.2580737158
107.1180000000 2.2565410417
107.1190000000 2.2550539959
107.1200000000 2.2536126402
107.1210000000 2.2522170348
107.1220000000 2.2508672383
107.1230000000 2.2495633077
107.1240000000 2.2483052988
107.1250000000 2.2470932655
107.1260000000 2.2459272602
107.1270000000 2.2448073339
107.1280000000 2.2437335359
107.1290000000 2.2427059141
107.1300000000 2.2417245147
107.1310000000 2.2407893824
107.1320000000 2.2399005604
107.1330000000 2.2390580901
107.1340000000 2.2382620116
107.1350000000 2.2375123634
107.1360000000 2.2368091823
107.1370000000 2.2361525036
107.1380000000 2.2355423610
107.1390000000 2.2349787867
107.1400000000 2.2344618113
107.1410000000 2.2339914637
107.1420000000 2.2335677715
107.1430000000 2.2331907604
107.1440000000 2.2328604547
107.1450000000 2.2325768772
107.1460000000 2.2323400488
107.1470000000 2.2321499893
107.1480000000 2.2320067164
107.1490000000 2.2319102465
107.1500000000 2.2318605945
107.1510000000 2.2318577735
107.1520000000 2.2319017952
107.1530000000 2.2319926694
107.1540000000 2.2321304046
107.1550000000 2.2323150078
107.1560000000 2.2325464840
107.1570000000 2.2328248370
107.1580000000 2.2331500689
107.1590000000 2.2335221800
107.1600000000 2.2339411693
107.1610000000 2.2344070341
107.1620000000 2.2349197700
107.1630000000 2.2354793712
107.1640000000 2.2360858301
107.1650000000 2.2367391378
107.1660000000 2.2374392834
107.1670000000 2.2381862547
107.1680000000 2.2389800379
107.1690000000 2.2398206175
107.1700000000 2.2407079765
107.1710000000 2.2416420962
107.1720000000 2.2426229564
107.1730000000 2.2436505353
107.1740000000 2.2447248094
107.1750000000 2.2458457537
107.1760000000 2.2470133418
107.1770000000 2.2482275452
107.1780000000 2.2494883344
107.1790000000 2.2507956779
107.1800000000 2.2521495428
107.1810000000 2.2535498945
107.1820000000 2.2549966969
107.1830000000 2.2564899123
107.1840000000 2.2580295015
107.1850000000 2.2596154235
107.1860000000 2.2612476358
107.1870000000 2.2629260945
107.1880000000 2.2646507540
107.1890000000 2.2664215669
107.1900000000 2.2682384846
107.1910000000 2.2701014567
107.1920000000 2.2720104312
107.1930000000 2.2739653547
107.1940000000 2.2759661721
107.1950000000 2.2780128267
107.1960000000 2.2801052604
107.1970000000 2.2822434133
107.1980000000 2.2844272242
107.1990000000 2.2866566300
107.2000000000 2.2889315664
107.2010000000 2.2912519672
107.2020000000 2.2936177650
107.2030000000 2.2960288906
107.2040000000 2.2984852732
107.2050000000 2.3009868406
107.2060000000 2.3035335190
107.2070000000 2.3061252331
107.2080000000 2.3087619059
107.2090000000 2.3114434591
107.2100000000 2.3141698126
107.2110000000 2.3169408850
107.2120000000 2.3197565931
107.2130000000 2.3226168524
107.2140000000 2.3255215768
107.2150000000 2.3284706786
107.2160000000 2.3314640686
107.2170000000 2.3345016561
107.2180000000 2.3375833490
107.2190000000 2.3407090534
107.2200000000 2.3438786742
107.2210000000 2.3470921145
107.2220000000 2.3503492762
107.2230000000 2.3536500593
107.2240000000 2.3569943627
107.2250000000 2.3603820835
107.2260000000 2.3638131175
107.2270000000 2.3672873589
107.2280000000 2.3708047005
107.2290000000 2.3743650334
107.2300000000 2.3779682475
107.2310000000 2.3816142310
107.2320000000 2.3853028708
107.2330000000 2.3890340521
107.2340000000 2.3928076590
107.2350000000 2.3966235736
107.2360000000 2.4004816771
107.2370000000 2.4043818489
107.2380000000 2.4083239669
107.2390000000 2.4123079079
107.2400000000 2.4163335468
107.2410000000 2.4204007575
107.2420000000 2.4245094121
107.2430000000 2.4286593814
107.2440000000 2.4328505349
107.2450000000 2.4370827405
107.2460000000 2.4413558646
107.2470000000 2.4456697725
107.2480000000 2.4500243279
107.2490000000 2.4544193929
107.2500000000 2.4588548286
107.2510000000 2.4633304943
107.2520000000 2.4678462482
107.2530000000 2.4724019469
107.2540000000 2.4769974458
107.2550000000 2.4816325988
107.2560000000 2.4863072584
107.2570000000 2.4910212758
107.2580000000 2.4957745008
107.2590000000 2.5005667818
107.2600000000 2.5053979660
107.2610000000 2.5102678990
107.2620000000 2.5151764252
107.2630000000 2.5201233876
107.2640000000 2.5251086280
107.2650000000 2.5301319866
107.2660000000 2.5351933026
107.2670000000 2.5402924136
107.2680000000 2.5454291560
107.2690000000 2.5506033649
107.2700000000 2.5558148741
107.2710000000 2.5610635159
107.2720000000 2.5663491216
107.2730000000 2.5716715211
107.2740000000 2.5770305429
107.2750000000 2.5824260143
107.2760000000 2.5878577614
107.2770000000 2.5933256089
107.2780000000 2.5988293803
107.2790000000 2.6043688979
107.2800000000 2.6099439826
107.2810000000 2.6155544543
107.2820000000 2.6212001313
107.2830000000 2.6268808309
107.2840000000 2.6325963693
107.2850000000 2.6383465611
107.2860000000 2.6441312200
107.2870000000 2.6499501584
107.2880000000 2.6558031874
107.2890000000 2.6616901171
107.2900000000 2.6676107562
107.2910000000 2.6735649124
107.2920000000 2.6795523920
107.2930000000 2.6855730002
107.2940000000 2.6916265413
107.2950000000 2.6977128181
107.2960000000 2.7038316323
107.2970000000 2.7099827846
107.2980000000 2.7161660745
107.2990000000 2.7223813003
107.3000000000 2.7286282593
107.3010000000 2.7349067474
107.3020000000 2.7412165598
107.3030000000 2.7475574902
107.3040000000 2.7539293314
107.3050000000 2.7603318752
107.3060000000 2.7667649120
107.3070000000 2.7732282315
107.3080000000 2.7797216220
107.3090000000 2.7862448709
107.3100000000 2.7927977645
107.3110000000 2.7993800881
107.3120000000 2.8059916258
107.3130000000 2.8126321608
107.3140000000 2.8193014754
107.3150000000 2.8259993505
107.3160000000 2.8327255663
107.3170000000 2.8394799018
107.3180000000 2.8462621352
107.3190000000 2.8530720435
107.3200000000 2.8599094028
107.3210000000 2.8667739882
107.3220000000 2.8736655740
107.3230000000 2.8805839332
107.3240000000 2.8875288380
107.3250000000 2.8945000599
107.3260000000 2.9014973690
107.3270000000 2.9085205348
107.3280000000 2.9155693257
107.3290000000 2.9226435092
107.3300000000 2.9297428521
107.3310000000 2.9368671200
107.3320000000 2.9440160777
107.3330000000 2.9511894892
107.3340000000 2.9583871176
107.3350000000 2.9656087250
107.3360000000 2.9728540727
107.3370000000 2.9801229212
107.3380000000 2.9874150302
107.3390000000 2.9947301583
107.3400000000 3.0020680635
107.3410000000 3.0094285029
107.3420000000 3.0168112329
107.3430000000 3.0242160088
107.3440000000 3.0316425854
107.3450000000 3.0390907165
107.3460000000 3.0465601552
107.3470000000 3.0540506540
107.3480000000 3.0615619642
107.3490000000 3.0690938368
107.3500000000 3.0766460216
107.3510000000 3.0842182682
107.3520000000 3.0918103249
107.3530000000 3.0994219397
107.3540000000 3.1070528596
107.3550000000 3.1147028311
107.3560000000 3.1223715998
107.3570000000 3.1300589108
107.3580000000 3.1377645084
107.3590000000 3.1454881362
107.3600000000 3.1532295372
107.3610000000 3.1609884538
107.3620000000 3.1687646275
107.3630000000 3.1765577995
107.3640000000 3.1843677100
107.3650000000 3.1921940990
107.3660000000 3.2000367055
107.3670000000 3.2078952681
107.3680000000 3.2157695247
107.3690000000 3.2236592127
107.3700000000 3.2315640688
107.3710000000 3.2394838293
107.3720000000 3.2474182298
107.3730000000 3.2553670054
107.3740000000 3.2633298906
107.3750000000 3.2713066194
107.3760000000 3.2792969253
107.3770000000 3.2873005413
107.3780000000 3.2953171998
107.3790000000 3.3033466327
107.3800000000 3.3113885715
107.3810000000 3.3194427471
107.3820000000 3.3275088902
107.3830000000 3.3355867306
107.3840000000 3.3436759979
107.3850000000 3.3517764213
107.3860000000 3.3598877296
107.3870000000 3.3680096508
107.3880000000 3.3761419129
107.3890000000 3.3842842433
107.3900000000 3.3924363690
107.3910000000 3.4005980167
107.3920000000 3.4087689127
107.3930000000 3.4169487827
107.3940000000 3.4251373523
107.3950000000 3.4333343467
107.3960000000 3.4415394907
107.3970000000 3.4497525087
107.3980000000 3.4579731250
107.3990000000 3.4662010633
107.4000000000 3.4744360472
107.4010000000 3.4826777998
107.4020000000 3.4909260442
107.4030000000 3.4991805030
107.4040000000 3.5074408985
107.4050000000 3.5157069528
107.4060000000 3.5239783879
107.4070000000 3.5322549254
107.4080000000 3.5405362866
107.4090000000 3.5488221927
107.4100000000 3.5571123646
107.4110000000 3.5654065231
107.4120000000 3.5737043888
107.4130000000 3.5820056820
107.4140000000 3.5903101228
107.4150000000 3.5986174313
107.4160000000 3.6069273273
107.4170000000 3.6152395306
107.4180000000 3.6235537607
107.4190000000 3.6318697370
107.4200000000 3.6401871789
107.4210000000 3.6485058055
107.4220000000 3.6568253359
107.4230000000 3.6651454892
107.4240000000 3.6734659843
107.4250000000 3.6817865400
107.4260000000 3.6901068752
107.4270000000 3.6984267084
107.4280000000 3.7067457585
107.4290000000 3.7150637441
107.4300000000 3.7233803839
107.4310000000 3.7316953963
107.4320000000 3.7400085001
107.4330000000 3.7483194138
107.4340000000 3.7566278561
107.4350000000 3.7649335455
107.4360000000 3.7732362009
107.4370000000 3.7815355408
107.4380000000 3.7898312841
107.4390000000 3.7981231495
107.4400000000 3.8064108560
107.4410000000 3.8146941226
107.4420000000 3.8229726683
107.4430000000 3.8312462122
107.4440000000 3.8395144736
107.4450000000 3.8477771720
107.4460000000 3.8560340268
107.4470000000 3.8642847577
107.4480000000 3.8725290845
107.4490000000 3.8807667271
107.4500000000 3.8889974056
107.4510000000 3.8972208404
107.4520000000 3.9054367518
107.4530000000 3.9136448607
107.4540000000 3.9218448878
107.4550000000 3.9300365542
107.4560000000 3.9382195812
107.4570000000 3.9463936904
107.4580000000 3.9545586036
107.4590000000 3.9627140428
107.4600000000 3.9708597302
107.4610000000 3.9789953884
107.4620000000 3.9871207403
107.4630000000 3.9952355089
107.4640000000 4.0033394178
107.4650000000 4.0114321906
107.4660000000 4.0195135514
107.4670000000 4.0275832246
107.4680000000 4.0356409348
107.4690000000 4.0436864071
107.4700000000 4.0517193669
107.4710000000 4.0597395401
107.4720000000 4.0677466527
107.4730000000 4.0757404312
107.4740000000 4.0837206026
107.4750000000 4.0916868943
107.4760000000 4.0996390338
107.4770000000 4.1075767495
107.4780000000 4.1154997698
107.4790000000 4.1234078237
107.4800000000 4.1313006408
107.4810000000 4.1391779510
107.4820000000 4.1470394846
107.4830000000 4.1548849725
107.4840000000 4.1627141460
107.4850000000 4.1705267371
107.4860000000 4.1783224779
107.4870000000 4.1861011015
107.4880000000 4.1938623411
107.4890000000 4.2016059307
107.4900000000 4.2093316046
107.4910000000 4.2170390980
107.4920000000 4.2247281464
107.4930000000 4.2323984858
107.4940000000 4.2400498530
107.4950000000 4.2476819852
107.4960000000 4.2552946203
107.4970000000 4.2628874968
107.4980000000 4.2704603538
107.4990000000 4.2780129310
107.5000000000 4.2855449687
107.5010000000 4.2930562079
107.5020000000 4.3005463902
107.5030000000 4.3080152579
107.5040000000 4.3154625539
107.5050000000 4.3228880219
107.5060000000 4.3302914062
107.5070000000 4.3376724517
107.5080000000 4.3450309042
107.5090000000 4.3523665100
107.5100000000 4.3596790162
107.5110000000 4.3669681708
107.5120000000 4.3742337223
107.5130000000 4.3814754200
107.5140000000 4.3886930140
107.5150000000 4.3958862552
107.5160000000 4.4030548951
107.5170000000 4.4101986862
107.5180000000 4.4173173815
107.5190000000 4.4244107352
107.5200000000 4.4314785019
107.5210000000 4.4385204373
107.5220000000 4.4455362977
107.5230000000 4.4525258405
107.5240000000 4.4594888236
107.5250000000 4.4664250059
107.5260000000 4.4733341474
107.5270000000 4.4802160086
107.5280000000 4.4870703510
107.5290000000 4.4938969369
107.5300000000 4.5006955298
107.5310000000 4.5074658937
107.5320000000 4.5142077938
107.5330000000 4.5209209959
107.5340000000 4.5276052671
107.5350000000 4.5342603752
107.5360000000 4.5408860888
107.5370000000 4.5474821778
107.5380000000 4.5540484128
107.5390000000 4.5605845655
107.5400000000 4.5670904084
107.5410000000 4.5735657151
107.5420000000 4.5800102602
107.5430000000 4.5864238191
107.5440000000 4.5928061686
107.5450000000 4.5991570860
107.5460000000 4.6054763500
107.5470000000 4.6117637402
107.5480000000 4.6180190372
107.5490000000 4.6242420227
107.5500000000 4.6304324793
107.5510000000 4.6365901908
107.5520000000 4.6427149420
107.5530000000 4.6488065189
107.5540000000 4.6548647083
107.5550000000 4.6608892984
107.5560000000 4.6668800783
107.5570000000 4.6728368381
107.5580000000 4.6787593693
107.5590000000 4.6846474643
107.5600000000 4.6905009167
107.5610000000 4.6963195211
107.5620000000 4.7021030734
107.5630000000 4.7078513705
107.5640000000 4.7135642107
107.5650000000 4.7192413931
107.5660000000 4.7248827182
107.5670000000 4.7304879876
107.5680000000 4.7360570041
107.5690000000 4.7415895717
107.5700000000 4.7470854955
107.5710000000 4.7525445819
107.5720000000 4.7579666383
107.5730000000 4.7633514737
107.5740000000 4.7686988980
107.5750000000 4.7740087224
107.5760000000 4.7792807593
107.5770000000 4.7845148224
107.5780000000 4.7897107267
107.5790000000 4.7948682882
107.5800000000 4.7999873245
107.5810000000 4.8050676542
107.5820000000 4.8101090973
107.5830000000 4.8151114750
107.5840000000 4.8200746098
107.5850000000 4.8249983256
107.5860000000 4.8298824474
107.5870000000 4.8347268016
107.5880000000 4.8395312160
107.5890000000 4.8442955196
107.5900000000 4.8490195426
107.5910000000 4.8537031169
107.5920000000 4.8583460753
107.5930000000 4.8629482522
107.5940000000 4.8675094833
107.5950000000 4.8720296055
107.5960000000 4.8765084574
107.5970000000 4.8809458786
107.5980000000 4.8853417102
107.5990000000 4.8896957946
107.6000000000 4.8940079759
107.6010000000 4.8982780991
107.6020000000 4.9025060109
107.6030000000 4.9066915593
107.6040000000 4.9108345938
107.6050000000 4.9149349652
107.6060000000 4.9189925256
107.6070000000 4.9230071287
107.6080000000 4.9269786297
107.6090000000 4.9309068849
107.6100000000 4.9347917523
107.6110000000 4.9386330913
107.6120000000 4.9424307627
107.6130000000 4.9461846286
107.6140000000 4.9498945528
107.6150000000 4.9535604005
107.6160000000 4.9571820382
107.6170000000 4.9607593341
107.6180000000 4.9642921576
107.6190000000 4.9677803798
107.6200000000 4.9712238732
107.6210000000 4.9746225118
107.6220000000 4.9779761709
107.6230000000 4.9812847277
107.6240000000 4.9845480606
107.6250000000 4.9877660494
107.6260000000 4.9909385757
107.6270000000 4.9940655225
107.6280000000 4.9971467743
107.6290000000 5.0001822170
107.6300000000 5.0031717382
107.6310000000 5.0061152270
107.6320000000 5.0090125740
107.6330000000 5.0118636712
107.6340000000 5.0146684124
107.6350000000 5.0174266927
107.6360000000 5.0201384090
107.6370000000 5.0228034595
107.6380000000 5.0254217441
107.6390000000 5.0279931642
107.6400000000 5.0305176227
107.6410000000 5.0329950244
107.6420000000 5.0354252752
107.6430000000 5.0378082828
107.6440000000 5.0401439566
107.6450000000 5.0424322073
107.6460000000 5.0446729474
107.6470000000 5.0468660909
107.6480000000 5.0490115534
107.6490000000 5.0511092521
107.6500000000 5.0531591057
107.6510000000 5.0551610348
107.6520000000 5.0571149611
107.6530000000 5.0590208085
107.6540000000 5.0608785020
107.6550000000 5.0626879684
107.6560000000 5.0644491362
107.6570000000 5.0661619355
107.6580000000 5.0678262978
107.6590000000 5.0694421565
107.6600000000 5.0710094464
107.6610000000 5.0725281042
107.6620000000 5.0739980678
107.6630000000 5.0754192772
107.6640000000 5.0767916738
107.6650000000 5.0781152005
107.6660000000 5.0793898021
107.6670000000 5.0806154250
107.6680000000 5.0817920170
107.6690000000 5.0829195279
107.6700000000 5.0839979089
107.6710000000 5.0850271128
107.6720000000 5.0860070944
107.6730000000 5.0869378097
107.6740000000 5.0878192166
107.6750000000 5.0886512748
107.6760000000 5.0894339452
107.6770000000 5.0901671909
107.6780000000 5.0908509763
107.6790000000 5.0914852675
107.6800000000 5.0920700324
107.6810000000 5.0926052405
107.6820000000 5.0930908630
107.6830000000 5.0935268725
107.6840000000 5.0939132438
107.6850000000 5.0942499528
107.6860000000 5.0945369775
107.6870000000 5.0947742974
107.6880000000 5.0949618936
107.6890000000 5.0950997489
107.6900000000 5.0951878480
107.6910000000 5.0952261770
107.6920000000 5.0952147238
107.6930000000 5.0951534780
107.6940000000 5.0950424307
107.6950000000 5.0948815750
107.6960000000 5.0946709054
107.6970000000 5.0944104181
107.6980000000 5.0941001112
107.6990000000 5.0937399843
107.7000000000 5.0933300386
107.7010000000 5.0928702772
107.7020000000 5.0923607048
107.7030000000 5.0918013276
107.7040000000 5.0911921539
107.7050000000 5.0905331932
107.7060000000 5.0898244569
107.7070000000 5.0890659583
107.7080000000 5.0882577120
107.7090000000 5.0873997345
107.7100000000 5.0864920439
107.7110000000 5.0855346600
107.7120000000 5.0845276043
107.7130000000 5.0834709001
107.7140000000 5.0823645720
107.7150000000 5.0812086468
107.7160000000 5.0800031525
107.7170000000 5.0787481191
107.7180000000 5.0774435781
107.7190000000 5.0760895628
107.7200000000 5.0746861081
107.7210000000 5.0732332506
107.7220000000 5.0717310285
107.7230000000 5.0701794818
107.7240000000 5.0685786521
107.7250000000 5.0669285827
107.7260000000 5.0652293185
107.7270000000 5.0634809061
107.7280000000 5.0616833939
107.7290000000 5.0598368318
107.7300000000 5.0579412713
107.7310000000 5.0559967659
107.7320000000 5.0540033704
107.7330000000 5.0519611414
107.7340000000 5.0498701372
107.7350000000 5.0477304177
107.7360000000 5.0455420444
107.7370000000 5.0433050807
107.7380000000 5.0410195914
107.7390000000 5.0386856429
107.7400000000 5.0363033036
107.7410000000 5.0338726432
107.7420000000 5.0313937331
107.7430000000 5.0288666465
107.7440000000 5.0262914582
107.7450000000 5.0236682444
107.7460000000 5.0209970833
107.7470000000 5.0182780544
107.7480000000 5.0155112391
107.7490000000 5.0126967203
107.7500000000 5.0098345825
107.7510000000 5.0069249118
107.7520000000 5.0039677961
107.7530000000 5.0009633247
107.7540000000 4.9979115887
107.7550000000 4.9948126806
107.7560000000 4.9916666947
107.7570000000 4.9884737269
107.7580000000 4.9852338746
107.7590000000 4.9819472367
107.7600000000 4.9786139141
107.7610000000 4.9752340088
107.7620000000 4.9718076248
107.7630000000 4.9683348674
107.7640000000 4.9648158436
107.7650000000 4.9612506621
107.7660000000 4.9576394329
107.7670000000 4.9539822678
107.7680000000 4.9502792802
107.7690000000 4.9465305848
107.7700000000 4.9427362982
107.7710000000 4.9388965383
107.7720000000 4.9350114246
107.7730000000 4.9310810783
107.7740000000 4.9271056221
107.7750000000 4.9230851800
107.7760000000 4.9190198780
107.7770000000 4.9149098432
107.7780000000 4.9107552045
107.7790000000 4.9065560922
107.7800000000 4.9023126381
107.7810000000 4.8980249758
107.7820000000 4.8936932400
107.7830000000 4.8893175672
107.7840000000 4.8848980953
107.7850000000 4.8804349638
107.7860000000 4.8759283136
107.7870000000 4.8713782871
107.7880000000 4.8667850282
107.7890000000 4.8621486823
107.7900000000 4.8574693964
107.7910000000 4.8527473187
107.7920000000 4.8479825992
107.7930000000 4.8431753890
107.7940000000 4.8383258410
107.7950000000 4.8334341095
107.7960000000 4.8285003500
107.7970000000 4.8235247196
107.7980000000 4.8185073771
107.7990000000 4.8134484822
107.8000000000 4.8083481966
107.8010000000 4.8032066830
107.8020000000 4.7980241058
107.8030000000 4.7928006305
107.8040000000 4.7875364244
107.8050000000 4.7822316559
107.8060000000 4.7768864950
107.8070000000 4.7715011130
107.8080000000 4.7660756826
107.8090000000 4.7606103778
107.8100000000 4.7551053742
107.8110000000 4.7495608485
107.8120000000 4.7439769790
107.8130000000 4.7383539452
107.8140000000 4.7326919280
107.8150000000 4.7269911098
107.8160000000 4.7212516741
107.8170000000 4.7154738059
107.8180000000 4.7096576915
107.8190000000 4.7038035184
107.8200000000 4.6979114756
107.8210000000 4.6919817534
107.8220000000 4.6860145432
107.8230000000 4.6800100380
107.8240000000 4.6739684318
107.8250000000 4.6678899202
107.8260000000 4.6617746998
107.8270000000 4.6556229686
107.8280000000 4.6494349259
107.8290000000 4.6432107722
107.8300000000 4.6369507093
107.8310000000 4.6306549402
107.8320000000 4.6243236692
107.8330000000 4.6179571017
107.8340000000 4.6115554446
107.8350000000 4.6051189057
107.8360000000 4.5986476944
107.8370000000 4.5921420208
107.8380000000 4.5856020967
107.8390000000 4.5790281349
107.8400000000 4.5724203492
107.8410000000 4.5657789548
107.8420000000 4.5591041682
107.8430000000 4.5523962067
107.8440000000 4.5456552890
107.8450000000 4.5388816350
107.8460000000 4.5320754656
107.8470000000 4.5252370028
107.8480000000 4.5183664700
107.8490000000 4.5114640914
107.8500000000 4.5045300926
107.8510000000 4.4975647001
107.8520000000 4.4905681415
107.8530000000 4.4835406458
107.8540000000 4.4764824426
107.8550000000 4.4693937630
107.8560000000 4.4622748389
107.8570000000 4.4551259035
107.8580000000 4.4479471909
107.8590000000 4.4407389363
107.8600000000 4.4335013758
107.8610000000 4.4262347467
107.8620000000 4.4189392873
107.8630000000 4.4116152370
107.8640000000 4.4042628359
107.8650000000 4.3968823255
107.8660000000 4.3894739480
107.8670000000 4.3820379467
107.8680000000 4.3745745659
107.8690000000 4.3670840509
107.8700000000 4.3595666477
107.8710000000 4.3520226036
107.8720000000 4.3444521666
107.8730000000 4.3368555859
107.8740000000 4.3292331113
107.8750000000 4.3215849937
107.8760000000 4.3139114850
107.8770000000 4.3062128378
107.8780000000 4.2984893058
107.8790000000 4.2907411434
107.8800000000 4.2829686059
107.8810000000 4.2751719497
107.8820000000 4.2673514317
107.8830000000 4.2595073100
107.8840000000 4.2516398434
107.8850000000 4.2437492914
107.8860000000 4.2358359146
107.8870000000 4.2278999741
107.8880000000 4.2199417322
107.8890000000 4.2119614516
107.8900000000 4.2039593961
107.8910000000 4.1959358301
107.8920000000 4.1878910189
107.8930000000 4.1798252285
107.8940000000 4.1717387256
107.8950000000 4.1636317777
107.8960000000 4.1555046532
107.8970000000 4.1473576209
107.8980000000 4.1391909506
107.8990000000 4.1310049128
107.9000000000 4.1227997785
107.9010000000 4.1145758196
107.9020000000 4.1063333085
107.9030000000 4.0980725185
107.9040000000 4.0897937234
107.9050000000 4.0814971977
107.9060000000 4.0731832166
107.9070000000 4.0648520559
107.9080000000 4.0565039920
107.9090000000 4.0481393019
107.9100000000 4.0397582634
107.9110000000 4.0313611547
107.9120000000 4.0229482547
107.9130000000 4.0145198428
107.9140000000 4.0060761990
107.9150000000 3.9976176040
107.9160000000 3.9891443389
107.9170000000 3.9806566854
107.9180000000 3.9721549257
107.9190000000 3.9636393426
107.9200000000 3.9551102194
107.9210000000 3.9465678399
107.9220000000 3.9380124884
107.9230000000 3.9294444496
107.9240000000 3.9208640088
107.9250000000 3.9122714519
107.9260000000 3.9036670649
107.9270000000 3.8950511346
107.9280000000 3.8864239480
107.9290000000 3.8777857926
107.9300000000 3.8691369565
107.9310000000 3.8604777280
107.9320000000 3.8518083959
107.9330000000 3.8431292493
107.9340000000 3.8344405779
107.9350000000 3.8257426715
107.9360000000 3.8170358204
107.9370000000 3.8083203154
107.9380000000 3.7995964473
107.9390000000 3.7908645076
107.9400000000 3.7821247879
107.9410000000 3.7733775802
107.9420000000 3.7646231768
107.9430000000 3.7558618703
107.9440000000 3.7470939535
107.9450000000 3.7383197197
107.9460000000 3.7295394622
107.9470000000 3.7207534747
107.9480000000 3.7119620512
107.9490000000 3.7031654858
107.9500000000 3.6943640729
107.9510000000 3.6855581072
107.9520000000 3.6767478834
107.9530000000 3.6679336966
107.9540000000 3.6591158421
107.9550000000 3.6502946151
107.9560000000 3.6414703114
107.9570000000 3.6326432265
107.9580000000 3.6238136564
107.9590000000 3.6149818971
107.9600000000 3.6061482447
107.9610000000 3.5973129955
107.9620000000 3.5884764459
107.9630000000 3.5796388923
107.9640000000 3.5708006313
107.9650000000 3.5619619596
107.9660000000 3.5531231738
107.9670000000 3.5442845707
107.9680000000 3.5354464472
107.9690000000 3.5266091001
107.9700000000 3.5177728263
107.9710000000 3.5089379227
107.9720000000 3.5001046862
107.9730000000 3.4912734138
107.9740000000 3.4824444024
107.9750000000 3.4736179488
107.9760000000 3.4647943499
107.9770000000 3.4559739025
107.9780000000 3.4471569035
107.9790000000 3.4383436495
107.9800000000 3.4295344371
107.9810000000 3.4207295629
107.9820000000 3.4119293235
107.9830000000 3.4031340150
107.9840000000 3.3943439339
107.9850000000 3.3855593763
107.9860000000 3.3767806380
107.9870000000 3.3680080152
107.9880000000 3.3592418033
107.9890000000 3.3504822981
107.9900000000 3.3417297948
107.9910000000 3.3329845887
107.9920000000 3.3242469748
107.9930000000 3.3155172480
107.9940000000 3.3067957028
107.9950000000 3.2980826336
107.9960000000 3.2893783345
107.9970000000 3.2806830996
107.9980000000 3.2719972224
107.9990000000 3.2633209964
108.0000000000 3.2546547146
108.0010000000 3.2459986700
108.0020000000 3.2373531551
108.0030000000 3.2287184622
108.0040000000 3.2200948833
108.0050000000 3.2114827099
108.0060000000 3.2028822334
108.0070000000 3.1942937448
108.0080000000 3.1857175346
108.0090000000 3.1771538932
108.0100000000 3.1686031104
108.0110000000 3.1600654757
108.0120000000 3.1515412783
108.0130000000 3.1430308069
108.0140000000 3.1345343498
108.0150000000 3.1260521949
108.0160000000 3.1175846298
108.0170000000 3.1091319413
108.0180000000 3.1006944162
108.0190000000 3.0922723405
108.0200000000 3.0838659999
108.0210000000 3.0754756796
108.0220000000 3.0671016644
108.0230000000 3.0587442383
108.0240000000 3.0504036852
108.0250000000 3.0420802881
108.0260000000 3.0337743299
108.0270000000 3.0254860925
108.0280000000 3.0172158576
108.0290000000 3.0089639063
108.0300000000 3.0007305189
108.0310000000 2.9925159754
108.0320000000 2.9843205551
108.0330000000 2.9761445367
108.0340000000 2.9679881984
108.0350000000 2.9598518176
108.0360000000 2.9517356712
108.0370000000 2.9436400356
108.0380000000 2.9355651863
108.0390000000 2.9275113983
108.0400000000 2.9194789459
108.0410000000 2.9114681028
108.0420000000 2.9034791419
108.0430000000 2.8955123356
108.0440000000 2.8875679554
108.0450000000 2.8796462722
108.0460000000 2.8717475562
108.0470000000 2.8638720769
108.0480000000 2.8560201029
108.0490000000 2.8481919023
108.0500000000 2.8403877422
108.0510000000 2.8326078892
108.0520000000 2.8248526090
108.0530000000 2.8171221665
108.0540000000 2.8094168257
108.0550000000 2.8017368502
108.0560000000 2.7940825023
108.0570000000 2.7864540439
108.0580000000 2.7788517357
108.0590000000 2.7712758380
108.0600000000 2.7637266099
108.0610000000 2.7562043099
108.0620000000 2.7487091953
108.0630000000 2.7412415230
108.0640000000 2.7338015486
108.0650000000 2.7263895271
108.0660000000 2.7190057125
108.0670000000 2.7116503578
108.0680000000 2.7043237153
108.0690000000 2.6970260363
108.0700000000 2.6897575710
108.0710000000 2.6825185688
108.0720000000 2.6753092784
108.0730000000 2.6681299471
108.0740000000 2.6609808214
108.0750000000 2.6538621471
108.0760000000 2.6467741686
108.0770000000 2.6397171296
108.0780000000 2.6326912727
108.0790000000 2.6256968395
108.0800000000 2.6187340706
108.0810000000 2.6118032055
108.0820000000 2.6049044829
108.0830000000 2.5980381402
108.0840000000 2.5912044139
108.0850000000 2.5844035394
108.0860000000 2.5776357511
108.0870000000 2.5709012821
108.0880000000 2.5642003648
108.0890000000 2.5575332303
108.0900000000 2.5509001085
108.0910000000 2.5443012285
108.0920000000 2.5377368179
108.0930000000 2.5312071035
108.0940000000 2.5247123109
108.0950000000 2.5182526645
108.0960000000 2.5118283876
108.0970000000 2.5054397023
108.0980000000 2.4990868297
108.0990000000 2.4927699895
108.1000000000 2.4864894004
108.1010000000 2.4802452800
108.1020000000 2.4740378443
108.1030000000 2.4678673087
108.1040000000 2.4617338870
108.1050000000 2.4556377918
108.1060000000 2.4495792346
108.1070000000 2.4435584256
108.1080000000 2.4375755740
108.1090000000 2.4316308874
108.1100000000 2.4257245724
108.1110000000 2.4198568343
108.1120000000 2.4140278771
108.1130000000 2.4082379035
108.1140000000 2.4024871150
108.1150000000 2.3967757119
108.1160000000 2.3911038929
108.1170000000 2.3854718558
108.1180000000 2.3798797969
108.1190000000 2.3743279112
108.1200000000 2.3688163922
108.1210000000 2.3633454326
108.1220000000 2.3579152231
108.1230000000 2.3525259537
108.1240000000 2.3471778126
108.1250000000 2.3418709868
108.1260000000 2.3366056621
108.1270000000 2.3313820226
108.1280000000 2.3262002514
108.1290000000 2.3210605300
108.1300000000 2.3159630386
108.1310000000 2.3109079559
108.1320000000 2.3058954594
108.1330000000 2.3009257250
108.1340000000 2.2959989274
108.1350000000 2.2911152398
108.1360000000 2.2862748338
108.1370000000 2.2814778798
108.1380000000 2.2767245468
108.1390000000 2.2720150022
108.1400000000 2.2673494121
108.1410000000 2.2627279410
108.1420000000 2.2581507520
108.1430000000 2.2536180069
108.1440000000 2.2491298658
108.1450000000 2.2446864875
108.1460000000 2.2402880292
108.1470000000 2.2359346468
108.1480000000 2.2316264945
108.1490000000 2.2273637251
108.1500000000 2.2231464899
108.1510000000 2.2189749388
108.1520000000 2.2148492200
108.1530000000 2.2107694802
108.1540000000 2.2067358649
108.1550000000 2.2027485176
108.1560000000 2.1988075806
108.1570000000 2.1949131947
108.1580000000 2.1910654988
108.1590000000 2.1872646306
108.1600000000 2.1835107262
108.1610000000 2.1798039200
108.1620000000 2.1761443450
108.1630000000 2.1725321325
108.1640000000 2.1689674123
108.1650000000 2.1654503127
108.1660000000 2.1619809603
108.1670000000 2.1585594802
108.1680000000 2.1551859958
108.1690000000 2.1518606291
108.1700000000 2.1485835003
108.1710000000 2.1453547282
108.1720000000 2.1421744298
108.1730000000 2.1390427206
108.1740000000 2.1359597145
108.1750000000 2.1329255237
108.1760000000 2.1299402590
108.1770000000 2.1270040292
108.1780000000 2.1241169419
108.1790000000 2.1212791026
108.1800000000 2.1184906157
108.1810000000 2.1157515834
108.1820000000 2.1130621068
108.1830000000 2.1104222849
108.1840000000 2.1078322153
108.1850000000 2.1052919939
108.1860000000 2.1028017149
108.1870000000 2.1003614709
108.1880000000 2.0979713527
108.1890000000 2.0956314497
108.1900000000 2.0933418494
108.1910000000 2.0911026376
108.1920000000 2.0889138986
108.1930000000 2.0867757149
108.1940000000 2.0846881674
108.1950000000 2.0826513352
108.1960000000 2.0806652958
108.1970000000 2.0787301249
108.1980000000 2.0768458967
108.1990000000 2.0750126836
108.2000000000 2.0732305561
108.2010000000 2.0714995834
108.2020000000 2.0698198327
108.2030000000 2.0681913695
108.2040000000 2.0666142577
108.2050000000 2.0650885594
108.2060000000 2.0636143351
108.2070000000 2.0621916435
108.2080000000 2.0608205416
108.2090000000 2.0595010846
108.2100000000 2.0582333261
108.2110000000 2.0570173179
108.2120000000 2.0558531101
108.2130000000 2.0547407510
108.2140000000 2.0536802872
108.2150000000 2.0526717637
108.2160000000 2.0517152236
108.2170000000 2.0508107083
108.2180000000 2.0499582575
108.2190000000 2.0491579090
108.2200000000 2.0484096992
108.2210000000 2.0477136624
108.2220000000 2.0470698314
108.2230000000 2.0464782371
108.2240000000 2.0459389086
108.2250000000 2.0454518735
108.2260000000 2.0450171574
108.2270000000 2.0446347844
108.2280000000 2.0443047765
108.2290000000 2.0440271542
108.2300000000 2.0438019363
108.2310000000 2.0436291396
108.2320000000 2.0435087793
108.2330000000 2.0434408688
108.2340000000 2.0434254199
108.2350000000 2.0434624423
108.2360000000 2.0435519442
108.2370000000 2.0436939320
108.2380000000 2.0438884103
108.2390000000 2.0441353820
108.2400000000 2.0444348481
108.2410000000 2.0447868080
108.2420000000 2.0451912592
108.2430000000 2.0456481975
108.2440000000 2.0461576170
108.2450000000 2.0467195100
108.2460000000 2.0473338670
108.2470000000 2.0480006766
108.2480000000 2.0487199260
108.2490000000 2.0494916003
108.2500000000 2.0503156830
108.2510000000 2.0511921558
108.2520000000 2.0521209986
108.2530000000 2.0531021896
108.2540000000 2.0541357052
108.2550000000 2.0552215201
108.2560000000 2.0563596072
108.2570000000 2.0575499376
108.2580000000 2.0587924807
108.2590000000 2.0600872040
108.2600000000 2.0614340735
108.2610000000 2.0628330533
108.2620000000 2.0642841057
108.2630000000 2.0657871913
108.2640000000 2.0673422690
108.2650000000 2.0689492958
108.2660000000 2.0706082270
108.2670000000 2.0723190164
108.2680000000 2.0740816156
108.2690000000 2.0758959748
108.2700000000 2.0777620424
108.2710000000 2.0796797649
108.2720000000 2.0816490872
108.2730000000 2.0836699524
108.2740000000 2.0857423019
108.2750000000 2.0878660754
108.2760000000 2.0900412106
108.2770000000 2.0922676439
108.2780000000 2.0945453096
108.2790000000 2.0968741405
108.2800000000 2.0992540675
108.2810000000 2.1016850198
108.2820000000 2.1041669251
108.2830000000 2.1066997090
108.2840000000 2.1092832957
108.2850000000 2.1119176075
108.2860000000 2.1146025652
108.2870000000 2.1173380875
108.2880000000 2.1201240918
108.2890000000 2.1229604936
108.2900000000 2.1258472066
108.2910000000 2.1287841430
108.2920000000 2.1317712132
108.2930000000 2.1348083259
108.2940000000 2.1378953881
108.2950000000 2.1410323051
108.2960000000 2.1442189806
108.2970000000 2.1474553164
108.2980000000 2.1507412130
108.2990000000 2.1540765688
108.3000000000 2.1574612807
108.3010000000 2.1608952441
108.3020000000 2.1643783524
108.3030000000 2.1679104975
108.3040000000 2.1714915697
108.3050000000 2.1751214575
108.3060000000 2.1788000479
108.3070000000 2.1825272262
108.3080000000 2.1863028758
108.3090000000 2.1901268789
108.3100000000 2.1939991156
108.3110000000 2.1979194648
108.3120000000 2.2018878034
108.3130000000 2.2059040068
108.3140000000 2.2099679489
108.3150000000 2.2140795018
108.3160000000 2.2182385361
108.3170000000 2.2224449206
108.3180000000 2.2266985228
108.3190000000 2.2309992083
108.3200000000 2.2353468413
108.3210000000 2.2397412842
108.3220000000 2.2441823980
108.3230000000 2.2486700420
108.3240000000 2.2532040739
108.3250000000 2.2577843500
108.3260000000 2.2624107247
108.3270000000 2.2670830513
108.3280000000 2.2718011810
108.3290000000 2.2765649637
108.3300000000 2.2813742479
108.3310000000 2.2862288803
108.3320000000 2.2911287061
108.3330000000 2.2960735690
108.3340000000 2.3010633112
108.3350000000 2.3060977733
108.3360000000 2.3111767944
108.3370000000 2.3163002120
108.3380000000 2.3214678623
108.3390000000 2.3266795798
108.3400000000 2.3319351975
108.3410000000 2.3372345470
108.3420000000 2.3425774582
108.3430000000 2.3479637599
108.3440000000 2.3533932789
108.3450000000 2.3588658410
108.3460000000 2.3643812703
108.3470000000 2.3699393893
108.3480000000 2.3755400194
108.3490000000 2.3811829801
108.3500000000 2.3868680899
108.3510000000 2.3925951655
108.3520000000 2.3983640224
108.3530000000 2.4041744745
108.3540000000 2.4100263344
108.3550000000 2.4159194131
108.3560000000 2.4218535205
108.3570000000 2.4278284648
108.3580000000 2.4338440529
108.3590000000 2.4399000903
108.3600000000 2.4459963811
108.3610000000 2.4521327281
108.3620000000 2.4583089326
108.3630000000 2.4645247946
108.3640000000 2.4707801128
108.3650000000 2.4770746843
108.3660000000 2.4834083052
108.3670000000 2.4897807700
108.3680000000 2.4961918719
108.3690000000 2.5026414028
108.3700000000 2.5091291534
108.3710000000 2.5156549128
108.3720000000 2.5222184691
108.3730000000 2.5288196089
108.3740000000 2.5354581176
108.3750000000 2.5421337791
108.3760000000 2.5488463765
108.3770000000 2.5555956910
108.3780000000 2.5623815030
108.3790000000 2.5692035915
108.3800000000 2.5760617342
108.3810000000 2.5829557076
108.3820000000 2.5898852869
108.3830000000 2.5968502462
108.3840000000 2.6038503582
108.3850000000 2.6108853945
108.3860000000 2.6179551256
108.3870000000 2.6250593205
108.3880000000 2.6321977473
108.3890000000 2.6393701727
108.3900000000 2.6465763623
108.3910000000 2.6538160807
108.3920000000 2.6610890910
108.3930000000 2.6683951553
108.3940000000 2.6757340348
108.3950000000 2.6831054891
108.3960000000 2.6905092770
108.3970000000 2.6979451561
108.3980000000 2.7054128828
108.3990000000 2.7129122125
108.4000000000 2.7204428995
108.4010000000 2.7280046969
108.4020000000 2.7355973568
108.4030000000 2.7432206301
108.4040000000 2.7508742669
108.4050000000 2.7585580161
108.4060000000 2.7662716253
108.4070000000 2.7740148416
108.4080000000 2.7817874104
108.4090000000 2.7895890768
108.4100000000 2.7974195842
108.4110000000 2.8052786754
108.4120000000 2.8131660922
108.4130000000 2.8210815752
108.4140000000 2.8290248642
108.4150000000 2.8369956978
108.4160000000 2.8449938140
108.4170000000 2.8530189495
108.4180000000 2.8610708402
108.4190000000 2.8691492210
108.4200000000 2.8772538260
108.4210000000 2.8853843882
108.4220000000 2.8935406398
108.4230000000 2.9017223121
108.4240000000 2.9099291355
108.4250000000 2.9181608394
108.4260000000 2.9264171524
108.4270000000 2.9346978023
108.4280000000 2.9430025159
108.4290000000 2.9513310193
108.4300000000 2.9596830377
108.4310000000 2.9680582955
108.4320000000 2.9764565160
108.4330000000 2.9848774222
108.4340000000 2.9933207358
108.4350000000 3.0017861780
108.4360000000 3.0102734691
108.4370000000 3.0187823286
108.4380000000 3.0273124755
108.4390000000 3.0358636275
108.4400000000 3.0444355022
108.4410000000 3.0530278158
108.4420000000 3.0616402844
108.4430000000 3.0702726229
108.4440000000 3.0789245457
108.4450000000 3.0875957666
108.4460000000 3.0962859983
108.4470000000 3.1049949534
108.4480000000 3.1137223432
108.4490000000 3.1224678789
108.4500000000 3.1312312708
108.4510000000 3.1400122283
108.4520000000 3.1488104607
108.4530000000 3.1576256762
108.4540000000 3.1664575827
108.4550000000 3.1753058873
108.4560000000 3.1841702966
108.4570000000 3.1930505165
108.4580000000 3.2019462526
108.4590000000 3.2108572095
108.4600000000 3.2197830917
108.4610000000 3.2287236028
108.4620000000 3.2376784460
108.4630000000 3.2466473241
108.4640000000 3.2556299391
108.4650000000 3.2646259928
108.4660000000 3.2736351862
108.4670000000 3.2826572200
108.4680000000 3.2916917944
108.4690000000 3.3007386092
108.4700000000 3.3097973635
108.4710000000 3.3188677562
108.4720000000 3.3279494856
108.4730000000 3.3370422497
108.4740000000 3.3461457461
108.4750000000 3.3552596717
108.4760000000 3.3643837235
108.4770000000 3.3735175975
108.4780000000 3.3826609900
108.4790000000 3.3918135963
108.4800000000 3.4009751118
108.4810000000 3.4101452313
108.4820000000 3.4193236493
108.4830000000 3.4285100602
108.4840000000 3.4377041578
108.4850000000 3.4469056356
108.4860000000 3.4561141871
108.4870000000 3.4653295051
108.4880000000 3.4745512825
108.4890000000 3.4837792118
108.4900000000 3.4930129850
108.4910000000 3.5022522943
108.4920000000 3.5114968314
108.4930000000 3.5207462877
108.4940000000 3.5300003546
108.4950000000 3.5392587232
108.4960000000 3.5485210844
108.4970000000 3.5577871289
108.4980000000 3.5670565473
108.4990000000 3.5763290300
108.5000000000 3.5856042671
108.5010000000 3.5948819489
108.5020000000 3.6041617652
108.5030000000 3.6134434060
108.5040000000 3.6227265609
108.5050000000 3.6320109196
108.5060000000 3.6412961717
108.5070000000 3.6505820066
108.5080000000 3.6598681138
108.5090000000 3.6691541825
108.5100000000 3.6784399021
108.5110000000 3.6877249618
108.5120000000 3.6970090509
108.5130000000 3.7062918585
108.5140000000 3.7155730740
108.5150000000 3.7248523865
108.5160000000 3.7341294852
108.5170000000 3.7434040595
108.5180000000 3.7526757985
108.5190000000 3.7619443917
108.5200000000 3.7712095284
108.5210000000 3.7804708982
108.5220000000 3.7897281905
108.5230000000 3.7989810950
108.5240000000 3.8082293013
108.5250000000 3.8174724995
108.5260000000 3.8267103793
108.5270000000 3.8359426310
108.5280000000 3.8451689446
108.5290000000 3.8543890107
108.5300000000 3.8636025197
108.5310000000 3.8728091624
108.5320000000 3.8820086296
108.5330000000 3.8912006124
108.5340000000 3.9003848022
108.5350000000 3.9095608904
108.5360000000 3.9187285688
108.5370000000 3.9278875292
108.5380000000 3.9370374640
108.5390000000 3.9461780656
108.5400000000 3.9553090266
108.5410000000 3.9644300402
108.5420000000 3.9735407995
108.5430000000 3.9826409982
108.5440000000 3.9917303301
108.5450000000 4.0008084895
108.5460000000 4.0098751709
108.5470000000 4.0189300691
108.5480000000 4.0279728794
108.5490000000 4.0370032973
108.5500000000 4.0460210189
108.5510000000 4.0550257403
108.5520000000 4.0640171583
108.5530000000 4.0729949700
108.5540000000 4.0819588730
108.5550000000 4.0909085652
108.5560000000 4.0998437448
108.5570000000 4.1087641108
108.5580000000 4.1176693625
108.5590000000 4.1265591994
108.5600000000 4.1354333218
108.5610000000 4.1442914304
108.5620000000 4.1531332262
108.5630000000 4.1619584111
108.5640000000 4.1707666871
108.5650000000 4.1795577569
108.5660000000 4.1883313238
108.5670000000 4.1970870914
108.5680000000 4.2058247642
108.5690000000 4.2145440470
108.5700000000 4.2232446451
108.5710000000 4.2319262648
108.5720000000 4.2405886124
108.5730000000 4.2492313954
108.5740000000 4.2578543214
108.5750000000 4.2664570990
108.5760000000 4.2750394372
108.5770000000 4.2836010457
108.5780000000 4.2921416349
108.5790000000 4.3006609158
108.5800000000 4.3091586002
108.5810000000 4.3176344003
108.5820000000 4.3260880292
108.5830000000 4.3345192008
108.5840000000 4.3429276294
108.5850000000 4.3513130302
108.5860000000 4.3596751193
108.5870000000 4.3680136132
108.5880000000 4.3763282293
108.5890000000 4.3846186858
108.5900000000 4.3928847015
108.5910000000 4.4011259963
108.5920000000 4.4093422906
108.5930000000 4.4175333057
108.5940000000 4.4256987636
108.5950000000 4.4338383872
108.5960000000 4.4419519003
108.5970000000 4.4500390274
108.5980000000 4.4580994940
108.5990000000 4.4661330262
108.6000000000 4.4741393511
108.6010000000 4.4821181968
108.6020000000 4.4900692921
108.6030000000 4.4979923667
108.6040000000 4.5058871513
108.6050000000 4.5137533775
108.6060000000 4.5215907776
108.6070000000 4.5293990850
108.6080000000 4.5371780342
108.6090000000 4.5449273603
108.6100000000 4.5526467996
108.6110000000 4.5603360893
108.6120000000 4.5679949675
108.6130000000 4.5756231732
108.6140000000 4.5832204468
108.6150000000 4.5907865291
108.6160000000 4.5983211625
108.6170000000 4.6058240899
108.6180000000 4.6132950556
108.6190000000 4.6207338047
108.6200000000 4.6281400835
108.6210000000 4.6355136392
108.6220000000 4.6428542201
108.6230000000 4.6501615758
108.6240000000 4.6574354565
108.6250000000 4.6646756140
108.6260000000 4.6718818008
108.6270000000 4.6790537707
108.6280000000 4.6861912786
108.6290000000 4.6932940803
108.6300000000 4.7003619331
108.6310000000 4.7073945952
108.6320000000 4.7143918259
108.6330000000 4.7213533857
108.6340000000 4.7282790364
108.6350000000 4.7351685408
108.6360000000 4.7420216629
108.6370000000 4.7488381679
108.6380000000 4.7556178223
108.6390000000 4.7623603936
108.6400000000 4.7690656506
108.6410000000 4.7757333634
108.6420000000 4.7823633032
108.6430000000 4.7889552424
108.6440000000 4.7955089549
108.6450000000 4.8020242155
108.6460000000 4.8085008004
108.6470000000 4.8149384871
108.6480000000 4.8213370544
108.6490000000 4.8276962823
108.6500000000 4.8340159521
108.6510000000 4.8402958464
108.6520000000 4.8465357491
108.6530000000 4.8527354453
108.6540000000 4.8588947216
108.6550000000 4.8650133659
108.6560000000 4.8710911672
108.6570000000 4.8771279162
108.6580000000 4.8831234046
108.6590000000 4.8890774256
108.6600000000 4.8949897738
108.6610000000 4.9008602451
108.6620000000 4.9066886368
108.6630000000 4.9124747476
108.6640000000 4.9182183774
108.6650000000 4.9239193279
108.6660000000 4.9295774017
108.6670000000 4.9351924032
108.6680000000 4.9407641380
108.6690000000 4.9462924132
108.6700000000 4.9517770373
108.6710000000 4.9572178203
108.6720000000 4.9626145734
108.6730000000 4.9679671097
108.6740000000 4.9732752433
108.6750000000 4.9785387899
108.6760000000 4.9837575669
108.6770000000 4.9889313928
108.6780000000 4.9940600878
108.6790000000 4.9991434735
108.6800000000 5.0041813732
108.6810000000 5.0091736113
108.6820000000 5.0141200141
108.6830000000 5.0190204091
108.6840000000 5.0238746255
108.6850000000 5.0286824941
108.6860000000 5.0334438469
108.6870000000 5.0381585177
108.6880000000 5.0428263418
108.6890000000 5.0474471560
108.6900000000 5.0520207986
108.6910000000 5.0565471097
108.6920000000 5.0610259305
108.6930000000 5.0654571043
108.6940000000 5.0698404755
108.6950000000 5.0741758904
108.6960000000 5.0784631968
108.6970000000 5.0827022441
108.6980000000 5.0868928831
108.6990000000 5.0910349665
108.7000000000 5.0951283483
108.7010000000 5.0991728844
108.7020000000 5.1031684322
108.7030000000 5.1071148506
108.7040000000 5.1110120002
108.7050000000 5.1148597434
108.7060000000 5.1186579439
108.7070000000 5.1224064674
108.7080000000 5.1261051810
108.7090000000 5.1297539534
108.7100000000 5.1333526552
108.7110000000 5.1369011584
108.7120000000 5.1403993370
108.7130000000 5.1438470662
108.7140000000 5.1472442232
108.7150000000 5.1505906869
108.7160000000 5.1538863377
108.7170000000 5.1571310577
108.7180000000 5.1603247307
108.7190000000 5.1634672424
108.7200000000 5.1665584800
108.7210000000 5.1695983323
108.7220000000 5.1725866900
108.7230000000 5.1755234455
108.7240000000 5.1784084927
108.7250000000 5.1812417275
108.7260000000 5.1840230474
108.7270000000 5.1867523515
108.7280000000 5.1894295407
108.7290000000 5.1920545178
108.7300000000 5.1946271872
108.7310000000 5.1971474549
108.7320000000 5.1996152288
108.7330000000 5.2020304186
108.7340000000 5.2043929355
108.7350000000 5.2067026928
108.7360000000 5.2089596053
108.7370000000 5.2111635895
108.7380000000 5.2133145639
108.7390000000 5.2154124487
108.7400000000 5.2174571656
108.7410000000 5.2194486384
108.7420000000 5.2213867926
108.7430000000 5.2232715553
108.7440000000 5.2251028555
108.7450000000 5.2268806240
108.7460000000 5.2286047934
108.7470000000 5.2302752979
108.7480000000 5.2318920738
108.7490000000 5.2334550589
108.7500000000 5.2349641928
108.7510000000 5.2364194172
108.7520000000 5.2378206753
108.7530000000 5.2391679121
108.7540000000 5.2404610746
108.7550000000 5.2417001115
108.7560000000 5.2428849732
108.7570000000 5.2440156120
108.7580000000 5.2450919820
108.7590000000 5.2461140392
108.7600000000 5.2470817412
108.7610000000 5.2479950476
108.7620000000 5.2488539198
108.7630000000 5.2496583209
108.7640000000 5.2504082158
108.7650000000 5.2511035715
108.7660000000 5.2517443564
108.7670000000 5.2523305411
108.7680000000 5.2528620977
108.7690000000 5.2533390005
108.7700000000 5.2537612252
108.7710000000 5.2541287497
108.7720000000 5.2544415534
108.7730000000 5.2546996179
108.7740000000 5.2549029262
108.7750000000 5.2550514635
108.7760000000 5.2551452166
108.7770000000 5.2551841742
108.7780000000 5.2551683268
108.7790000000 5.2550976670
108.7800000000 5.2549721887
108.7810000000 5.2547918881
108.7820000000 5.2545567631
108.7830000000 5.2542668133
108.7840000000 5.2539220403
108.7850000000 5.2535224474
108.7860000000 5.2530680399
108.7870000000 5.2525588247
108.7880000000 5.2519948109
108.7890000000 5.2513760090
108.7900000000 5.2507024316
108.7910000000 5.2499740931
108.7920000000 5.2491910097
108.7930000000 5.2483531994
108.7940000000 5.2474606821
108.7950000000 5.2465134795
108.7960000000 5.2455116152
108.7970000000 5.2444551145
108.7980000000 5.2433440047
108.7990000000 5.2421783147
108.8000000000 5.2409580754
108.8010000000 5.2396833195
108.8020000000 5.2383540815
108.8030000000 5.2369703978
108.8040000000 5.2355323065
108.8050000000 5.2340398476
108.8060000000 5.2324930630
108.8070000000 5.2308919963
108.8080000000 5.2292366930
108.8090000000 5.2275272003
108.8100000000 5.2257635673
108.8110000000 5.2239458449
108.8120000000 5.2220740860
108.8130000000 5.2201483450
108.8140000000 5.2181686783
108.8150000000 5.2161351441
108.8160000000 5.2140478024
108.8170000000 5.2119067149
108.8180000000 5.2097119452
108.8190000000 5.2074635588
108.8200000000 5.2051616229
108.8210000000 5.2028062064
108.8220000000 5.2003973802
108.8230000000 5.1979352168
108.8240000000 5.1954197907
108.8250000000 5.1928511780
108.8260000000 5.1902294567
108.8270000000 5.1875547065
108.8280000000 5.1848270090
108.8290000000 5.1820464476
108.8300000000 5.1792131073
108.8310000000 5.1763270750
108.8320000000 5.1733884393
108.8330000000 5.1703972907
108.8340000000 5.1673537214
108.8350000000 5.1642578253
108.8360000000 5.1611096982
108.8370000000 5.1579094375
108.8380000000 5.1546571425
108.8390000000 5.1513529141
108.8400000000 5.1479968552
108.8410000000 5.1445890701
108.8420000000 5.1411296652
108.8430000000 5.1376187483
108.8440000000 5.1340564292
108.8450000000 5.1304428194
108.8460000000 5.1267780321
108.8470000000 5.1230621820
108.8480000000 5.1192953859
108.8490000000 5.1154777621
108.8500000000 5.1116094306
108.8510000000 5.1076905132
108.8520000000 5.1037211334
108.8530000000 5.0997014164
108.8540000000 5.0956314891
108.8550000000 5.0915114800
108.8560000000 5.0873415194
108.8570000000 5.0831217393
108.8580000000 5.0788522732
108.8590000000 5.0745332566
108.8600000000 5.0701648265
108.8610000000 5.0657471214
108.8620000000 5.0612802817
108.8630000000 5.0567644495
108.8640000000 5.0521997683
108.8650000000 5.0475863835
108.8660000000 5.0429244420
108.8670000000 5.0382140925
108.8680000000 5.0334554851
108.8690000000 5.0286487717
108.8700000000 5.0237941058
108.8710000000 5.0188916426
108.8720000000 5.0139415388
108.8730000000 5.0089439527
108.8740000000 5.0038990443
108.8750000000 4.9988069752
108.8760000000 4.9936679085
108.8770000000 4.9884820089
108.8780000000 4.9832494429
108.8790000000 4.9779703784
108.8800000000 4.9726449848
108.8810000000 4.9672734333
108.8820000000 4.9618558964
108.8830000000 4.9563925484
108.8840000000 4.9508835651
108.8850000000 4.9453291237
108.8860000000 4.9397294031
108.8870000000 4.9340845837
108.8880000000 4.9283948474
108.8890000000 4.9226603776
108.8900000000 4.9168813594
108.8910000000 4.9110579791
108.8920000000 4.9051904249
108.8930000000 4.8992788861
108.8940000000 4.8933235538
108.8950000000 4.8873246204
108.8960000000 4.8812822799
108.8970000000 4.8751967277
108.8980000000 4.8690681607
108.8990000000 4.8628967774
108.9000000000 4.8566827774
108.9010000000 4.8504263622
108.9020000000 4.8441277344
108.9030000000 4.8377870982
108.9040000000 4.8314046591
108.9050000000 4.8249806243
108.9060000000 4.8185152020
108.9070000000 4.8120086023
108.9080000000 4.8054610363
108.9090000000 4.7988727166
108.9100000000 4.7922438574
108.9110000000 4.7855746739
108.9120000000 4.7788653831
108.9130000000 4.7721162031
108.9140000000 4.7653273535
108.9150000000 4.7584990550
108.9160000000 4.7516315300
108.9170000000 4.7447250019
108.9180000000 4.7377796958
108.9190000000 4.7307958379
108.9200000000 4.7237736556
108.9210000000 4.7167133779
108.9220000000 4.7096152349
108.9230000000 4.7024794581
108.9240000000 4.6953062803
108.9250000000 4.6880959353
108.9260000000 4.6808486587
108.9270000000 4.6735646869
108.9280000000 4.6662442577
108.9290000000 4.6588876103
108.9300000000 4.6514949849
108.9310000000 4.6440666231
108.9320000000 4.6366027677
108.9330000000 4.6291036627
108.9340000000 4.6215695532
108.9350000000 4.6140006858
108.9360000000 4.6063973079
108.9370000000 4.5987596684
108.9380000000 4.5910880172
108.9390000000 4.5833826055
108.9400000000 4.5756436855
108.9410000000 4.5678715108
108.9420000000 4.5600663359
108.9430000000 4.5522284165
108.9440000000 4.5443580096
108.9450000000 4.5364553730
108.9460000000 4.5285207658
108.9470000000 4.5205544483
108.9480000000 4.5125566818
108.9490000000 4.5045277285
108.9500000000 4.4964678520
108.9510000000 4.4883773167
108.9520000000 4.4802563883
108.9530000000 4.4721053333
108.9540000000 4.4639244195
108.9550000000 4.4557139154
108.9560000000 4.4474740909
108.9570000000 4.4392052166
108.9580000000 4.4309075643
108.9590000000 4.4225814068
108.9600000000 4.4142270177
108.9610000000 4.4058446718
108.9620000000 4.3974346447
108.9630000000 4.3889972131
108.9640000000 4.3805326546
108.9650000000 4.3720412477
108.9660000000 4.3635232718
108.9670000000 4.3549790074
108.9680000000 4.3464087357
108.9690000000 4.3378127389
108.9700000000 4.3291913002
108.9710000000 4.3205447035
108.9720000000 4.3118732338
108.9730000000 4.3031771766
108.9740000000 4.2944568187
108.9750000000 4.2857124475
108.9760000000 4.2769443512
108.9770000000 4.2681528190
108.9780000000 4.2593381408
108.9790000000 4.2505006073
108.9800000000 4.2416405101
108.9810000000 4.2327581415
108.9820000000 4.2238537946
108.9830000000 4.2149277633
108.9840000000 4.2059803424
108.9850000000 4.1970118270
108.9860000000 4.1880225135
108.9870000000 4.1790126987
108.9880000000 4.1699826802
108.9890000000 4.1609327563
108.9900000000 4.1518632260
108.9910000000 4.1427743891
108.9920000000 4.1336665459
108.9930000000 4.1245399975
108.9940000000 4.1153950456
108.9950000000 4.1062319927
108.9960000000 4.0970511417
108.9970000000 4.0878527963
108.9980000000 4.0786372608
108.9990000000 4.0694048401
109.0000000000 4.0601558397
109.0010000000 4.0508905657
109.0020000000 4.0416093248
109.0030000000 4.0323124242
109.0040000000 4.0230001717
109.0050000000 4.0136728756
109.0060000000 4.0043308450
109.0070000000 3.9949743893
109.0080000000 3.9856038183
109.0090000000 3.9762194425
109.0100000000 3.9668215730
109.0110000000 3.9574105212
109.0120000000 3.9479865991
109.0130000000 3.9385501190
109.0140000000 3.9291013937
109.0150000000 3.9196407368
109.0160000000 3.9101684617
109.0170000000 3.9006848829
109.0180000000 3.8911903148
109.0190000000 3.8816850726
109.0200000000 3.8721694714
109.0210000000 3.8626438273
109.0220000000 3.8531084563
109.0230000000 3.8435636750
109.0240000000 3.8340098002
109.0250000000 3.8244471492
109.0260000000 3.8148760395
109.0270000000 3.8052967891
109.0280000000 3.7957097161
109.0290000000 3.7861151390
109.0300000000 3.7765133766
109.0310000000 3.7669047480
109.0320000000 3.7572895725
109.0330000000 3.7476681697
109.0340000000 3.7380408595
109.0350000000 3.7284079619
109.0360000000 3.7187697973
109.0370000000 3.7091266861
109.0380000000 3.6994789492
109.0390000000 3.6898269074
109.0400000000 3.6801708818
109.0410000000 3.6705111937
109.0420000000 3.6608481646
109.0430000000 3.6511821161
109.0440000000 3.6415133698
109.0450000000 3.6318422478
109.0460000000 3.6221690719
109.0470000000 3.6124941642
109.0480000000 3.6028178470
109.0490000000 3.5931404426
109.0500000000 3.5834622732
109.0510000000 3.5737836614
109.0520000000 3.5641049295
109.0530000000 3.5544264002
109.0540000000 3.5447483959
109.0550000000 3.5350712393
109.0560000000 3.5253952530
109.0570000000 3.5157207595
109.0580000000 3.5060480814
109.0590000000 3.4963775413
109.0600000000 3.4867094617
109.0610000000 3.4770441651
109.0620000000 3.4673819739
109.0630000000 3.4577232106
109.0640000000 3.4480681974
109.0650000000 3.4384172565
109.0660000000 3.4287707100
109.0670000000 3.4191288800
109.0680000000 3.4094920883
109.0690000000 3.3998606567
109.0700000000 3.3902349068
109.0710000000 3.3806151601
109.0720000000 3.3710017380
109.0730000000 3.3613949615
109.0740000000 3.3517951516
109.0750000000 3.3422026290
109.0760000000 3.3326177144
109.0770000000 3.3230407281
109.0780000000 3.3134719902
109.0790000000 3.3039118206
109.0800000000 3.2943605389
109.0810000000 3.2848184645
109.0820000000 3.2752859166
109.0830000000 3.2657632139
109.0840000000 3.2562506750
109.0850000000 3.2467486182
109.0860000000 3.2372573613
109.0870000000 3.2277772221
109.0880000000 3.2183085177
109.0890000000 3.2088515651
109.0900000000 3.1994066809
109.0910000000 3.1899741813
109.0920000000 3.1805543822
109.0930000000 3.1711475990
109.0940000000 3.1617541467
109.0950000000 3.1523743401
109.0960000000 3.1430084934
109.0970000000 3.1336569203
109.0980000000 3.1243199343
109.0990000000 3.1149978482
109.1000000000 3.1056909746
109.1010000000 3.0963996254
109.1020000000 3.0871241121
109.1030000000 3.0778647459
109.1040000000 3.0686218371
109.1050000000 3.0593956957
109.1060000000 3.0501866314
109.1070000000 3.0409949530
109.1080000000 3.0318209690
109.1090000000 3.0226649871
109.1100000000 3.0135273148
109.1110000000 3.0044082587
109.1120000000 2.9953081249
109.1130000000 2.9862272190
109.1140000000 2.9771658459
109.1150000000 2.9681243100
109.1160000000 2.9591029150
109.1170000000 2.9501019638
109.1180000000 2.9411217590
109.1190000000 2.9321626022
109.1200000000 2.9232247946
109.1210000000 2.9143086366
109.1220000000 2.9054144279
109.1230000000 2.8965424675
109.1240000000 2.8876930538
109.1250000000 2.8788664843
109.1260000000 2.8700630560
109.1270000000 2.8612830650
109.1280000000 2.8525268067
109.1290000000 2.8437945757
109.1300000000 2.8350866659
109.1310000000 2.8264033704
109.1320000000 2.8177449815
109.1330000000 2.8091117907
109.1340000000 2.8005040887
109.1350000000 2.7919221655
109.1360000000 2.7833663100
109.1370000000 2.7748368105
109.1380000000 2.7663339545
109.1390000000 2.7578580283
109.1400000000 2.7494093178
109.1410000000 2.7409881076
109.1420000000 2.7325946816
109.1430000000 2.7242293230
109.1440000000 2.7158923137
109.1450000000 2.7075839351
109.1460000000 2.6993044673
109.1470000000 2.6910541897
109.1480000000 2.6828333807
109.1490000000 2.6746423178
109.1500000000 2.6664812774
109.1510000000 2.6583505350
109.1520000000 2.6502503653
109.1530000000 2.6421810417
109.1540000000 2.6341428369
109.1550000000 2.6261360223
109.1560000000 2.6181608684
109.1570000000 2.6102176449
109.1580000000 2.6023066202
109.1590000000 2.5944280616
109.1600000000 2.5865822357
109.1610000000 2.5787694077
109.1620000000 2.5709898418
109.1630000000 2.5632438012
109.1640000000 2.5555315481
109.1650000000 2.5478533433
109.1660000000 2.5402094468
109.1670000000 2.5326001173
109.1680000000 2.5250256125
109.1690000000 2.5174861889
109.1700000000 2.5099821018
109.1710000000 2.5025136055
109.1720000000 2.4950809531
109.1730000000 2.4876843963
109.1740000000 2.4803241860
109.1750000000 2.4730005716
109.1760000000 2.4657138016
109.1770000000 2.4584641230
109.1780000000 2.4512517818
109.1790000000 2.4440770227
109.1800000000 2.4369400892
109.1810000000 2.4298412235
109.1820000000 2.4227806667
109.1830000000 2.4157586586
109.1840000000 2.4087754375
109.1850000000 2.4018312408
109.1860000000 2.3949263045
109.1870000000 2.3880608631
109.1880000000 2.3812351501
109.1890000000 2.3744493976
109.1900000000 2.3677038364
109.1910000000 2.3609986959
109.1920000000 2.3543342043
109.1930000000 2.3477105884
109.1940000000 2.3411280736
109.1950000000 2.3345868842
109.1960000000 2.3280872428
109.1970000000 2.3216293710
109.1980000000 2.3152134887
109.1990000000 2.3088398146
109.2000000000 2.3025085660
109.2010000000 2.2962199589
109.2020000000 2.2899742077
109.2030000000 2.2837715255
109.2040000000 2.2776121240
109.2050000000 2.2714962134
109.2060000000 2.2654240027
109.2070000000 2.2593956992
109.2080000000 2.2534115088
109.2090000000 2.2474716361
109.2100000000 2.2415762842
109.2110000000 2.2357256546
109.2120000000 2.2299199474
109.2130000000 2.2241593613
109.2140000000 2.2184440935
109.2150000000 2.2127743397
109.2160000000 2.2071502940
109.2170000000 2.2015721491
109.2180000000 2.1960400961
109.2190000000 2.1905543248
109.2200000000 2.1851150233
109.2210000000 2.1797223781
109.2220000000 2.1743765743
109.2230000000 2.1690777954
109.2240000000 2.1638262235
109.2250000000 2.1586220389
109.2260000000 2.1534654205
109.2270000000 2.1483565455
109.2280000000 2.1432955898
109.2290000000 2.1382827274
109.2300000000 2.1333181309
109.2310000000 2.1284019712
109.2320000000 2.1235344178
109.2330000000 2.1187156384
109.2340000000 2.1139457991
109.2350000000 2.1092250645
109.2360000000 2.1045535975
109.2370000000 2.0999315594
109.2380000000 2.0953591099
109.2390000000 2.0908364070
109.2400000000 2.0863636071
109.2410000000 2.0819408649
109.2420000000 2.0775683335
109.2430000000 2.0732461644
109.2440000000 2.0689745073
109.2450000000 2.0647535102
109.2460000000 2.0605833197
109.2470000000 2.0564640805
109.2480000000 2.0523959356
109.2490000000 2.0483790264
109.2500000000 2.0444134926
109.2510000000 2.0404994721
109.2520000000 2.0366371013
109.2530000000 2.0328265147
109.2540000000 2.0290678452
109.2550000000 2.0253612238
109.2560000000 2.0217067801
109.2570000000 2.0181046417
109.2580000000 2.0145549346
109.2590000000 2.0110577829
109.2600000000 2.0076133092
109.2610000000 2.0042216343
109.2620000000 2.0008828770
109.2630000000 1.9975971548
109.2640000000 1.9943645829
109.2650000000 1.9911852752
109.2660000000 1.9880593437
109.2670000000 1.9849868984
109.2680000000 1.9819680479
109.2690000000 1.9790028987
109.2700000000 1.9760915558
109.2710000000 1.9732341222
109.2720000000 1.9704306993
109.2730000000 1.9676813864
109.2740000000 1.9649862813
109.2750000000 1.9623454800
109.2760000000 1.9597590766
109.2770000000 1.9572271632
109.2780000000 1.9547498306
109.2790000000 1.9523271672
109.2800000000 1.9499592600
109.2810000000 1.9476461942
109.2820000000 1.9453880527
109.2830000000 1.9431849173
109.2840000000 1.9410368672
109.2850000000 1.9389439805
109.2860000000 1.9369063329
109.2870000000 1.9349239986
109.2880000000 1.9329970498
109.2890000000 1.9311255569
109.2900000000 1.9293095885
109.2910000000 1.9275492114
109.2920000000 1.9258444903
109.2930000000 1.9241954885
109.2940000000 1.9226022669
109.2950000000 1.9210648850
109.2960000000 1.9195834001
109.2970000000 1.9181578681
109.2980000000 1.9167883424
109.2990000000 1.9154748752
109.3000000000 1.9142175163
109.3010000000 1.9130163139
109.3020000000 1.9118713144
109.3030000000 1.9107825622
109.3040000000 1.9097500997
109.3050000000 1.9087739677
109.3060000000 1.9078542049
109.3070000000 1.9069908484
109.3080000000 1.9061839330
109.3090000000 1.9054334921
109.3100000000 1.9047395569
109.3110000000 1.9041021567
109.3120000000 1.9035213192
109.3130000000 1.9029970699
109.3140000000 1.9025294327
109.3150000000 1.9021184293
109.3160000000 1.9017640798
109.3170000000 1.9014664022
109.3180000000 1.9012254128
109.3190000000 1.9010411258
109.3200000000 1.9009135538
109.3210000000 1.9008427072
109.3220000000 1.9008285947
109.3230000000 1.9008712230
109.3240000000 1.9009705970
109.3250000000 1.9011267197
109.3260000000 1.9013395921
109.3270000000 1.9016092135
109.3280000000 1.9019355811
109.3290000000 1.9023186902
109.3300000000 1.9027585346
109.3310000000 1.9032551056
109.3320000000 1.9038083931
109.3330000000 1.9044183849
109.3340000000 1.9050850669
109.3350000000 1.9058084231
109.3360000000 1.9065884358
109.3370000000 1.9074250851
109.3380000000 1.9083183494
109.3390000000 1.9092682053
109.3400000000 1.9102746272
109.3410000000 1.9113375879
109.3420000000 1.9124570582
109.3430000000 1.9136330070
109.3440000000 1.9148654014
109.3450000000 1.9161542065
109.3460000000 1.9174993855
109.3470000000 1.9189008998
109.3480000000 1.9203587090
109.3490000000 1.9218727706
109.3500000000 1.9234430403
109.3510000000 1.9250694721
109.3520000000 1.9267520179
109.3530000000 1.9284906278
109.3540000000 1.9302852500
109.3550000000 1.9321358308
109.3560000000 1.9340423148
109.3570000000 1.9360046445
109.3580000000 1.9380227608
109.3590000000 1.9400966023
109.3600000000 1.9422261063
109.3610000000 1.9444112077
109.3620000000 1.9466518400
109.3630000000 1.9489479344
109.3640000000 1.9512994206
109.3650000000 1.9537062263
109.3660000000 1.9561682774
109.3670000000 1.9586854978
109.3680000000 1.9612578097
109.3690000000 1.9638851335
109.3700000000 1.9665673875
109.3710000000 1.9693044885
109.3720000000 1.9720963512
109.3730000000 1.9749428887
109.3740000000 1.9778440119
109.3750000000 1.9807996302
109.3760000000 1.9838096511
109.3770000000 1.9868739802
109.3780000000 1.9899925214
109.3790000000 1.9931651766
109.3800000000 1.9963918461
109.3810000000 1.9996724282
109.3820000000 2.0030068195
109.3830000000 2.0063949148
109.3840000000 2.0098366069
109.3850000000 2.0133317872
109.3860000000 2.0168803450
109.3870000000 2.0204821677
109.3880000000 2.0241371414
109.3890000000 2.0278451498
109.3900000000 2.0316060753
109.3910000000 2.0354197984
109.3920000000 2.0392861976
109.3930000000 2.0432051499
109.3940000000 2.0471765305
109.3950000000 2.0512002126
109.3960000000 2.0552760680
109.3970000000 2.0594039666
109.3980000000 2.0635837763
109.3990000000 2.0678153637
109.4000000000 2.0720985933
109.4010000000 2.0764333281
109.4020000000 2.0808194292
109.4030000000 2.0852567560
109.4040000000 2.0897451663
109.4050000000 2.0942845160
109.4060000000 2.0988746596
109.4070000000 2.1035154494
109.4080000000 2.1082067365
109.4090000000 2.1129483700
109.4100000000 2.1177401973
109.4110000000 2.1225820643
109.4120000000 2.1274738150
109.4130000000 2.1324152919
109.4140000000 2.1374063358
109.4150000000 2.1424467857
109.4160000000 2.1475364791
109.4170000000 2.1526752516
109.4180000000 2.1578629375
109.4190000000 2.1630993692
109.4200000000 2.1683843774
109.4210000000 2.1737177914
109.4220000000 2.1790994388
109.4230000000 2.1845291453
109.4240000000 2.1900067355
109.4250000000 2.1955320318
109.4260000000 2.2011048555
109.4270000000 2.2067250260
109.4280000000 2.2123923611
109.4290000000 2.2181066772
109.4300000000 2.2238677890
109.4310000000 2.2296755096
109.4320000000 2.2355296505
109.4330000000 2.2414300217
109.4340000000 2.2473764316
109.4350000000 2.2533686872
109.4360000000 2.2594065937
109.4370000000 2.2654899549
109.4380000000 2.2716185731
109.4390000000 2.2777922490
109.4400000000 2.2840107817
109.4410000000 2.2902739689
109.4420000000 2.2965816069
109.4430000000 2.3029334902
109.4440000000 2.3093294121
109.4450000000 2.3157691642
109.4460000000 2.3222525367
109.4470000000 2.3287793183
109.4480000000 2.3353492963
109.4490000000 2.3419622565
109.4500000000 2.3486179832
109.4510000000 2.3553162593
109.4520000000 2.3620568663
109.4530000000 2.3688395842
109.4540000000 2.3756641915
109.4550000000 2.3825304654
109.4560000000 2.3894381817
109.4570000000 2.3963871147
109.4580000000 2.4033770375
109.4590000000 2.4104077215
109.4600000000 2.4174789370
109.4610000000 2.4245904527
109.4620000000 2.4317420361
109.4630000000 2.4389334534
109.4640000000 2.4461644692
109.4650000000 2.4534348469
109.4660000000 2.4607443486
109.4670000000 2.4680927350
109.4680000000 2.4754797655
109.4690000000 2.4829051982
109.4700000000 2.4903687899
109.4710000000 2.4978702962
109.4720000000 2.5054094711
109.4730000000 2.5129860677
109.4740000000 2.5205998375
109.4750000000 2.5282505311
109.4760000000 2.5359378974
109.4770000000 2.5436616844
109.4780000000 2.5514216388
109.4790000000 2.5592175060
109.4800000000 2.5670490301
109.4810000000 2.5749159541
109.4820000000 2.5828180199
109.4830000000 2.5907549679
109.4840000000 2.5987265377
109.4850000000 2.6067324673
109.4860000000 2.6147724938
109.4870000000 2.6228463532
109.4880000000 2.6309537801
109.4890000000 2.6390945081
109.4900000000 2.6472682696
109.4910000000 2.6554747960
109.4920000000 2.6637138175
109.4930000000 2.6719850631
109.4940000000 2.6802882608
109.4950000000 2.6886231376
109.4960000000 2.6969894191
109.4970000000 2.7053868302
109.4980000000 2.7138150946
109.4990000000 2.7222739348
109.5000000000 2.7307630724
109.5010000000 2.7392822280
109.5020000000 2.7478311210
109.5030000000 2.7564094700
109.5040000000 2.7650169924
109.5050000000 2.7736534047
109.5060000000 2.7823184223
109.5070000000 2.7910117599
109.5080000000 2.7997331308
109.5090000000 2.8084822477
109.5100000000 2.8172588223
109.5110000000 2.8260625651
109.5120000000 2.8348931859
109.5130000000 2.8437503935
109.5140000000 2.8526338959
109.5150000000 2.8615434000
109.5160000000 2.8704786120
109.5170000000 2.8794392370
109.5180000000 2.8884249793
109.5190000000 2.8974355426
109.5200000000 2.9064706293
109.5210000000 2.9155299413
109.5220000000 2.9246131794
109.5230000000 2.9337200439
109.5240000000 2.9428502339
109.5250000000 2.9520034481
109.5260000000 2.9611793840
109.5270000000 2.9703777386
109.5280000000 2.9795982080
109.5290000000 2.9888404875
109.5300000000 2.9981042718
109.5310000000 3.0073892548
109.5320000000 3.0166951295
109.5330000000 3.0260215883
109.5340000000 3.0353683230
109.5350000000 3.0447350245
109.5360000000 3.0541213831
109.5370000000 3.0635270883
109.5380000000 3.0729518292
109.5390000000 3.0823952939
109.5400000000 3.0918571701
109.5410000000 3.1013371447
109.5420000000 3.1108349041
109.5430000000 3.1203501340
109.5440000000 3.1298825193
109.5450000000 3.1394317448
109.5460000000 3.1489974941
109.5470000000 3.1585794507
109.5480000000 3.1681772974
109.5490000000 3.1777907162
109.5500000000 3.1874193888
109.5510000000 3.1970629964
109.5520000000 3.2067212195
109.5530000000 3.2163937382
109.5540000000 3.2260802319
109.5550000000 3.2357803798
109.5560000000 3.2454938605
109.5570000000 3.2552203519
109.5580000000 3.2649595318
109.5590000000 3.2747110774
109.5600000000 3.2844746652
109.5610000000 3.2942499718
109.5620000000 3.3040366728
109.5630000000 3.3138344439
109.5640000000 3.3236429600
109.5650000000 3.3334618958
109.5660000000 3.3432909257
109.5670000000 3.3531297236
109.5680000000 3.3629779631
109.5690000000 3.3728353173
109.5700000000 3.3827014592
109.5710000000 3.3925760614
109.5720000000 3.4024587962
109.5730000000 3.4123493354
109.5740000000 3.4222473508
109.5750000000 3.4321525137
109.5760000000 3.4420644954
109.5770000000 3.4519829665
109.5780000000 3.4619075978
109.5790000000 3.4718380597
109.5800000000 3.4817740222
109.5810000000 3.4917151554
109.5820000000 3.5016611289
109.5830000000 3.5116116123
109.5840000000 3.5215662751
109.5850000000 3.5315247862
109.5860000000 3.5414868150
109.5870000000 3.5514520300
109.5880000000 3.5614201003
109.5890000000 3.5713906943
109.5900000000 3.5813634806
109.5910000000 3.5913381276
109.5920000000 3.6013143036
109.5930000000 3.6112916768
109.5940000000 3.6212699154
109.5950000000 3.6312486875
109.5960000000 3.6412276611
109.5970000000 3.6512065044
109.5980000000 3.6611848851
109.5990000000 3.6711624714
109.6000000000 3.6811389312
109.6010000000 3.6911139324
109.6020000000 3.7010871432
109.6030000000 3.7110582314
109.6040000000 3.7210268651
109.6050000000 3.7309927126
109.6060000000 3.7409554418
109.6070000000 3.7509147212
109.6080000000 3.7608702190
109.6090000000 3.7708216037
109.6100000000 3.7807685438
109.6110000000 3.7907107079
109.6120000000 3.8006477648
109.6130000000 3.8105793836
109.6140000000 3.8205052331
109.6150000000 3.8304249828
109.6160000000 3.8403383019
109.6170000000 3.8502448601
109.6180000000 3.8601443272
109.6190000000 3.8700363731
109.6200000000 3.8799206681
109.6210000000 3.8897968826
109.6220000000 3.8996646873
109.6230000000 3.9095237532
109.6240000000 3.9193737513
109.6250000000 3.9292143532
109.6260000000 3.9390452307
109.6270000000 3.9488660557
109.6280000000 3.9586765006
109.6290000000 3.9684762381
109.6300000000 3.9782649412
109.6310000000 3.9880422832
109.6320000000 3.9978079377
109.6330000000 4.0075615788
109.6340000000 4.0173028809
109.6350000000 4.0270315188
109.6360000000 4.0367471677
109.6370000000 4.0464495032
109.6380000000 4.0561382012
109.6390000000 4.0658129382
109.6400000000 4.0754733911
109.6410000000 4.0851192371
109.6420000000 4.0947501540
109.6430000000 4.1043658201
109.6440000000 4.1139659140
109.6450000000 4.1235501150
109.6460000000 4.1331181028
109.6470000000 4.1426695575
109.6480000000 4.1522041600
109.6490000000 4.1617215914
109.6500000000 4.1712215337
109.6510000000 4.1807036691
109.6520000000 4.1901676806
109.6530000000 4.1996132517
109.6540000000 4.2090400665
109.6550000000 4.2184478096
109.6560000000 4.2278361665
109.6570000000 4.2372048230
109.6580000000 4.2465534656
109.6590000000 4.2558817815
109.6600000000 4.2651894586
109.6610000000 4.2744761854
109.6620000000 4.2837416509
109.6630000000 4.2929855451
109.6640000000 4.3022075585
109.6650000000 4.3114073823
109.6660000000 4.3205847085
109.6670000000 4.3297392297
109.6680000000 4.3388706394
109.6690000000 4.3479786316
109.6700000000 4.3570629014
109.6710000000 4.3661231442
109.6720000000 4.3751590567
109.6730000000 4.3841703359
109.6740000000 4.3931566799
109.6750000000 4.4021177876
109.6760000000 4.4110533585
109.6770000000 4.4199630931
109.6780000000 4.4288466927
109.6790000000 4.4377038595
109.6800000000 4.4465342963
109.6810000000 4.4553377071
109.6820000000 4.4641137967
109.6830000000 4.4728622705
109.6840000000 4.4815828351
109.6850000000 4.4902751980
109.6860000000 4.4989390674
109.6870000000 4.5075741526
109.6880000000 4.5161801637
109.6890000000 4.5247568119
109.6900000000 4.5333038094
109.6910000000 4.5418208690
109.6920000000 4.5503077048
109.6930000000 4.5587640318
109.6940000000 4.5671895660
109.6950000000 4.5755840244
109.6960000000 4.5839471250
109.6970000000 4.5922785868
109.6980000000 4.6005781297
109.6990000000 4.6088454750
109.7000000000 4.6170803448
109.7010000000 4.6252824622
109.7020000000 4.6334515514
109.7030000000 4.6415873379
109.7040000000 4.6496895481
109.7050000000 4.6577579094
109.7060000000 4.6657921505
109.7070000000 4.6737920011
109.7080000000 4.6817571920
109.7090000000 4.6896874553
109.7100000000 4.6975825241
109.7110000000 4.7054421326
109.7120000000 4.7132660163
109.7130000000 4.7210539117
109.7140000000 4.7288055567
109.7150000000 4.7365206902
109.7160000000 4.7441990524
109.7170000000 4.7518403846
109.7180000000 4.7594444294
109.7190000000 4.7670109305
109.7200000000 4.7745396330
109.7210000000 4.7820302832
109.7220000000 4.7894826285
109.7230000000 4.7968964177
109.7240000000 4.8042714008
109.7250000000 4.8116073291
109.7260000000 4.8189039552
109.7270000000 4.8261610329
109.7280000000 4.8333783173
109.7290000000 4.8405555650
109.7300000000 4.8476925337
109.7310000000 4.8547889824
109.7320000000 4.8618446717
109.7330000000 4.8688593632
109.7340000000 4.8758328200
109.7350000000 4.8827648067
109.7360000000 4.8896550890
109.7370000000 4.8965034341
109.7380000000 4.9033096105
109.7390000000 4.9100733883
109.7400000000 4.9167945388
109.7410000000 4.9234728346
109.7420000000 4.9301080499
109.7430000000 4.9366999604
109.7440000000 4.9432483430
109.7450000000 4.9497529760
109.7460000000 4.9562136395
109.7470000000 4.9626301146
109.7480000000 4.9690021841
109.7490000000 4.9753296322
109.7500000000 4.9816122447
109.7510000000 4.9878498086
109.7520000000 4.9940421127
109.7530000000 5.0001889470
109.7540000000 5.0062901032
109.7550000000 5.0123453744
109.7560000000 5.0183545553
109.7570000000 5.0243174419
109.7580000000 5.0302338321
109.7590000000 5.0361035250
109.7600000000 5.0419263213
109.7610000000 5.0477020234
109.7620000000 5.0534304351
109.7630000000 5.0591113619
109.7640000000 5.0647446107
109.7650000000 5.0703299900
109.7660000000 5.0758673100
109.7670000000 5.0813563823
109.7680000000 5.0867970204
109.7690000000 5.0921890391
109.7700000000 5.0975322548
109.7710000000 5.1028264858
109.7720000000 5.1080715517
109.7730000000 5.1132672738
109.7740000000 5.1184134753
109.7750000000 5.1235099806
109.7760000000 5.1285566160
109.7770000000 5.1335532095
109.7780000000 5.1384995906
109.7790000000 5.1433955904
109.7800000000 5.1482410420
109.7810000000 5.1530357797
109.7820000000 5.1577796399
109.7830000000 5.1624724605
109.7840000000 5.1671140810
109.7850000000 5.1717043426
109.7860000000 5.1762430885
109.7870000000 5.1807301632
109.7880000000 5.1851654132
109.7890000000 5.1895486865
109.7900000000 5.1938798330
109.7910000000 5.1981587042
109.7920000000 5.2023851534
109.7930000000 5.2065590355
109.7940000000 5.2106802074
109.7950000000 5.2147485275
109.7960000000 5.2187638560
109.7970000000 5.2227260550
109.7980000000 5.2266349881
109.7990000000 5.2304905210
109.8000000000 5.2342925208
109.8010000000 5.2380408566
109.8020000000 5.2417353993
109.8030000000 5.2453760213
109.8040000000 5.2489625973
109.8050000000 5.2524950032
109.8060000000 5.2559731171
109.8070000000 5.2593968187
109.8080000000 5.2627659897
109.8090000000 5.2660805134
109.8100000000 5.2693402750
109.8110000000 5.2725451614
109.8120000000 5.2756950616
109.8130000000 5.2787898661
109.8140000000 5.2818294675
109.8150000000 5.2848137600
109.8160000000 5.2877426397
109.8170000000 5.2906160047
109.8180000000 5.2934337547
109.8190000000 5.2961957914
109.8200000000 5.2989020182
109.8210000000 5.3015523407
109.8220000000 5.3041466658
109.8230000000 5.3066849027
109.8240000000 5.3091669624
109.8250000000 5.3115927575
109.8260000000 5.3139622028
109.8270000000 5.3162752148
109.8280000000 5.3185317119
109.8290000000 5.3207316142
109.8300000000 5.3228748441
109.8310000000 5.3249613255
109.8320000000 5.3269909842
109.8330000000 5.3289637482
109.8340000000 5.3308795471
109.8350000000 5.3327383124
109.8360000000 5.3345399777
109.8370000000 5.3362844782
109.8380000000 5.3379717514
109.8390000000 5.3396017362
109.8400000000 5.3411743739
109.8410000000 5.3426896073
109.8420000000 5.3441473813
109.8430000000 5.3455476428
109.8440000000 5.3468903403
109.8450000000 5.3481754246
109.8460000000 5.3494028482
109.8470000000 5.3505725654
109.8480000000 5.3516845327
109.8490000000 5.3527387083
109.8500000000 5.3537350523
109.8510000000 5.3546735271
109.8520000000 5.3555540965
109.8530000000 5.3563767265
109.8540000000 5.3571413850
109.8550000000 5.3578480420
109.8560000000 5.3584966690
109.8570000000 5.3590872398
109.8580000000 5.3596197299
109.8590000000 5.3600941170
109.8600000000 5.3605103805
109.8610000000 5.3608685019
109.8620000000 5.3611684643
109.8630000000 5.3614102532
109.8640000000 5.3615938557
109.8650000000 5.3617192611
109.8660000000 5.3617864602
109.8670000000 5.3617954463
109.8680000000 5.3617462142
109.8690000000 5.3616387609
109.8700000000 5.3614730851
109.8710000000 5.3612491877
109.8720000000 5.3609670714
109.8730000000 5.3606267408
109.8740000000 5.3602282024
109.8750000000 5.3597714649
109.8760000000 5.3592565387
109.8770000000 5.3586834361
109.8780000000 5.3580521716
109.8790000000 5.3573627614
109.8800000000 5.3566152237
109.8810000000 5.3558095786
109.8820000000 5.3549458483
109.8830000000 5.3540240568
109.8840000000 5.3530442300
109.8850000000 5.3520063958
109.8860000000 5.3509105841
109.8870000000 5.3497568265
109.8880000000 5.3485451568
109.8890000000 5.3472756105
109.8900000000 5.3459482254
109.8910000000 5.3445630407
109.8920000000 5.3431200979
109.8930000000 5.3416194403
109.8940000000 5.3400611133
109.8950000000 5.3384451638
109.8960000000 5.3367716412
109.8970000000 5.3350405963
109.8980000000 5.3332520820
109.8990000000 5.3314061534
109.9000000000 5.3295028670
109.9010000000 5.3275422817
109.9020000000 5.3255244579
109.9030000000 5.3234494582
109.9040000000 5.3213173470
109.9050000000 5.3191281905
109.9060000000 5.3168820572
109.9070000000 5.3145790169
109.9080000000 5.3122191418
109.9090000000 5.3098025058
109.9100000000 5.3073291847
109.9110000000 5.3047992562
109.9120000000 5.3022127998
109.9130000000 5.2995698971
109.9140000000 5.2968706315
109.9150000000 5.2941150881
109.9160000000 5.2913033541
109.9170000000 5.2884355186
109.9180000000 5.2855116723
109.9190000000 5.2825319081
109.9200000000 5.2794963205
109.9210000000 5.2764050061
109.9220000000 5.2732580631
109.9230000000 5.2700555918
109.9240000000 5.2667976943
109.9250000000 5.2634844744
109.9260000000 5.2601160380
109.9270000000 5.2566924925
109.9280000000 5.2532139475
109.9290000000 5.2496805143
109.9300000000 5.2460923059
109.9310000000 5.2424494374
109.9320000000 5.2387520255
109.9330000000 5.2350001887
109.9340000000 5.2311940476
109.9350000000 5.2273337244
109.9360000000 5.2234193431
109.9370000000 5.2194510296
109.9380000000 5.2154289116
109.9390000000 5.2113531184
109.9400000000 5.2072237815
109.9410000000 5.2030410337
109.9420000000 5.1988050101
109.9430000000 5.1945158471
109.9440000000 5.1901736832
109.9450000000 5.1857786586
109.9460000000 5.1813309152
109.9470000000 5.1768305968
109.9480000000 5.1722778487
109.9490000000 5.1676728182
109.9500000000 5.1630156544
109.9510000000 5.1583065078
109.9520000000 5.1535455310
109.9530000000 5.1487328782
109.9540000000 5.1438687053
109.9550000000 5.1389531700
109.9560000000 5.1339864316
109.9570000000 5.1289686512
109.9580000000 5.1238999917
109.9590000000 5.1187806174
109.9600000000 5.1136106948
109.9610000000 5.1083903915
109.9620000000 5.1031198773
109.9630000000 5.0977993234
109.9640000000 5.0924289028
109.9650000000 5.0870087900
109.9660000000 5.0815391613
109.9670000000 5.0760201948
109.9680000000 5.0704520700
109.9690000000 5.0648349681
109.9700000000 5.0591690721
109.9710000000 5.0534545665
109.9720000000 5.0476916375
109.9730000000 5.0418804727
109.9740000000 5.0360212617
109.9750000000 5.0301141955
109.9760000000 5.0241594666
109.9770000000 5.0181572693
109.9780000000 5.0121077995
109.9790000000 5.0060112544
109.9800000000 4.9998678332
109.9810000000 4.9936777363
109.9820000000 4.9874411659
109.9830000000 4.9811583257
109.9840000000 4.9748294209
109.9850000000 4.9684546583
109.9860000000 4.9620342462
109.9870000000 4.9555683945
109.9880000000 4.9490573145
109.9890000000 4.9425012193
109.9900000000 4.9359003231
109.9910000000 4.9292548420
109.9920000000 4.9225649933
109.9930000000 4.9158309960
109.9940000000 4.9090530705
109.9950000000 4.9022314386
109.9960000000 4.8953663237
109.9970000000 4.8884579506
109.9980000000 4.8815065456
109.9990000000 4.8745123364
110.0000000000 4.8674755521
110.0010000000 4.8603964233
110.0020000000 4.8532751820
110.0030000000 4.8461120618
110.0040000000 4.8389072973
110.0050000000 4.8316611248
110.0060000000 4.8243737821
110.0070000000 4.8170455080
110.0080000000 4.8096765430
110.0090000000 4.8022671289
110.0100000000 4.7948175087
110.0110000000 4.7873279271
110.0120000000 4.7797986297
110.0130000000 4.7722298638
110.0140000000 4.7646218779
110.0150000000 4.7569749218
110.0160000000 4.7492892467
110.0170000000 4.7415651049
110.0180000000 4.7338027503
110.0190000000 4.7260024378
110.0200000000 4.7181644237
110.0210000000 4.7102889657
110.0220000000 4.7023763226
110.0230000000 4.6944267545
110.0240000000 4.6864405227
110.0250000000 4.6784178898
110.0260000000 4.6703591196
110.0270000000 4.6622644772
110.0280000000 4.6541342287
110.0290000000 4.6459686417
110.0300000000 4.6377679848
110.0310000000 4.6295325278
110.0320000000 4.6212625417
110.0330000000 4.6129582987
110.0340000000 4.6046200721
110.0350000000 4.5962481363
110.0360000000 4.5878427671
110.0370000000 4.5794042411
110.0380000000 4.5709328361
110.0390000000 4.5624288313
110.0400000000 4.5538925066
110.0410000000 4.5453241433
110.0420000000 4.5367240236
110.0430000000 4.5280924309
110.0440000000 4.5194296494
110.0450000000 4.5107359648
110.0460000000 4.5020116636
110.0470000000 4.4932570331
110.0480000000 4.4844723622
110.0490000000 4.4756579402
110.0500000000 4.4668140579
110.0510000000 4.4579410068
110.0520000000 4.4490390795
110.0530000000 4.4401085696
110.0540000000 4.4311497717
110.0550000000 4.4221629811
110.0560000000 4.4131484945
110.0570000000 4.4041066091
110.0580000000 4.3950376234
110.0590000000 4.3859418365
110.0600000000 4.3768195485
110.0610000000 4.3676710607
110.0620000000 4.3584966748
110.0630000000 4.3492966938
110.0640000000 4.3400714214
110.0650000000 4.3308211620
110.0660000000 4.3215462212
110.0670000000 4.3122469052
110.0680000000 4.3029235210
110.0690000000 4.2935763765
110.0700000000 4.2842057806
110.0710000000 4.2748120427
110.0720000000 4.2653954731
110.0730000000 4.2559563829
110.0740000000 4.2464950839
110.0750000000 4.2370118888
110.0760000000 4.2275071110
110.0770000000 4.2179810645
110.0780000000 4.2084340642
110.0790000000 4.1988664256
110.0800000000 4.1892784650
110.0810000000 4.1796704993
110.0820000000 4.1700428462
110.0830000000 4.1603958239
110.0840000000 4.1507297515
110.0850000000 4.1410449486
110.0860000000 4.1313417355
110.0870000000 4.1216204330
110.0880000000 4.1118813628
110.0890000000 4.1021248468
110.0900000000 4.0923512080
110.0910000000 4.0825607696
110.0920000000 4.0727538556
110.0930000000 4.0629307903
110.0940000000 4.0530918989
110.0950000000 4.0432375070
110.0960000000 4.0333679406
110.0970000000 4.0234835264
110.0980000000 4.0135845917
110.0990000000 4.0036714639
110.1000000000 3.9937444714
110.1010000000 3.9838039427
110.1020000000 3.9738502070
110.1030000000 3.9638835938
110.1040000000 3.9539044332
110.1050000000 3.9439130555
110.1060000000 3.9339097918
110.1070000000 3.9238949733
110.1080000000 3.9138689317
110.1090000000 3.9038319991
110.1100000000 3.8937845081
110.1110000000 3.8837267913
110.1120000000 3.8736591822
110.1130000000 3.8635820142
110.1140000000 3.8534956213
110.1150000000 3.8434003376
110.1160000000 3.8332964978
110.1170000000 3.8231844367
110.1180000000 3.8130644895
110.1190000000 3.8029369915
110.1200000000 3.7928022786
110.1210000000 3.7826606865
110.1220000000 3.7725125517
110.1230000000 3.7623582105
110.1240000000 3.7521979996
110.1250000000 3.7420322559
110.1260000000 3.7318613166
110.1270000000 3.7216855188
110.1280000000 3.7115052002
110.1290000000 3.7013206983
110.1300000000 3.6911323509
110.1310000000 3.6809404960
110.1320000000 3.6707454718
110.1330000000 3.6605476164
110.1340000000 3.6503472681
110.1350000000 3.6401447655
110.1360000000 3.6299404470
110.1370000000 3.6197346512
110.1380000000 3.6095277169
110.1390000000 3.5993199828
110.1400000000 3.5891117877
110.1410000000 3.5789034703
110.1420000000 3.5686953696
110.1430000000 3.5584878244
110.1440000000 3.5482811735
110.1450000000 3.5380757559
110.1460000000 3.5278719104
110.1470000000 3.5176699757
110.1480000000 3.5074702907
110.1490000000 3.4972731940
110.1500000000 3.4870790242
110.1510000000 3.4768881201
110.1520000000 3.4667008199
110.1530000000 3.4565174621
110.1540000000 3.4463383850
110.1550000000 3.4361639266
110.1560000000 3.4259944251
110.1570000000 3.4158302182
110.1580000000 3.4056716438
110.1590000000 3.3955190392
110.1600000000 3.3853727419
110.1610000000 3.3752330891
110.1620000000 3.3651004177
110.1630000000 3.3549750645
110.1640000000 3.3448573660
110.1650000000 3.3347476585
110.1660000000 3.3246462781
110.1670000000 3.3145535606
110.1680000000 3.3044698415
110.1690000000 3.2943954561
110.1700000000 3.2843307393
110.1710000000 3.2742760257
110.1720000000 3.2642316498
110.1730000000 3.2541979455
110.1740000000 3.2441752466
110.1750000000 3.2341638863
110.1760000000 3.2241641977
110.1770000000 3.2141765133
110.1780000000 3.2042011654
110.1790000000 3.1942384859
110.1800000000 3.1842888061
110.1810000000 3.1743524572
110.1820000000 3.1644297696
110.1830000000 3.1545210736
110.1840000000 3.1446266990
110.1850000000 3.1347469749
110.1860000000 3.1248822301
110.1870000000 3.1150327930
110.1880000000 3.1051989914
110.1890000000 3.0953811527
110.1900000000 3.0855796035
110.1910000000 3.0757946703
110.1920000000 3.0660266788
110.1930000000 3.0562759542
110.1940000000 3.0465428212
110.1950000000 3.0368276037
110.1960000000 3.0271306255
110.1970000000 3.0174522093
110.1980000000 3.0077926775
110.1990000000 2.9981523519
110.2000000000 2.9885315535
110.2010000000 2.9789306027
110.2020000000 2.9693498195
110.2030000000 2.9597895229
110.2040000000 2.9502500315
110.2050000000 2.9407316632
110.2060000000 2.9312347350
110.2070000000 2.9217595634
110.2080000000 2.9123064642
110.2090000000 2.9028757523
110.2100000000 2.8934677422
110.2110000000 2.8840827474
110.2120000000 2.8747210806
110.2130000000 2.8653830540
110.2140000000 2.8560689788
110.2150000000 2.8467791656
110.2160000000 2.8375139240
110.2170000000 2.8282735631
110.2180000000 2.8190583908
110.2190000000 2.8098687146
110.2200000000 2.8007048409
110.2210000000 2.7915670752
110.2220000000 2.7824557225
110.2230000000 2.7733710865
110.2240000000 2.7643134703
110.2250000000 2.7552831760
110.2260000000 2.7462805050
110.2270000000 2.7373057576
110.2280000000 2.7283592333
110.2290000000 2.7194412305
110.2300000000 2.7105520469
110.2310000000 2.7016919791
110.2320000000 2.6928613228
110.2330000000 2.6840603728
110.2340000000 2.6752894228
110.2350000000 2.6665487656
110.2360000000 2.6578386930
110.2370000000 2.6491594959
110.2380000000 2.6405114639
110.2390000000 2.6318948859
110.2400000000 2.6233100495
110.2410000000 2.6147572415
110.2420000000 2.6062367476
110.2430000000 2.5977488522
110.2440000000 2.5892938390
110.2450000000 2.5808719903
110.2460000000 2.5724835876
110.2470000000 2.5641289109
110.2480000000 2.5558082396
110.2490000000 2.5475218516
110.2500000000 2.5392700239
110.2510000000 2.5310530321
110.2520000000 2.5228711510
110.2530000000 2.5147246540
110.2540000000 2.5066138134
110.2550000000 2.4985389004
110.2560000000 2.4905001849
110.2570000000 2.4824979357
110.2580000000 2.4745324203
110.2590000000 2.4666039052
110.2600000000 2.4587126555
110.2610000000 2.4508589351
110.2620000000 2.4430430066
110.2630000000 2.4352651316
110.2640000000 2.4275255703
110.2650000000 2.4198245815
110.2660000000 2.4121624230
110.2670000000 2.4045393511
110.2680000000 2.3969556210
110.2690000000 2.3894114864
110.2700000000 2.3819071998
110.2710000000 2.3744430125
110.2720000000 2.3670191743
110.2730000000 2.3596359337
110.2740000000 2.3522935380
110.2750000000 2.3449922331
110.2760000000 2.3377322634
110.2770000000 2.3305138721
110.2780000000 2.3233373009
110.2790000000 2.3162027903
110.2800000000 2.3091105792
110.2810000000 2.3020609054
110.2820000000 2.2950540049
110.2830000000 2.2880901127
110.2840000000 2.2811694620
110.2850000000 2.2742922850
110.2860000000 2.2674588120
110.2870000000 2.2606692722
110.2880000000 2.2539238932
110.2890000000 2.2472229012
110.2900000000 2.2405665209
110.2910000000 2.2339549756
110.2920000000 2.2273884870
110.2930000000 2.2208672754
110.2940000000 2.2143915595
110.2950000000 2.2079615568
110.2960000000 2.2015774829
110.2970000000 2.1952395521
110.2980000000 2.1889479771
110.2990000000 2.1827029692
110.3000000000 2.1765047380
110.3010000000 2.1703534916
110.3020000000 2.1642494366
110.3030000000 2.1581927780
110.3040000000 2.1521837192
110.3050000000 2.1462224622
110.3060000000 2.1403092072
110.3070000000 2.1344441529
110.3080000000 2.1286274964
110.3090000000 2.1228594333
110.3100000000 2.1171401575
110.3110000000 2.1114698612
110.3120000000 2.1058487351
110.3130000000 2.1002769683
110.3140000000 2.0947547482
110.3150000000 2.0892822606
110.3160000000 2.0838596897
110.3170000000 2.0784872178
110.3180000000 2.0731650259
110.3190000000 2.0678932931
110.3200000000 2.0626721968
110.3210000000 2.0575019130
110.3220000000 2.0523826158
110.3230000000 2.0473144776
110.3240000000 2.0422976692
110.3250000000 2.0373323596
110.3260000000 2.0324187163
110.3270000000 2.0275569048
110.3280000000 2.0227470891
110.3290000000 2.0179894314
110.3300000000 2.0132840922
110.3310000000 2.0086312302
110.3320000000 2.0040310026
110.3330000000 1.9994835644
110.3340000000 1.9949890694
110.3350000000 1.9905476692
110.3360000000 1.9861595139
110.3370000000 1.9818247517
110.3380000000 1.9775435291
110.3390000000 1.9733159909
110.3400000000 1.9691422799
110.3410000000 1.9650225373
110.3420000000 1.9609569025
110.3430000000 1.9569455131
110.3440000000 1.9529885047
110.3450000000 1.9490860115
110.3460000000 1.9452381656
110.3470000000 1.9414450973
110.3480000000 1.9377069351
110.3490000000 1.9340238058
110.3500000000 1.9303958343
110.3510000000 1.9268231437
110.3520000000 1.9233058552
110.3530000000 1.9198440881
110.3540000000 1.9164379601
110.3550000000 1.9130875869
110.3560000000 1.9097930823
110.3570000000 1.9065545584
110.3580000000 1.9033721253
110.3590000000 1.9002458914
110.3600000000 1.8971759629
110.3610000000 1.8941624447
110.3620000000 1.8912054392
110.3630000000 1.8883050474
110.3640000000 1.8854613681
110.3650000000 1.8826744986
110.3660000000 1.8799445338
110.3670000000 1.8772715673
110.3680000000 1.8746556902
110.3690000000 1.8720969922
110.3700000000 1.8695955609
110.3710000000 1.8671514819
110.3720000000 1.8647648392
110.3730000000 1.8624357145
110.3740000000 1.8601641879
110.3750000000 1.8579503374
110.3760000000 1.8557942393
110.3770000000 1.8536959678
110.3780000000 1.8516555952
110.3790000000 1.8496731919
110.3800000000 1.8477488265
110.3810000000 1.8458825654
110.3820000000 1.8440744733
110.3830000000 1.8423246130
110.3840000000 1.8406330451
110.3850000000 1.8389998286
110.3860000000 1.8374250202
110.3870000000 1.8359086750
110.3880000000 1.8344508460
110.3890000000 1.8330515843
110.3900000000 1.8317109389
110.3910000000 1.8304289571
110.3920000000 1.8292056840
110.3930000000 1.8280411630
110.3940000000 1.8269354354
110.3950000000 1.8258885406
110.3960000000 1.8249005159
110.3970000000 1.8239713969
110.3980000000 1.8231012171
110.3990000000 1.8222900080
110.4000000000 1.8215377992
110.4010000000 1.8208446184
110.4020000000 1.8202104911
110.4030000000 1.8196354412
110.4040000000 1.8191194903
110.4050000000 1.8186626583
110.4060000000 1.8182649629
110.4070000000 1.8179264201
110.4080000000 1.8176470436
110.4090000000 1.8174268455
110.4100000000 1.8172658356
110.4110000000 1.8171640220
110.4120000000 1.8171214106
110.4130000000 1.8171380055
110.4140000000 1.8172138089
110.4150000000 1.8173488207
110.4160000000 1.8175430391
110.4170000000 1.8177964604
110.4180000000 1.8181090787
110.4190000000 1.8184808863
110.4200000000 1.8189118733
110.4210000000 1.8194020282
110.4220000000 1.8199513373
110.4230000000 1.8205597849
110.4240000000 1.8212273534
110.4250000000 1.8219540232
110.4260000000 1.8227397729
110.4270000000 1.8235845789
110.4280000000 1.8244884157
110.4290000000 1.8254512560
110.4300000000 1.8264730703
110.4310000000 1.8275538273
110.4320000000 1.8286934936
110.4330000000 1.8298920341
110.4340000000 1.8311494114
110.4350000000 1.8324655864
110.4360000000 1.8338405179
110.4370000000 1.8352741628
110.4380000000 1.8367664761
110.4390000000 1.8383174108
110.4400000000 1.8399269179
110.4410000000 1.8415949464
110.4420000000 1.8433214436
110.4430000000 1.8451063546
110.4440000000 1.8469496228
110.4450000000 1.8488511893
110.4460000000 1.8508109935
110.4470000000 1.8528289730
110.4480000000 1.8549050631
110.4490000000 1.8570391975
110.4500000000 1.8592313077
110.4510000000 1.8614813236
110.4520000000 1.8637891727
110.4530000000 1.8661547810
110.4540000000 1.8685780725
110.4550000000 1.8710589690
110.4560000000 1.8735973907
110.4570000000 1.8761932557
110.4580000000 1.8788464803
110.4590000000 1.8815569788
110.4600000000 1.8843246637
110.4610000000 1.8871494454
110.4620000000 1.8900312327
110.4630000000 1.8929699322
110.4640000000 1.8959654488
110.4650000000 1.8990176853
110.4660000000 1.9021265429
110.4670000000 1.9052919207
110.4680000000 1.9085137160
110.4690000000 1.9117918242
110.4700000000 1.9151261387
110.4710000000 1.9185165513
110.4720000001 1.9219629518
110.4730000001 1.9254652279
110.4740000001 1.9290232659
110.4750000001 1.9326369499
110.4760000001 1.9363061621
110.4770000001 1.9400307832
110.4780000001 1.9438106917
110.4790000001 1.9476457645
110.4800000001 1.9515358764
110.4810000001 1.9554809007
110.4820000001 1.9594807085
110.4830000001 1.9635351695
110.4840000001 1.9676441512
110.4850000001 1.9718075194
110.4860000001 1.9760251381
110.4870000001 1.9802968697
110.4880000001 1.9846225743
110.4890000001 1.9890021108
110.4900000001 1.9934353357
110.4910000001 1.9979221043
110.4920000001 2.0024622696
110.4930000001 2.0070556832
110.4940000001 2.0117021947
110.4950000001 2.0164016519
110.4960000001 2.0211539012
110.4970000001 2.0259587867
110.4980000001 2.0308161511
110.4990000001 2.0357258353
110.5000000001 2.0406876785
110.5010000001 2.0457015178
110.5020000001 2.0507671892
110.5030000001 2.0558845263
110.5040000001 2.0610533615
110.5050000001 2.0662735251
110.5060000001 2.0715448460
110.5070000001 2.0768671512
110.5080000001 2.0822402660
110.5090000001 2.0876640142
110.5100000001 2.0931382176
110.5110000001 2.0986626965
110.5120000001 2.1042372695
110.5130000001 2.1098617536
110.5140000001 2.1155359641
110.5150000001 2.1212597144
110.5160000001 2.1270328166
110.5170000001 2.1328550810
110.5180000001 2.1387263162
110.5190000001 2.1446463292
110.5200000001 2.1506149255
110.5210000001 2.1566319088
110.5220000001 2.1626970812
110.5230000001 2.1688102433
110.5240000001 2.1749711940
110.5250000001 2.1811797308
110.5260000001 2.1874356492
110.5270000001 2.1937387436
110.5280000001 2.2000888065
110.5290000001 2.2064856289
110.5300000001 2.2129290003
110.5310000001 2.2194187087
110.5320000001 2.2259545402
110.5330000001 2.2325362799
110.5340000001 2.2391637109
110.5350000001 2.2458366151
110.5360000001 2.2525547726
110.5370000001 2.2593179622
110.5380000001 2.2661259611
110.5390000001 2.2729785451
110.5400000001 2.2798754883
110.5410000001 2.2868165635
110.5420000001 2.2938015420
110.5430000001 2.3008301936
110.5440000001 2.3079022866
110.5450000001 2.3150175879
110.5460000001 2.3221758630
110.5470000001 2.3293768759
110.5480000001 2.3366203891
110.5490000001 2.3439061639
110.5500000001 2.3512339599
110.5510000001 2.3586035355
110.5520000001 2.3660146477
110.5530000001 2.3734670520
110.5540000001 2.3809605025
110.5550000001 2.3884947521
110.5560000001 2.3960695522
110.5570000001 2.4036846528
110.5580000001 2.4113398027
110.5590000001 2.4190347494
110.5600000001 2.4267692387
110.5610000001 2.4345430155
110.5620000001 2.4423558232
110.5630000001 2.4502074039
110.5640000001 2.4580974984
110.5650000001 2.4660258462
110.5660000001 2.4739921855
110.5670000001 2.4819962533
110.5680000001 2.4900377854
110.5690000001 2.4981165161
110.5700000001 2.5062321788
110.5710000001 2.5143845052
110.5720000001 2.5225732262
110.5730000001 2.5307980714
110.5740000001 2.5390587689
110.5750000001 2.5473550459
110.5760000001 2.5556866283
110.5770000001 2.5640532409
110.5780000001 2.5724546072
110.5790000001 2.5808904496
110.5800000001 2.5893604893
110.5810000001 2.5978644464
110.5820000001 2.6064020399
110.5830000001 2.6149729875
110.5840000001 2.6235770061
110.5850000001 2.6322138112
110.5860000001 2.6408831173
110.5870000001 2.6495846377
110.5880000001 2.6583180849
110.5890000001 2.6670831700
110.5900000001 2.6758796033
110.5910000001 2.6847070940
110.5920000001 2.6935653500
110.5930000001 2.7024540785
110.5940000001 2.7113729855
110.5950000001 2.7203217760
110.5960000001 2.7293001541
110.5970000001 2.7383078228
110.5980000001 2.7473444841
110.5990000001 2.7564098392
110.6000000001 2.7655035880
110.6010000001 2.7746254299
110.6020000001 2.7837750629
110.6030000001 2.7929521845
110.6040000001 2.8021564908
110.6050000001 2.8113876775
110.6060000001 2.8206454389
110.6070000001 2.8299294688
110.6080000001 2.8392394599
110.6090000001 2.8485751040
110.6100000001 2.8579360923
110.6110000001 2.8673221149
110.6120000001 2.8767328611
110.6130000001 2.8861680194
110.6140000001 2.8956272775
110.6150000001 2.9051103223
110.6160000001 2.9146168397
110.6170000001 2.9241465152
110.6180000001 2.9336990331
110.6190000001 2.9432740772
110.6200000001 2.9528713305
110.6210000001 2.9624904751
110.6220000001 2.9721311926
110.6230000001 2.9817931637
110.6240000001 2.9914760684
110.6250000001 3.0011795861
110.6260000001 3.0109033953
110.6270000001 3.0206471741
110.6280000001 3.0304105996
110.6290000001 3.0401933486
110.6300000001 3.0499950969
110.6310000001 3.0598155199
110.6320000001 3.0696542922
110.6330000001 3.0795110880
110.6340000001 3.0893855806
110.6350000001 3.0992774429
110.6360000001 3.1091863472
110.6370000001 3.1191119652
110.6380000001 3.1290539680
110.6390000001 3.1390120261
110.6400000001 3.1489858096
110.6410000001 3.1589749879
110.6420000001 3.1689792301
110.6430000001 3.1789982046
110.6440000001 3.1890315793
110.6450000001 3.1990790218
110.6460000001 3.2091401989
110.6470000001 3.2192147773
110.6480000001 3.2293024230
110.6490000001 3.2394028016
110.6500000001 3.2495155783
110.6510000001 3.2596404178
110.6520000001 3.2697769846
110.6530000001 3.2799249425
110.6540000001 3.2900839552
110.6550000001 3.3002536858
110.6560000001 3.3104337972
110.6570000001 3.3206239517
110.6580000001 3.3308238116
110.6590000001 3.3410330386
110.6600000001 3.3512512942
110.6610000001 3.3614782396
110.6620000001 3.3717135355
110.6630000001 3.3819568426
110.6640000001 3.3922078212
110.6650000001 3.4024661313
110.6660000001 3.4127314326
110.6670000001 3.4230033847
110.6680000001 3.4332816469
110.6690000001 3.4435658782
110.6700000001 3.4538557376
110.6710000001 3.4641508837
110.6720000001 3.4744509750
110.6730000001 3.4847556698
110.6740000001 3.4950646263
110.6750000001 3.5053775024
110.6760000001 3.5156939561
110.6770000001 3.5260136449
110.6780000001 3.5363362267
110.6790000001 3.5466613588
110.6800000001 3.5569886986
110.6810000001 3.5673179036
110.6820000001 3.5776486309
110.6830000001 3.5879805377
110.6840000001 3.5983132812
110.6850000001 3.6086465186
110.6860000001 3.6189799067
110.6870000001 3.6293131028
110.6880000001 3.6396457640
110.6890000001 3.6499775471
110.6900000001 3.6603081095
110.6910000001 3.6706371081
110.6920000001 3.6809642001
110.6930000001 3.6912890428
110.6940000001 3.7016112934
110.6950000001 3.7119306093
110.6960000001 3.7222466479
110.6970000001 3.7325590668
110.6980000001 3.7428675237
110.6990000001 3.7531716762
110.7000000001 3.7634711823
110.7010000001 3.7737657001
110.7020000001 3.7840548878
110.7030000001 3.7943384037
110.7040000001 3.8046159064
110.7050000001 3.8148870547
110.7060000001 3.8251515075
110.7070000001 3.8354089239
110.7080000001 3.8456589634
110.7090000001 3.8559012856
110.7100000001 3.8661355503
110.7110000001 3.8763614177
110.7120000001 3.8865785481
110.7130000001 3.8967866023
110.7140000001 3.9069852412
110.7150000001 3.9171741260
110.7160000001 3.9273529185
110.7170000001 3.9375212804
110.7180000001 3.9476788741
110.7190000001 3.9578253621
110.7200000001 3.9679604074
110.7210000001 3.9780836733
110.7220000001 3.9881948236
110.7230000001 3.9982935223
110.7240000001 4.0083794340
110.7250000001 4.0184522236
110.7260000001 4.0285115564
110.7270000001 4.0385570983
110.7280000001 4.0485885154
110.7290000001 4.0586054746
110.7300000001 4.0686076429
110.7310000001 4.0785946880
110.7320000001 4.0885662782
110.7330000001 4.0985220819
110.7340000001 4.1084617685
110.7350000001 4.1183850076
110.7360000001 4.1282914694
110.7370000001 4.1381808247
110.7380000001 4.1480527449
110.7390000001 4.1579069020
110.7400000001 4.1677429683
110.7410000001 4.1775606170
110.7420000001 4.1873595217
110.7430000001 4.1971393569
110.7440000001 4.2068997974
110.7450000001 4.2166405188
110.7460000001 4.2263611973
110.7470000001 4.2360615099
110.7480000001 4.2457411339
110.7490000001 4.2553997477
110.7500000001 4.2650370303
110.7510000001 4.2746526611
110.7520000001 4.2842463205
110.7530000001 4.2938176896
110.7540000001 4.3033664501
110.7550000001 4.3128922847
110.7560000001 4.3223948764
110.7570000001 4.3318739095
110.7580000001 4.3413290688
110.7590000001 4.3507600397
110.7600000001 4.3601665088
110.7610000001 4.3695481631
110.7620000001 4.3789046909
110.7630000001 4.3882357809
110.7640000001 4.3975411227
110.7650000001 4.4068204070
110.7660000001 4.4160733251
110.7670000001 4.4252995693
110.7680000001 4.4344988328
110.7690000001 4.4436708095
110.7700000001 4.4528151944
110.7710000001 4.4619316834
110.7720000001 4.4710199731
110.7730000001 4.4800797614
110.7740000001 4.4891107467
110.7750000001 4.4981126288
110.7760000001 4.5070851081
110.7770000001 4.5160278862
110.7780000001 4.5249406655
110.7790000001 4.5338231496
110.7800000001 4.5426750429
110.7810000001 4.5514960508
110.7820000001 4.5602858800
110.7830000001 4.5690442379
110.7840000001 4.5777708331
110.7850000001 4.5864653753
110.7860000001 4.5951275751
110.7870000001 4.6037571443
110.7880000001 4.6123537957
110.7890000001 4.6209172433
110.7900000001 4.6294472020
110.7910000001 4.6379433880
110.7920000001 4.6464055185
110.7930000001 4.6548333118
110.7940000001 4.6632264875
110.7950000001 4.6715847663
110.7960000001 4.6799078698
110.7970000001 4.6881955211
110.7980000001 4.6964474443
110.7990000001 4.7046633647
110.8000000001 4.7128430088
110.8010000001 4.7209861043
110.8020000001 4.7290923801
110.8030000001 4.7371615663
110.8040000001 4.7451933943
110.8050000001 4.7531875967
110.8060000001 4.7611439073
110.8070000001 4.7690620612
110.8080000001 4.7769417947
110.8090000001 4.7847828454
110.8100000001 4.7925849524
110.8110000001 4.8003478557
110.8120000001 4.8080712967
110.8130000001 4.8157550185
110.8140000001 4.8233987649
110.8150000001 4.8310022815
110.8160000001 4.8385653150
110.8170000001 4.8460876135
110.8180000001 4.8535689264
110.8190000001 4.8610090046
110.8200000001 4.8684076002
110.8210000001 4.8757644668
110.8220000001 4.8830793592
110.8230000001 4.8903520339
110.8240000001 4.8975822485
110.8250000001 4.9047697621
110.8260000001 4.9119143352
110.8270000001 4.9190157299
110.8280000001 4.9260737095
110.8290000001 4.9330880387
110.8300000001 4.9400584840
110.8310000001 4.9469848129
110.8320000001 4.9538667947
110.8330000001 4.9607042001
110.8340000001 4.9674968011
110.8350000001 4.9742443713
110.8360000001 4.9809466860
110.8370000001 4.9876035215
110.8380000001 4.9942146562
110.8390000001 5.0007798696
110.8400000001 5.0072989428
110.8410000001 5.0137716585
110.8420000001 5.0201978009
110.8430000001 5.0265771558
110.8440000001 5.0329095105
110.8450000001 5.0391946538
110.8460000001 5.0454323762
110.8470000001 5.0516224696
110.8480000001 5.0577647277
110.8490000001 5.0638589455
110.8500000001 5.0699049200
110.8510000001 5.0759024493
110.8520000001 5.0818513335
110.8530000001 5.0877513741
110.8540000001 5.0936023743
110.8550000001 5.0994041390
110.8560000001 5.1051564745
110.8570000001 5.1108591891
110.8580000001 5.1165120923
110.8590000001 5.1221149956
110.8600000001 5.1276677121
110.8610000001 5.1331700564
110.8620000001 5.1386218449
110.8630000001 5.1440228957
110.8640000001 5.1493730285
110.8650000001 5.1546720647
110.8660000001 5.1599198275
110.8670000001 5.1651161416
110.8680000001 5.1702608337
110.8690000001 5.1753537319
110.8700000001 5.1803946661
110.8710000001 5.1853834682
110.8720000001 5.1903199714
110.8730000001 5.1952040109
110.8740000001 5.2000354237
110.8750000001 5.2048140483
110.8760000001 5.2095397251
110.8770000001 5.2142122963
110.8780000001 5.2188316057
110.8790000001 5.2233974991
110.8800000001 5.2279098238
110.8810000001 5.2323684292
110.8820000001 5.2367731661
110.8830000001 5.2411238873
110.8840000001 5.2454204476
110.8850000001 5.2496627031
110.8860000001 5.2538505122
110.8870000001 5.2579837347
110.8880000001 5.2620622325
110.8890000001 5.2660858693
110.8900000001 5.2700545103
110.8910000001 5.2739680230
110.8920000001 5.2778262763
110.8930000001 5.2816291412
110.8940000001 5.2853764905
110.8950000001 5.2890681987
110.8960000001 5.2927041424
110.8970000001 5.2962841998
110.8980000001 5.2998082510
110.8990000001 5.3032761781
110.9000000001 5.3066878650
110.9010000001 5.3100431974
110.9020000001 5.3133420630
110.9030000001 5.3165843511
110.9040000001 5.3197699532
110.9050000001 5.3228987626
110.9060000001 5.3259706743
110.9070000001 5.3289855854
110.9080000001 5.3319433948
110.9090000001 5.3348440034
110.9100000001 5.3376873138
110.9110000001 5.3404732306
110.9120000001 5.3432016604
110.9130000001 5.3458725116
110.9140000001 5.3484856945
110.9150000001 5.3510411215
110.9160000001 5.3535387066
110.9170000001 5.3559783660
110.9180000001 5.3583600176
110.9190000001 5.3606835815
110.9200000001 5.3629489794
110.9210000001 5.3651561353
110.9220000001 5.3673049748
110.9230000001 5.3693954256
110.9240000001 5.3714274174
110.9250000001 5.3734008816
110.9260000001 5.3753157519
110.9270000001 5.3771719635
110.9280000001 5.3789694540
110.9290000001 5.3807081626
110.9300000001 5.3823880308
110.9310000001 5.3840090016
110.9320000001 5.3855710203
110.9330000001 5.3870740342
110.9340000001 5.3885179922
110.9350000001 5.3899028456
110.9360000001 5.3912285473
110.9370000001 5.3924950524
110.9380000001 5.3937023178
110.9390000001 5.3948503025
110.9400000001 5.3959389675
110.9410000001 5.3969682755
110.9420000001 5.3979381915
110.9430000001 5.3988486823
110.9440000001 5.3996997167
110.9450000001 5.4004912655
110.9460000001 5.4012233015
110.9470000001 5.4018957993
110.9480000001 5.4025087357
110.9490000001 5.4030620895
110.9500000001 5.4035558412
110.9510000001 5.4039899735
110.9520000001 5.4043644710
110.9530000001 5.4046793205
110.9540000001 5.4049345104
110.9550000001 5.4051300313
110.9560000001 5.4052658759
110.9570000001 5.4053420386
110.9580000001 5.4053585160
110.9590000001 5.4053153066
110.9600000001 5.4052124109
110.9610000001 5.4050498314
110.9620000001 5.4048275724
110.9630000001 5.4045456406
110.9640000001 5.4042040442
110.9650000001 5.4038027938
110.9660000001 5.4033419017
110.9670000001 5.4028213822
110.9680000001 5.4022412518
110.9690000001 5.4016015287
110.9700000001 5.4009022333
110.9710000001 5.4001433879
110.9720000001 5.3993250168
110.9730000001 5.3984471462
110.9740000001 5.3975098043
110.9750000001 5.3965130213
110.9760000001 5.3954568295
110.9770000001 5.3943412630
110.9780000001 5.3931663580
110.9790000001 5.3919321524
110.9800000001 5.3906386865
110.9810000001 5.3892860022
110.9820000001 5.3878741435
110.9830000001 5.3864031565
110.9840000001 5.3848730891
110.9850000001 5.3832839912
110.9860000001 5.3816359146
110.9870000001 5.3799289132
110.9880000001 5.3781630428
110.9890000001 5.3763383611
110.9900000001 5.3744549279
110.9910000001 5.3725128047
110.9920000001 5.3705120552
110.9930000001 5.3684527450
110.9940000001 5.3663349415
110.9950000001 5.3641587141
110.9960000001 5.3619241344
110.9970000001 5.3596312755
110.9980000001 5.3572802128
110.9990000001 5.3548710234
111.0000000001 5.3524037866
111.0010000001 5.3498785832
111.0020000001 5.3472954964
111.0030000001 5.3446546111
111.0040000001 5.3419560140
111.0050000001 5.3391997940
111.0060000001 5.3363860416
111.0070000001 5.3335148495
111.0080000001 5.3305863122
111.0090000001 5.3276005261
111.0100000001 5.3245575894
111.0110000001 5.3214576023
111.0120000001 5.3183006670
111.0130000001 5.3150868875
111.0140000001 5.3118163695
111.0150000001 5.3084892210
111.0160000001 5.3051055515
111.0170000001 5.3016654725
111.0180000001 5.2981690975
111.0190000001 5.2946165418
111.0200000001 5.2910079224
111.0210000001 5.2873433584
111.0220000001 5.2836229706
111.0230000001 5.2798468819
111.0240000001 5.2760152166
111.0250000001 5.2721281014
111.0260000001 5.2681856643
111.0270000001 5.2641880357
111.0280000001 5.2601353473
111.0290000001 5.2560277329
111.0300000001 5.2518653282
111.0310000001 5.2476482706
111.0320000001 5.2433766992
111.0330000001 5.2390507552
111.0340000001 5.2346705815
111.0350000001 5.2302363226
111.0360000001 5.2257481250
111.0370000001 5.2212061370
111.0380000001 5.2166105086
111.0390000001 5.2119613917
111.0400000001 5.2072589398
111.0410000001 5.2025033083
111.0420000001 5.1976946544
111.0430000001 5.1928331370
111.0440000001 5.1879189167
111.0450000001 5.1829521560
111.0460000001 5.1779330191
111.0470000001 5.1728616717
111.0480000001 5.1677382816
111.0490000001 5.1625630182
111.0500000001 5.1573360525
111.0510000001 5.1520575574
111.0520000001 5.1467277074
111.0530000001 5.1413466787
111.0540000001 5.1359146493
111.0550000001 5.1304317989
111.0560000001 5.1248983086
111.0570000001 5.1193143617
111.0580000001 5.1136801426
111.0590000001 5.1079958379
111.0600000001 5.1022616355
111.0610000001 5.0964777252
111.0620000001 5.0906442982
111.0630000001 5.0847615475
111.0640000001 5.0788296678
111.0650000001 5.0728488554
111.0660000001 5.0668193080
111.0670000001 5.0607412253
111.0680000001 5.0546148083
111.0690000001 5.0484402599
111.0700000001 5.0422177842
111.0710000001 5.0359475872
111.0720000001 5.0296298765
111.0730000001 5.0232648612
111.0740000001 5.0168527518
111.0750000001 5.0103937607
111.0760000001 5.0038881016
111.0770000001 4.9973359898
111.0780000001 4.9907376423
111.0790000001 4.9840932775
111.0800000001 4.9774031153
111.0810000001 4.9706673772
111.0820000001 4.9638862862
111.0830000001 4.9570600668
111.0840000001 4.9501889451
111.0850000001 4.9432731484
111.0860000001 4.9363129058
111.0870000001 4.9293084477
111.0880000001 4.9222600062
111.0890000001 4.9151678145
111.0900000001 4.9080321075
111.0910000001 4.9008531215
111.0920000001 4.8936310943
111.0930000001 4.8863662650
111.0940000001 4.8790588742
111.0950000001 4.8717091639
111.0960000001 4.8643173775
111.0970000001 4.8568837599
111.0980000001 4.8494085572
111.0990000001 4.8418920170
111.1000000001 4.8343343883
111.1010000001 4.8267359215
111.1020000001 4.8190968681
111.1030000001 4.8114174813
111.1040000001 4.8036980154
111.1050000001 4.7959387261
111.1060000001 4.7881398705
111.1070000001 4.7803017069
111.1080000001 4.7724244949
111.1090000001 4.7645084956
111.1100000001 4.7565539712
111.1110000001 4.7485611852
111.1120000001 4.7405304023
111.1130000001 4.7324618888
111.1140000001 4.7243559118
111.1150000001 4.7162127400
111.1160000001 4.7080326431
111.1170000001 4.6998158922
111.1180000001 4.6915627595
111.1190000001 4.6832735186
111.1200000001 4.6749484439
111.1210000001 4.6665878115
111.1220000001 4.6581918983
111.1230000001 4.6497609826
111.1240000001 4.6412953437
111.1250000001 4.6327952621
111.1260000001 4.6242610195
111.1270000001 4.6156928988
111.1280000001 4.6070911838
111.1290000001 4.5984561596
111.1300000001 4.5897881124
111.1310000001 4.5810873295
111.1320000001 4.5723540991
111.1330000001 4.5635887106
111.1340000001 4.5547914547
111.1350000001 4.5459626229
111.1360000001 4.5371025077
111.1370000001 4.5282114027
111.1380000001 4.5192896028
111.1390000001 4.5103374035
111.1400000001 4.5013551016
111.1410000001 4.4923429948
111.1420000001 4.4833013818
111.1430000001 4.4742305623
111.1440000001 4.4651308368
111.1450000001 4.4560025071
111.1460000001 4.4468458757
111.1470000001 4.4376612461
111.1480000001 4.4284489228
111.1490000001 4.4192092110
111.1500000001 4.4099424171
111.1510000001 4.4006488482
111.1520000001 4.3913288125
111.1530000001 4.3819826187
111.1540000001 4.3726105768
111.1550000001 4.3632129975
111.1560000001 4.3537901921
111.1570000001 4.3443424731
111.1580000001 4.3348701537
111.1590000001 4.3253735479
111.1600000001 4.3158529705
111.1610000001 4.3063087370
111.1620000001 4.2967411639
111.1630000001 4.2871505684
111.1640000001 4.2775372684
111.1650000001 4.2679015825
111.1660000001 4.2582438303
111.1670000001 4.2485643318
111.1680000001 4.2388634080
111.1690000001 4.2291413805
111.1700000001 4.2193985716
111.1710000001 4.2096353042
111.1720000001 4.1998519021
111.1730000001 4.1900486896
111.1740000001 4.1802259917
111.1750000001 4.1703841340
111.1760000001 4.1605234429
111.1770000001 4.1506442452
111.1780000001 4.1407468685
111.1790000001 4.1308316410
111.1800000001 4.1208988912
111.1810000001 4.1109489487
111.1820000001 4.1009821431
111.1830000001 4.0909988051
111.1840000001 4.0809992655
111.1850000001 4.0709838558
111.1860000001 4.0609529083
111.1870000001 4.0509067554
111.1880000001 4.0408457301
111.1890000001 4.0307701662
111.1900000001 4.0206803975
111.1910000001 4.0105767587
111.1920000001 4.0004595848
111.1930000001 3.9903292111
111.1940000001 3.9801859736
111.1950000001 3.9700302086
111.1960000001 3.9598622528
111.1970000001 3.9496824432
111.1980000001 3.9394911175
111.1990000001 3.9292886135
111.2000000001 3.9190752695
111.2010000001 3.9088514241
111.2020000001 3.8986174163
111.2030000001 3.8883735855
111.2040000001 3.8781202712
111.2050000001 3.8678578134
111.2060000001 3.8575865525
111.2070000001 3.8473068289
111.2080000001 3.8370189834
111.2090000001 3.8267233573
111.2100000001 3.8164202918
111.2110000001 3.8061101286
111.2120000001 3.7957932094
111.2130000001 3.7854698765
111.2140000001 3.7751404720
111.2150000001 3.7648053384
111.2160000001 3.7544648185
111.2170000001 3.7441192550
111.2180000001 3.7337689910
111.2190000001 3.7234143697
111.2200000001 3.7130557343
111.2210000001 3.7026934284
111.2220000001 3.6923277954
111.2230000001 3.6819591792
111.2240000001 3.6715879234
111.2250000001 3.6612143719
111.2260000001 3.6508388687
111.2270000001 3.6404617578
111.2280000001 3.6300833832
111.2290000001 3.6197040891
111.2300000001 3.6093242195
111.2310000001 3.5989441187
111.2320000001 3.5885641307
111.2330000001 3.5781845997
111.2340000001 3.5678058700
111.2350000001 3.5574282855
111.2360000001 3.5470521903
111.2370000001 3.5366779285
111.2380000001 3.5263058440
111.2390000001 3.5159362808
111.2400000001 3.5055695825
111.2410000001 3.4952060929
111.2420000001 3.4848461556
111.2430000001 3.4744901141
111.2440000001 3.4641383117
111.2450000001 3.4537910917
111.2460000001 3.4434487970
111.2470000001 3.4331117705
111.2480000001 3.4227803551
111.2490000001 3.4124548931
111.2500000001 3.4021357269
111.2510000001 3.3918231987
111.2520000001 3.3815176502
111.2530000001 3.3712194233
111.2540000001 3.3609288592
111.2550000001 3.3506462991
111.2560000001 3.3403720840
111.2570000001 3.3301065544
111.2580000001 3.3198500507
111.2590000001 3.3096029129
111.2600000001 3.2993654806
111.2610000001 3.2891380934
111.2620000001 3.2789210901
111.2630000001 3.2687148096
111.2640000001 3.2585195901
111.2650000001 3.2483357696
111.2660000001 3.2381636858
111.2670000001 3.2280036759
111.2680000001 3.2178560765
111.2690000001 3.2077212242
111.2700000001 3.1975994549
111.2710000001 3.1874911041
111.2720000001 3.1773965069
111.2730000001 3.1673159979
111.2740000001 3.1572499112
111.2750000001 3.1471985806
111.2760000001 3.1371623392
111.2770000001 3.1271415196
111.2780000001 3.1171364541
111.2790000001 3.1071474743
111.2800000001 3.0971749112
111.2810000001 3.0872190955
111.2820000001 3.0772803571
111.2830000001 3.0673590254
111.2840000001 3.0574554293
111.2850000001 3.0475698970
111.2860000001 3.0377027562
111.2870000001 3.0278543339
111.2880000001 3.0180249566
111.2890000001 3.0082149499
111.2900000001 2.9984246392
111.2910000001 2.9886543487
111.2920000001 2.9789044024
111.2930000001 2.9691751233
111.2940000001 2.9594668340
111.2950000001 2.9497798561
111.2960000001 2.9401145107
111.2970000001 2.9304711181
111.2980000001 2.9208499979
111.2990000001 2.9112514689
111.3000000001 2.9016758492
111.3010000001 2.8921234562
111.3020000001 2.8825946063
111.3030000001 2.8730896154
111.3040000001 2.8636087984
111.3050000001 2.8541524695
111.3060000001 2.8447209421
111.3070000001 2.8353145286
111.3080000001 2.8259335407
111.3090000001 2.8165782894
111.3100000001 2.8072490845
111.3110000001 2.7979462352
111.3120000001 2.7886700497
111.3130000001 2.7794208354
111.3140000001 2.7701988987
111.3150000001 2.7610045452
111.3160000001 2.7518380795
111.3170000001 2.7426998053
111.3180000001 2.7335900253
111.3190000001 2.7245090413
111.3200000001 2.7154571543
111.3210000001 2.7064346640
111.3220000001 2.6974418694
111.3230000001 2.6884790684
111.3240000001 2.6795465579
111.3250000001 2.6706446338
111.3260000001 2.6617735909
111.3270000001 2.6529337233
111.3280000001 2.6441253235
111.3290000001 2.6353486835
111.3300000001 2.6266040940
111.3310000001 2.6178918445
111.3320000001 2.6092122236
111.3330000001 2.6005655189
111.3340000001 2.5919520168
111.3350000001 2.5833720024
111.3360000001 2.5748257600
111.3370000001 2.5663135726
111.3380000001 2.5578357221
111.3390000001 2.5493924892
111.3400000001 2.5409841537
111.3410000001 2.5326109939
111.3420000001 2.5242732871
111.3430000001 2.5159713094
111.3440000001 2.5077053357
111.3450000001 2.4994756397
111.3460000001 2.4912824939
111.3470000001 2.4831261697
111.3480000001 2.4750069370
111.3490000001 2.4669250646
111.3500000001 2.4588808203
111.3510000001 2.4508744702
111.3520000001 2.4429062795
111.3530000001 2.4349765119
111.3540000001 2.4270854300
111.3550000001 2.4192332949
111.3560000001 2.4114203667
111.3570000001 2.4036469039
111.3580000001 2.3959131638
111.3590000001 2.3882194025
111.3600000001 2.3805658746
111.3610000001 2.3729528334
111.3620000001 2.3653805309
111.3630000001 2.3578492177
111.3640000001 2.3503591430
111.3650000001 2.3429105548
111.3660000001 2.3355036995
111.3670000001 2.3281388222
111.3680000001 2.3208161666
111.3690000001 2.3135359751
111.3700000001 2.3062984885
111.3710000001 2.2991039463
111.3720000001 2.2919525866
111.3730000001 2.2848446459
111.3740000001 2.2777803594
111.3750000001 2.2707599608
111.3760000001 2.2637836823
111.3770000001 2.2568517548
111.3780000001 2.2499644075
111.3790000001 2.2431218682
111.3800000001 2.2363243633
111.3810000001 2.2295721176
111.3820000001 2.2228653544
111.3830000001 2.2162042954
111.3840000001 2.2095891611
111.3850000001 2.2030201701
111.3860000001 2.1964975397
111.3870000001 2.1900214855
111.3880000001 2.1835922217
111.3890000001 2.1772099608
111.3900000001 2.1708749138
111.3910000001 2.1645872902
111.3920000001 2.1583472979
111.3930000001 2.1521551430
111.3940000001 2.1460110303
111.3950000001 2.1399151629
111.3960000001 2.1338677422
111.3970000001 2.1278689681
111.3980000001 2.1219190388
111.3990000001 2.1160181510
111.4000000001 2.1101664996
111.4010000001 2.1043642780
111.4020000001 2.0986116779
111.4030000001 2.0929088893
111.4040000001 2.0872561006
111.4050000001 2.0816534986
111.4060000001 2.0761012684
111.4070000001 2.0705995932
111.4080000001 2.0651486548
111.4090000001 2.0597486333
111.4100000001 2.0543997069
111.4110000001 2.0491020522
111.4120000001 2.0438558442
111.4130000001 2.0386612561
111.4140000001 2.0335184594
111.4150000001 2.0284276238
111.4160000001 2.0233889173
111.4170000001 2.0184025063
111.4180000001 2.0134685553
111.4190000001 2.0085872271
111.4200000001 2.0037586828
111.4210000001 1.9989830816
111.4220000001 1.9942605812
111.4230000001 1.9895913374
111.4240000001 1.9849755040
111.4250000001 1.9804132334
111.4260000001 1.9759046760
111.4270000001 1.9714499804
111.4280000001 1.9670492936
111.4290000001 1.9627027605
111.4300000001 1.9584105246
111.4310000001 1.9541727271
111.4320000001 1.9499895079
111.4330000001 1.9458610046
111.4340000001 1.9417873535
111.4350000001 1.9377686885
111.4360000001 1.9338051422
111.4370000001 1.9298968450
111.4380000001 1.9260439256
111.4390000001 1.9222465109
111.4400000001 1.9185047259
111.4410000001 1.9148186937
111.4420000001 1.9111885357
111.4430000001 1.9076143713
111.4440000001 1.9040963180
111.4450000001 1.9006344916
111.4460000001 1.8972290059
111.4470000001 1.8938799729
111.4480000001 1.8905875027
111.4490000001 1.8873517035
111.4500000001 1.8841726816
111.4510000001 1.8810505415
111.4520000001 1.8779853857
111.4530000001 1.8749773148
111.4540000001 1.8720264277
111.4550000001 1.8691328211
111.4560000001 1.8662965900
111.4570000001 1.8635178275
111.4580000001 1.8607966246
111.4590000001 1.8581330707
111.4600000001 1.8555272529
111.4610000001 1.8529792567
111.4620000001 1.8504891656
111.4630000001 1.8480570609
111.4640000001 1.8456830225
111.4650000001 1.8433671278
111.4660000001 1.8411094527
111.4670000001 1.8389100709
111.4680000001 1.8367690544
111.4690000001 1.8346864730
111.4700000001 1.8326623948
111.4710000001 1.8306968856
111.4720000001 1.8287900098
111.4730000001 1.8269418293
111.4740000001 1.8251524043
111.4750000001 1.8234217932
111.4760000001 1.8217500521
111.4770000001 1.8201372355
111.4780000001 1.8185833956
111.4790000001 1.8170885828
111.4800000001 1.8156528456
111.4810000001 1.8142762305
111.4820000001 1.8129587820
111.4830000001 1.8117005426
111.4840000001 1.8105015529
111.4850000001 1.8093618515
111.4860000001 1.8082814751
111.4870000001 1.8072604582
111.4880000001 1.8062988336
111.4890000001 1.8053966320
111.4900000001 1.8045538822
111.4910000001 1.8037706108
111.4920000001 1.8030468427
111.4930000001 1.8023826008
111.4940000001 1.8017779057
111.4950000001 1.8012327765
111.4960000001 1.8007472299
111.4970000001 1.8003212808
111.4980000001 1.7999549422
111.4990000001 1.7996482250
111.5000000001 1.7994011381
111.5010000001 1.7992136885
111.5020000001 1.7990858812
111.5030000001 1.7990177191
111.5040000001 1.7990092034
111.5050000001 1.7990603330
111.5060000001 1.7991711050
111.5070000001 1.7993415145
111.5080000001 1.7995715546
111.5090000001 1.7998612164
111.5100000001 1.8002104889
111.5110000001 1.8006193595
111.5120000001 1.8010878131
111.5130000001 1.8016158331
111.5140000001 1.8022034007
111.5150000001 1.8028504950
111.5160000001 1.8035570933
111.5170000001 1.8043231709
111.5180000001 1.8051487011
111.5190000001 1.8060336553
111.5200000001 1.8069780027
111.5210000001 1.8079817108
111.5220000001 1.8090447450
111.5230000001 1.8101670687
111.5240000001 1.8113486434
111.5250000001 1.8125894285
111.5260000001 1.8138893817
111.5270000001 1.8152484584
111.5280000001 1.8166666124
111.5290000001 1.8181437951
111.5300000001 1.8196799563
111.5310000001 1.8212750438
111.5320000001 1.8229290033
111.5330000001 1.8246417786
111.5340000001 1.8264133115
111.5350000001 1.8282435420
111.5360000001 1.8301324080
111.5370000001 1.8320798455
111.5380000001 1.8340857886
111.5390000001 1.8361501695
111.5400000001 1.8382729182
111.5410000001 1.8404539630
111.5420000001 1.8426932303
111.5430000001 1.8449906444
111.5440000001 1.8473461278
111.5450000001 1.8497596009
111.5460000001 1.8522309824
111.5470000001 1.8547601889
111.5480000001 1.8573471351
111.5490000001 1.8599917340
111.5500000001 1.8626938963
111.5510000001 1.8654535312
111.5520000001 1.8682705457
111.5530000001 1.8711448450
111.5540000001 1.8740763324
111.5550000001 1.8770649092
111.5560000001 1.8801104751
111.5570000001 1.8832129275
111.5580000001 1.8863721622
111.5590000001 1.8895880730
111.5600000001 1.8928605520
111.5610000001 1.8961894891
111.5620000001 1.8995747725
111.5630000001 1.9030162886
111.5640000001 1.9065139219
111.5650000001 1.9100675549
111.5660000001 1.9136770683
111.5670000001 1.9173423412
111.5680000001 1.9210632505
111.5690000001 1.9248396714
111.5700000001 1.9286714772
111.5710000001 1.9325585395
111.5720000001 1.9365007279
111.5730000001 1.9404979103
111.5740000001 1.9445499528
111.5750000001 1.9486567194
111.5760000001 1.9528180727
111.5770000001 1.9570338731
111.5780000001 1.9613039796
111.5790000001 1.9656282489
111.5800000001 1.9700065363
111.5810000001 1.9744386952
111.5820000001 1.9789245772
111.5830000001 1.9834640321
111.5840000001 1.9880569079
111.5850000001 1.9927030509
111.5860000001 1.9974023056
111.5870000001 2.0021545147
111.5880000001 2.0069595193
111.5890000001 2.0118171584
111.5900000001 2.0167272697
111.5910000001 2.0216896888
111.5920000001 2.0267042498
111.5930000001 2.0317707849
111.5940000001 2.0368891247
111.5950000001 2.0420590981
111.5960000001 2.0472805322
111.5970000001 2.0525532523
111.5980000001 2.0578770823
111.5990000001 2.0632518441
111.6000000001 2.0686773581
111.6010000001 2.0741534429
111.6020000001 2.0796799156
111.6030000001 2.0852565913
111.6040000001 2.0908832839
111.6050000001 2.0965598052
111.6060000001 2.1022859655
111.6070000001 2.1080615737
111.6080000001 2.1138864367
111.6090000001 2.1197603600
111.6100000001 2.1256831473
111.6110000001 2.1316546009
111.6120000001 2.1376745213
111.6130000001 2.1437427074
111.6140000001 2.1498589566
111.6150000001 2.1560230647
111.6160000001 2.1622348258
111.6170000001 2.1684940327
111.6180000001 2.1748004762
111.6190000001 2.1811539458
111.6200000001 2.1875542296
111.6210000001 2.1940011137
111.6220000001 2.2004943831
111.6230000001 2.2070338210
111.6240000001 2.2136192092
111.6250000001 2.2202503279
111.6260000001 2.2269269557
111.6270000001 2.2336488700
111.6280000001 2.2404158465
111.6290000001 2.2472276592
111.6300000001 2.2540840810
111.6310000001 2.2609848832
111.6320000001 2.2679298355
111.6330000001 2.2749187061
111.6340000001 2.2819512622
111.6350000001 2.2890272689
111.6360000001 2.2961464903
111.6370000001 2.3033086891
111.6380000001 2.3105136262
111.6390000001 2.3177610615
111.6400000001 2.3250507532
111.6410000001 2.3323824582
111.6420000001 2.3397559322
111.6430000001 2.3471709292
111.6440000001 2.3546272020
111.6450000001 2.3621245020
111.6460000001 2.3696625792
111.6470000001 2.3772411825
111.6480000001 2.3848600590
111.6490000001 2.3925189549
111.6500000001 2.4002176148
111.6510000001 2.4079557822
111.6520000001 2.4157331991
111.6530000001 2.4235496063
111.6540000001 2.4314047434
111.6550000001 2.4392983485
111.6560000001 2.4472301585
111.6570000001 2.4551999092
111.6580000001 2.4632073350
111.6590000001 2.4712521691
111.6600000001 2.4793341434
111.6610000001 2.4874529887
111.6620000001 2.4956084344
111.6630000001 2.5038002089
111.6640000001 2.5120280392
111.6650000001 2.5202916513
111.6660000001 2.5285907698
111.6670000001 2.5369251183
111.6680000001 2.5452944193
111.6690000001 2.5536983939
111.6700000001 2.5621367623
111.6710000001 2.5706092433
111.6720000001 2.5791155548
111.6730000001 2.5876554136
111.6740000001 2.5962285352
111.6750000001 2.6048346341
111.6760000001 2.6134734238
111.6770000001 2.6221446166
111.6780000001 2.6308479237
111.6790000001 2.6395830554
111.6800000001 2.6483497209
111.6810000001 2.6571476282
111.6820000001 2.6659764845
111.6830000001 2.6748359958
111.6840000001 2.6837258672
111.6850000001 2.6926458027
111.6860000001 2.7015955055
111.6870000001 2.7105746776
111.6880000001 2.7195830201
111.6890000001 2.7286202332
111.6900000001 2.7376860161
111.6910000001 2.7467800671
111.6920000001 2.7559020835
111.6930000001 2.7650517616
111.6940000001 2.7742287971
111.6950000001 2.7834328846
111.6960000001 2.7926637177
111.6970000001 2.8019209892
111.6980000001 2.8112043912
111.6990000001 2.8205136147
111.7000000001 2.8298483501
111.7010000001 2.8392082866
111.7020000001 2.8485931130
111.7030000001 2.8580025169
111.7040000001 2.8674361854
111.7050000001 2.8768938046
111.7060000001 2.8863750599
111.7070000001 2.8958796358
111.7080000001 2.9054072163
111.7090000001 2.9149574845
111.7100000001 2.9245301225
111.7110000001 2.9341248121
111.7120000001 2.9437412342
111.7130000001 2.9533790689
111.7140000001 2.9630379956
111.7150000001 2.9727176932
111.7160000001 2.9824178397
111.7170000001 2.9921381126
111.7180000001 3.0018781886
111.7190000001 3.0116377438
111.7200000001 3.0214164538
111.7210000001 3.0312139934
111.7220000001 3.0410300367
111.7230000001 3.0508642576
111.7240000001 3.0607163289
111.7250000001 3.0705859231
111.7260000001 3.0804727122
111.7270000001 3.0903763675
111.7280000001 3.1002965596
111.7290000001 3.1102329589
111.7300000001 3.1201852351
111.7310000001 3.1301530572
111.7320000001 3.1401360941
111.7330000001 3.1501340140
111.7340000001 3.1601464844
111.7350000001 3.1701731726
111.7360000001 3.1802137454
111.7370000001 3.1902678692
111.7380000001 3.2003352097
111.7390000001 3.2104154324
111.7400000001 3.2205082024
111.7410000001 3.2306131843
111.7420000001 3.2407300422
111.7430000001 3.2508584402
111.7440000001 3.2609980415
111.7450000001 3.2711485093
111.7460000001 3.2813095064
111.7470000001 3.2914806953
111.7480000001 3.3016617379
111.7490000001 3.3118522960
111.7500000001 3.3220520312
111.7510000001 3.3322606046
111.7520000001 3.3424776771
111.7530000001 3.3527029093
111.7540000001 3.3629359615
111.7550000001 3.3731764940
111.7560000001 3.3834241665
111.7570000001 3.3936786387
111.7580000001 3.4039395701
111.7590000001 3.4142066198
111.7600000001 3.4244794469
111.7610000001 3.4347577103
111.7620000001 3.4450410686
111.7630000001 3.4553291804
111.7640000001 3.4656217041
111.7650000001 3.4759182978
111.7660000001 3.4862186198
111.7670000001 3.4965223280
111.7680000001 3.5068290804
111.7690000001 3.5171385347
111.7700000001 3.5274503488
111.7710000001 3.5377641802
111.7720000001 3.5480796866
111.7730000001 3.5583965256
111.7740000001 3.5687143546
111.7750000001 3.5790328314
111.7760000001 3.5893516132
111.7770000001 3.5996703578
111.7780000001 3.6099887224
111.7790000001 3.6203063649
111.7800000001 3.6306229426
111.7810000001 3.6409381133
111.7820000001 3.6512515346
111.7830000001 3.6615628643
111.7840000001 3.6718717602
111.7850000001 3.6821778803
111.7860000001 3.6924808827
111.7870000001 3.7027804253
111.7880000001 3.7130761666
111.7890000001 3.7233677650
111.7900000001 3.7336548790
111.7910000001 3.7439371673
111.7920000001 3.7542142889
111.7930000001 3.7644859028
111.7940000001 3.7747516684
111.7950000001 3.7850112450
111.7960000001 3.7952642924
111.7970000001 3.8055104706
111.7980000001 3.8157494397
111.7990000001 3.8259808601
111.8000000001 3.8362043926
111.8010000001 3.8464196980
111.8020000001 3.8566264377
111.8030000001 3.8668242731
111.8040000001 3.8770128661
111.8050000001 3.8871918789
111.8060000001 3.8973609741
111.8070000001 3.9075198143
111.8080000001 3.9176680629
111.8090000001 3.9278053834
111.8100000001 3.9379314397
111.8110000001 3.9480458961
111.8120000001 3.9581484174
111.8130000001 3.9682386687
111.8140000001 3.9783163156
111.8150000001 3.9883810239
111.8160000001 3.9984324602
111.8170000001 4.0084702913
111.8180000001 4.0184941846
111.8190000001 4.0285038078
111.8200000001 4.0384988292
111.8210000001 4.0484789178
111.8220000001 4.0584437427
111.8230000001 4.0683929738
111.8240000001 4.0783262814
111.8250000001 4.0882433365
111.8260000001 4.0981438104
111.8270000001 4.1080273753
111.8280000001 4.1178937036
111.8290000001 4.1277424687
111.8300000001 4.1375733441
111.8310000001 4.1473860044
111.8320000001 4.1571801244
111.8330000001 4.1669553799
111.8340000001 4.1767114470
111.8350000001 4.1864480028
111.8360000001 4.1961647246
111.8370000001 4.2058612909
111.8380000001 4.2155373805
111.8390000001 4.2251926730
111.8400000001 4.2348268488
111.8410000001 4.2444395889
111.8420000001 4.2540305750
111.8430000001 4.2635994896
111.8440000001 4.2731460161
111.8450000001 4.2826698383
111.8460000001 4.2921706410
111.8470000001 4.3016481098
111.8480000001 4.3111019309
111.8490000001 4.3205317917
111.8500000001 4.3299373798
111.8510000001 4.3393183842
111.8520000001 4.3486744943
111.8530000001 4.3580054006
111.8540000001 4.3673107945
111.8550000001 4.3765903679
111.8560000001 4.3858438139
111.8570000001 4.3950708264
111.8580000001 4.4042711001
111.8590000001 4.4134443308
111.8600000001 4.4225902149
111.8610000001 4.4317084501
111.8620000001 4.4407987347
111.8630000001 4.4498607681
111.8640000001 4.4588942507
111.8650000001 4.4678988836
111.8660000001 4.4768743693
111.8670000001 4.4858204108
111.8680000001 4.4947367125
111.8690000001 4.5036229796
111.8700000001 4.5124789182
111.8710000001 4.5213042358
111.8720000001 4.5300986405
111.8730000001 4.5388618416
111.8740000001 4.5475935496
111.8750000001 4.5562934759
111.8760000001 4.5649613330
111.8770000001 4.5735968344
111.8780000001 4.5821996948
111.8790000001 4.5907696301
111.8800000001 4.5993063569
111.8810000001 4.6078095935
111.8820000001 4.6162790587
111.8830000001 4.6247144730
111.8840000001 4.6331155576
111.8850000001 4.6414820351
111.8860000001 4.6498136292
111.8870000001 4.6581100648
111.8880000001 4.6663710679
111.8890000001 4.6745963658
111.8900000001 4.6827856868
111.8910000001 4.6909387607
111.8920000001 4.6990553183
111.8930000001 4.7071350916
111.8940000001 4.7151778141
111.8950000001 4.7231832202
111.8960000001 4.7311510458
111.8970000001 4.7390810279
111.8980000001 4.7469729048
111.8990000001 4.7548264163
111.9000000001 4.7626413032
111.9010000001 4.7704173076
111.9020000001 4.7781541731
111.9030000001 4.7858516446
111.9040000001 4.7935094681
111.9050000001 4.8011273911
111.9060000001 4.8087051623
111.9070000001 4.8162425321
111.9080000001 4.8237392517
111.9090000001 4.8311950742
111.9100000001 4.8386097537
111.9110000001 4.8459830458
111.9120000001 4.8533147075
111.9130000001 4.8606044973
111.9140000001 4.8678521748
111.9150000001 4.8750575014
111.9160000001 4.8822202395
111.9170000001 4.8893401534
111.9180000001 4.8964170083
111.9190000001 4.9034505713
111.9200000001 4.9104406107
111.9210000001 4.9173868964
111.9220000001 4.9242891996
111.9230000001 4.9311472930
111.9240000001 4.9379609510
111.9250000001 4.9447299493
111.9260000001 4.9514540650
111.9270000001 4.9581330769
111.9280000001 4.9647667652
111.9290000001 4.9713549117
111.9300000001 4.9778972997
111.9310000001 4.9843937138
111.9320000001 4.9908439406
111.9330000001 4.9972477678
111.9340000001 5.0036049849
111.9350000001 5.0099153829
111.9360000001 5.0161787543
111.9370000001 5.0223948933
111.9380000001 5.0285635956
111.9390000001 5.0346846584
111.9400000001 5.0407578808
111.9410000001 5.0467830631
111.9420000001 5.0527600074
111.9430000001 5.0586885175
111.9440000001 5.0645683986
111.9450000001 5.0703994578
111.9460000001 5.0761815036
111.9470000001 5.0819143462
111.9480000001 5.0875977976
111.9490000001 5.0932316711
111.9500000001 5.0988157820
111.9510000001 5.1043499471
111.9520000001 5.1098339849
111.9530000001 5.1152677155
111.9540000001 5.1206509610
111.9550000001 5.1259835447
111.9560000001 5.1312652919
111.9570000001 5.1364960295
111.9580000001 5.1416755863
111.9590000001 5.1468037924
111.9600000001 5.1518804801
111.9610000001 5.1569054830
111.9620000001 5.1618786367
111.9630000001 5.1667997784
111.9640000001 5.1716687471
111.9650000001 5.1764853834
111.9660000001 5.1812495300
111.9670000001 5.1859610309
111.9680000001 5.1906197321
111.9690000001 5.1952254814
111.9700000001 5.1997781283
111.9710000001 5.2042775241
111.9720000001 5.2087235218
111.9730000001 5.2131159762
111.9740000001 5.2174547439
111.9750000001 5.2217396835
111.9760000001 5.2259706550
111.9770000001 5.2301475204
111.9780000001 5.2342701437
111.9790000001 5.2383383904
111.9800000001 5.2423521280
111.9810000001 5.2463112256
111.9820000001 5.2502155545
111.9830000001 5.2540649874
111.9840000001 5.2578593992
111.9850000001 5.2615986663
111.9860000001 5.2652826673
111.9870000001 5.2689112823
111.9880000001 5.2724843935
111.9890000001 5.2760018848
111.9900000001 5.2794636420
111.9910000001 5.2828695527
111.9920000001 5.2862195066
111.9930000001 5.2895133950
111.9940000001 5.2927511111
111.9950000001 5.2959325501
111.9960000001 5.2990576090
111.9970000001 5.3021261867
111.9980000001 5.3051381840
111.9990000001 5.3080935034
112.0000000001 5.3109920496
112.0010000001 5.3138337290
112.0020000001 5.3166184499
112.0030000001 5.3193461226
112.0040000001 5.3220166592
112.0050000001 5.3246299737
112.0060000001 5.3271859820
112.0070000001 5.3296846021
112.0080000001 5.3321257537
112.0090000001 5.3345093584
112.0100000001 5.3368353398
112.0110000001 5.3391036236
112.0120000001 5.3413141370
112.0130000001 5.3434668096
112.0140000001 5.3455615724
112.0150000001 5.3475983589
112.0160000001 5.3495771041
112.0170000001 5.3514977450
112.0180000001 5.3533602208
112.0190000001 5.3551644724
112.0200000001 5.3569104426
112.0210000001 5.3585980763
112.0220000001 5.3602273203
112.0230000001 5.3617981232
112.0240000001 5.3633104358
112.0250000001 5.3647642107
112.0260000001 5.3661594023
112.0270000001 5.3674959673
112.0280000001 5.3687738641
112.0290000001 5.3699930531
112.0300000001 5.3711534966
112.0310000001 5.3722551591
112.0320000001 5.3732980067
112.0330000001 5.3742820077
112.0340000001 5.3752071323
112.0350000001 5.3760733527
112.0360000001 5.3768806429
112.0370000001 5.3776289791
112.0380000001 5.3783183393
112.0390000001 5.3789487034
112.0400000001 5.3795200535
112.0410000001 5.3800323734
112.0420000001 5.3804856491
112.0430000001 5.3808798683
112.0440000001 5.3812150210
112.0450000001 5.3814910989
112.0460000001 5.3817080957
112.0470000001 5.3818660072
112.0480000001 5.3819648310
112.0490000001 5.3820045668
112.0500000001 5.3819852161
112.0510000001 5.3819067826
112.0520000001 5.3817692717
112.0530000001 5.3815726910
112.0540000001 5.3813170499
112.0550000001 5.3810023599
112.0560000001 5.3806286343
112.0570000001 5.3801958885
112.0580000001 5.3797041399
112.0590000001 5.3791534075
112.0600000001 5.3785437129
112.0610000001 5.3778750790
112.0620000001 5.3771475310
112.0630000001 5.3763610961
112.0640000001 5.3755158034
112.0650000001 5.3746116838
112.0660000001 5.3736487703
112.0670000001 5.3726270979
112.0680000001 5.3715467034
112.0690000001 5.3704076257
112.0700000001 5.3692099055
112.0710000001 5.3679535857
112.0720000001 5.3666387107
112.0730000001 5.3652653274
112.0740000001 5.3638334842
112.0750000001 5.3623432317
112.0760000001 5.3607946222
112.0770000001 5.3591877102
112.0780000001 5.3575225521
112.0790000001 5.3557992060
112.0800000001 5.3540177321
112.0810000001 5.3521781926
112.0820000001 5.3502806514
112.0830000001 5.3483251747
112.0840000001 5.3463118302
112.0850000001 5.3442406877
112.0860000001 5.3421118191
112.0870000001 5.3399252979
112.0880000001 5.3376811997
112.0890000001 5.3353796020
112.0900000001 5.3330205841
112.0910000001 5.3306042274
112.0920000001 5.3281306150
112.0930000001 5.3255998320
112.0940000001 5.3230119654
112.0950000001 5.3203671041
112.0960000001 5.3176653389
112.0970000001 5.3149067623
112.0980000001 5.3120914689
112.0990000001 5.3092195552
112.1000000001 5.3062911195
112.1010000001 5.3033062619
112.1020000001 5.3002650844
112.1030000001 5.2971676911
112.1040000001 5.2940141876
112.1050000001 5.2908046816
112.1060000001 5.2875392825
112.1070000001 5.2842181018
112.1080000001 5.2808412526
112.1090000001 5.2774088500
112.1100000001 5.2739210108
112.1110000001 5.2703778538
112.1120000001 5.2667794995
112.1130000001 5.2631260703
112.1140000001 5.2594176904
112.1150000001 5.2556544858
112.1160000001 5.2518365844
112.1170000001 5.2479641158
112.1180000001 5.2440372115
112.1190000001 5.2400560048
112.1200000001 5.2360206306
112.1210000001 5.2319312260
112.1220000001 5.2277879295
112.1230000001 5.2235908815
112.1240000001 5.2193402243
112.1250000001 5.2150361019
112.1260000001 5.2106786599
112.1270000001 5.2062680461
112.1280000001 5.2018044095
112.1290000001 5.1972879013
112.1300000001 5.1927186743
112.1310000001 5.1880968830
112.1320000001 5.1834226836
112.1330000001 5.1786962342
112.1340000001 5.1739176945
112.1350000001 5.1690872260
112.1360000001 5.1642049918
112.1370000001 5.1592711569
112.1380000001 5.1542858879
112.1390000001 5.1492493529
112.1400000001 5.1441617221
112.1410000001 5.1390231672
112.1420000001 5.1338338614
112.1430000001 5.1285939799
112.1440000001 5.1233036994
112.1450000001 5.1179631982
112.1460000001 5.1125726564
112.1470000001 5.1071322557
112.1480000001 5.1016421794
112.1490000001 5.0961026127
112.1500000001 5.0905137420
112.1510000001 5.0848757556
112.1520000001 5.0791888434
112.1530000001 5.0734531970
112.1540000001 5.0676690093
112.1550000001 5.0618364752
112.1560000001 5.0559557910
112.1570000001 5.0500271544
112.1580000001 5.0440507651
112.1590000001 5.0380268241
112.1600000001 5.0319555339
112.1610000001 5.0258370989
112.1620000001 5.0196717247
112.1630000001 5.0134596186
112.1640000001 5.0072009896
112.1650000001 5.0008960479
112.1660000001 4.9945450054
112.1670000001 4.9881480757
112.1680000001 4.9817054736
112.1690000001 4.9752174156
112.1700000001 4.9686841196
112.1710000001 4.9621058050
112.1720000001 4.9554826929
112.1730000001 4.9488150056
112.1740000001 4.9421029669
112.1750000001 4.9353468023
112.1760000001 4.9285467384
112.1770000001 4.9217030035
112.1780000001 4.9148158274
112.1790000001 4.9078854410
112.1800000001 4.9009120770
112.1810000001 4.8938959693
112.1820000001 4.8868373532
112.1830000001 4.8797364655
112.1840000001 4.8725935444
112.1850000001 4.8654088293
112.1860000001 4.8581825612
112.1870000001 4.8509149824
112.1880000001 4.8436063365
112.1890000001 4.8362568684
112.1900000001 4.8288668246
112.1910000001 4.8214364527
112.1920000001 4.8139660016
112.1930000001 4.8064557218
112.1940000001 4.7989058647
112.1950000001 4.7913166834
112.1960000001 4.7836884321
112.1970000001 4.7760213662
112.1980000001 4.7683157426
112.1990000001 4.7605718193
112.2000000001 4.7527898555
112.2010000001 4.7449701119
112.2020000001 4.7371128503
112.2030000001 4.7292183336
112.2040000001 4.7212868262
112.2050000001 4.7133185934
112.2060000001 4.7053139021
112.2070000001 4.6972730199
112.2080000001 4.6891962161
112.2090000001 4.6810837609
112.2100000001 4.6729359255
112.2110000001 4.6647529827
112.2120000001 4.6565352062
112.2130000001 4.6482828707
112.2140000001 4.6399962524
112.2150000001 4.6316756282
112.2160000001 4.6233212766
112.2170000001 4.6149334767
112.2180000001 4.6065125090
112.2190000001 4.5980586551
112.2200000001 4.5895721976
112.2210000001 4.5810534200
112.2220000001 4.5725026073
112.2230000001 4.5639200450
112.2240000001 4.5553060201
112.2250000001 4.5466608204
112.2260000001 4.5379847347
112.2270000001 4.5292780529
112.2280000001 4.5205410659
112.2290000001 4.5117740655
112.2300000001 4.5029773447
112.2310000001 4.4941511971
112.2320000001 4.4852959176
112.2330000001 4.4764118020
112.2340000001 4.4674991468
112.2350000001 4.4585582497
112.2360000001 4.4495894092
112.2370000001 4.4405929248
112.2380000001 4.4315690967
112.2390000001 4.4225182262
112.2400000001 4.4134406154
112.2410000001 4.4043365673
112.2420000001 4.3952063858
112.2430000001 4.3860503754
112.2440000001 4.3768688418
112.2450000001 4.3676620913
112.2460000001 4.3584304311
112.2470000001 4.3491741691
112.2480000001 4.3398936142
112.2490000001 4.3305890760
112.2500000001 4.3212608647
112.2510000001 4.3119092917
112.2520000001 4.3025346686
112.2530000001 4.2931373081
112.2540000001 4.2837175237
112.2550000001 4.2742756294
112.2560000001 4.2648119401
112.2570000001 4.2553267712
112.2580000001 4.2458204389
112.2590000001 4.2362932602
112.2600000001 4.2267455527
112.2610000001 4.2171776345
112.2620000001 4.2075898245
112.2630000001 4.1979824424
112.2640000001 4.1883558081
112.2650000001 4.1787102427
112.2660000001 4.1690460673
112.2670000001 4.1593636040
112.2680000001 4.1496631754
112.2690000001 4.1399451047
112.2700000001 4.1302097155
112.2710000001 4.1204573321
112.2720000001 4.1106882795
112.2730000001 4.1009028828
112.2740000001 4.0911014680
112.2750000001 4.0812843616
112.2760000001 4.0714518903
112.2770000001 4.0616043816
112.2780000001 4.0517421634
112.2790000001 4.0418655639
112.2800000001 4.0319749120
112.2810000001 4.0220705369
112.2820000001 4.0121527682
112.2830000001 4.0022219362
112.2840000001 3.9922783713
112.2850000001 3.9823224043
112.2860000001 3.9723543667
112.2870000001 3.9623745900
112.2880000001 3.9523834065
112.2890000001 3.9423811484
112.2900000001 3.9323681485
112.2910000001 3.9223447399
112.2920000001 3.9123112562
112.2930000001 3.9022680309
112.2940000001 3.8922153981
112.2950000001 3.8821536922
112.2960000001 3.8720832478
112.2970000001 3.8620043998
112.2980000001 3.8519174833
112.2990000001 3.8418228336
112.3000000001 3.8317207865
112.3010000001 3.8216116777
112.3020000001 3.8114958433
112.3030000001 3.8013736196
112.3040000001 3.7912453430
112.3050000001 3.7811113503
112.3060000001 3.7709719780
112.3070000001 3.7608275633
112.3080000001 3.7506784433
112.3090000001 3.7405249551
112.3100000001 3.7303674361
112.3110000001 3.7202062239
112.3120000001 3.7100416559
112.3130000001 3.6998740699
112.3140000001 3.6897038036
112.3150000001 3.6795311947
112.3160000001 3.6693565813
112.3170000001 3.6591803011
112.3180000001 3.6490026922
112.3190000001 3.6388240925
112.3200000001 3.6286448399
112.3210000001 3.6184652725
112.3220000001 3.6082857283
112.3230000001 3.5981065451
112.3240000001 3.5879280608
112.3250000001 3.5777506134
112.3260000001 3.5675745407
112.3270000001 3.5574001803
112.3280000001 3.5472278700
112.3290000001 3.5370579473
112.3300000001 3.5268907496
112.3310000001 3.5167266144
112.3320000001 3.5065658789
112.3330000001 3.4964088802
112.3340000001 3.4862559551
112.3350000001 3.4761074406
112.3360000001 3.4659636731
112.3370000001 3.4558249893
112.3380000001 3.4456917252
112.3390000001 3.4355642170
112.3400000001 3.4254428005
112.3410000001 3.4153278113
112.3420000001 3.4052195848
112.3430000001 3.3951184561
112.3440000001 3.3850247601
112.3450000001 3.3749388313
112.3460000001 3.3648610041
112.3470000001 3.3547916125
112.3480000001 3.3447309902
112.3490000001 3.3346794707
112.3500000001 3.3246373869
112.3510000001 3.3146050717
112.3520000001 3.3045828575
112.3530000001 3.2945710763
112.3540000001 3.2845700597
112.3550000001 3.2745801391
112.3560000001 3.2646016453
112.3570000001 3.2546349088
112.3580000001 3.2446802598
112.3590000001 3.2347380279
112.3600000001 3.2248085423
112.3610000001 3.2148921317
112.3620000001 3.2049891246
112.3630000001 3.1950998487
112.3640000001 3.1852246314
112.3650000001 3.1753637996
112.3660000001 3.1655176796
112.3670000001 3.1556865974
112.3680000001 3.1458708783
112.3690000001 3.1360708471
112.3700000001 3.1262868281
112.3710000001 3.1165191449
112.3720000001 3.1067681208
112.3730000001 3.0970340783
112.3740000001 3.0873173393
112.3750000001 3.0776182253
112.3760000001 3.0679370570
112.3770000001 3.0582741546
112.3780000001 3.0486298377
112.3790000001 3.0390044250
112.3800000001 3.0293982350
112.3810000001 3.0198115850
112.3820000001 3.0102447920
112.3830000001 3.0006981723
112.3840000001 2.9911720414
112.3850000001 2.9816667140
112.3860000001 2.9721825044
112.3870000001 2.9627197258
112.3880000001 2.9532786910
112.3890000001 2.9438597118
112.3900000001 2.9344630995
112.3910000001 2.9250891642
112.3920000001 2.9157382158
112.3930000001 2.9064105630
112.3940000001 2.8971065137
112.3950000001 2.8878263754
112.3960000001 2.8785704542
112.3970000001 2.8693390559
112.3980000001 2.8601324851
112.3990000001 2.8509510458
112.4000000001 2.8417950409
112.4010000001 2.8326647726
112.4020000001 2.8235605423
112.4030000001 2.8144826502
112.4040000001 2.8054313960
112.4050000001 2.7964070781
112.4060000001 2.7874099943
112.4070000001 2.7784404414
112.4080000001 2.7694987151
112.4090000001 2.7605851102
112.4100000001 2.7516999208
112.4110000001 2.7428434397
112.4120000001 2.7340159589
112.4130000001 2.7252177693
112.4140000001 2.7164491611
112.4150000001 2.7077104230
112.4160000001 2.6990018432
112.4170000001 2.6903237085
112.4180000001 2.6816763049
112.4190000001 2.6730599172
112.4200000001 2.6644748292
112.4210000001 2.6559213237
112.4220000001 2.6473996823
112.4230000001 2.6389101856
112.4240000001 2.6304531132
112.4250000001 2.6220287435
112.4260000001 2.6136373537
112.4270000001 2.6052792201
112.4280000001 2.5969546176
112.4290000001 2.5886638203
112.4300000001 2.5804071009
112.4310000001 2.5721847309
112.4320000001 2.5639969810
112.4330000001 2.5558441203
112.4340000001 2.5477264169
112.4350000001 2.5396441378
112.4360000001 2.5315975488
112.4370000001 2.5235869142
112.4380000001 2.5156124975
112.4390000001 2.5076745606
112.4400000001 2.4997733645
112.4410000001 2.4919091686
112.4420000001 2.4840822315
112.4430000001 2.4762928101
112.4440000001 2.4685411602
112.4450000001 2.4608275365
112.4460000001 2.4531521922
112.4470000001 2.4455153792
112.4480000001 2.4379173482
112.4490000001 2.4303583486
112.4500000001 2.4228386284
112.4510000001 2.4153584344
112.4520000001 2.4079180119
112.4530000001 2.4005176049
112.4540000001 2.3931574562
112.4550000001 2.3858378071
112.4560000001 2.3785588975
112.4570000001 2.3713209661
112.4580000001 2.3641242500
112.4590000001 2.3569689852
112.4600000001 2.3498554059
112.4610000001 2.3427837453
112.4620000001 2.3357542349
112.4630000001 2.3287671050
112.4640000001 2.3218225843
112.4650000001 2.3149209001
112.4660000001 2.3080622783
112.4670000001 2.3012469434
112.4680000001 2.2944751183
112.4690000001 2.2877470246
112.4700000001 2.2810628823
112.4710000001 2.2744229099
112.4720000001 2.2678273245
112.4730000001 2.2612763417
112.4740000001 2.2547701756
112.4750000001 2.2483090388
112.4760000001 2.2418931423
112.4770000001 2.2355226957
112.4780000001 2.2291979069
112.4790000001 2.2229189825
112.4800000001 2.2166861274
112.4810000001 2.2104995450
112.4820000001 2.2043594370
112.4830000001 2.1982660038
112.4840000001 2.1922194440
112.4850000001 2.1862199549
112.4860000001 2.1802677318
112.4870000001 2.1743629689
112.4880000001 2.1685058583
112.4890000001 2.1626965910
112.4900000001 2.1569353560
112.4910000001 2.1512223409
112.4920000001 2.1455577316
112.4930000001 2.1399417124
112.4940000001 2.1343744659
112.4950000001 2.1288561733
112.4960000001 2.1233870138
112.4970000001 2.1179671652
112.4980000001 2.1125968036
112.4990000001 2.1072761034
112.5000000001 2.1020052374
112.5010000001 2.0967843766
112.5020000001 2.0916136904
112.5030000001 2.0864933466
112.5040000001 2.0814235112
112.5050000001 2.0764043485
112.5060000001 2.0714360212
112.5070000001 2.0665186902
112.5080000001 2.0616525146
112.5090000001 2.0568376521
112.5100000001 2.0520742585
112.5110000001 2.0473624877
112.5120000001 2.0427024921
112.5130000001 2.0380944223
112.5140000001 2.0335384273
112.5150000001 2.0290346539
112.5160000001 2.0245832478
112.5170000001 2.0201843524
112.5180000001 2.0158381096
112.5190000001 2.0115446595
112.5200000001 2.0073041404
112.5210000001 2.0031166888
112.5220000001 1.9989824396
112.5230000001 1.9949015257
112.5240000001 1.9908740783
112.5250000001 1.9869002268
112.5260000001 1.9829800989
112.5270000001 1.9791138203
112.5280000001 1.9753015151
112.5290000001 1.9715433055
112.5300000001 1.9678393119
112.5310000001 1.9641896529
112.5320000001 1.9605944452
112.5330000001 1.9570538038
112.5340000001 1.9535678418
112.5350000001 1.9501366705
112.5360000001 1.9467603994
112.5370000001 1.9434391360
112.5380000001 1.9401729862
112.5390000001 1.9369620539
112.5400000001 1.9338064413
112.5410000001 1.9307062484
112.5420000001 1.9276615738
112.5430000001 1.9246725140
112.5440000001 1.9217391636
112.5450000001 1.9188616155
112.5460000001 1.9160399606
112.5470000001 1.9132742880
112.5480000001 1.9105646849
112.5490000001 1.9079112367
112.5500000001 1.9053140267
112.5510000001 1.9027731366
112.5520000001 1.9002886462
112.5530000001 1.8978606331
112.5540000001 1.8954891734
112.5550000001 1.8931743410
112.5560000001 1.8909162082
112.5570000001 1.8887148452
112.5580000001 1.8865703203
112.5590000001 1.8844827000
112.5600000001 1.8824520489
112.5610000001 1.8804784297
112.5620000001 1.8785619030
112.5630000001 1.8767025279
112.5640000001 1.8749003611
112.5650000001 1.8731554577
112.5660000001 1.8714678709
112.5670000001 1.8698376519
112.5680000001 1.8682648500
112.5690000001 1.8667495125
112.5700000001 1.8652916850
112.5710000001 1.8638914110
112.5720000001 1.8625487320
112.5730000001 1.8612636879
112.5740000001 1.8600363164
112.5750000001 1.8588666533
112.5760000001 1.8577547327
112.5770000001 1.8567005865
112.5780000001 1.8557042448
112.5790000001 1.8547657357
112.5800000001 1.8538850856
112.5810000001 1.8530623186
112.5820000001 1.8522974573
112.5830000001 1.8515905220
112.5840000001 1.8509415312
112.5850000001 1.8503505016
112.5860000001 1.8498174477
112.5870000001 1.8493423823
112.5880000001 1.8489253163
112.5890000001 1.8485662584
112.5900000001 1.8482652155
112.5910000001 1.8480221928
112.5920000001 1.8478371931
112.5930000001 1.8477102178
112.5940000001 1.8476412659
112.5950000001 1.8476303347
112.5960000001 1.8476774196
112.5970000001 1.8477825140
112.5980000001 1.8479456093
112.5990000001 1.8481666951
112.6000000001 1.8484457590
112.6010000001 1.8487827866
112.6020000001 1.8491777618
112.6030000001 1.8496306664
112.6040000001 1.8501414801
112.6050000001 1.8507101812
112.6060000001 1.8513367454
112.6070000001 1.8520211471
112.6080000001 1.8527633583
112.6090000001 1.8535633494
112.6100000001 1.8544210888
112.6110000001 1.8553365427
112.6120000001 1.8563096759
112.6130000001 1.8573404508
112.6140000001 1.8584288281
112.6150000001 1.8595747666
112.6160000001 1.8607782232
112.6170000001 1.8620391528
112.6180000001 1.8633575084
112.6190000001 1.8647332411
112.6200000001 1.8661663002
112.6210000001 1.8676566330
112.6220000001 1.8692041849
112.6230000001 1.8708088993
112.6240000001 1.8724707180
112.6250000001 1.8741895806
112.6260000001 1.8759654249
112.6270000001 1.8777981868
112.6280000001 1.8796878004
112.6290000001 1.8816341979
112.6300000001 1.8836373095
112.6310000001 1.8856970635
112.6320000001 1.8878133866
112.6330000001 1.8899862032
112.6340000001 1.8922154362
112.6350000001 1.8945010064
112.6360000001 1.8968428328
112.6370000001 1.8992408326
112.6380000001 1.9016949210
112.6390000001 1.9042050115
112.6400000001 1.9067710156
112.6410000001 1.9093928431
112.6420000001 1.9120704017
112.6430000001 1.9148035974
112.6440000001 1.9175923345
112.6450000001 1.9204365153
112.6460000001 1.9233360402
112.6470000001 1.9262908078
112.6480000001 1.9293007151
112.6490000001 1.9323656569
112.6500000001 1.9354855264
112.6510000001 1.9386602150
112.6520000001 1.9418896122
112.6530000001 1.9451736057
112.6540000001 1.9485120815
112.6550000001 1.9519049235
112.6560000001 1.9553520142
112.6570000001 1.9588532340
112.6580000001 1.9624084616
112.6590000001 1.9660175739
112.6600000001 1.9696804462
112.6610000001 1.9733969517
112.6620000001 1.9771669620
112.6630000001 1.9809903469
112.6640000001 1.9848669746
112.6650000001 1.9887967112
112.6660000001 1.9927794213
112.6670000001 1.9968149676
112.6680000001 2.0009032113
112.6690000001 2.0050440115
112.6700000001 2.0092372258
112.6710000001 2.0134827101
112.6720000001 2.0177803184
112.6730000001 2.0221299031
112.6740000001 2.0265313148
112.6750000001 2.0309844024
112.6760000001 2.0354890132
112.6770000001 2.0400449926
112.6780000001 2.0446521846
112.6790000001 2.0493104312
112.6800000001 2.0540195728
112.6810000001 2.0587794483
112.6820000001 2.0635898947
112.6830000001 2.0684507474
112.6840000001 2.0733618402
112.6850000001 2.0783230051
112.6860000001 2.0833340726
112.6870000001 2.0883948716
112.6880000001 2.0935052290
112.6890000001 2.0986649706
112.6900000001 2.1038739200
112.6910000001 2.1091318996
112.6920000001 2.1144387301
112.6930000001 2.1197942305
112.6940000001 2.1251982181
112.6950000001 2.1306505089
112.6960000001 2.1361509170
112.6970000001 2.1416992551
112.6980000001 2.1472953343
112.6990000001 2.1529389640
112.7000000001 2.1586299522
112.7010000001 2.1643681053
112.7020000001 2.1701532280
112.7030000001 2.1759851237
112.7040000001 2.1818635940
112.7050000001 2.1877884392
112.7060000001 2.1937594579
112.7070000001 2.1997764472
112.7080000001 2.2058392029
112.7090000001 2.2119475189
112.7100000001 2.2181011879
112.7110000001 2.2243000012
112.7120000001 2.2305437482
112.7130000001 2.2368322172
112.7140000001 2.2431651949
112.7150000001 2.2495424665
112.7160000001 2.2559638157
112.7170000001 2.2624290250
112.7180000001 2.2689378752
112.7190000001 2.2754901458
112.7200000001 2.2820856147
112.7210000001 2.2887240586
112.7220000001 2.2954052527
112.7230000001 2.3021289708
112.7240000001 2.3088949853
112.7250000001 2.3157030671
112.7260000001 2.3225529859
112.7270000001 2.3294445100
112.7280000001 2.3363774062
112.7290000001 2.3433514401
112.7300000001 2.3503663759
112.7310000001 2.3574219763
112.7320000001 2.3645180030
112.7330000001 2.3716542160
112.7340000001 2.3788303742
112.7350000001 2.3860462353
112.7360000001 2.3933015554
112.7370000001 2.4005960895
112.7380000001 2.4079295913
112.7390000001 2.4153018132
112.7400000001 2.4227125063
112.7410000001 2.4301614205
112.7420000001 2.4376483044
112.7430000001 2.4451729054
112.7440000001 2.4527349697
112.7450000001 2.4603342422
112.7460000001 2.4679704665
112.7470000001 2.4756433852
112.7480000001 2.4833527396
112.7490000001 2.4910982697
112.7500000001 2.4988797146
112.7510000001 2.5066968119
112.7520000001 2.5145492983
112.7530000001 2.5224369092
112.7540000001 2.5303593789
112.7550000001 2.5383164405
112.7560000001 2.5463078260
112.7570000001 2.5543332665
112.7580000001 2.5623924915
112.7590000001 2.5704852300
112.7600000001 2.5786112094
112.7610000001 2.5867701563
112.7620000001 2.5949617960
112.7630000001 2.6031858531
112.7640000001 2.6114420509
112.7650000001 2.6197301115
112.7660000001 2.6280497563
112.7670000001 2.6364007055
112.7680000001 2.6447826783
112.7690000001 2.6531953929
112.7700000001 2.6616385664
112.7710000001 2.6701119151
112.7720000001 2.6786151542
112.7730000001 2.6871479980
112.7740000001 2.6957101598
112.7750000001 2.7043013518
112.7760000001 2.7129212856
112.7770000001 2.7215696716
112.7780000001 2.7302462194
112.7790000001 2.7389506375
112.7800000001 2.7476826338
112.7810000001 2.7564419151
112.7820000001 2.7652281873
112.7830000001 2.7740411556
112.7840000001 2.7828805242
112.7850000001 2.7917459964
112.7860000001 2.8006372749
112.7870000001 2.8095540612
112.7880000001 2.8184960564
112.7890000001 2.8274629605
112.7900000001 2.8364544727
112.7910000001 2.8454702915
112.7920000001 2.8545101147
112.7930000001 2.8635736391
112.7940000001 2.8726605609
112.7950000001 2.8817705755
112.7960000001 2.8909033777
112.7970000001 2.9000586613
112.7980000001 2.9092361195
112.7990000001 2.9184354449
112.8000000001 2.9276563293
112.8010000001 2.9368984639
112.8020000001 2.9461615389
112.8030000001 2.9554452443
112.8040000001 2.9647492691
112.8050000001 2.9740733018
112.8060000001 2.9834170302
112.8070000001 2.9927801416
112.8080000001 3.0021623225
112.8090000001 3.0115632589
112.8100000001 3.0209826362
112.8110000001 3.0304201392
112.8120000001 3.0398754520
112.8130000001 3.0493482585
112.8140000001 3.0588382416
112.8150000001 3.0683450840
112.8160000001 3.0778684677
112.8170000001 3.0874080742
112.8180000001 3.0969635845
112.8190000001 3.1065346790
112.8200000001 3.1161210380
112.8210000001 3.1257223407
112.8220000001 3.1353382664
112.8230000001 3.1449684936
112.8240000001 3.1546127005
112.8250000001 3.1642705649
112.8260000001 3.1739417640
112.8270000001 3.1836259747
112.8280000001 3.1933228736
112.8290000001 3.2030321366
112.8300000001 3.2127534396
112.8310000001 3.2224864579
112.8320000001 3.2322308665
112.8330000001 3.2419863399
112.8340000001 3.2517525526
112.8350000001 3.2615291784
112.8360000001 3.2713158911
112.8370000001 3.2811123639
112.8380000001 3.2909182700
112.8390000001 3.3007332822
112.8400000001 3.3105570728
112.8410000001 3.3203893142
112.8420000001 3.3302296784
112.8430000001 3.3400778371
112.8440000001 3.3499334619
112.8450000001 3.3597962239
112.8460000001 3.3696657945
112.8470000001 3.3795418444
112.8480000001 3.3894240443
112.8490000001 3.3993120649
112.8500000001 3.4092055765
112.8510000001 3.4191042493
112.8520000001 3.4290077535
112.8530000001 3.4389157590
112.8540000001 3.4488279357
112.8550000001 3.4587439532
112.8560000001 3.4686634813
112.8570000001 3.4785861894
112.8580000001 3.4885117472
112.8590000001 3.4984398240
112.8600000001 3.5083700891
112.8610000001 3.5183022120
112.8620000001 3.5282358618
112.8630000001 3.5381707080
112.8640000001 3.5481064197
112.8650000001 3.5580426663
112.8660000001 3.5679791170
112.8670000001 3.5779154411
112.8680000001 3.5878513080
112.8690000001 3.5977863872
112.8700000001 3.6077203480
112.8710000001 3.6176528599
112.8720000001 3.6275835927
112.8730000001 3.6375122160
112.8740000001 3.6474383996
112.8750000001 3.6573618134
112.8760000001 3.6672821275
112.8770000001 3.6771990120
112.8780000001 3.6871121372
112.8790000001 3.6970211737
112.8800000001 3.7069257921
112.8810000001 3.7168256633
112.8820000001 3.7267204581
112.8830000001 3.7366098480
112.8840000001 3.7464935042
112.8850000001 3.7563710985
112.8860000001 3.7662423027
112.8870000001 3.7761067890
112.8880000001 3.7859642298
112.8890000001 3.7958142978
112.8900000001 3.8056566658
112.8910000001 3.8154910071
112.8920000001 3.8253169953
112.8930000001 3.8351343041
112.8940000001 3.8449426078
112.8950000001 3.8547415808
112.8960000001 3.8645308979
112.8970000001 3.8743102344
112.8980000001 3.8840792658
112.8990000001 3.8938376680
112.9000000001 3.9035851174
112.9010000001 3.9133212906
112.9020000001 3.9230458649
112.9030000001 3.9327585176
112.9040000001 3.9424589269
112.9050000001 3.9521467710
112.9060000001 3.9618217289
112.9070000001 3.9714834800
112.9080000001 3.9811317038
112.9090000001 3.9907660809
112.9100000001 4.0003862919
112.9110000001 4.0099920181
112.9120000001 4.0195829412
112.9130000001 4.0291587437
112.9140000001 4.0387191084
112.9150000001 4.0482637186
112.9160000001 4.0577922584
112.9170000001 4.0673044121
112.9180000001 4.0767998650
112.9190000001 4.0862783027
112.9200000001 4.0957394116
112.9210000001 4.1051828784
112.9220000001 4.1146083907
112.9230000001 4.1240156368
112.9240000001 4.1334043052
112.9250000001 4.1427740856
112.9260000001 4.1521246679
112.9270000001 4.1614557430
112.9280000001 4.1707670023
112.9290000001 4.1800581379
112.9300000001 4.1893288427
112.9310000001 4.1985788102
112.9320000001 4.2078077348
112.9330000001 4.2170153114
112.9340000001 4.2262012357
112.9350000001 4.2353652044
112.9360000001 4.2445069146
112.9370000001 4.2536260644
112.9380000001 4.2627223526
112.9390000001 4.2717954789
112.9400000001 4.2808451436
112.9410000001 4.2898710479
112.9420000001 4.2988728940
112.9430000001 4.3078503848
112.9440000001 4.3168032239
112.9450000001 4.3257311159
112.9460000001 4.3346337663
112.9470000001 4.3435108814
112.9480000001 4.3523621684
112.9490000001 4.3611873353
112.9500000001 4.3699860912
112.9510000001 4.3787581459
112.9520000001 4.3875032103
112.9530000001 4.3962209961
112.9540000001 4.4049112161
112.9550000001 4.4135735837
112.9560000001 4.4222078137
112.9570000001 4.4308136215
112.9580000001 4.4393907238
112.9590000001 4.4479388380
112.9600000001 4.4564576827
112.9610000001 4.4649469774
112.9620000001 4.4734064425
112.9630000001 4.4818357998
112.9640000001 4.4902347717
112.9650000001 4.4986030819
112.9660000001 4.5069404550
112.9670000001 4.5152466169
112.9680000001 4.5235212944
112.9690000001 4.5317642153
112.9700000001 4.5399751085
112.9710000001 4.5481537043
112.9720000001 4.5562997337
112.9730000001 4.5644129291
112.9740000001 4.5724930238
112.9750000001 4.5805397525
112.9760000001 4.5885528507
112.9770000001 4.5965320554
112.9780000001 4.6044771045
112.9790000001 4.6123877372
112.9800000001 4.6202636937
112.9810000001 4.6281047158
112.9820000001 4.6359105459
112.9830000001 4.6436809281
112.9840000001 4.6514156074
112.9850000001 4.6591143303
112.9860000001 4.6667768441
112.9870000001 4.6744028979
112.9880000001 4.6819922415
112.9890000001 4.6895446262
112.9900000001 4.6970598047
112.9910000001 4.7045375306
112.9920000001 4.7119775592
112.9930000001 4.7193796467
112.9940000001 4.7267435508
112.9950000001 4.7340690305
112.9960000001 4.7413558460
112.9970000001 4.7486037589
112.9980000001 4.7558125322
112.9990000001 4.7629819299
113.0000000001 4.7701117178
113.0010000001 4.7772016627
113.0020000001 4.7842515328
113.0030000001 4.7912610979
113.0040000001 4.7982301288
113.0050000001 4.8051583980
113.0060000001 4.8120456792
113.0070000001 4.8188917476
113.0080000001 4.8256963797
113.0090000001 4.8324593534
113.0100000001 4.8391804481
113.0110000001 4.8458594446
113.0120000001 4.8524961251
113.0130000001 4.8590902732
113.0140000001 4.8656416740
113.0150000001 4.8721501141
113.0160000001 4.8786153813
113.0170000001 4.8850372653
113.0180000001 4.8914155568
113.0190000001 4.8977500483
113.0200000001 4.9040405337
113.0210000001 4.9102868082
113.0220000001 4.9164886689
113.0230000001 4.9226459140
113.0240000001 4.9287583434
113.0250000001 4.9348257585
113.0260000001 4.9408479621
113.0270000001 4.9468247589
113.0280000001 4.9527559546
113.0290000001 4.9586413569
113.0300000001 4.9644807748
113.0310000001 4.9702740189
113.0320000001 4.9760209014
113.0330000001 4.9817212360
113.0340000001 4.9873748381
113.0350000001 4.9929815245
113.0360000001 4.9985411138
113.0370000001 5.0040534259
113.0380000001 5.0095182826
113.0390000001 5.0149355071
113.0400000001 5.0203049243
113.0410000001 5.0256263606
113.0420000001 5.0308996443
113.0430000001 5.0361246050
113.0440000001 5.0413010740
113.0450000001 5.0464288845
113.0460000001 5.0515078709
113.0470000001 5.0565378696
113.0480000001 5.0615187186
113.0490000001 5.0664502573
113.0500000001 5.0713323271
113.0510000001 5.0761647709
113.0520000001 5.0809474333
113.0530000001 5.0856801606
113.0540000001 5.0903628006
113.0550000001 5.0949952030
113.0560000001 5.0995772193
113.0570000001 5.1041087023
113.0580000001 5.1085895068
113.0590000001 5.1130194893
113.0600000001 5.1173985078
113.0610000001 5.1217264223
113.0620000001 5.1260030944
113.0630000001 5.1302283873
113.0640000001 5.1344021660
113.0650000001 5.1385242974
113.0660000001 5.1425946499
113.0670000001 5.1466130938
113.0680000001 5.1505795011
113.0690000001 5.1544937455
113.0700000001 5.1583557024
113.0710000001 5.1621652492
113.0720000001 5.1659222649
113.0730000001 5.1696266301
113.0740000001 5.1732782276
113.0750000001 5.1768769416
113.0760000001 5.1804226581
113.0770000001 5.1839152651
113.0780000001 5.1873546523
113.0790000001 5.1907407110
113.0800000001 5.1940733345
113.0810000001 5.1973524178
113.0820000001 5.2005778579
113.0830000001 5.2037495532
113.0840000001 5.2068674042
113.0850000001 5.2099313133
113.0860000001 5.2129411843
113.0870000001 5.2158969232
113.0880000001 5.2187984377
113.0890000001 5.2216456373
113.0900000001 5.2244384332
113.0910000001 5.2271767386
113.0920000001 5.2298604686
113.0930000001 5.2324895399
113.0940000001 5.2350638710
113.0950000001 5.2375833826
113.0960000001 5.2400479969
113.0970000001 5.2424576381
113.0980000001 5.2448122321
113.0990000001 5.2471117068
113.1000000001 5.2493559918
113.1010000001 5.2515450187
113.1020000001 5.2536787209
113.1030000001 5.2557570336
113.1040000001 5.2577798938
113.1050000001 5.2597472407
113.1060000001 5.2616590148
113.1070000001 5.2635151589
113.1080000001 5.2653156176
113.1090000001 5.2670603372
113.1100000001 5.2687492659
113.1110000001 5.2703823539
113.1120000001 5.2719595532
113.1130000001 5.2734808177
113.1140000001 5.2749461030
113.1150000001 5.2763553668
113.1160000001 5.2777085686
113.1170000001 5.2790056696
113.1180000001 5.2802466332
113.1190000001 5.2814314245
113.1200000001 5.2825600103
113.1210000001 5.2836323597
113.1220000001 5.2846484432
113.1230000001 5.2856082337
113.1240000001 5.2865117054
113.1250000001 5.2873588349
113.1260000001 5.2881496005
113.1270000001 5.2888839821
113.1280000001 5.2895619620
113.1290000001 5.2901835239
113.1300000001 5.2907486538
113.1310000001 5.2912573392
113.1320000001 5.2917095698
113.1330000001 5.2921053371
113.1340000001 5.2924446342
113.1350000001 5.2927274566
113.1360000001 5.2929538012
113.1370000001 5.2931236672
113.1380000001 5.2932370553
113.1390000001 5.2932939683
113.1400000001 5.2932944108
113.1410000001 5.2932383895
113.1420000001 5.2931259127
113.1430000001 5.2929569907
113.1440000001 5.2927316357
113.1450000001 5.2924498617
113.1460000001 5.2921116847
113.1470000001 5.2917171225
113.1480000001 5.2912661949
113.1490000001 5.2907589233
113.1500000001 5.2901953312
113.1510000001 5.2895754440
113.1520000001 5.2888992889
113.1530000001 5.2881668949
113.1540000001 5.2873782931
113.1550000001 5.2865335162
113.1560000001 5.2856325989
113.1570000001 5.2846755778
113.1580000001 5.2836624914
113.1590000001 5.2825933799
113.1600000001 5.2814682856
113.1610000001 5.2802872523
113.1620000001 5.2790503261
113.1630000001 5.2777575546
113.1640000001 5.2764089876
113.1650000001 5.2750046763
113.1660000001 5.2735446743
113.1670000001 5.2720290366
113.1680000001 5.2704578202
113.1690000001 5.2688310841
113.1700000001 5.2671488888
113.1710000001 5.2654112971
113.1720000001 5.2636183733
113.1730000001 5.2617701836
113.1740000001 5.2598667962
113.1750000001 5.2579082808
113.1760000001 5.2558947093
113.1770000001 5.2538261552
113.1780000001 5.2517026940
113.1790000001 5.2495244027
113.1800000001 5.2472913606
113.1810000001 5.2450036484
113.1820000001 5.2426613488
113.1830000001 5.2402645463
113.1840000001 5.2378133272
113.1850000001 5.2353077796
113.1860000001 5.2327479934
113.1870000001 5.2301340603
113.1880000001 5.2274660737
113.1890000001 5.2247441291
113.1900000001 5.2219683234
113.1910000001 5.2191387555
113.1920000001 5.2162555262
113.1930000001 5.2133187377
113.1940000001 5.2103284943
113.1950000001 5.2072849021
113.1960000001 5.2041880687
113.1970000001 5.2010381036
113.1980000001 5.1978351181
113.1990000001 5.1945792252
113.2000000001 5.1912705398
113.2010000001 5.1879091783
113.2020000001 5.1844952590
113.2030000001 5.1810289020
113.2040000001 5.1775102289
113.2050000001 5.1739393632
113.2060000001 5.1703164302
113.2070000001 5.1666415568
113.2080000001 5.1629148716
113.2090000001 5.1591365049
113.2100000001 5.1553065890
113.2110000001 5.1514252575
113.2120000001 5.1474926458
113.2130000001 5.1435088913
113.2140000001 5.1394741327
113.2150000001 5.1353885106
113.2160000001 5.1312521672
113.2170000001 5.1270652465
113.2180000001 5.1228278939
113.2190000001 5.1185402568
113.2200000001 5.1142024841
113.2210000001 5.1098147262
113.2220000001 5.1053771355
113.2230000001 5.1008898657
113.2240000001 5.0963530724
113.2250000001 5.0917669127
113.2260000001 5.0871315454
113.2270000001 5.0824471308
113.2280000001 5.0777138309
113.2290000001 5.0729318094
113.2300000001 5.0681012315
113.2310000001 5.0632222639
113.2320000001 5.0582950752
113.2330000001 5.0533198353
113.2340000001 5.0482967157
113.2350000001 5.0432258898
113.2360000001 5.0381075321
113.2370000001 5.0329418191
113.2380000001 5.0277289285
113.2390000001 5.0224690399
113.2400000001 5.0171623340
113.2410000001 5.0118089936
113.2420000001 5.0064092025
113.2430000001 5.0009631465
113.2440000001 4.9954710125
113.2450000001 4.9899329891
113.2460000001 4.9843492666
113.2470000001 4.9787200365
113.2480000001 4.9730454919
113.2490000001 4.9673258274
113.2500000001 4.9615612391
113.2510000001 4.9557519247
113.2520000001 4.9498980830
113.2530000001 4.9439999147
113.2540000001 4.9380576216
113.2550000001 4.9320714072
113.2560000001 4.9260414763
113.2570000001 4.9199680351
113.2580000001 4.9138512915
113.2590000001 4.9076914544
113.2600000001 4.9014887345
113.2610000001 4.8952433437
113.2620000001 4.8889554954
113.2630000001 4.8826254042
113.2640000001 4.8762532863
113.2650000001 4.8698393591
113.2660000001 4.8633838417
113.2670000001 4.8568869541
113.2680000001 4.8503489179
113.2690000001 4.8437699562
113.2700000001 4.8371502931
113.2710000001 4.8304901543
113.2720000001 4.8237897666
113.2730000001 4.8170493584
113.2740000001 4.8102691591
113.2750000001 4.8034493996
113.2760000001 4.7965903121
113.2770000001 4.7896921300
113.2780000001 4.7827550880
113.2790000001 4.7757794220
113.2800000001 4.7687653693
113.2810000001 4.7617131684
113.2820000001 4.7546230590
113.2830000001 4.7474952821
113.2840000001 4.7403300798
113.2850000001 4.7331276956
113.2860000001 4.7258883741
113.2870000001 4.7186123612
113.2880000001 4.7112999038
113.2890000001 4.7039512502
113.2900000001 4.6965666498
113.2910000001 4.6891463531
113.2920000001 4.6816906118
113.2930000001 4.6741996788
113.2940000001 4.6666738082
113.2950000001 4.6591132550
113.2960000001 4.6515182756
113.2970000001 4.6438891274
113.2980000001 4.6362260688
113.2990000001 4.6285293595
113.3000000001 4.6207992602
113.3010000001 4.6130360326
113.3020000001 4.6052399396
113.3030000001 4.5974112452
113.3040000001 4.5895502143
113.3050000001 4.5816571128
113.3060000001 4.5737322080
113.3070000001 4.5657757678
113.3080000001 4.5577880615
113.3090000001 4.5497693590
113.3100000001 4.5417199316
113.3110000001 4.5336400513
113.3120000001 4.5255299912
113.3130000001 4.5173900255
113.3140000001 4.5092204291
113.3150000001 4.5010214781
113.3160000001 4.4927934494
113.3170000001 4.4845366208
113.3180000001 4.4762512712
113.3190000001 4.4679376802
113.3200000001 4.4595961286
113.3210000001 4.4512268978
113.3220000001 4.4428302703
113.3230000001 4.4344065293
113.3240000001 4.4259559590
113.3250000001 4.4174788445
113.3260000001 4.4089754716
113.3270000001 4.4004461270
113.3280000001 4.3918910983
113.3290000001 4.3833106739
113.3300000001 4.3747051430
113.3310000001 4.3660747955
113.3320000001 4.3574199222
113.3330000001 4.3487408147
113.3340000001 4.3400377653
113.3350000001 4.3313110671
113.3360000001 4.3225610140
113.3370000001 4.3137879005
113.3380000001 4.3049920221
113.3390000001 4.2961736747
113.3400000001 4.2873331551
113.3410000001 4.2784707607
113.3420000001 4.2695867898
113.3430000001 4.2606815412
113.3440000001 4.2517553144
113.3450000001 4.2428084095
113.3460000001 4.2338411275
113.3470000001 4.2248537698
113.3480000001 4.2158466384
113.3490000001 4.2068200362
113.3500000001 4.1977742665
113.3510000001 4.1887096331
113.3520000001 4.1796264407
113.3530000001 4.1705249944
113.3540000001 4.1614055999
113.3550000001 4.1522685634
113.3560000001 4.1431141917
113.3570000001 4.1339427921
113.3580000001 4.1247546726
113.3590000001 4.1155501414
113.3600000001 4.1063295076
113.3610000001 4.0970930805
113.3620000001 4.0878411701
113.3630000001 4.0785740865
113.3640000001 4.0692921408
113.3650000001 4.0599956442
113.3660000001 4.0506849084
113.3670000001 4.0413602456
113.3680000001 4.0320219684
113.3690000001 4.0226703898
113.3700000001 4.0133058232
113.3710000001 4.0039285824
113.3720000001 3.9945389817
113.3730000001 3.9851373356
113.3740000001 3.9757239590
113.3750000001 3.9662991672
113.3760000001 3.9568632759
113.3770000001 3.9474166009
113.3780000001 3.9379594586
113.3790000001 3.9284921655
113.3800000001 3.9190150385
113.3810000001 3.9095283949
113.3820000001 3.9000325519
113.3830000001 3.8905278275
113.3840000001 3.8810145394
113.3850000001 3.8714930059
113.3860000001 3.8619635456
113.3870000001 3.8524264770
113.3880000001 3.8428821190
113.3890000001 3.8333307908
113.3900000001 3.8237728116
113.3910000001 3.8142085008
113.3920000001 3.8046381782
113.3930000001 3.7950621634
113.3940000001 3.7854807765
113.3950000001 3.7758943375
113.3960000001 3.7663031667
113.3970000001 3.7567075842
113.3980000001 3.7471079107
113.3990000001 3.7375044666
113.4000000001 3.7278975725
113.4010000001 3.7182875491
113.4020000001 3.7086747171
113.4030000001 3.6990593974
113.4040000001 3.6894419108
113.4050000001 3.6798225782
113.4060000001 3.6702017204
113.4070000001 3.6605796584
113.4080000001 3.6509567130
113.4090000001 3.6413332052
113.4100000001 3.6317094558
113.4110000001 3.6220857857
113.4120000001 3.6124625156
113.4130000001 3.6028399663
113.4140000001 3.5932184584
113.4150000001 3.5835983126
113.4160000001 3.5739798493
113.4170000001 3.5643633889
113.4180000001 3.5547492518
113.4190000001 3.5451377581
113.4200000001 3.5355292279
113.4210000001 3.5259239811
113.4220000001 3.5163223374
113.4230000001 3.5067246164
113.4240000001 3.4971311376
113.4250000001 3.4875422202
113.4260000001 3.4779581833
113.4270000001 3.4683793456
113.4280000001 3.4588060258
113.4290000001 3.4492385424
113.4300000001 3.4396772134
113.4310000001 3.4301223568
113.4320000001 3.4205742902
113.4330000001 3.4110333311
113.4340000001 3.4014997965
113.4350000001 3.3919740032
113.4360000001 3.3824562679
113.4370000001 3.3729469066
113.4380000001 3.3634462354
113.4390000001 3.3539545696
113.4400000001 3.3444722247
113.4410000001 3.3349995153
113.4420000001 3.3255367561
113.4430000001 3.3160842610
113.4440000001 3.3066423440
113.4450000001 3.2972113183
113.4460000001 3.2877914968
113.4470000001 3.2783831922
113.4480000001 3.2689867164
113.4490000001 3.2596023812
113.4500000001 3.2502304977
113.4510000001 3.2408713768
113.4520000001 3.2315253286
113.4530000001 3.2221926631
113.4540000001 3.2128736896
113.4550000001 3.2035687168
113.4560000001 3.1942780532
113.4570000001 3.1850020064
113.4580000001 3.1757408838
113.4590000001 3.1664949921
113.4600000001 3.1572646375
113.4610000001 3.1480501255
113.4620000001 3.1388517614
113.4630000001 3.1296698494
113.4640000001 3.1205046935
113.4650000001 3.1113565971
113.4660000001 3.1022258627
113.4670000001 3.0931127924
113.4680000001 3.0840176876
113.4690000001 3.0749408491
113.4700000001 3.0658825771
113.4710000001 3.0568431709
113.4720000001 3.0478229295
113.4730000001 3.0388221509
113.4740000001 3.0298411325
113.4750000001 3.0208801711
113.4760000001 3.0119395626
113.4770000001 3.0030196025
113.4780000001 2.9941205852
113.4790000001 2.9852428046
113.4800000001 2.9763865538
113.4810000001 2.9675521250
113.4820000001 2.9587398099
113.4830000001 2.9499498993
113.4840000001 2.9411826830
113.4850000001 2.9324384503
113.4860000001 2.9237174895
113.4870000001 2.9150200884
113.4880000001 2.9063465335
113.4890000001 2.8976971107
113.4900000001 2.8890721053
113.4910000001 2.8804718013
113.4920000001 2.8718964821
113.4930000001 2.8633464301
113.4940000001 2.8548219270
113.4950000001 2.8463232534
113.4960000001 2.8378506892
113.4970000001 2.8294045132
113.4980000001 2.8209850034
113.4990000001 2.8125924368
113.5000000001 2.8042270896
113.5010000001 2.7958892368
113.5020000001 2.7875791526
113.5030000001 2.7792971104
113.5040000001 2.7710433823
113.5050000001 2.7628182396
113.5060000001 2.7546219526
113.5070000001 2.7464547905
113.5080000001 2.7383170218
113.5090000001 2.7302089135
113.5100000001 2.7221307319
113.5110000001 2.7140827422
113.5120000001 2.7060652086
113.5130000001 2.6980783941
113.5140000001 2.6901225607
113.5150000001 2.6821979694
113.5160000001 2.6743048801
113.5170000001 2.6664435516
113.5180000001 2.6586142415
113.5190000001 2.6508172064
113.5200000001 2.6430527019
113.5210000001 2.6353209821
113.5220000001 2.6276223005
113.5230000001 2.6199569089
113.5240000001 2.6123250585
113.5250000001 2.6047269988
113.5260000001 2.5971629786
113.5270000001 2.5896332453
113.5280000001 2.5821380452
113.5290000001 2.5746776233
113.5300000001 2.5672522234
113.5310000001 2.5598620883
113.5320000001 2.5525074595
113.5330000001 2.5451885771
113.5340000001 2.5379056801
113.5350000001 2.5306590064
113.5360000001 2.5234487925
113.5370000001 2.5162752736
113.5380000001 2.5091386838
113.5390000001 2.5020392559
113.5400000001 2.4949772212
113.5410000001 2.4879528101
113.5420000001 2.4809662513
113.5430000001 2.4740177726
113.5440000001 2.4671076002
113.5450000001 2.4602359591
113.5460000001 2.4534030731
113.5470000001 2.4466091644
113.5480000001 2.4398544540
113.5490000001 2.4331391618
113.5500000001 2.4264635058
113.5510000001 2.4198277032
113.5520000001 2.4132319696
113.5530000001 2.4066765191
113.5540000001 2.4001615647
113.5550000001 2.3936873179
113.5560000001 2.3872539886
113.5570000001 2.3808617857
113.5580000001 2.3745109163
113.5590000001 2.3682015865
113.5600000001 2.3619340005
113.5610000001 2.3557083616
113.5620000001 2.3495248712
113.5630000001 2.3433837296
113.5640000001 2.3372851354
113.5650000001 2.3312292860
113.5660000001 2.3252163771
113.5670000001 2.3192466032
113.5680000001 2.3133201571
113.5690000001 2.3074372301
113.5700000001 2.3015980124
113.5710000001 2.2958026921
113.5720000001 2.2900514565
113.5730000001 2.2843444907
113.5740000001 2.2786819789
113.5750000001 2.2730641035
113.5760000001 2.2674910452
113.5770000001 2.2619629837
113.5780000001 2.2564800965
113.5790000001 2.2510425602
113.5800000001 2.2456505495
113.5810000001 2.2403042376
113.5820000001 2.2350037963
113.5830000001 2.2297493955
113.5840000001 2.2245412039
113.5850000001 2.2193793885
113.5860000001 2.2142641146
113.5870000001 2.2091955462
113.5880000001 2.2041738454
113.5890000001 2.1991991730
113.5900000001 2.1942716880
113.5910000001 2.1893915478
113.5920000001 2.1845589084
113.5930000001 2.1797739240
113.5940000001 2.1750367471
113.5950000001 2.1703475289
113.5960000001 2.1657064186
113.5970000001 2.1611135642
113.5980000001 2.1565691116
113.5990000001 2.1520732055
113.6000000001 2.1476259885
113.6010000001 2.1432276019
113.6020000001 2.1388781853
113.6030000001 2.1345778766
113.6040000001 2.1303268119
113.6050000001 2.1261251258
113.6060000001 2.1219729511
113.6070000001 2.1178704192
113.6080000001 2.1138176595
113.6090000001 2.1098147999
113.6100000001 2.1058619666
113.6110000001 2.1019592839
113.6120000001 2.0981068747
113.6130000001 2.0943048601
113.6140000001 2.0905533594
113.6150000001 2.0868524903
113.6160000001 2.0832023687
113.6170000001 2.0796031090
113.6180000001 2.0760548235
113.6190000001 2.0725576232
113.6200000001 2.0691116171
113.6210000001 2.0657169125
113.6220000001 2.0623736151
113.6230000001 2.0590818288
113.6240000001 2.0558416556
113.6250000001 2.0526531961
113.6260000001 2.0495165489
113.6270000001 2.0464318108
113.6280000001 2.0433990771
113.6290000001 2.0404184412
113.6300000001 2.0374899947
113.6310000001 2.0346138275
113.6320000001 2.0317900277
113.6330000001 2.0290186819
113.6340000001 2.0262998744
113.6350000001 2.0236336882
113.6360000001 2.0210202044
113.6370000001 2.0184595021
113.6380000001 2.0159516590
113.6390000001 2.0134967508
113.6400000001 2.0110948514
113.6410000001 2.0087460330
113.6420000001 2.0064503659
113.6430000001 2.0042079188
113.6440000001 2.0020187585
113.6450000001 1.9998829499
113.6460000001 1.9978005563
113.6470000001 1.9957716392
113.6480000001 1.9937962580
113.6490000001 1.9918744707
113.6500000001 1.9900063333
113.6510000001 1.9881919000
113.6520000001 1.9864312232
113.6530000001 1.9847243535
113.6540000001 1.9830713397
113.6550000001 1.9814722288
113.6560000001 1.9799270660
113.6570000001 1.9784358947
113.6580000001 1.9769987564
113.6590000001 1.9756156908
113.6600000001 1.9742867360
113.6610000001 1.9730119279
113.6620000001 1.9717913010
113.6630000001 1.9706248876
113.6640000001 1.9695127185
113.6650000001 1.9684548224
113.6660000001 1.9674512265
113.6670000001 1.9665019559
113.6680000001 1.9656070339
113.6690000001 1.9647664822
113.6700000001 1.9639803205
113.6710000001 1.9632485666
113.6720000001 1.9625712368
113.6730000001 1.9619483451
113.6740000001 1.9613799042
113.6750000001 1.9608659246
113.6760000001 1.9604064150
113.6770000001 1.9600013826
113.6780000001 1.9596508324
113.6790000001 1.9593547677
113.6800000001 1.9591131900
113.6810000001 1.9589260991
113.6820000001 1.9587934928
113.6830000001 1.9587153670
113.6840000001 1.9586917161
113.6850000001 1.9587225324
113.6860000001 1.9588078064
113.6870000001 1.9589475270
113.6880000001 1.9591416809
113.6890000001 1.9593902535
113.6900000001 1.9596932278
113.6910000001 1.9600505854
113.6920000001 1.9604623060
113.6930000001 1.9609283674
113.6940000001 1.9614487455
113.6950000001 1.9620234147
113.6960000001 1.9626523472
113.6970000001 1.9633355137
113.6980000001 1.9640728829
113.6990000001 1.9648644219
113.7000000001 1.9657100957
113.7010000001 1.9666098677
113.7020000001 1.9675636994
113.7030000001 1.9685715506
113.7040000001 1.9696333793
113.7050000001 1.9707491414
113.7060000001 1.9719187915
113.7070000001 1.9731422820
113.7080000001 1.9744195636
113.7090000001 1.9757505854
113.7100000001 1.9771352945
113.7110000001 1.9785736362
113.7120000001 1.9800655541
113.7130000001 1.9816109901
113.7140000001 1.9832098841
113.7150000001 1.9848621745
113.7160000001 1.9865677976
113.7170000001 1.9883266881
113.7180000001 1.9901387790
113.7190000001 1.9920040013
113.7200000001 1.9939222846
113.7210000001 1.9958935563
113.7220000001 1.9979177423
113.7230000001 1.9999947667
113.7240000001 2.0021245518
113.7250000001 2.0043070183
113.7260000001 2.0065420848
113.7270000001 2.0088296686
113.7280000001 2.0111696848
113.7290000001 2.0135620472
113.7300000001 2.0160066675
113.7310000001 2.0185034558
113.7320000001 2.0210523206
113.7330000001 2.0236531685
113.7340000001 2.0263059044
113.7350000001 2.0290104314
113.7360000001 2.0317666512
113.7370000001 2.0345744634
113.7380000001 2.0374337661
113.7390000001 2.0403444556
113.7400000001 2.0433064265
113.7410000001 2.0463195719
113.7420000001 2.0493837830
113.7430000001 2.0524989492
113.7440000001 2.0556649585
113.7450000001 2.0588816970
113.7460000001 2.0621490493
113.7470000001 2.0654668981
113.7480000001 2.0688351245
113.7490000001 2.0722536081
113.7500000001 2.0757222267
113.7510000001 2.0792408563
113.7520000001 2.0828093716
113.7530000001 2.0864276453
113.7540000001 2.0900955487
113.7550000001 2.0938129512
113.7560000001 2.0975797209
113.7570000001 2.1013957239
113.7580000001 2.1052608250
113.7590000001 2.1091748872
113.7600000001 2.1131377719
113.7610000001 2.1171493388
113.7620000001 2.1212094462
113.7630000001 2.1253179507
113.7640000001 2.1294747073
113.7650000001 2.1336795693
113.7660000001 2.1379323885
113.7670000001 2.1422330152
113.7680000001 2.1465812981
113.7690000001 2.1509770842
113.7700000001 2.1554202189
113.7710000001 2.1599105463
113.7720000001 2.1644479087
113.7730000001 2.1690321470
113.7740000001 2.1736631005
113.7750000001 2.1783406068
113.7760000001 2.1830645023
113.7770000001 2.1878346216
113.7780000001 2.1926507978
113.7790000001 2.1975128627
113.7800000001 2.2024206463
113.7810000001 2.2073739774
113.7820000001 2.2123726829
113.7830000001 2.2174165887
113.7840000001 2.2225055187
113.7850000001 2.2276392957
113.7860000001 2.2328177410
113.7870000001 2.2380406741
113.7880000001 2.2433079134
113.7890000001 2.2486192758
113.7900000001 2.2539745765
113.7910000001 2.2593736294
113.7920000001 2.2648162471
113.7930000001 2.2703022407
113.7940000001 2.2758314196
113.7950000001 2.2814035923
113.7960000001 2.2870185653
113.7970000001 2.2926761442
113.7980000001 2.2983761330
113.7990000001 2.3041183342
113.8000000001 2.3099025490
113.8010000001 2.3157285774
113.8020000001 2.3215962178
113.8030000001 2.3275052674
113.8040000001 2.3334555218
113.8050000001 2.3394467755
113.8060000001 2.3454788215
113.8070000001 2.3515514517
113.8080000001 2.3576644564
113.8090000001 2.3638176247
113.8100000001 2.3700107443
113.8110000001 2.3762436018
113.8120000001 2.3825159824
113.8130000001 2.3888276698
113.8140000001 2.3951784467
113.8150000001 2.4015680945
113.8160000001 2.4079963931
113.8170000001 2.4144631215
113.8180000001 2.4209680570
113.8190000001 2.4275109760
113.8200000001 2.4340916537
113.8210000001 2.4407098637
113.8220000001 2.4473653787
113.8230000001 2.4540579701
113.8240000001 2.4607874081
113.8250000001 2.4675534617
113.8260000001 2.4743558986
113.8270000001 2.4811944856
113.8280000001 2.4880689879
113.8290000001 2.4949791699
113.8300000001 2.5019247948
113.8310000001 2.5089056243
113.8320000001 2.5159214195
113.8330000001 2.5229719400
113.8340000001 2.5300569442
113.8350000001 2.5371761898
113.8360000001 2.5443294329
113.8370000001 2.5515164289
113.8380000001 2.5587369319
113.8390000001 2.5659906949
113.8400000001 2.5732774699
113.8410000001 2.5805970078
113.8420000001 2.5879490585
113.8430000001 2.5953333708
113.8440000001 2.6027496924
113.8450000001 2.6101977701
113.8460000001 2.6176773496
113.8470000001 2.6251881755
113.8480000001 2.6327299916
113.8490000001 2.6403025404
113.8500000001 2.6479055638
113.8510000001 2.6555388025
113.8520000001 2.6632019961
113.8530000001 2.6708948834
113.8540000001 2.6786172023
113.8550000001 2.6863686897
113.8560000001 2.6941490814
113.8570000001 2.7019581126
113.8580000001 2.7097955172
113.8590000001 2.7176610286
113.8600000001 2.7255543790
113.8610000001 2.7334752997
113.8620000001 2.7414235213
113.8630000001 2.7493987735
113.8640000001 2.7574007850
113.8650000001 2.7654292837
113.8660000001 2.7734839967
113.8670000001 2.7815646504
113.8680000001 2.7896709700
113.8690000001 2.7978026802
113.8700000001 2.8059595049
113.8710000001 2.8141411669
113.8720000001 2.8223473885
113.8730000001 2.8305778911
113.8740000001 2.8388323955
113.8750000001 2.8471106214
113.8760000001 2.8554122880
113.8770000001 2.8637371139
113.8780000001 2.8720848165
113.8790000001 2.8804551129
113.8800000001 2.8888477193
113.8810000001 2.8972623513
113.8820000001 2.9056987236
113.8830000001 2.9141565506
113.8840000001 2.9226355455
113.8850000001 2.9311354214
113.8860000001 2.9396558903
113.8870000001 2.9481966637
113.8880000001 2.9567574526
113.8890000001 2.9653379673
113.8900000001 2.9739379173
113.8910000001 2.9825570117
113.8920000001 2.9911949590
113.8930000001 2.9998514670
113.8940000001 3.0085262431
113.8950000001 3.0172189938
113.8960000001 3.0259294255
113.8970000001 3.0346572437
113.8980000001 3.0434021535
113.8990000001 3.0521638595
113.9000000001 3.0609420657
113.9010000001 3.0697364756
113.9020000001 3.0785467923
113.9030000001 3.0873727184
113.9040000001 3.0962139558
113.9050000001 3.1050702063
113.9060000001 3.1139411710
113.9070000001 3.1228265506
113.9080000001 3.1317260453
113.9090000001 3.1406393551
113.9100000001 3.1495661793
113.9110000001 3.1585062170
113.9120000001 3.1674591668
113.9130000001 3.1764247270
113.9140000001 3.1854025955
113.9150000001 3.1943924697
113.9160000001 3.2033940468
113.9170000001 3.2124070236
113.9180000001 3.2214310967
113.9190000001 3.2304659621
113.9200000001 3.2395113157
113.9210000001 3.2485668531
113.9220000001 3.2576322695
113.9230000001 3.2667072598
113.9240000001 3.2757915188
113.9250000001 3.2848847409
113.9260000001 3.2939866203
113.9270000001 3.3030968508
113.9280000001 3.3122151263
113.9290000001 3.3213411401
113.9300000001 3.3304745857
113.9310000001 3.3396151560
113.9320000001 3.3487625439
113.9330000001 3.3579164422
113.9340000001 3.3670765433
113.9350000001 3.3762425398
113.9360000001 3.3854141237
113.9370000001 3.3945909872
113.9380000001 3.4037728223
113.9390000001 3.4129593208
113.9400000001 3.4221501745
113.9410000001 3.4313450749
113.9420000001 3.4405437137
113.9430000001 3.4497457824
113.9440000001 3.4589509724
113.9450000001 3.4681589749
113.9460000001 3.4773694815
113.9470000001 3.4865821832
113.9480000001 3.4957967715
113.9490000001 3.5050129375
113.9500000001 3.5142303726
113.9510000001 3.5234487678
113.9520000001 3.5326678146
113.9530000001 3.5418872043
113.9540000001 3.5511066281
113.9550000001 3.5603257774
113.9560000001 3.5695443437
113.9570000001 3.5787620185
113.9580000001 3.5879784935
113.9590000001 3.5971934602
113.9600000001 3.6064066105
113.9610000001 3.6156176363
113.9620000001 3.6248262295
113.9630000001 3.6340320824
113.9640000001 3.6432348872
113.9650000001 3.6524343364
113.9660000001 3.6616301225
113.9670000001 3.6708219385
113.9680000001 3.6800094771
113.9690000001 3.6891924316
113.9700000001 3.6983704953
113.9710000001 3.7075433618
113.9720000001 3.7167107249
113.9730000001 3.7258722787
113.9740000001 3.7350277173
113.9750000001 3.7441767354
113.9760000001 3.7533190277
113.9770000001 3.7624542893
113.9780000001 3.7715822155
113.9790000001 3.7807025021
113.9800000001 3.7898148449
113.9810000001 3.7989189402
113.9820000001 3.8080144847
113.9830000001 3.8171011752
113.9840000001 3.8261787091
113.9850000001 3.8352467840
113.9860000001 3.8443050979
113.9870000001 3.8533533491
113.9880000001 3.8623912365
113.9890000001 3.8714184592
113.9900000001 3.8804347168
113.9910000001 3.8894397092
113.9920000001 3.8984331369
113.9930000001 3.9074147008
113.9940000001 3.9163841021
113.9950000001 3.9253410426
113.9960000001 3.9342852245
113.9970000001 3.9432163505
113.9980000001 3.9521341239
113.9990000001 3.9610382482
114.0000000001 3.9699284277
114.0010000001 3.9788043671
114.0020000001 3.9876657716
114.0030000001 3.9965123470
114.0040000001 4.0053437995
114.0050000001 4.0141598362
114.0060000001 4.0229601643
114.0070000001 4.0317444920
114.0080000001 4.0405125277
114.0090000001 4.0492639808
114.0100000001 4.0579985609
114.0110000001 4.0667159785
114.0120000001 4.0754159447
114.0130000001 4.0840981710
114.0140000001 4.0927623698
114.0150000001 4.1014082541
114.0160000001 4.1100355374
114.0170000001 4.1186439341
114.0180000001 4.1272331591
114.0190000001 4.1358029281
114.0200000001 4.1443529575
114.0210000001 4.1528829643
114.0220000001 4.1613926662
114.0230000001 4.1698817819
114.0240000001 4.1783500306
114.0250000001 4.1867971323
114.0260000001 4.1952228077
114.0270000001 4.2036267783
114.0280000001 4.2120087665
114.0290000001 4.2203684953
114.0300000001 4.2287056886
114.0310000001 4.2370200710
114.0320000001 4.2453113682
114.0330000001 4.2535793062
114.0340000001 4.2618236124
114.0350000001 4.2700440146
114.0360000001 4.2782402416
114.0370000001 4.2864120233
114.0380000001 4.2945590900
114.0390000001 4.3026811731
114.0400000001 4.3107780051
114.0410000001 4.3188493191
114.0420000001 4.3268948491
114.0430000001 4.3349143302
114.0440000001 4.3429074983
114.0450000001 4.3508740902
114.0460000001 4.3588138436
114.0470000001 4.3667264974
114.0480000001 4.3746117912
114.0490000001 4.3824694656
114.0500000001 4.3902992622
114.0510000001 4.3981009237
114.0520000001 4.4058741935
114.0530000001 4.4136188163
114.0540000001 4.4213345376
114.0550000001 4.4290211040
114.0560000001 4.4366782630
114.0570000001 4.4443057635
114.0580000001 4.4519033549
114.0590000001 4.4594707880
114.0600000001 4.4670078146
114.0610000001 4.4745141876
114.0620000001 4.4819896607
114.0630000001 4.4894339890
114.0640000001 4.4968469286
114.0650000001 4.5042282366
114.0660000001 4.5115776712
114.0670000001 4.5188949919
114.0680000001 4.5261799591
114.0690000001 4.5334323345
114.0700000001 4.5406518807
114.0710000001 4.5478383617
114.0720000001 4.5549915425
114.0730000001 4.5621111894
114.0740000001 4.5691970695
114.0750000001 4.5762489516
114.0760000001 4.5832666053
114.0770000001 4.5902498015
114.0780000001 4.5971983123
114.0790000001 4.6041119110
114.0800000001 4.6109903720
114.0810000001 4.6178334712
114.0820000001 4.6246409855
114.0830000001 4.6314126930
114.0840000001 4.6381483732
114.0850000001 4.6448478067
114.0860000001 4.6515107754
114.0870000001 4.6581370626
114.0880000001 4.6647264526
114.0890000001 4.6712787313
114.0900000001 4.6777936855
114.0910000001 4.6842711036
114.0920000001 4.6907107752
114.0930000001 4.6971124911
114.0940000001 4.7034760436
114.0950000001 4.7098012261
114.0960000001 4.7160878336
114.0970000001 4.7223356621
114.0980000001 4.7285445092
114.0990000001 4.7347141737
114.1000000001 4.7408444559
114.1010000001 4.7469351572
114.1020000001 4.7529860805
114.1030000001 4.7589970302
114.1040000001 4.7649678120
114.1050000001 4.7708982327
114.1060000001 4.7767881009
114.1070000001 4.7826372264
114.1080000001 4.7884454204
114.1090000001 4.7942124956
114.1100000001 4.7999382659
114.1110000001 4.8056225467
114.1120000001 4.8112651551
114.1130000001 4.8168659093
114.1140000001 4.8224246290
114.1150000001 4.8279411354
114.1160000001 4.8334152512
114.1170000001 4.8388468004
114.1180000001 4.8442356086
114.1190000001 4.8495815028
114.1200000001 4.8548843115
114.1210000001 4.8601438646
114.1220000001 4.8653599935
114.1230000001 4.8705325312
114.1240000001 4.8756613121
114.1250000001 4.8807461721
114.1260000001 4.8857869486
114.1270000001 4.8907834805
114.1280000001 4.8957356083
114.1290000001 4.9006431740
114.1300000001 4.9055060209
114.1310000001 4.9103239941
114.1320000001 4.9150969401
114.1330000001 4.9198247070
114.1340000001 4.9245071444
114.1350000001 4.9291441035
114.1360000001 4.9337354371
114.1370000001 4.9382809992
114.1380000001 4.9427806459
114.1390000001 4.9472342344
114.1400000001 4.9516416239
114.1410000001 4.9560026747
114.1420000001 4.9603172491
114.1430000001 4.9645852107
114.1440000001 4.9688064249
114.1450000001 4.9729807585
114.1460000001 4.9771080801
114.1470000001 4.9811882596
114.1480000001 4.9852211689
114.1490000001 4.9892066811
114.1500000001 4.9931446713
114.1510000001 4.9970350160
114.1520000001 5.0008775932
114.1530000001 5.0046722829
114.1540000001 5.0084189664
114.1550000001 5.0121175266
114.1560000001 5.0157678484
114.1570000001 5.0193698181
114.1580000001 5.0229233235
114.1590000001 5.0264282543
114.1600000001 5.0298845017
114.1610000001 5.0332919587
114.1620000001 5.0366505199
114.1630000001 5.0399600813
114.1640000001 5.0432205410
114.1650000001 5.0464317985
114.1660000001 5.0495937550
114.1670000001 5.0527063134
114.1680000001 5.0557693783
114.1690000001 5.0587828559
114.1700000001 5.0617466542
114.1710000001 5.0646606827
114.1720000001 5.0675248528
114.1730000001 5.0703390776
114.1740000001 5.0731032715
114.1750000001 5.0758173511
114.1760000001 5.0784812344
114.1770000001 5.0810948413
114.1780000001 5.0836580930
114.1790000001 5.0861709130
114.1800000001 5.0886332260
114.1810000001 5.0910449586
114.1820000001 5.0934060392
114.1830000001 5.0957163978
114.1840000001 5.0979759661
114.1850000001 5.1001846776
114.1860000001 5.1023424674
114.1870000001 5.1044492726
114.1880000001 5.1065050315
114.1890000001 5.1085096848
114.1900000001 5.1104631743
114.1910000001 5.1123654439
114.1920000001 5.1142164392
114.1930000001 5.1160161073
114.1940000001 5.1177643974
114.1950000001 5.1194612601
114.1960000001 5.1211066479
114.1970000001 5.1227005150
114.1980000001 5.1242428173
114.1990000001 5.1257335126
114.2000000001 5.1271725602
114.2010000001 5.1285599213
114.2020000001 5.1298955588
114.2030000001 5.1311794374
114.2040000001 5.1324115235
114.2050000001 5.1335917852
114.2060000001 5.1347201924
114.2070000001 5.1357967167
114.2080000001 5.1368213315
114.2090000001 5.1377940120
114.2100000001 5.1387147350
114.2110000001 5.1395834791
114.2120000001 5.1404002248
114.2130000001 5.1411649541
114.2140000001 5.1418776509
114.2150000001 5.1425383010
114.2160000001 5.1431468915
114.2170000001 5.1437034117
114.2180000001 5.1442078525
114.2190000001 5.1446602065
114.2200000001 5.1450604680
114.2210000001 5.1454086332
114.2220000001 5.1457047001
114.2230000001 5.1459486681
114.2240000001 5.1461405388
114.2250000001 5.1462803152
114.2260000001 5.1463680022
114.2270000001 5.1464036065
114.2280000001 5.1463871365
114.2290000001 5.1463186022
114.2300000001 5.1461980155
114.2310000001 5.1460253902
114.2320000001 5.1458007415
114.2330000001 5.1455240865
114.2340000001 5.1451954442
114.2350000001 5.1448148351
114.2360000001 5.1443822815
114.2370000001 5.1438978076
114.2380000001 5.1433614392
114.2390000001 5.1427732038
114.2400000001 5.1421331307
114.2410000001 5.1414412510
114.2420000001 5.1406975975
114.2430000001 5.1399022046
114.2440000001 5.1390551086
114.2450000001 5.1381563475
114.2460000001 5.1372059609
114.2470000001 5.1362039903
114.2480000001 5.1351504789
114.2490000001 5.1340454714
114.2500000001 5.1328890146
114.2510000001 5.1316811567
114.2520000001 5.1304219477
114.2530000001 5.1291114395
114.2540000001 5.1277496854
114.2550000001 5.1263367407
114.2560000001 5.1248726623
114.2570000001 5.1233575087
114.2580000001 5.1217913402
114.2590000001 5.1201742189
114.2600000001 5.1185062085
114.2610000001 5.1167873743
114.2620000001 5.1150177835
114.2630000001 5.1131975048
114.2640000001 5.1113266088
114.2650000001 5.1094051677
114.2660000001 5.1074332552
114.2670000001 5.1054109469
114.2680000001 5.1033383201
114.2690000001 5.1012154536
114.2700000001 5.0990424281
114.2710000001 5.0968193257
114.2720000001 5.0945462304
114.2730000001 5.0922232277
114.2740000001 5.0898504050
114.2750000001 5.0874278510
114.2760000001 5.0849556564
114.2770000001 5.0824339133
114.2780000001 5.0798627156
114.2790000001 5.0772421589
114.2800000001 5.0745723401
114.2810000001 5.0718533582
114.2820000001 5.0690853135
114.2830000001 5.0662683081
114.2840000001 5.0634024456
114.2850000001 5.0604878314
114.2860000001 5.0575245723
114.2870000001 5.0545127769
114.2880000001 5.0514525553
114.2890000001 5.0483440192
114.2900000001 5.0451872821
114.2910000001 5.0419824589
114.2920000001 5.0387296660
114.2930000001 5.0354290217
114.2940000001 5.0320806457
114.2950000001 5.0286846592
114.2960000001 5.0252411852
114.2970000001 5.0217503481
114.2980000001 5.0182122740
114.2990000001 5.0146270904
114.3000000001 5.0109949265
114.3010000001 5.0073159130
114.3020000001 5.0035901822
114.3030000001 4.9998178678
114.3040000001 4.9959991053
114.3050000001 4.9921340314
114.3060000001 4.9882227847
114.3070000001 4.9842655050
114.3080000001 4.9802623338
114.3090000001 4.9762134142
114.3100000001 4.9721188905
114.3110000001 4.9679789088
114.3120000001 4.9637936166
114.3130000001 4.9595631629
114.3140000001 4.9552876982
114.3150000001 4.9509673745
114.3160000001 4.9466023451
114.3170000001 4.9421927651
114.3180000001 4.9377387908
114.3190000001 4.9332405802
114.3200000001 4.9286982924
114.3210000001 4.9241120883
114.3220000001 4.9194821302
114.3230000001 4.9148085816
114.3240000001 4.9100916077
114.3250000001 4.9053313749
114.3260000001 4.9005280514
114.3270000001 4.8956818063
114.3280000001 4.8907928105
114.3290000001 4.8858612362
114.3300000001 4.8808872570
114.3310000001 4.8758710478
114.3320000001 4.8708127851
114.3330000001 4.8657126465
114.3340000001 4.8605708111
114.3350000001 4.8553874596
114.3360000001 4.8501627737
114.3370000001 4.8448969366
114.3380000001 4.8395901330
114.3390000001 4.8342425487
114.3400000001 4.8288543709
114.3410000001 4.8234257882
114.3420000001 4.8179569906
114.3430000001 4.8124481692
114.3440000001 4.8068995166
114.3450000001 4.8013112266
114.3460000001 4.7956834943
114.3470000001 4.7900165162
114.3480000001 4.7843104898
114.3490000001 4.7785656143
114.3500000001 4.7727820899
114.3510000001 4.7669601180
114.3520000001 4.7610999014
114.3530000001 4.7552016442
114.3540000001 4.7492655515
114.3550000001 4.7432918300
114.3560000001 4.7372806872
114.3570000001 4.7312323321
114.3580000001 4.7251469750
114.3590000001 4.7190248271
114.3600000001 4.7128661009
114.3610000001 4.7066710103
114.3620000001 4.7004397701
114.3630000001 4.6941725965
114.3640000001 4.6878697067
114.3650000001 4.6815313191
114.3660000001 4.6751576534
114.3670000001 4.6687489302
114.3680000001 4.6623053715
114.3690000001 4.6558272001
114.3700000001 4.6493146404
114.3710000001 4.6427679174
114.3720000001 4.6361872575
114.3730000001 4.6295728882
114.3740000001 4.6229250380
114.3750000001 4.6162439365
114.3760000001 4.6095298144
114.3770000001 4.6027829035
114.3780000001 4.5960034366
114.3790000001 4.5891916475
114.3800000001 4.5823477712
114.3810000001 4.5754720436
114.3820000001 4.5685647016
114.3830000001 4.5616259834
114.3840000001 4.5546561279
114.3850000001 4.5476553751
114.3860000001 4.5406239660
114.3870000001 4.5335621426
114.3880000001 4.5264701479
114.3890000001 4.5193482257
114.3900000001 4.5121966211
114.3910000001 4.5050155799
114.3920000001 4.4978053488
114.3930000001 4.4905661755
114.3940000001 4.4832983088
114.3950000001 4.4760019983
114.3960000001 4.4686774943
114.3970000001 4.4613250483
114.3980000001 4.4539449127
114.3990000001 4.4465373404
114.4000000001 4.4391025856
114.4010000001 4.4316409032
114.4020000001 4.4241525490
114.4030000001 4.4166377795
114.4040000001 4.4090968523
114.4050000001 4.4015300256
114.4060000001 4.3939375584
114.4070000001 4.3863197109
114.4080000001 4.3786767436
114.4090000001 4.3710089180
114.4100000001 4.3633164966
114.4110000001 4.3555997424
114.4120000001 4.3478589193
114.4130000001 4.3400942918
114.4140000001 4.3323061254
114.4150000001 4.3244946861
114.4160000001 4.3166602408
114.4170000001 4.3088030571
114.4180000001 4.3009234032
114.4190000001 4.2930215481
114.4200000001 4.2850977616
114.4210000001 4.2771523140
114.4220000001 4.2691854763
114.4230000001 4.2611975203
114.4240000001 4.2531887183
114.4250000001 4.2451593433
114.4260000001 4.2371096691
114.4270000001 4.2290399700
114.4280000001 4.2209505207
114.4290000001 4.2128415969
114.4300000001 4.2047134748
114.4310000001 4.1965664310
114.4320000001 4.1884007428
114.4330000001 4.1802166882
114.4340000001 4.1720145456
114.4350000001 4.1637945940
114.4360000001 4.1555571130
114.4370000001 4.1473023826
114.4380000001 4.1390306834
114.4390000001 4.1307422967
114.4400000001 4.1224375041
114.4410000001 4.1141165876
114.4420000001 4.1057798300
114.4430000001 4.0974275144
114.4440000001 4.0890599242
114.4450000001 4.0806773437
114.4460000001 4.0722800571
114.4470000001 4.0638683496
114.4480000001 4.0554425065
114.4490000001 4.0470028135
114.4500000001 4.0385495568
114.4510000001 4.0300830231
114.4520000001 4.0216034993
114.4530000001 4.0131112728
114.4540000001 4.0046066314
114.4550000001 3.9960898631
114.4560000001 3.9875612565
114.4570000001 3.9790211003
114.4580000001 3.9704696836
114.4590000001 3.9619072960
114.4600000001 3.9533342272
114.4610000001 3.9447507673
114.4620000001 3.9361572067
114.4630000001 3.9275538359
114.4640000001 3.9189409460
114.4650000001 3.9103188282
114.4660000001 3.9016877739
114.4670000001 3.8930480748
114.4680000001 3.8844000228
114.4690000001 3.8757439102
114.4700000001 3.8670800292
114.4710000001 3.8584086724
114.4720000001 3.8497301327
114.4730000001 3.8410447030
114.4740000001 3.8323526764
114.4750000001 3.8236543462
114.4760000001 3.8149500058
114.4770000001 3.8062399490
114.4780000001 3.7975244694
114.4790000001 3.7888038608
114.4800000001 3.7800784174
114.4810000001 3.7713484331
114.4820000001 3.7626142021
114.4830000001 3.7538760187
114.4840000001 3.7451341773
114.4850000001 3.7363889722
114.4860000001 3.7276406980
114.4870000001 3.7188896492
114.4880000001 3.7101361202
114.4890000001 3.7013804057
114.4900000001 3.6926228003
114.4910000001 3.6838635985
114.4920000001 3.6751030950
114.4930000001 3.6663415844
114.4940000001 3.6575793612
114.4950000001 3.6488167200
114.4960000001 3.6400539552
114.4970000001 3.6312913613
114.4980000001 3.6225292326
114.4990000001 3.6137678634
114.5000000001 3.6050075480
114.5010000001 3.5962485805
114.5020000001 3.5874912549
114.5030000001 3.5787358651
114.5040000001 3.5699827049
114.5050000001 3.5612320680
114.5060000001 3.5524842478
114.5070000001 3.5437395377
114.5080000001 3.5349982309
114.5090000001 3.5262606205
114.5100000001 3.5175269993
114.5110000001 3.5087976599
114.5120000001 3.5000728948
114.5130000001 3.4913529963
114.5140000001 3.4826382563
114.5150000001 3.4739289667
114.5160000001 3.4652254190
114.5170000001 3.4565279045
114.5180000001 3.4478367142
114.5190000001 3.4391521390
114.5200000001 3.4304744693
114.5210000001 3.4218039952
114.5220000001 3.4131410068
114.5230000001 3.4044857936
114.5240000001 3.3958386449
114.5250000001 3.3871998496
114.5260000001 3.3785696963
114.5270000001 3.3699484733
114.5280000001 3.3613364686
114.5290000001 3.3527339696
114.5300000001 3.3441412635
114.5310000001 3.3355586371
114.5320000001 3.3269863767
114.5330000001 3.3184247684
114.5340000001 3.3098740977
114.5350000001 3.3013346498
114.5360000001 3.2928067092
114.5370000001 3.2842905604
114.5380000001 3.2757864871
114.5390000001 3.2672947726
114.5400000001 3.2588156999
114.5410000001 3.2503495512
114.5420000001 3.2418966086
114.5430000001 3.2334571534
114.5440000001 3.2250314665
114.5450000001 3.2166198282
114.5460000001 3.2082225185
114.5470000001 3.1998398166
114.5480000001 3.1914720012
114.5490000001 3.1831193507
114.5500000001 3.1747821425
114.5510000001 3.1664606538
114.5520000001 3.1581551611
114.5530000001 3.1498659402
114.5540000001 3.1415932664
114.5550000001 3.1333374144
114.5560000001 3.1250986583
114.5570000001 3.1168772714
114.5580000001 3.1086735265
114.5590000001 3.1004876958
114.5600000001 3.0923200507
114.5610000001 3.0841708620
114.5620000001 3.0760404000
114.5630000001 3.0679289339
114.5640000001 3.0598367326
114.5650000001 3.0517640642
114.5660000001 3.0437111959
114.5670000001 3.0356783944
114.5680000001 3.0276659257
114.5690000001 3.0196740547
114.5700000001 3.0117030460
114.5710000001 3.0037531632
114.5720000001 2.9958246691
114.5730000001 2.9879178260
114.5740000001 2.9800328951
114.5750000001 2.9721701370
114.5760000001 2.9643298115
114.5770000001 2.9565121773
114.5780000001 2.9487174928
114.5790000001 2.9409460152
114.5800000001 2.9331980009
114.5810000001 2.9254737056
114.5820000001 2.9177733840
114.5830000001 2.9100972901
114.5840000001 2.9024456769
114.5850000001 2.8948187965
114.5860000001 2.8872169004
114.5870000001 2.8796402388
114.5880000001 2.8720890612
114.5890000001 2.8645636163
114.5900000001 2.8570641517
114.5910000001 2.8495909142
114.5920000001 2.8421441495
114.5930000001 2.8347241026
114.5940000001 2.8273310173
114.5950000001 2.8199651367
114.5960000001 2.8126267027
114.5970000001 2.8053159564
114.5980000001 2.7980331377
114.5990000001 2.7907784859
114.6000000001 2.7835522388
114.6010000001 2.7763546336
114.6020000001 2.7691859063
114.6030000001 2.7620462920
114.6040000001 2.7549360245
114.6050000001 2.7478553370
114.6060000001 2.7408044612
114.6070000001 2.7337836281
114.6080000001 2.7267930674
114.6090000001 2.7198330079
114.6100000001 2.7129036773
114.6110000001 2.7060053021
114.6120000001 2.6991381078
114.6130000001 2.6923023189
114.6140000001 2.6854981585
114.6150000001 2.6787258489
114.6160000001 2.6719856112
114.6170000001 2.6652776653
114.6180000001 2.6586022299
114.6190000001 2.6519595228
114.6200000001 2.6453497605
114.6210000001 2.6387731583
114.6220000001 2.6322299304
114.6230000001 2.6257202899
114.6240000001 2.6192444487
114.6250000001 2.6128026173
114.6260000001 2.6063950053
114.6270000001 2.6000218210
114.6280000001 2.5936832715
114.6290000001 2.5873795626
114.6300000001 2.5811108990
114.6310000001 2.5748774841
114.6320000001 2.5686795203
114.6330000001 2.5625172083
114.6340000001 2.5563907480
114.6350000001 2.5503003379
114.6360000001 2.5442461751
114.6370000001 2.5382284557
114.6380000001 2.5322473743
114.6390000001 2.5263031244
114.6400000001 2.5203958980
114.6410000001 2.5145258861
114.6420000001 2.5086932783
114.6430000001 2.5028982627
114.6440000001 2.4971410263
114.6450000001 2.4914217548
114.6460000001 2.4857406325
114.6470000001 2.4800978424
114.6480000001 2.4744935661
114.6490000001 2.4689279841
114.6500000001 2.4634012753
114.6510000001 2.4579136173
114.6520000001 2.4524651865
114.6530000001 2.4470561577
114.6540000001 2.4416867046
114.6550000001 2.4363569993
114.6560000001 2.4310672128
114.6570000001 2.4258175143
114.6580000001 2.4206080721
114.6590000001 2.4154390526
114.6600000001 2.4103106214
114.6610000001 2.4052229421
114.6620000001 2.4001761772
114.6630000001 2.3951704879
114.6640000001 2.3902060337
114.6650000001 2.3852829728
114.6660000001 2.3804014620
114.6670000001 2.3755616567
114.6680000001 2.3707637107
114.6690000001 2.3660077766
114.6700000001 2.3612940053
114.6710000001 2.3566225463
114.6720000001 2.3519935479
114.6730000001 2.3474071567
114.6740000001 2.3428635177
114.6750000001 2.3383627748
114.6760000001 2.3339050701
114.6770000001 2.3294905444
114.6780000001 2.3251193370
114.6790000001 2.3207915856
114.6800000001 2.3165074264
114.6810000001 2.3122669944
114.6820000001 2.3080704227
114.6830000001 2.3039178431
114.6840000001 2.2998093859
114.6850000001 2.2957451799
114.6860000001 2.2917253521
114.6870000001 2.2877500284
114.6880000001 2.2838193330
114.6890000001 2.2799333883
114.6900000001 2.2760923157
114.6910000001 2.2722962345
114.6920000001 2.2685452630
114.6930000001 2.2648395175
114.6940000001 2.2611791129
114.6950000001 2.2575641627
114.6960000001 2.2539947786
114.6970000001 2.2504710710
114.6980000001 2.2469931485
114.6990000001 2.2435611182
114.7000000001 2.2401750858
114.7010000001 2.2368351551
114.7020000001 2.2335414286
114.7030000001 2.2302940072
114.7040000001 2.2270929900
114.7050000001 2.2239384748
114.7060000001 2.2208305575
114.7070000001 2.2177693328
114.7080000001 2.2147548933
114.7090000001 2.2117873306
114.7100000001 2.2088667341
114.7110000001 2.2059931921
114.7120000001 2.2031667909
114.7130000001 2.2003876155
114.7140000001 2.1976557490
114.7150000001 2.1949712732
114.7160000001 2.1923342681
114.7170000001 2.1897448120
114.7180000001 2.1872029818
114.7190000001 2.1847088526
114.7200000001 2.1822624980
114.7210000001 2.1798639898
114.7220000001 2.1775133984
114.7230000001 2.1752107923
114.7240000001 2.1729562387
114.7250000001 2.1707498028
114.7260000001 2.1685915485
114.7270000001 2.1664815378
114.7280000001 2.1644198311
114.7290000001 2.1624064874
114.7300000001 2.1604415638
114.7310000001 2.1585251157
114.7320000001 2.1566571972
114.7330000001 2.1548378604
114.7340000001 2.1530671558
114.7350000001 2.1513451325
114.7360000001 2.1496718377
114.7370000001 2.1480473170
114.7380000001 2.1464716144
114.7390000001 2.1449447722
114.7400000001 2.1434668310
114.7410000001 2.1420378299
114.7420000001 2.1406578061
114.7430000001 2.1393267953
114.7440000001 2.1380448316
114.7450000001 2.1368119473
114.7460000001 2.1356281730
114.7470000001 2.1344935378
114.7480000001 2.1334080691
114.7490000001 2.1323717924
114.7500000001 2.1313847319
114.7510000001 2.1304469099
114.7520000001 2.1295583471
114.7530000001 2.1287190624
114.7540000001 2.1279290733
114.7550000001 2.1271883955
114.7560000001 2.1264970429
114.7570000001 2.1258550279
114.7580000001 2.1252623612
114.7590000001 2.1247190517
114.7600000001 2.1242251070
114.7610000001 2.1237805325
114.7620000001 2.1233853323
114.7630000001 2.1230395088
114.7640000001 2.1227430626
114.7650000001 2.1224959927
114.7660000001 2.1222982965
114.7670000001 2.1221499697
114.7680000001 2.1220510061
114.7690000001 2.1220013983
114.7700000001 2.1220011368
114.7710000001 2.1220502107
114.7720000001 2.1221486073
114.7730000001 2.1222963123
114.7740000001 2.1224933097
114.7750000001 2.1227395819
114.7760000001 2.1230351095
114.7770000001 2.1233798717
114.7780000001 2.1237738458
114.7790000001 2.1242170075
114.7800000001 2.1247093309
114.7810000001 2.1252507884
114.7820000001 2.1258413507
114.7830000001 2.1264809871
114.7840000001 2.1271696648
114.7850000001 2.1279073499
114.7860000001 2.1286940063
114.7870000001 2.1295295967
114.7880000001 2.1304140818
114.7890000001 2.1313474210
114.7900000001 2.1323295718
114.7910000001 2.1333604901
114.7920000001 2.1344401303
114.7930000001 2.1355684450
114.7940000001 2.1367453853
114.7950000001 2.1379709005
114.7960000001 2.1392449386
114.7970000001 2.1405674455
114.7980000001 2.1419383658
114.7990000001 2.1433576425
114.8000000001 2.1448252167
114.8010000001 2.1463410283
114.8020000001 2.1479050151
114.8030000001 2.1495171136
114.8040000001 2.1511772587
114.8050000001 2.1528853836
114.8060000001 2.1546414198
114.8070000001 2.1564452974
114.8080000001 2.1582969447
114.8090000001 2.1601962885
114.8100000001 2.1621432541
114.8110000001 2.1641377651
114.8120000001 2.1661797434
114.8130000001 2.1682691095
114.8140000001 2.1704057823
114.8150000001 2.1725896790
114.8160000001 2.1748207153
114.8170000001 2.1770988053
114.8180000001 2.1794238616
114.8190000001 2.1817957951
114.8200000001 2.1842145152
114.8210000001 2.1866799299
114.8220000001 2.1891919453
114.8230000001 2.1917504662
114.8240000001 2.1943553959
114.8250000001 2.1970066359
114.8260000001 2.1997040863
114.8270000001 2.2024476457
114.8280000001 2.2052372112
114.8290000001 2.2080726781
114.8300000001 2.2109539404
114.8310000001 2.2138808906
114.8320000001 2.2168534197
114.8330000001 2.2198714168
114.8340000001 2.2229347701
114.8350000001 2.2260433658
114.8360000001 2.2291970887
114.8370000001 2.2323958224
114.8380000001 2.2356394486
114.8390000001 2.2389278477
114.8400000001 2.2422608986
114.8410000001 2.2456384787
114.8420000001 2.2490604639
114.8430000001 2.2525267288
114.8440000001 2.2560371462
114.8450000001 2.2595915878
114.8460000001 2.2631899235
114.8470000001 2.2668320220
114.8480000001 2.2705177504
114.8490000001 2.2742469744
114.8500000001 2.2780195584
114.8510000001 2.2818353651
114.8520000001 2.2856942559
114.8530000001 2.2895960908
114.8540000001 2.2935407284
114.8550000001 2.2975280258
114.8560000001 2.3015578387
114.8570000001 2.3056300215
114.8580000001 2.3097444269
114.8590000001 2.3139009067
114.8600000001 2.3180993109
114.8610000001 2.3223394882
114.8620000001 2.3266212860
114.8630000001 2.3309445504
114.8640000001 2.3353091259
114.8650000001 2.3397148557
114.8660000001 2.3441615819
114.8670000001 2.3486491449
114.8680000001 2.3531773840
114.8690000001 2.3577461370
114.8700000001 2.3623552405
114.8710000001 2.3670045296
114.8720000001 2.3716938383
114.8730000001 2.3764229990
114.8740000001 2.3811918431
114.8750000001 2.3860002005
114.8760000001 2.3908478999
114.8770000001 2.3957347685
114.8780000001 2.4006606325
114.8790000001 2.4056253166
114.8800000001 2.4106286444
114.8810000001 2.4156704381
114.8820000001 2.4207505187
114.8830000001 2.4258687059
114.8840000001 2.4310248181
114.8850000001 2.4362186727
114.8860000001 2.4414500855
114.8870000001 2.4467188715
114.8880000001 2.4520248440
114.8890000001 2.4573678155
114.8900000001 2.4627475971
114.8910000001 2.4681639986
114.8920000001 2.4736168287
114.8930000001 2.4791058951
114.8940000001 2.4846310041
114.8950000001 2.4901919607
114.8960000001 2.4957885690
114.8970000001 2.5014206318
114.8980000001 2.5070879509
114.8990000001 2.5127903266
114.9000000001 2.5185275585
114.9010000001 2.5242994447
114.9020000001 2.5301057824
114.9030000001 2.5359463675
114.9040000001 2.5418209950
114.9050000001 2.5477294587
114.9060000001 2.5536715511
114.9070000001 2.5596470639
114.9080000001 2.5656557877
114.9090000001 2.5716975117
114.9100000001 2.5777720244
114.9110000001 2.5838791131
114.9120000001 2.5900185639
114.9130000001 2.5961901621
114.9140000001 2.6023936919
114.9150000001 2.6086289363
114.9160000001 2.6148956774
114.9170000001 2.6211936963
114.9180000001 2.6275227730
114.9190000001 2.6338826866
114.9200000001 2.6402732153
114.9210000001 2.6466941359
114.9220000001 2.6531452247
114.9230000001 2.6596262568
114.9240000001 2.6661370062
114.9250000001 2.6726772463
114.9260000001 2.6792467493
114.9270000001 2.6858452865
114.9280000001 2.6924726283
114.9290000001 2.6991285440
114.9300000001 2.7058128024
114.9310000001 2.7125251710
114.9320000001 2.7192654165
114.9330000001 2.7260333048
114.9340000001 2.7328286009
114.9350000001 2.7396510688
114.9360000001 2.7465004718
114.9370000001 2.7533765721
114.9380000001 2.7602791314
114.9390000001 2.7672079102
114.9400000001 2.7741626684
114.9410000001 2.7811431651
114.9420000001 2.7881491583
114.9430000001 2.7951804054
114.9440000001 2.8022366631
114.9450000001 2.8093176871
114.9460000001 2.8164232323
114.9470000001 2.8235530531
114.9480000001 2.8307069029
114.9490000001 2.8378845343
114.9500000001 2.8450856993
114.9510000001 2.8523101491
114.9520000001 2.8595576342
114.9530000001 2.8668279043
114.9540000001 2.8741207084
114.9550000001 2.8814357949
114.9560000001 2.8887729113
114.9570000001 2.8961318047
114.9580000001 2.9035122212
114.9590000001 2.9109139064
114.9600000001 2.9183366053
114.9610000001 2.9257800621
114.9620000001 2.9332440203
114.9630000001 2.9407282231
114.9640000001 2.9482324127
114.9650000001 2.9557563309
114.9660000001 2.9632997187
114.9670000001 2.9708623167
114.9680000001 2.9784438648
114.9690000001 2.9860441024
114.9700000001 2.9936627682
114.9710000001 3.0012996003
114.9720000001 3.0089543366
114.9730000001 3.0166267139
114.9740000001 3.0243164689
114.9750000001 3.0320233376
114.9760000001 3.0397470556
114.9770000001 3.0474873577
114.9780000001 3.0552439785
114.9790000001 3.0630166519
114.9800000001 3.0708051116
114.9810000001 3.0786090904
114.9820000001 3.0864283210
114.9830000001 3.0942625356
114.9840000001 3.1021114656
114.9850000001 3.1099748424
114.9860000001 3.1178523968
114.9870000001 3.1257438591
114.9880000001 3.1336489594
114.9890000001 3.1415674270
114.9900000001 3.1494989913
114.9910000001 3.1574433810
114.9920000001 3.1654003246
114.9930000001 3.1733695499
114.9940000001 3.1813507849
114.9950000001 3.1893437567
114.9960000001 3.1973481924
114.9970000001 3.2053638188
114.9980000001 3.2133903620
114.9990000001 3.2214275483
115.0000000001 3.2294751033
115.0010000001 3.2375327525
115.0020000001 3.2456002211
115.0030000001 3.2536772340
115.0040000001 3.2617635158
115.0050000001 3.2698587910
115.0060000001 3.2779627837
115.0070000001 3.2860752178
115.0080000001 3.2941958171
115.0090000001 3.3023243049
115.0100000001 3.3104604046
115.0110000001 3.3186038393
115.0120000001 3.3267543317
115.0130000001 3.3349116048
115.0140000001 3.3430753809
115.0150000001 3.3512453825
115.0160000001 3.3594213319
115.0170000001 3.3676029511
115.0180000001 3.3757899620
115.0190000001 3.3839820867
115.0200000001 3.3921790467
115.0210000001 3.4003805637
115.0220000001 3.4085863593
115.0230000001 3.4167961549
115.0240000001 3.4250096720
115.0250000001 3.4332266317
115.0260000001 3.4414467555
115.0270000001 3.4496697645
115.0280000001 3.4578953800
115.0290000001 3.4661233231
115.0300000001 3.4743533148
115.0310000001 3.4825850765
115.0320000001 3.4908183292
115.0330000001 3.4990527941
115.0340000001 3.5072881923
115.0350000001 3.5155242451
115.0360000001 3.5237606737
115.0370000001 3.5319971995
115.0380000001 3.5402335437
115.0390000001 3.5484694278
115.0400000001 3.5567045733
115.0410000001 3.5649387017
115.0420000001 3.5731715349
115.0430000001 3.5814027945
115.0440000001 3.5896322025
115.0450000001 3.5978594810
115.0460000001 3.6060843520
115.0470000001 3.6143065379
115.0480000001 3.6225257612
115.0490000001 3.6307417445
115.0500000001 3.6389542106
115.0510000001 3.6471628825
115.0520000001 3.6553674833
115.0530000001 3.6635677365
115.0540000001 3.6717633656
115.0550000001 3.6799540944
115.0560000001 3.6881396470
115.0570000001 3.6963197476
115.0580000001 3.7044941207
115.0590000001 3.7126624912
115.0600000001 3.7208245840
115.0610000001 3.7289801244
115.0620000001 3.7371288382
115.0630000001 3.7452704510
115.0640000001 3.7534046892
115.0650000001 3.7615312793
115.0660000001 3.7696499480
115.0670000001 3.7777604225
115.0680000001 3.7858624303
115.0690000001 3.7939556993
115.0700000001 3.8020399577
115.0710000001 3.8101149339
115.0720000001 3.8181803570
115.0730000001 3.8262359564
115.0740000001 3.8342814616
115.0750000001 3.8423166028
115.0760000001 3.8503411107
115.0770000001 3.8583547160
115.0780000001 3.8663571503
115.0790000001 3.8743481453
115.0800000001 3.8823274333
115.0810000001 3.8902947471
115.0820000001 3.8982498199
115.0830000001 3.9061923852
115.0840000001 3.9141221774
115.0850000001 3.9220389310
115.0860000001 3.9299423812
115.0870000001 3.9378322636
115.0880000001 3.9457083145
115.0890000001 3.9535702706
115.0900000001 3.9614178690
115.0910000001 3.9692508477
115.0920000001 3.9770689449
115.0930000001 3.9848718997
115.0940000001 3.9926594513
115.0950000001 4.0004313400
115.0960000001 4.0081873064
115.0970000001 4.0159270918
115.0980000001 4.0236504380
115.0990000001 4.0313570874
115.1000000001 4.0390467833
115.1010000001 4.0467192694
115.1020000001 4.0543742899
115.1030000001 4.0620115901
115.1040000001 4.0696309155
115.1050000001 4.0772320125
115.1060000001 4.0848146281
115.1070000001 4.0923785101
115.1080000001 4.0999234069
115.1090000001 4.1074490675
115.1100000001 4.1149552419
115.1110000001 4.1224416805
115.1120000001 4.1299081346
115.1130000001 4.1373543562
115.1140000001 4.1447800981
115.1150000001 4.1521851137
115.1160000001 4.1595691573
115.1170000001 4.1669319839
115.1180000001 4.1742733492
115.1190000001 4.1815930100
115.1200000001 4.1888907235
115.1210000001 4.1961662479
115.1220000001 4.2034193422
115.1230000001 4.2106497662
115.1240000001 4.2178572805
115.1250000001 4.2250416465
115.1260000001 4.2322026266
115.1270000001 4.2393399838
115.1280000001 4.2464534821
115.1290000001 4.2535428865
115.1300000001 4.2606079625
115.1310000001 4.2676484769
115.1320000001 4.2746641971
115.1330000001 4.2816548915
115.1340000001 4.2886203294
115.1350000001 4.2955602809
115.1360000001 4.3024745172
115.1370000001 4.3093628103
115.1380000001 4.3162249332
115.1390000001 4.3230606598
115.1400000001 4.3298697649
115.1410000001 4.3366520243
115.1420000001 4.3434072149
115.1430000001 4.3501351143
115.1440000001 4.3568355013
115.1450000001 4.3635081556
115.1460000001 4.3701528578
115.1470000001 4.3767693896
115.1480000001 4.3833575339
115.1490000001 4.3899170741
115.1500000001 4.3964477952
115.1510000001 4.4029494827
115.1520000001 4.4094219236
115.1530000001 4.4158649057
115.1540000001 4.4222782178
115.1550000001 4.4286616498
115.1560000001 4.4350149928
115.1570000001 4.4413380388
115.1580000001 4.4476305810
115.1590000001 4.4538924136
115.1600000001 4.4601233319
115.1610000001 4.4663231323
115.1620000001 4.4724916123
115.1630000001 4.4786285705
115.1640000001 4.4847338067
115.1650000001 4.4908071218
115.1660000001 4.4968483176
115.1670000001 4.5028571974
115.1680000001 4.5088335654
115.1690000001 4.5147772270
115.1700000001 4.5206879887
115.1710000001 4.5265656584
115.1720000001 4.5324100449
115.1730000001 4.5382209582
115.1740000001 4.5439982097
115.1750000001 4.5497416117
115.1760000001 4.5554509778
115.1770000001 4.5611261230
115.1780000001 4.5667668632
115.1790000001 4.5723730157
115.1800000001 4.5779443989
115.1810000001 4.5834808324
115.1820000001 4.5889821373
115.1830000001 4.5944481356
115.1840000001 4.5998786507
115.1850000001 4.6052735072
115.1860000001 4.6106325310
115.1870000001 4.6159555492
115.1880000001 4.6212423903
115.1890000001 4.6264928838
115.1900000001 4.6317068608
115.1910000001 4.6368841533
115.1920000001 4.6420245950
115.1930000001 4.6471280205
115.1940000001 4.6521942660
115.1950000001 4.6572231689
115.1960000001 4.6622145677
115.1970000001 4.6671683026
115.1980000001 4.6720842148
115.1990000001 4.6769621469
115.2000000001 4.6818019430
115.2010000001 4.6866034482
115.2020000001 4.6913665093
115.2030000001 4.6960909741
115.2040000001 4.7007766920
115.2050000001 4.7054235136
115.2060000001 4.7100312909
115.2070000001 4.7145998774
115.2080000001 4.7191291277
115.2090000001 4.7236188980
115.2100000001 4.7280690457
115.2110000001 4.7324794297
115.2120000001 4.7368499103
115.2130000001 4.7411803489
115.2140000001 4.7454706088
115.2150000001 4.7497205542
115.2160000001 4.7539300511
115.2170000001 4.7580989666
115.2180000001 4.7622271693
115.2190000001 4.7663145293
115.2200000001 4.7703609180
115.2210000001 4.7743662084
115.2220000001 4.7783302747
115.2230000001 4.7822529927
115.2240000001 4.7861342395
115.2250000001 4.7899738937
115.2260000001 4.7937718353
115.2270000001 4.7975279460
115.2280000001 4.8012421085
115.2290000001 4.8049142073
115.2300000001 4.8085441282
115.2310000001 4.8121317585
115.2320000001 4.8156769871
115.2330000001 4.8191797040
115.2340000001 4.8226398010
115.2350000001 4.8260571713
115.2360000001 4.8294317096
115.2370000001 4.8327633118
115.2380000001 4.8360518758
115.2390000001 4.8392973005
115.2400000001 4.8424994865
115.2410000001 4.8456583359
115.2420000001 4.8487737523
115.2430000001 4.8518456407
115.2440000001 4.8548739078
115.2450000001 4.8578584615
115.2460000001 4.8607992115
115.2470000001 4.8636960688
115.2480000001 4.8665489460
115.2490000001 4.8693577573
115.2500000001 4.8721224182
115.2510000001 4.8748428460
115.2520000001 4.8775189592
115.2530000001 4.8801506781
115.2540000001 4.8827379245
115.2550000001 4.8852806214
115.2560000001 4.8877786938
115.2570000001 4.8902320679
115.2580000001 4.8926406716
115.2590000001 4.8950044343
115.2600000001 4.8973232868
115.2610000001 4.8995971617
115.2620000001 4.9018259930
115.2630000001 4.9040097162
115.2640000001 4.9061482685
115.2650000001 4.9082415884
115.2660000001 4.9102896163
115.2670000001 4.9122922937
115.2680000001 4.9142495642
115.2690000001 4.9161613724
115.2700000001 4.9180276650
115.2710000001 4.9198483897
115.2720000001 4.9216234962
115.2730000001 4.9233529356
115.2740000001 4.9250366606
115.2750000001 4.9266746254
115.2760000001 4.9282667857
115.2770000001 4.9298130990
115.2780000001 4.9313135242
115.2790000001 4.9327680217
115.2800000001 4.9341765537
115.2810000001 4.9355390838
115.2820000001 4.9368555772
115.2830000001 4.9381260007
115.2840000001 4.9393503227
115.2850000001 4.9405285131
115.2860000001 4.9416605433
115.2870000001 4.9427463865
115.2880000001 4.9437860174
115.2890000001 4.9447794122
115.2900000001 4.9457265486
115.2910000001 4.9466274061
115.2920000001 4.9474819656
115.2930000001 4.9482902098
115.2940000001 4.9490521226
115.2950000001 4.9497676899
115.2960000001 4.9504368988
115.2970000001 4.9510597383
115.2980000001 4.9516361987
115.2990000001 4.9521662722
115.3000000001 4.9526499522
115.3010000001 4.9530872340
115.3020000001 4.9534781143
115.3030000001 4.9538225915
115.3040000001 4.9541206653
115.3050000001 4.9543723374
115.3060000001 4.9545776108
115.3070000001 4.9547364901
115.3080000001 4.9548489815
115.3090000001 4.9549150928
115.3100000001 4.9549348334
115.3110000001 4.9549082141
115.3120000001 4.9548352476
115.3130000001 4.9547159479
115.3140000001 4.9545503306
115.3150000001 4.9543384129
115.3160000001 4.9540802138
115.3170000001 4.9537757534
115.3180000001 4.9534250537
115.3190000001 4.9530281383
115.3200000001 4.9525850322
115.3210000001 4.9520957620
115.3220000001 4.9515603558
115.3230000001 4.9509788436
115.3240000001 4.9503512565
115.3250000001 4.9496776274
115.3260000001 4.9489579908
115.3270000001 4.9481923826
115.3280000001 4.9473808403
115.3290000001 4.9465234032
115.3300000001 4.9456201117
115.3310000001 4.9446710081
115.3320000001 4.9436761361
115.3330000001 4.9426355410
115.3340000001 4.9415492696
115.3350000001 4.9404173704
115.3360000001 4.9392398931
115.3370000001 4.9380168893
115.3380000001 4.9367484119
115.3390000001 4.9354345154
115.3400000001 4.9340752559
115.3410000001 4.9326706910
115.3420000001 4.9312208797
115.3430000001 4.9297258827
115.3440000001 4.9281857622
115.3450000001 4.9266005817
115.3460000001 4.9249704065
115.3470000001 4.9232953033
115.3480000001 4.9215753403
115.3490000001 4.9198105872
115.3500000001 4.9180011152
115.3510000001 4.9161469970
115.3520000001 4.9142483070
115.3530000001 4.9123051208
115.3540000001 4.9103175156
115.3550000001 4.9082855702
115.3560000001 4.9062093648
115.3570000001 4.9040889810
115.3580000001 4.9019245020
115.3590000001 4.8997160125
115.3600000001 4.8974635986
115.3610000001 4.8951673480
115.3620000001 4.8928273496
115.3630000001 4.8904436940
115.3640000001 4.8880164733
115.3650000001 4.8855457809
115.3660000001 4.8830317116
115.3670000001 4.8804743620
115.3680000001 4.8778738297
115.3690000001 4.8752302141
115.3700000001 4.8725436159
115.3710000001 4.8698141372
115.3720000001 4.8670418816
115.3730000001 4.8642269541
115.3740000001 4.8613694611
115.3750000001 4.8584695105
115.3760000001 4.8555272116
115.3770000001 4.8525426751
115.3780000001 4.8495160130
115.3790000001 4.8464473389
115.3800000001 4.8433367676
115.3810000001 4.8401844156
115.3820000001 4.8369904004
115.3830000001 4.8337548412
115.3840000001 4.8304778584
115.3850000001 4.8271595739
115.3860000001 4.8238001110
115.3870000001 4.8203995942
115.3880000001 4.8169581494
115.3890000001 4.8134759041
115.3900000001 4.8099529869
115.3910000001 4.8063895279
115.3920000001 4.8027856583
115.3930000001 4.7991415111
115.3940000001 4.7954572201
115.3950000001 4.7917329209
115.3960000001 4.7879687502
115.3970000001 4.7841648460
115.3980000001 4.7803213477
115.3990000001 4.7764383959
115.4000000001 4.7725161328
115.4010000001 4.7685547015
115.4020000001 4.7645542466
115.4030000001 4.7605149142
115.4040000001 4.7564368512
115.4050000001 4.7523202063
115.4060000001 4.7481651291
115.4070000001 4.7439717706
115.4080000001 4.7397402832
115.4090000001 4.7354708203
115.4100000001 4.7311635367
115.4110000001 4.7268185885
115.4120000001 4.7224361330
115.4130000001 4.7180163286
115.4140000001 4.7135593352
115.4150000001 4.7090653138
115.4160000001 4.7045344264
115.4170000001 4.6999668366
115.4180000001 4.6953627089
115.4190000001 4.6907222093
115.4200000001 4.6860455047
115.4210000001 4.6813327633
115.4220000001 4.6765841546
115.4230000001 4.6717998491
115.4240000001 4.6669800187
115.4250000001 4.6621248361
115.4260000001 4.6572344756
115.4270000001 4.6523091124
115.4280000001 4.6473489228
115.4290000001 4.6423540843
115.4300000001 4.6373247758
115.4310000001 4.6322611769
115.4320000001 4.6271634686
115.4330000001 4.6220318329
115.4340000001 4.6168664530
115.4350000001 4.6116675131
115.4360000001 4.6064351986
115.4370000001 4.6011696960
115.4380000001 4.5958711927
115.4390000001 4.5905398774
115.4400000001 4.5851759397
115.4410000001 4.5797795704
115.4420000001 4.5743509613
115.4430000001 4.5688903053
115.4440000001 4.5633977961
115.4450000001 4.5578736289
115.4460000001 4.5523179995
115.4470000001 4.5467311048
115.4480000001 4.5411131430
115.4490000001 4.5354643131
115.4500000001 4.5297848150
115.4510000001 4.5240748497
115.4520000001 4.5183346193
115.4530000001 4.5125643267
115.4540000001 4.5067641758
115.4550000001 4.5009343717
115.4560000001 4.4950751202
115.4570000001 4.4891866280
115.4580000001 4.4832691031
115.4590000001 4.4773227540
115.4600000001 4.4713477905
115.4610000001 4.4653444231
115.4620000001 4.4593128633
115.4630000001 4.4532533234
115.4640000001 4.4471660169
115.4650000001 4.4410511578
115.4660000001 4.4349089612
115.4670000001 4.4287396432
115.4680000001 4.4225434204
115.4690000001 4.4163205106
115.4700000001 4.4100711323
115.4710000001 4.4037955050
115.4720000001 4.3974938487
115.4730000001 4.3911663847
115.4740000001 4.3848133348
115.4750000001 4.3784349216
115.4760000001 4.3720313687
115.4770000001 4.3656029004
115.4780000001 4.3591497419
115.4790000001 4.3526721189
115.4800000001 4.3461702582
115.4810000001 4.3396443871
115.4820000001 4.3330947340
115.4830000001 4.3265215278
115.4840000001 4.3199249980
115.4850000001 4.3133053753
115.4860000001 4.3066628907
115.4870000001 4.2999977762
115.4880000001 4.2933102643
115.4890000001 4.2866005884
115.4900000001 4.2798689824
115.4910000001 4.2731156811
115.4920000001 4.2663409198
115.4930000001 4.2595449346
115.4940000001 4.2527279622
115.4950000001 4.2458902400
115.4960000001 4.2390320060
115.4970000001 4.2321534988
115.4980000001 4.2252549577
115.4990000001 4.2183366227
115.5000000001 4.2113987342
115.5010000001 4.2044415335
115.5020000001 4.1974652622
115.5030000001 4.1904701627
115.5040000001 4.1834564778
115.5050000001 4.1764244512
115.5060000001 4.1693743267
115.5070000001 4.1623063490
115.5080000001 4.1552207633
115.5090000001 4.1481178152
115.5100000001 4.1409977509
115.5110000001 4.1338608173
115.5120000001 4.1267072615
115.5130000001 4.1195373313
115.5140000001 4.1123512749
115.5150000001 4.1051493412
115.5160000001 4.0979317793
115.5170000001 4.0906988389
115.5180000001 4.0834507702
115.5190000001 4.0761878238
115.5200000001 4.0689102507
115.5210000001 4.0616183024
115.5220000001 4.0543122309
115.5230000001 4.0469922884
115.5240000001 4.0396587278
115.5250000001 4.0323118021
115.5260000001 4.0249517650
115.5270000001 4.0175788703
115.5280000001 4.0101933723
115.5290000001 4.0027955258
115.5300000001 3.9953855856
115.5310000001 3.9879638073
115.5320000001 3.9805304464
115.5330000001 3.9730857591
115.5340000001 3.9656300017
115.5350000001 3.9581634309
115.5360000001 3.9506863037
115.5370000001 3.9431988773
115.5380000001 3.9357014093
115.5390000001 3.9281941576
115.5400000001 3.9206773802
115.5410000001 3.9131513356
115.5420000001 3.9056162824
115.5430000001 3.8980724794
115.5440000001 3.8905201857
115.5450000001 3.8829596607
115.5460000001 3.8753911639
115.5470000001 3.8678149550
115.5480000001 3.8602312940
115.5490000001 3.8526404411
115.5500000001 3.8450426565
115.5510000001 3.8374382007
115.5520000001 3.8298273344
115.5530000001 3.8222103183
115.5540000001 3.8145874135
115.5550000001 3.8069588810
115.5560000001 3.7993249820
115.5570000001 3.7916859779
115.5580000001 3.7840421300
115.5590000001 3.7763936999
115.5600000001 3.7687409493
115.5610000001 3.7610841398
115.5620000001 3.7534235332
115.5630000001 3.7457593913
115.5640000001 3.7380919761
115.5650000001 3.7304215495
115.5660000001 3.7227483735
115.5670000001 3.7150727101
115.5680000001 3.7073948213
115.5690000001 3.6997149691
115.5700000001 3.6920334156
115.5710000001 3.6843504229
115.5720000001 3.6766662529
115.5730000001 3.6689811675
115.5740000001 3.6612954289
115.5750000001 3.6536092989
115.5760000001 3.6459230393
115.5770000001 3.6382369119
115.5780000001 3.6305511785
115.5790000001 3.6228661006
115.5800000001 3.6151819400
115.5810000001 3.6074989580
115.5820000001 3.5998174159
115.5830000001 3.5921375751
115.5840000001 3.5844596966
115.5850000001 3.5767840414
115.5860000001 3.5691108703
115.5870000001 3.5614404441
115.5880000001 3.5537730233
115.5890000001 3.5461088682
115.5900000001 3.5384482390
115.5910000001 3.5307913958
115.5920000001 3.5231385983
115.5930000001 3.5154901061
115.5940000001 3.5078461786
115.5950000001 3.5002070749
115.5960000001 3.4925730541
115.5970000001 3.4849443748
115.5980000001 3.4773212955
115.5990000001 3.4697040743
115.6000000001 3.4620929692
115.6010000001 3.4544882379
115.6020000001 3.4468901376
115.6030000001 3.4392989256
115.6040000001 3.4317148585
115.6050000001 3.4241381928
115.6060000001 3.4165691847
115.6070000001 3.4090080901
115.6080000001 3.4014551643
115.6090000001 3.3939106626
115.6100000001 3.3863748398
115.6110000001 3.3788479502
115.6120000001 3.3713302480
115.6130000001 3.3638219869
115.6140000001 3.3563234201
115.6150000001 3.3488348005
115.6160000001 3.3413563807
115.6170000001 3.3338884127
115.6180000001 3.3264311482
115.6190000001 3.3189848385
115.6200000001 3.3115497343
115.6210000001 3.3041260860
115.6220000001 3.2967141436
115.6230000001 3.2893141563
115.6240000001 3.2819263733
115.6250000001 3.2745510430
115.6260000001 3.2671884133
115.6270000001 3.2598387319
115.6280000001 3.2525022456
115.6290000001 3.2451792011
115.6300000001 3.2378698441
115.6310000001 3.2305744202
115.6320000001 3.2232931743
115.6330000001 3.2160263506
115.6340000001 3.2087741931
115.6350000001 3.2015369448
115.6360000001 3.1943148486
115.6370000001 3.1871081464
115.6380000001 3.1799170797
115.6390000001 3.1727418895
115.6400000001 3.1655828160
115.6410000001 3.1584400989
115.6420000001 3.1513139773
115.6430000001 3.1442046895
115.6440000001 3.1371124735
115.6450000001 3.1300375663
115.6460000001 3.1229802045
115.6470000001 3.1159406238
115.6480000001 3.1089190596
115.6490000001 3.1019157461
115.6500000001 3.0949309174
115.6510000001 3.0879648065
115.6520000001 3.0810176457
115.6530000001 3.0740896669
115.6540000001 3.0671811011
115.6550000001 3.0602921785
115.6560000001 3.0534231287
115.6570000001 3.0465741804
115.6580000001 3.0397455618
115.6590000001 3.0329375002
115.6600000001 3.0261502221
115.6610000001 3.0193839534
115.6620000001 3.0126389189
115.6630000001 3.0059153430
115.6640000001 2.9992134491
115.6650000001 2.9925334598
115.6660000001 2.9858755970
115.6670000001 2.9792400817
115.6680000001 2.9726271341
115.6690000001 2.9660369735
115.6700000001 2.9594698186
115.6710000001 2.9529258869
115.6720000001 2.9464053954
115.6730000001 2.9399085600
115.6740000001 2.9334355958
115.6750000001 2.9269867172
115.6760000001 2.9205621375
115.6770000001 2.9141620692
115.6780000001 2.9077867238
115.6790000001 2.9014363122
115.6800000001 2.8951110440
115.6810000001 2.8888111282
115.6820000001 2.8825367727
115.6830000001 2.8762881846
115.6840000001 2.8700655699
115.6850000001 2.8638691339
115.6860000001 2.8576990807
115.6870000001 2.8515556136
115.6880000001 2.8454389348
115.6890000001 2.8393492458
115.6900000001 2.8332867469
115.6910000001 2.8272516374
115.6920000001 2.8212441158
115.6930000001 2.8152643794
115.6940000001 2.8093126246
115.6950000001 2.8033890468
115.6960000001 2.7974938404
115.6970000001 2.7916271987
115.6980000001 2.7857893140
115.6990000001 2.7799803778
115.7000000001 2.7742005801
115.7010000001 2.7684501102
115.7020000001 2.7627291563
115.7030000001 2.7570379054
115.7040000001 2.7513765437
115.7050000001 2.7457452560
115.7060000001 2.7401442263
115.7070000001 2.7345736373
115.7080000001 2.7290336708
115.7090000001 2.7235245074
115.7100000001 2.7180463267
115.7110000001 2.7125993070
115.7120000001 2.7071836257
115.7130000001 2.7017994589
115.7140000001 2.6964469817
115.7150000001 2.6911263681
115.7160000001 2.6858377909
115.7170000001 2.6805814217
115.7180000001 2.6753574310
115.7190000001 2.6701659883
115.7200000001 2.6650072617
115.7210000001 2.6598814183
115.7220000001 2.6547886239
115.7230000001 2.6497290432
115.7240000001 2.6447028399
115.7250000001 2.6397101762
115.7260000001 2.6347512133
115.7270000001 2.6298261111
115.7280000001 2.6249350284
115.7290000001 2.6200781229
115.7300000001 2.6152555507
115.7310000001 2.6104674670
115.7320000001 2.6057140259
115.7330000001 2.6009953798
115.7340000001 2.5963116804
115.7350000001 2.5916630778
115.7360000001 2.5870497210
115.7370000001 2.5824717578
115.7380000001 2.5779293346
115.7390000001 2.5734225966
115.7400000001 2.5689516880
115.7410000001 2.5645167512
115.7420000001 2.5601179279
115.7430000001 2.5557553582
115.7440000001 2.5514291810
115.7450000001 2.5471395338
115.7460000001 2.5428865531
115.7470000001 2.5386703739
115.7480000001 2.5344911299
115.7490000001 2.5303489535
115.7500000001 2.5262439760
115.7510000001 2.5221763271
115.7520000001 2.5181461354
115.7530000001 2.5141535281
115.7540000001 2.5101986311
115.7550000001 2.5062815689
115.7560000001 2.5024024648
115.7570000001 2.4985614408
115.7580000001 2.4947586173
115.7590000001 2.4909941137
115.7600000001 2.4872680478
115.7610000001 2.4835805361
115.7620000001 2.4799316939
115.7630000001 2.4763216351
115.7640000001 2.4727504721
115.7650000001 2.4692183160
115.7660000001 2.4657252766
115.7670000001 2.4622714623
115.7680000001 2.4588569801
115.7690000001 2.4554819357
115.7700000001 2.4521464334
115.7710000001 2.4488505761
115.7720000001 2.4455944652
115.7730000001 2.4423782009
115.7740000001 2.4392018819
115.7750000001 2.4360656056
115.7760000001 2.4329694679
115.7770000001 2.4299135634
115.7780000001 2.4268979851
115.7790000001 2.4239228249
115.7800000001 2.4209881731
115.7810000001 2.4180941186
115.7820000001 2.4152407488
115.7830000001 2.4124281500
115.7840000001 2.4096564067
115.7850000001 2.4069256022
115.7860000001 2.4042358184
115.7870000001 2.4015871357
115.7880000001 2.3989796330
115.7890000001 2.3964133878
115.7900000001 2.3938884764
115.7910000001 2.3914049733
115.7920000001 2.3889629518
115.7930000001 2.3865624837
115.7940000001 2.3842036394
115.7950000001 2.3818864878
115.7960000001 2.3796110963
115.7970000001 2.3773775309
115.7980000001 2.3751858564
115.7990000001 2.3730361356
115.8000000001 2.3709284304
115.8010000001 2.3688628010
115.8020000001 2.3668393060
115.8030000001 2.3648580028
115.8040000001 2.3629189473
115.8050000001 2.3610221937
115.8060000001 2.3591677951
115.8070000001 2.3573558028
115.8080000001 2.3555862669
115.8090000001 2.3538592358
115.8100000001 2.3521747567
115.8110000001 2.3505328750
115.8120000001 2.3489336349
115.8130000001 2.3473770790
115.8140000001 2.3458632485
115.8150000001 2.3443921831
115.8160000001 2.3429639210
115.8170000001 2.3415784988
115.8180000001 2.3402359519
115.8190000001 2.3389363141
115.8200000001 2.3376796176
115.8210000001 2.3364658933
115.8220000001 2.3352951705
115.8230000001 2.3341674770
115.8240000001 2.3330828393
115.8250000001 2.3320412822
115.8260000001 2.3310428292
115.8270000001 2.3300875021
115.8280000001 2.3291753215
115.8290000001 2.3283063063
115.8300000001 2.3274804739
115.8310000001 2.3266978404
115.8320000001 2.3259584203
115.8330000001 2.3252622265
115.8340000001 2.3246092707
115.8350000001 2.3239995629
115.8360000001 2.3234331117
115.8370000001 2.3229099241
115.8380000001 2.3224300058
115.8390000001 2.3219933609
115.8400000001 2.3215999919
115.8410000001 2.3212499002
115.8420000001 2.3209430853
115.8430000001 2.3206795453
115.8440000001 2.3204592771
115.8450000001 2.3202822759
115.8460000001 2.3201485353
115.8470000001 2.3200580477
115.8480000001 2.3200108037
115.8490000001 2.3200067928
115.8500000001 2.3200460027
115.8510000001 2.3201284197
115.8520000001 2.3202540288
115.8530000001 2.3204228133
115.8540000001 2.3206347551
115.8550000001 2.3208898347
115.8560000001 2.3211880310
115.8570000001 2.3215293215
115.8580000001 2.3219136823
115.8590000001 2.3223410878
115.8600000001 2.3228115111
115.8610000001 2.3233249240
115.8620000001 2.3238812965
115.8630000001 2.3244805972
115.8640000001 2.3251227935
115.8650000001 2.3258078510
115.8660000001 2.3265357341
115.8670000001 2.3273064056
115.8680000001 2.3281198269
115.8690000001 2.3289759579
115.8700000001 2.3298747570
115.8710000001 2.3308161814
115.8720000001 2.3318001865
115.8730000001 2.3328267264
115.8740000001 2.3338957540
115.8750000001 2.3350072203
115.8760000001 2.3361610751
115.8770000001 2.3373572669
115.8780000001 2.3385957425
115.8790000001 2.3398764473
115.8800000001 2.3411993255
115.8810000001 2.3425643197
115.8820000001 2.3439713709
115.8830000001 2.3454204190
115.8840000001 2.3469114023
115.8850000001 2.3484442577
115.8860000001 2.3500189206
115.8870000001 2.3516353252
115.8880000001 2.3532934041
115.8890000001 2.3549930886
115.8900000001 2.3567343084
115.8910000001 2.3585169920
115.8920000001 2.3603410664
115.8930000001 2.3622064573
115.8940000001 2.3641130889
115.8950000001 2.3660608840
115.8960000001 2.3680497641
115.8970000001 2.3700796491
115.8980000001 2.3721504578
115.8990000001 2.3742621075
115.9000000001 2.3764145141
115.9010000001 2.3786075920
115.9020000001 2.3808412545
115.9030000001 2.3831154133
115.9040000001 2.3854299789
115.9050000001 2.3877848603
115.9060000001 2.3901799652
115.9070000001 2.3926152000
115.9080000001 2.3950904697
115.9090000001 2.3976056778
115.9100000001 2.4001607268
115.9110000001 2.4027555175
115.9120000001 2.4053899497
115.9130000001 2.4080639214
115.9140000001 2.4107773299
115.9150000001 2.4135300706
115.9160000001 2.4163220378
115.9170000001 2.4191531247
115.9180000001 2.4220232228
115.9190000001 2.4249322225
115.9200000001 2.4278800129
115.9210000001 2.4308664817
115.9220000001 2.4338915155
115.9230000001 2.4369549993
115.9240000001 2.4400568171
115.9250000001 2.4431968515
115.9260000001 2.4463749837
115.9270000001 2.4495910939
115.9280000001 2.4528450608
115.9290000001 2.4561367618
115.9300000001 2.4594660733
115.9310000001 2.4628328702
115.9320000001 2.4662370263
115.9330000001 2.4696784139
115.9340000001 2.4731569045
115.9350000001 2.4766723679
115.9360000001 2.4802246730
115.9370000001 2.4838136872
115.9380000001 2.4874392768
115.9390000001 2.4911013071
115.9400000001 2.4947996417
115.9410000001 2.4985341435
115.9420000001 2.5023046738
115.9430000001 2.5061110929
115.9440000001 2.5099532599
115.9450000001 2.5138310327
115.9460000001 2.5177442679
115.9470000001 2.5216928210
115.9480000001 2.5256765465
115.9490000001 2.5296952974
115.9500000001 2.5337489258
115.9510000001 2.5378372825
115.9520000001 2.5419602172
115.9530000001 2.5461175785
115.9540000001 2.5503092137
115.9550000001 2.5545349692
115.9560000001 2.5587946900
115.9570000001 2.5630882202
115.9580000001 2.5674154028
115.9590000001 2.5717760793
115.9600000001 2.5761700906
115.9610000001 2.5805972763
115.9620000001 2.5850574747
115.9630000001 2.5895505233
115.9640000001 2.5940762584
115.9650000001 2.5986345151
115.9660000001 2.6032251277
115.9670000001 2.6078479293
115.9680000001 2.6125027518
115.9690000001 2.6171894262
115.9700000001 2.6219077824
115.9710000001 2.6266576494
115.9720000001 2.6314388549
115.9730000001 2.6362512257
115.9740000001 2.6410945877
115.9750000001 2.6459687656
115.9760000001 2.6508735832
115.9770000001 2.6558088632
115.9780000001 2.6607744274
115.9790000001 2.6657700965
115.9800000001 2.6707956903
115.9810000001 2.6758510276
115.9820000001 2.6809359262
115.9830000001 2.6860502030
115.9840000001 2.6911936738
115.9850000001 2.6963661537
115.9860000001 2.7015674565
115.9870000001 2.7067973954
115.9880000001 2.7120557825
115.9890000001 2.7173424289
115.9900000001 2.7226571449
115.9910000001 2.7279997400
115.9920000001 2.7333700225
115.9930000001 2.7387677999
115.9940000001 2.7441928791
115.9950000001 2.7496450656
115.9960000001 2.7551241645
115.9970000001 2.7606299798
115.9980000001 2.7661623145
115.9990000001 2.7717209710
116.0000000001 2.7773057508
116.0010000001 2.7829164544
116.0020000001 2.7885528817
116.0030000001 2.7942148315
116.0040000001 2.7999021019
116.0050000001 2.8056144903
116.0060000001 2.8113517932
116.0070000001 2.8171138062
116.0080000001 2.8229003242
116.0090000001 2.8287111413
116.0100000001 2.8345460509
116.0110000001 2.8404048455
116.0120000001 2.8462873169
116.0130000001 2.8521932561
116.0140000001 2.8581224534
116.0150000001 2.8640746983
116.0160000001 2.8700497797
116.0170000001 2.8760474857
116.0180000001 2.8820676035
116.0190000001 2.8881099198
116.0200000001 2.8941742205
116.0210000001 2.9002602909
116.0220000001 2.9063679156
116.0230000001 2.9124968783
116.0240000001 2.9186469624
116.0250000001 2.9248179502
116.0260000001 2.9310096237
116.0270000001 2.9372217640
116.0280000001 2.9434541518
116.0290000001 2.9497065670
116.0300000001 2.9559787888
116.0310000001 2.9622705959
116.0320000001 2.9685817665
116.0330000001 2.9749120779
116.0340000001 2.9812613070
116.0350000001 2.9876292300
116.0360000001 2.9940156228
116.0370000001 3.0004202603
116.0380000001 3.0068429172
116.0390000001 3.0132833674
116.0400000001 3.0197413843
116.0410000001 3.0262167409
116.0420000001 3.0327092094
116.0430000001 3.0392185619
116.0440000001 3.0457445694
116.0450000001 3.0522870029
116.0460000001 3.0588456327
116.0470000001 3.0654202285
116.0480000001 3.0720105596
116.0490000001 3.0786163950
116.0500000001 3.0852375030
116.0510000001 3.0918736514
116.0520000001 3.0985246078
116.0530000001 3.1051901391
116.0540000001 3.1118700120
116.0550000001 3.1185639924
116.0560000001 3.1252718463
116.0570000001 3.1319933387
116.0580000001 3.1387282348
116.0590000001 3.1454762989
116.0600000001 3.1522372952
116.0610000001 3.1590109873
116.0620000001 3.1657971387
116.0630000001 3.1725955124
116.0640000001 3.1794058709
116.0650000001 3.1862279766
116.0660000001 3.1930615914
116.0670000001 3.1999064769
116.0680000001 3.2067623945
116.0690000001 3.2136291050
116.0700000001 3.2205063692
116.0710000001 3.2273939475
116.0720000001 3.2342915999
116.0730000001 3.2411990863
116.0740000001 3.2481161661
116.0750000001 3.2550425986
116.0760000001 3.2619781429
116.0770000001 3.2689225577
116.0780000001 3.2758756015
116.0790000001 3.2828370326
116.0800000001 3.2898066091
116.0810000001 3.2967840888
116.0820000001 3.3037692295
116.0830000001 3.3107617884
116.0840000001 3.3177615229
116.0850000001 3.3247681901
116.0860000001 3.3317815469
116.0870000001 3.3388013500
116.0880000001 3.3458273560
116.0890000001 3.3528593214
116.0900000001 3.3598970024
116.0910000001 3.3669401552
116.0920000001 3.3739885358
116.0930000001 3.3810419003
116.0940000001 3.3881000044
116.0950000001 3.3951626039
116.0960000001 3.4022294543
116.0970000001 3.4093003114
116.0980000001 3.4163749305
116.0990000001 3.4234530671
116.1000000001 3.4305344766
116.1010000001 3.4376189143
116.1020000001 3.4447061355
116.1030000001 3.4517958955
116.1040000001 3.4588879495
116.1050000001 3.4659820528
116.1060000001 3.4730779605
116.1070000001 3.4801754279
116.1080000001 3.4872742103
116.1090000001 3.4943740629
116.1100000001 3.5014747410
116.1110000001 3.5085760000
116.1120000001 3.5156775952
116.1130000001 3.5227792822
116.1140000001 3.5298808162
116.1150000001 3.5369819531
116.1160000001 3.5440824483
116.1170000001 3.5511820577
116.1180000001 3.5582805371
116.1190000001 3.5653776425
116.1200000001 3.5724731298
116.1210000001 3.5795667554
116.1220000001 3.5866582754
116.1230000001 3.5937474464
116.1240000001 3.6008340249
116.1250000001 3.6079177678
116.1260000001 3.6149984319
116.1270000001 3.6220757743
116.1280000001 3.6291495523
116.1290000001 3.6362195234
116.1300000001 3.6432854452
116.1310000001 3.6503470757
116.1320000001 3.6574041728
116.1330000001 3.6644564948
116.1340000001 3.6715038004
116.1350000001 3.6785458483
116.1360000001 3.6855823975
116.1370000001 3.6926132073
116.1380000001 3.6996380372
116.1390000001 3.7066566471
116.1400000001 3.7136687970
116.1410000001 3.7206742473
116.1420000001 3.7276727587
116.1430000001 3.7346640921
116.1440000001 3.7416480090
116.1450000001 3.7486242708
116.1460000001 3.7555926396
116.1470000001 3.7625528776
116.1480000001 3.7695047474
116.1490000001 3.7764480120
116.1500000001 3.7833824349
116.1510000001 3.7903077796
116.1520000001 3.7972238103
116.1530000001 3.8041302914
116.1540000001 3.8110269878
116.1550000001 3.8179136649
116.1560000001 3.8247900882
116.1570000001 3.8316560239
116.1580000001 3.8385112385
116.1590000001 3.8453554989
116.1600000001 3.8521885726
116.1610000001 3.8590102275
116.1620000001 3.8658202317
116.1630000001 3.8726183542
116.1640000001 3.8794043641
116.1650000001 3.8861780311
116.1660000001 3.8929391256
116.1670000001 3.8996874181
116.1680000001 3.9064226800
116.1690000001 3.9131446829
116.1700000001 3.9198531991
116.1710000001 3.9265480013
116.1720000001 3.9332288630
116.1730000001 3.9398955579
116.1740000001 3.9465478605
116.1750000001 3.9531855456
116.1760000001 3.9598083889
116.1770000001 3.9664161665
116.1780000001 3.9730086550
116.1790000001 3.9795856317
116.1800000001 3.9861468745
116.1810000001 3.9926921618
116.1820000001 3.9992212728
116.1830000001 4.0057339871
116.1840000001 4.0122300851
116.1850000001 4.0187093477
116.1860000001 4.0251715566
116.1870000001 4.0316164939
116.1880000001 4.0380439427
116.1890000001 4.0444536865
116.1900000001 4.0508455094
116.1910000001 4.0572191966
116.1920000001 4.0635745334
116.1930000001 4.0699113063
116.1940000001 4.0762293023
116.1950000001 4.0825283090
116.1960000001 4.0888081148
116.1970000001 4.0950685089
116.1980000001 4.1013092812
116.1990000001 4.1075302223
116.2000000001 4.1137311235
116.2010000001 4.1199117768
116.2020000001 4.1260719752
116.2030000001 4.1322115123
116.2040000001 4.1383301823
116.2050000001 4.1444277806
116.2060000001 4.1505041030
116.2070000001 4.1565589462
116.2080000001 4.1625921079
116.2090000001 4.1686033862
116.2100000001 4.1745925804
116.2110000001 4.1805594904
116.2120000001 4.1865039170
116.2130000001 4.1924256618
116.2140000001 4.1983245273
116.2150000001 4.2042003168
116.2160000001 4.2100528344
116.2170000001 4.2158818850
116.2180000001 4.2216872747
116.2190000001 4.2274688101
116.2200000001 4.2332262988
116.2210000001 4.2389595494
116.2220000001 4.2446683712
116.2230000001 4.2503525745
116.2240000001 4.2560119705
116.2250000001 4.2616463712
116.2260000001 4.2672555898
116.2270000001 4.2728394401
116.2280000001 4.2783977370
116.2290000001 4.2839302962
116.2300000001 4.2894369346
116.2310000001 4.2949174697
116.2320000001 4.3003717203
116.2330000001 4.3057995058
116.2340000001 4.3112006469
116.2350000001 4.3165749650
116.2360000001 4.3219222827
116.2370000001 4.3272424234
116.2380000001 4.3325352116
116.2390000001 4.3378004727
116.2400000001 4.3430380332
116.2410000001 4.3482477206
116.2420000001 4.3534293633
116.2430000001 4.3585827908
116.2440000001 4.3637078336
116.2450000001 4.3688043232
116.2460000001 4.3738720923
116.2470000001 4.3789109743
116.2480000001 4.3839208040
116.2490000001 4.3889014171
116.2500000001 4.3938526503
116.2510000001 4.3987743414
116.2520000001 4.4036663292
116.2530000001 4.4085284538
116.2540000001 4.4133605562
116.2550000001 4.4181624784
116.2560000001 4.4229340637
116.2570000001 4.4276751563
116.2580000001 4.4323856016
116.2590000001 4.4370652461
116.2600000001 4.4417139373
116.2610000001 4.4463315240
116.2620000001 4.4509178560
116.2630000001 4.4554727842
116.2640000001 4.4599961606
116.2650000001 4.4644878386
116.2660000001 4.4689476723
116.2670000001 4.4733755172
116.2680000001 4.4777712301
116.2690000001 4.4821346685
116.2700000001 4.4864656915
116.2710000001 4.4907641591
116.2720000001 4.4950299326
116.2730000001 4.4992628743
116.2740000001 4.5034628479
116.2750000001 4.5076297181
116.2760000001 4.5117633508
116.2770000001 4.5158636132
116.2780000001 4.5199303736
116.2790000001 4.5239635014
116.2800000001 4.5279628675
116.2810000001 4.5319283436
116.2820000001 4.5358598030
116.2830000001 4.5397571199
116.2840000001 4.5436201699
116.2850000001 4.5474488297
116.2860000001 4.5512429774
116.2870000001 4.5550024921
116.2880000001 4.5587272543
116.2890000001 4.5624171456
116.2900000001 4.5660720490
116.2910000001 4.5696918487
116.2920000001 4.5732764299
116.2930000001 4.5768256794
116.2940000001 4.5803394851
116.2950000001 4.5838177361
116.2960000001 4.5872603229
116.2970000001 4.5906671371
116.2980000001 4.5940380716
116.2990000001 4.5973730208
116.3000000001 4.6006718800
116.3010000001 4.6039345461
116.3020000001 4.6071609171
116.3030000001 4.6103508923
116.3040000001 4.6135043724
116.3050000001 4.6166212592
116.3060000001 4.6197014560
116.3070000001 4.6227448672
116.3080000001 4.6257513987
116.3090000001 4.6287209575
116.3100000001 4.6316534520
116.3110000001 4.6345487920
116.3120000001 4.6374068884
116.3130000001 4.6402276537
116.3140000001 4.6430110013
116.3150000001 4.6457568464
116.3160000001 4.6484651051
116.3170000001 4.6511356951
116.3180000001 4.6537685352
116.3190000001 4.6563635459
116.3200000001 4.6589206486
116.3210000001 4.6614397663
116.3220000001 4.6639208232
116.3230000001 4.6663637450
116.3240000001 4.6687684585
116.3250000001 4.6711348920
116.3260000001 4.6734629752
116.3270000001 4.6757526391
116.3280000001 4.6780038158
116.3290000001 4.6802164392
116.3300000001 4.6823904442
116.3310000001 4.6845257672
116.3320000001 4.6866223459
116.3330000001 4.6886801193
116.3340000001 4.6906990281
116.3350000001 4.6926790139
116.3360000001 4.6946200198
116.3370000001 4.6965219906
116.3380000001 4.6983848720
116.3390000001 4.7002086113
116.3400000001 4.7019931571
116.3410000001 4.7037384594
116.3420000001 4.7054444697
116.3430000001 4.7071111407
116.3440000001 4.7087384264
116.3450000001 4.7103262825
116.3460000001 4.7118746657
116.3470000001 4.7133835343
116.3480000001 4.7148528480
116.3490000001 4.7162825677
116.3500000001 4.7176726559
116.3510000001 4.7190230763
116.3520000001 4.7203337941
116.3530000001 4.7216047758
116.3540000001 4.7228359894
116.3550000001 4.7240274041
116.3560000001 4.7251789908
116.3570000001 4.7262907213
116.3580000001 4.7273625693
116.3590000001 4.7283945096
116.3600000001 4.7293865183
116.3610000001 4.7303385733
116.3620000001 4.7312506534
116.3630000001 4.7321227391
116.3640000001 4.7329548123
116.3650000001 4.7337468560
116.3660000001 4.7344988549
116.3670000001 4.7352107950
116.3680000001 4.7358826635
116.3690000001 4.7365144494
116.3700000001 4.7371061427
116.3710000001 4.7376577350
116.3720000001 4.7381692191
116.3730000001 4.7386405895
116.3740000001 4.7390718418
116.3750000001 4.7394629731
116.3760000001 4.7398139819
116.3770000001 4.7401248681
116.3780000001 4.7403956329
116.3790000001 4.7406262791
116.3800000001 4.7408168107
116.3810000001 4.7409672330
116.3820000001 4.7410775529
116.3830000001 4.7411477787
116.3840000001 4.7411779199
116.3850000001 4.7411679875
116.3860000001 4.7411179938
116.3870000001 4.7410279526
116.3880000001 4.7408978791
116.3890000001 4.7407277897
116.3900000001 4.7405177024
116.3910000001 4.7402676364
116.3920000001 4.7399776123
116.3930000001 4.7396476523
116.3940000001 4.7392777797
116.3950000001 4.7388680192
116.3960000001 4.7384183971
116.3970000001 4.7379289409
116.3980000001 4.7373996795
116.3990000001 4.7368306431
116.4000000001 4.7362218635
116.4010000001 4.7355733735
116.4020000001 4.7348852077
116.4030000001 4.7341574017
116.4040000001 4.7333899927
116.4050000001 4.7325830190
116.4060000001 4.7317365206
116.4070000001 4.7308505387
116.4080000001 4.7299251157
116.4090000001 4.7289602956
116.4100000001 4.7279561236
116.4110000001 4.7269126463
116.4120000001 4.7258299117
116.4130000001 4.7247079690
116.4140000001 4.7235468690
116.4150000001 4.7223466635
116.4160000001 4.7211074060
116.4170000001 4.7198291510
116.4180000001 4.7185119546
116.4190000001 4.7171558741
116.4200000001 4.7157609682
116.4210000001 4.7143272968
116.4220000001 4.7128549213
116.4230000001 4.7113439043
116.4240000001 4.7097943098
116.4250000001 4.7082062030
116.4260000001 4.7065796507
116.4270000001 4.7049147206
116.4280000001 4.7032114820
116.4290000001 4.7014700054
116.4300000001 4.6996903628
116.4310000001 4.6978726271
116.4320000001 4.6960168729
116.4330000001 4.6941231759
116.4340000001 4.6921916131
116.4350000001 4.6902222629
116.4360000001 4.6882152048
116.4370000001 4.6861705198
116.4380000001 4.6840882900
116.4390000001 4.6819685989
116.4400000001 4.6798115312
116.4410000001 4.6776171730
116.4420000001 4.6753856114
116.4430000001 4.6731169351
116.4440000001 4.6708112338
116.4450000001 4.6684685986
116.4460000001 4.6660891218
116.4470000001 4.6636728970
116.4480000001 4.6612200190
116.4490000001 4.6587305837
116.4500000001 4.6562046886
116.4510000001 4.6536424322
116.4520000001 4.6510439142
116.4530000001 4.6484092356
116.4540000001 4.6457384987
116.4550000001 4.6430318069
116.4560000001 4.6402892648
116.4570000001 4.6375109784
116.4580000001 4.6346970546
116.4590000001 4.6318476019
116.4600000001 4.6289627296
116.4610000001 4.6260425486
116.4620000001 4.6230871706
116.4630000001 4.6200967088
116.4640000001 4.6170712773
116.4650000001 4.6140109917
116.4660000001 4.6109159686
116.4670000001 4.6077863257
116.4680000001 4.6046221820
116.4690000001 4.6014236576
116.4700000001 4.5981908738
116.4710000001 4.5949239531
116.4720000001 4.5916230189
116.4730000001 4.5882881961
116.4740000001 4.5849196105
116.4750000001 4.5815173891
116.4760000001 4.5780816600
116.4770000001 4.5746125525
116.4780000001 4.5711101971
116.4790000001 4.5675747251
116.4800000001 4.5640062692
116.4810000001 4.5604049631
116.4820000001 4.5567709416
116.4830000001 4.5531043407
116.4840000001 4.5494052974
116.4850000001 4.5456739497
116.4860000001 4.5419104369
116.4870000001 4.5381148992
116.4880000001 4.5342874779
116.4890000001 4.5304283154
116.4900000001 4.5265375551
116.4910000001 4.5226153417
116.4920000001 4.5186618207
116.4930000001 4.5146771385
116.4940000001 4.5106614430
116.4950000001 4.5066148828
116.4960000001 4.5025376076
116.4970000001 4.4984297682
116.4980000001 4.4942915162
116.4990000001 4.4901230046
116.5000000001 4.4859243869
116.5010000001 4.4816958181
116.5020000001 4.4774374539
116.5030000001 4.4731494510
116.5040000001 4.4688319673
116.5050000001 4.4644851614
116.5060000001 4.4601091930
116.5070000001 4.4557042228
116.5080000001 4.4512704125
116.5090000001 4.4468079246
116.5100000001 4.4423169226
116.5110000001 4.4377975711
116.5120000001 4.4332500354
116.5130000001 4.4286744819
116.5140000001 4.4240710779
116.5150000001 4.4194399916
116.5160000001 4.4147813920
116.5170000001 4.4100954493
116.5180000001 4.4053823342
116.5190000001 4.4006422187
116.5200000001 4.3958752754
116.5210000001 4.3910816779
116.5220000001 4.3862616007
116.5230000001 4.3814152191
116.5240000001 4.3765427092
116.5250000001 4.3716442483
116.5260000001 4.3667200141
116.5270000001 4.3617701853
116.5280000001 4.3567949417
116.5290000001 4.3517944636
116.5300000001 4.3467689323
116.5310000001 4.3417185298
116.5320000001 4.3366434390
116.5330000001 4.3315438435
116.5340000001 4.3264199280
116.5350000001 4.3212718776
116.5360000001 4.3160998784
116.5370000001 4.3109041172
116.5380000001 4.3056847817
116.5390000001 4.3004420602
116.5400000001 4.2951761419
116.5410000001 4.2898872167
116.5420000001 4.2845754752
116.5430000001 4.2792411087
116.5440000001 4.2738843094
116.5450000001 4.2685052702
116.5460000001 4.2631041845
116.5470000001 4.2576812467
116.5480000001 4.2522366516
116.5490000001 4.2467705950
116.5500000001 4.2412832733
116.5510000001 4.2357748833
116.5520000001 4.2302456230
116.5530000001 4.2246956906
116.5540000001 4.2191252852
116.5550000001 4.2135346065
116.5560000001 4.2079238548
116.5570000001 4.2022932312
116.5580000001 4.1966429372
116.5590000001 4.1909731752
116.5600000001 4.1852841479
116.5610000001 4.1795760589
116.5620000001 4.1738491122
116.5630000001 4.1681035126
116.5640000001 4.1623394653
116.5650000001 4.1565571761
116.5660000001 4.1507568516
116.5670000001 4.1449386986
116.5680000001 4.1391029249
116.5690000001 4.1332497384
116.5700000001 4.1273793478
116.5710000001 4.1214919625
116.5720000001 4.1155877920
116.5730000001 4.1096670466
116.5740000001 4.1037299372
116.5750000001 4.0977766750
116.5760000001 4.0918074717
116.5770000001 4.0858225398
116.5780000001 4.0798220919
116.5790000001 4.0738063413
116.5800000001 4.0677755016
116.5810000001 4.0617297872
116.5820000001 4.0556694126
116.5830000001 4.0495945930
116.5840000001 4.0435055437
116.5850000001 4.0374024809
116.5860000001 4.0312856209
116.5870000001 4.0251551806
116.5880000001 4.0190113770
116.5890000001 4.0128544279
116.5900000001 4.0066845512
116.5910000001 4.0005019655
116.5920000001 3.9943068894
116.5930000001 3.9880995421
116.5940000001 3.9818801432
116.5950000001 3.9756489125
116.5960000001 3.9694060702
116.5970000001 3.9631518370
116.5980000001 3.9568864337
116.5990000001 3.9506100815
116.6000000001 3.9443230021
116.6010000001 3.9380254172
116.6020000001 3.9317175491
116.6030000001 3.9253996201
116.6040000001 3.9190718531
116.6050000001 3.9127344710
116.6060000001 3.9063876972
116.6070000001 3.9000317551
116.6080000001 3.8936668687
116.6090000001 3.8872932620
116.6100000001 3.8809111592
116.6110000001 3.8745207849
116.6120000001 3.8681223639
116.6130000001 3.8617161212
116.6140000001 3.8553022818
116.6150000001 3.8488810713
116.6160000001 3.8424527151
116.6170000001 3.8360174391
116.6180000001 3.8295754691
116.6190000001 3.8231270313
116.6200000001 3.8166723519
116.6210000001 3.8102116574
116.6220000001 3.8037451743
116.6230000001 3.7972731293
116.6240000001 3.7907957493
116.6250000001 3.7843132612
116.6260000001 3.7778258920
116.6270000001 3.7713338690
116.6280000001 3.7648374194
116.6290000001 3.7583367705
116.6300000001 3.7518321499
116.6310000001 3.7453237849
116.6320000001 3.7388119033
116.6330000001 3.7322967326
116.6340000001 3.7257785005
116.6350000001 3.7192574347
116.6360000001 3.7127337630
116.6370000001 3.7062077133
116.6380000001 3.6996795132
116.6390000001 3.6931493906
116.6400000001 3.6866175734
116.6410000001 3.6800842893
116.6420000001 3.6735497661
116.6430000001 3.6670142317
116.6440000001 3.6604779138
116.6450000001 3.6539410400
116.6460000001 3.6474038381
116.6470000001 3.6408665356
116.6480000001 3.6343293602
116.6490000001 3.6277925392
116.6500000001 3.6212563002
116.6510000001 3.6147208703
116.6520000001 3.6081864769
116.6530000001 3.6016533471
116.6540000001 3.5951217078
116.6550000001 3.5885917861
116.6560000001 3.5820638086
116.6570000001 3.5755380021
116.6580000001 3.5690145929
116.6590000001 3.5624938076
116.6600000001 3.5559758722
116.6610000001 3.5494610128
116.6620000001 3.5429494553
116.6630000001 3.5364414254
116.6640000001 3.5299371486
116.6650000001 3.5234368502
116.6660000001 3.5169407552
116.6670000001 3.5104490886
116.6680000001 3.5039620750
116.6690000001 3.4974799390
116.6700000001 3.4910029047
116.6710000001 3.4845311960
116.6720000001 3.4780650368
116.6730000001 3.4716046504
116.6740000001 3.4651502601
116.6750000001 3.4587020888
116.6760000001 3.4522603592
116.6770000001 3.4458252936
116.6780000001 3.4393971141
116.6790000001 3.4329760424
116.6800000001 3.4265623001
116.6810000001 3.4201561081
116.6820000001 3.4137576875
116.6830000001 3.4073672585
116.6840000001 3.4009850414
116.6850000001 3.3946112559
116.6860000001 3.3882461215
116.6870000001 3.3818898572
116.6880000001 3.3755426818
116.6890000001 3.3692048135
116.6900000001 3.3628764702
116.6910000001 3.3565578696
116.6920000001 3.3502492286
116.6930000001 3.3439507642
116.6940000001 3.3376626924
116.6950000001 3.3313852294
116.6960000001 3.3251185904
116.6970000001 3.3188629905
116.6980000001 3.3126186442
116.6990000001 3.3063857658
116.7000000001 3.3001645688
116.7010000001 3.2939552664
116.7020000001 3.2877580713
116.7030000001 3.2815731958
116.7040000001 3.2754008516
116.7050000001 3.2692412499
116.7060000001 3.2630946015
116.7070000001 3.2569611165
116.7080000001 3.2508410047
116.7090000001 3.2447344753
116.7100000001 3.2386417369
116.7110000001 3.2325629976
116.7120000001 3.2264984650
116.7130000001 3.2204483461
116.7140000001 3.2144128472
116.7150000001 3.2083921744
116.7160000001 3.2023865328
116.7170000001 3.1963961272
116.7180000001 3.1904211618
116.7190000001 3.1844618400
116.7200000001 3.1785183647
116.7210000001 3.1725909383
116.7220000001 3.1666797625
116.7230000001 3.1607850384
116.7240000001 3.1549069663
116.7250000001 3.1490457461
116.7260000001 3.1432015770
116.7270000001 3.1373746574
116.7280000001 3.1315651852
116.7290000001 3.1257733575
116.7300000001 3.1199993710
116.7310000001 3.1142434214
116.7320000001 3.1085057038
116.7330000001 3.1027864128
116.7340000001 3.0970857420
116.7350000001 3.0914038846
116.7360000001 3.0857410328
116.7370000001 3.0800973783
116.7380000001 3.0744731120
116.7390000001 3.0688684240
116.7400000001 3.0632835039
116.7410000001 3.0577185402
116.7420000001 3.0521737209
116.7430000001 3.0466492331
116.7440000001 3.0411452634
116.7450000001 3.0356619973
116.7460000001 3.0301996197
116.7470000001 3.0247583148
116.7480000001 3.0193382657
116.7490000001 3.0139396550
116.7500000001 3.0085626644
116.7510000001 3.0032074749
116.7520000001 2.9978742664
116.7530000001 2.9925632184
116.7540000001 2.9872745091
116.7550000001 2.9820083162
116.7560000001 2.9767648166
116.7570000001 2.9715441861
116.7580000001 2.9663465998
116.7590000001 2.9611722319
116.7600000001 2.9560212559
116.7610000001 2.9508938442
116.7620000001 2.9457901685
116.7630000001 2.9407103994
116.7640000001 2.9356547070
116.7650000001 2.9306232601
116.7660000001 2.9256162269
116.7670000001 2.9206337745
116.7680000001 2.9156760692
116.7690000001 2.9107432764
116.7700000001 2.9058355605
116.7710000001 2.9009530851
116.7720000001 2.8960960128
116.7730000001 2.8912645052
116.7740000001 2.8864587231
116.7750000001 2.8816788262
116.7760000001 2.8769249734
116.7770000001 2.8721973225
116.7780000001 2.8674960306
116.7790000001 2.8628212535
116.7800000001 2.8581731461
116.7810000001 2.8535518626
116.7820000001 2.8489575560
116.7830000001 2.8443903782
116.7840000001 2.8398504804
116.7850000001 2.8353380126
116.7860000001 2.8308531238
116.7870000001 2.8263959621
116.7880000001 2.8219666745
116.7890000001 2.8175654070
116.7900000001 2.8131923047
116.7910000001 2.8088475115
116.7920000001 2.8045311704
116.7930000001 2.8002434232
116.7940000001 2.7959844108
116.7950000001 2.7917542731
116.7960000001 2.7875531488
116.7970000001 2.7833811756
116.7980000001 2.7792384903
116.7990000001 2.7751252284
116.8000000001 2.7710415244
116.8010000001 2.7669875118
116.8020000001 2.7629633230
116.8030000001 2.7589690893
116.8040000001 2.7550049409
116.8050000001 2.7510710070
116.8060000001 2.7471674155
116.8070000001 2.7432942935
116.8080000001 2.7394517668
116.8090000001 2.7356399601
116.8100000001 2.7318589970
116.8110000001 2.7281090001
116.8120000001 2.7243900907
116.8130000001 2.7207023891
116.8140000001 2.7170460145
116.8150000001 2.7134210849
116.8160000001 2.7098277171
116.8170000001 2.7062660270
116.8180000001 2.7027361291
116.8190000001 2.6992381370
116.8200000001 2.6957721628
116.8210000001 2.6923383178
116.8220000001 2.6889367120
116.8230000001 2.6855674542
116.8240000001 2.6822306522
116.8250000001 2.6789264124
116.8260000001 2.6756548403
116.8270000001 2.6724160399
116.8280000001 2.6692101143
116.8290000001 2.6660371653
116.8300000001 2.6628972936
116.8310000001 2.6597905986
116.8320000001 2.6567171786
116.8330000001 2.6536771307
116.8340000001 2.6506705508
116.8350000001 2.6476975334
116.8360000001 2.6447581722
116.8370000001 2.6418525594
116.8380000001 2.6389807861
116.8390000001 2.6361429421
116.8400000001 2.6333391161
116.8410000001 2.6305693955
116.8420000001 2.6278338665
116.8430000001 2.6251326142
116.8440000001 2.6224657223
116.8450000001 2.6198332733
116.8460000001 2.6172353487
116.8470000001 2.6146720283
116.8480000001 2.6121433912
116.8490000001 2.6096495149
116.8500000001 2.6071904759
116.8510000001 2.6047663491
116.8520000001 2.6023772086
116.8530000001 2.6000231270
116.8540000001 2.5977041757
116.8550000001 2.5954204248
116.8560000001 2.5931719433
116.8570000001 2.5909587987
116.8580000001 2.5887810575
116.8590000001 2.5866387848
116.8600000001 2.5845320445
116.8610000001 2.5824608992
116.8620000001 2.5804254102
116.8630000001 2.5784256376
116.8640000001 2.5764616402
116.8650000001 2.5745334756
116.8660000001 2.5726412001
116.8670000001 2.5707848686
116.8680000001 2.5689645348
116.8690000001 2.5671802513
116.8700000001 2.5654320691
116.8710000001 2.5637200382
116.8720000001 2.5620442073
116.8730000001 2.5604046235
116.8740000001 2.5588013331
116.8750000001 2.5572343807
116.8760000001 2.5557038098
116.8770000001 2.5542096626
116.8780000001 2.5527519801
116.8790000001 2.5513308019
116.8800000001 2.5499461662
116.8810000001 2.5485981101
116.8820000001 2.5472866694
116.8830000001 2.5460118786
116.8840000001 2.5447737707
116.8850000001 2.5435723777
116.8860000001 2.5424077301
116.8870000001 2.5412798572
116.8880000001 2.5401887869
116.8890000001 2.5391345461
116.8900000001 2.5381171600
116.8910000001 2.5371366527
116.8920000001 2.5361930471
116.8930000001 2.5352863645
116.8940000001 2.5344166253
116.8950000001 2.5335838483
116.8960000001 2.5327880510
116.8970000001 2.5320292498
116.8980000001 2.5313074597
116.8990000001 2.5306226943
116.9000000001 2.5299749661
116.9010000001 2.5293642861
116.9020000001 2.5287906640
116.9030000001 2.5282541085
116.9040000001 2.5277546266
116.9050000001 2.5272922242
116.9060000001 2.5268669059
116.9070000001 2.5264786751
116.9080000001 2.5261275336
116.9090000001 2.5258134822
116.9100000001 2.5255365202
116.9110000001 2.5252966457
116.9120000001 2.5250938554
116.9130000001 2.5249281449
116.9140000001 2.5247995084
116.9150000001 2.5247079387
116.9160000001 2.5246534273
116.9170000001 2.5246359647
116.9180000001 2.5246555397
116.9190000001 2.5247121402
116.9200000001 2.5248057524
116.9210000001 2.5249363615
116.9220000001 2.5251039513
116.9230000001 2.5253085043
116.9240000001 2.5255500018
116.9250000001 2.5258284237
116.9260000001 2.5261437487
116.9270000001 2.5264959541
116.9280000001 2.5268850160
116.9290000001 2.5273109092
116.9300000001 2.5277736072
116.9310000001 2.5282730823
116.9320000001 2.5288093054
116.9330000001 2.5293822461
116.9340000001 2.5299918728
116.9350000001 2.5306381527
116.9360000001 2.5313210516
116.9370000001 2.5320405340
116.9380000001 2.5327965632
116.9390000001 2.5335891012
116.9400000001 2.5344181089
116.9410000001 2.5352835456
116.9420000001 2.5361853695
116.9430000001 2.5371235377
116.9440000001 2.5380980057
116.9450000001 2.5391087281
116.9460000001 2.5401556579
116.9470000001 2.5412387471
116.9480000001 2.5423579463
116.9490000001 2.5435132050
116.9500000001 2.5447044713
116.9510000001 2.5459316920
116.9520000001 2.5471948128
116.9530000001 2.5484937782
116.9540000001 2.5498285313
116.9550000001 2.5511990141
116.9560000001 2.5526051671
116.9570000001 2.5540469299
116.9580000001 2.5555242407
116.9590000001 2.5570370365
116.9600000001 2.5585852531
116.9610000001 2.5601688250
116.9620000001 2.5617876854
116.9630000001 2.5634417666
116.9640000001 2.5651309994
116.9650000001 2.5668553135
116.9660000001 2.5686146372
116.9670000001 2.5704088980
116.9680000001 2.5722380217
116.9690000001 2.5741019333
116.9700000001 2.5760005564
116.9710000001 2.5779338134
116.9720000001 2.5799016256
116.9730000001 2.5819039131
116.9740000001 2.5839405946
116.9750000001 2.5860115880
116.9760000001 2.5881168097
116.9770000001 2.5902561750
116.9780000001 2.5924295980
116.9790000001 2.5946369919
116.9800000001 2.5968782683
116.9810000001 2.5991533380
116.9820000001 2.6014621104
116.9830000001 2.6038044938
116.9840000001 2.6061803955
116.9850000001 2.6085897214
116.9860000001 2.6110323764
116.9870000001 2.6135082643
116.9880000001 2.6160172876
116.9890000001 2.6185593479
116.9900000001 2.6211343453
116.9910000001 2.6237421793
116.9920000001 2.6263827477
116.9930000001 2.6290559476
116.9940000001 2.6317616747
116.9950000001 2.6344998239
116.9960000001 2.6372702888
116.9970000001 2.6400729617
116.9980000001 2.6429077342
116.9990000001 2.6457744966
117.0000000001 2.6486731380
117.0010000001 2.6516035467
117.0020000001 2.6545656095
117.0030000001 2.6575592126
117.0040000001 2.6605842408
117.0050000001 2.6636405779
117.0060000001 2.6667281067
117.0070000001 2.6698467088
117.0080000001 2.6729962649
117.0090000001 2.6761766546
117.0100000001 2.6793877563
117.0110000001 2.6826294476
117.0120000001 2.6859016049
117.0130000001 2.6892041036
117.0140000001 2.6925368181
117.0150000001 2.6958996217
117.0160000001 2.6992923868
117.0170000001 2.7027149846
117.0180000001 2.7061672855
117.0190000001 2.7096491588
117.0200000001 2.7131604726
117.0210000001 2.7167010944
117.0220000001 2.7202708905
117.0230000001 2.7238697260
117.0240000001 2.7274974655
117.0250000001 2.7311539721
117.0260000001 2.7348391083
117.0270000001 2.7385527355
117.0280000001 2.7422947141
117.0290000001 2.7460649037
117.0300000001 2.7498631627
117.0310000001 2.7536893488
117.0320000001 2.7575433186
117.0330000001 2.7614249278
117.0340000001 2.7653340312
117.0350000001 2.7692704826
117.0360000001 2.7732341350
117.0370000001 2.7772248404
117.0380000001 2.7812424500
117.0390000001 2.7852868138
117.0400000001 2.7893577813
117.0410000001 2.7934552008
117.0420000001 2.7975789198
117.0430000001 2.8017287851
117.0440000001 2.8059046423
117.0450000001 2.8101063364
117.0460000001 2.8143337115
117.0470000001 2.8185866106
117.0480000001 2.8228648761
117.0490000001 2.8271683495
117.0500000001 2.8314968713
117.0510000001 2.8358502815
117.0520000001 2.8402284190
117.0530000001 2.8446311218
117.0540000001 2.8490582273
117.0550000001 2.8535095721
117.0560000001 2.8579849918
117.0570000001 2.8624843213
117.0580000001 2.8670073948
117.0590000001 2.8715540455
117.0600000001 2.8761241060
117.0610000001 2.8807174080
117.0620000001 2.8853337825
117.0630000001 2.8899730598
117.0640000001 2.8946350694
117.0650000001 2.8993196398
117.0660000001 2.9040265991
117.0670000001 2.9087557746
117.0680000001 2.9135069927
117.0690000001 2.9182800791
117.0700000001 2.9230748590
117.0710000001 2.9278911566
117.0720000001 2.9327287957
117.0730000001 2.9375875990
117.0740000001 2.9424673889
117.0750000001 2.9473679868
117.0760000001 2.9522892137
117.0770000001 2.9572308897
117.0780000001 2.9621928343
117.0790000001 2.9671748664
117.0800000001 2.9721768041
117.0810000001 2.9771984651
117.0820000001 2.9822396662
117.0830000001 2.9873002236
117.0840000001 2.9923799530
117.0850000001 2.9974786695
117.0860000001 3.0025961873
117.0870000001 3.0077323204
117.0880000001 3.0128868818
117.0890000001 3.0180596841
117.0900000001 3.0232505394
117.0910000001 3.0284592591
117.0920000001 3.0336856540
117.0930000001 3.0389295343
117.0940000001 3.0441907097
117.0950000001 3.0494689895
117.0960000001 3.0547641822
117.0970000001 3.0600760958
117.0980000001 3.0654045380
117.0990000001 3.0707493156
117.1000000001 3.0761102351
117.1010000001 3.0814871026
117.1020000001 3.0868797234
117.1030000001 3.0922879025
117.1040000001 3.0977114443
117.1050000001 3.1031501529
117.1060000001 3.1086038317
117.1070000001 3.1140722838
117.1080000001 3.1195553116
117.1090000001 3.1250527173
117.1100000001 3.1305643025
117.1110000001 3.1360898685
117.1120000001 3.1416292159
117.1130000001 3.1471821452
117.1140000001 3.1527484561
117.1150000001 3.1583279483
117.1160000001 3.1639204208
117.1170000001 3.1695256723
117.1180000001 3.1751435011
117.1190000001 3.1807737050
117.1200000001 3.1864160817
117.1210000001 3.1920704282
117.1220000001 3.1977365413
117.1230000001 3.2034142176
117.1240000001 3.2091032529
117.1250000001 3.2148034432
117.1260000001 3.2205145837
117.1270000001 3.2262364696
117.1280000001 3.2319688955
117.1290000001 3.2377116560
117.1300000001 3.2434645452
117.1310000001 3.2492273568
117.1320000001 3.2549998844
117.1330000001 3.2607819213
117.1340000001 3.2665732605
117.1350000001 3.2723736945
117.1360000001 3.2781830160
117.1370000001 3.2840010170
117.1380000001 3.2898274895
117.1390000001 3.2956622251
117.1400000001 3.3015050155
117.1410000001 3.3073556517
117.1420000001 3.3132139248
117.1430000001 3.3190796256
117.1440000001 3.3249525447
117.1450000001 3.3308324726
117.1460000001 3.3367191993
117.1470000001 3.3426125150
117.1480000001 3.3485122096
117.1490000001 3.3544180726
117.1500000001 3.3603298938
117.1510000001 3.3662474623
117.1520000001 3.3721705676
117.1530000001 3.3780989986
117.1540000001 3.3840325444
117.1550000001 3.3899709938
117.1560000001 3.3959141355
117.1570000001 3.4018617582
117.1580000001 3.4078136504
117.1590000001 3.4137696006
117.1600000001 3.4197293971
117.1610000001 3.4256928281
117.1620000001 3.4316596820
117.1630000001 3.4376297468
117.1640000001 3.4436028106
117.1650000001 3.4495786615
117.1660000001 3.4555570875
117.1670000001 3.4615378766
117.1680000001 3.4675208167
117.1690000001 3.4735056957
117.1700000001 3.4794923016
117.1710000001 3.4854804222
117.1720000001 3.4914698456
117.1730000001 3.4974603596
117.1740000001 3.5034517523
117.1750000001 3.5094438115
117.1760000001 3.5154363253
117.1770000001 3.5214290819
117.1780000001 3.5274218692
117.1790000001 3.5334144755
117.1800000001 3.5394066890
117.1810000001 3.5453982981
117.1820000001 3.5513890910
117.1830000001 3.5573788563
117.1840000001 3.5633673826
117.1850000001 3.5693544585
117.1860000001 3.5753398729
117.1870000001 3.5813234145
117.1880000001 3.5873048725
117.1890000001 3.5932840360
117.1900000001 3.5992606943
117.1910000001 3.6052346368
117.1920000001 3.6112056532
117.1930000001 3.6171735331
117.1940000001 3.6231380666
117.1950000001 3.6290990437
117.1960000001 3.6350562547
117.1970000001 3.6410094902
117.1980000001 3.6469585406
117.1990000001 3.6529031971
117.2000000001 3.6588432505
117.2010000001 3.6647784924
117.2020000001 3.6707087141
117.2030000001 3.6766337075
117.2040000001 3.6825532646
117.2050000001 3.6884671777
117.2060000001 3.6943752393
117.2070000001 3.7002772421
117.2080000001 3.7061729793
117.2090000001 3.7120622442
117.2100000001 3.7179448304
117.2110000001 3.7238205317
117.2120000001 3.7296891426
117.2130000001 3.7355504573
117.2140000001 3.7414042709
117.2150000001 3.7472503784
117.2160000001 3.7530885754
117.2170000001 3.7589186576
117.2180000001 3.7647404213
117.2190000001 3.7705536629
117.2200000001 3.7763581794
117.2210000001 3.7821537679
117.2220000001 3.7879402260
117.2230000001 3.7937173519
117.2240000001 3.7994849437
117.2250000001 3.8052428003
117.2260000001 3.8109907209
117.2270000001 3.8167285051
117.2280000001 3.8224559527
117.2290000001 3.8281728642
117.2300000001 3.8338790405
117.2310000001 3.8395742828
117.2320000001 3.8452583928
117.2330000001 3.8509311727
117.2340000001 3.8565924250
117.2350000001 3.8622419529
117.2360000001 3.8678795598
117.2370000001 3.8735050499
117.2380000001 3.8791182275
117.2390000001 3.8847188977
117.2400000001 3.8903068660
117.2410000001 3.8958819383
117.2420000001 3.9014439211
117.2430000001 3.9069926214
117.2440000001 3.9125278468
117.2450000001 3.9180494053
117.2460000001 3.9235571055
117.2470000001 3.9290507566
117.2480000001 3.9345301682
117.2490000001 3.9399951506
117.2500000001 3.9454455145
117.2510000001 3.9508810714
117.2520000001 3.9563016331
117.2530000001 3.9617070123
117.2540000001 3.9670970220
117.2550000001 3.9724714759
117.2560000001 3.9778301884
117.2570000001 3.9831729744
117.2580000001 3.9884996494
117.2590000001 3.9938100295
117.2600000001 3.9991039315
117.2610000001 4.0043811729
117.2620000001 4.0096415717
117.2630000001 4.0148849466
117.2640000001 4.0201111169
117.2650000001 4.0253199027
117.2660000001 4.0305111246
117.2670000001 4.0356846039
117.2680000001 4.0408401627
117.2690000001 4.0459776236
117.2700000001 4.0510968102
117.2710000001 4.0561975463
117.2720000001 4.0612796569
117.2730000001 4.0663429673
117.2740000001 4.0713873039
117.2750000001 4.0764124935
117.2760000001 4.0814183637
117.2770000001 4.0864047430
117.2780000001 4.0913714605
117.2790000001 4.0963183459
117.2800000001 4.1012452300
117.2810000001 4.1061519440
117.2820000001 4.1110383201
117.2830000001 4.1159041912
117.2840000001 4.1207493909
117.2850000001 4.1255737535
117.2860000001 4.1303771145
117.2870000001 4.1351593097
117.2880000001 4.1399201759
117.2890000001 4.1446595507
117.2900000001 4.1493772725
117.2910000001 4.1540731806
117.2920000001 4.1587471149
117.2930000001 4.1633989163
117.2940000001 4.1680284264
117.2950000001 4.1726354878
117.2960000001 4.1772199438
117.2970000001 4.1817816385
117.2980000001 4.1863204171
117.2990000001 4.1908361253
117.3000000001 4.1953286100
117.3010000001 4.1997977186
117.3020000001 4.2042432998
117.3030000001 4.2086652028
117.3040000001 4.2130632779
117.3050000001 4.2174373762
117.3060000001 4.2217873496
117.3070000001 4.2261130511
117.3080000001 4.2304143345
117.3090000001 4.2346910544
117.3100000001 4.2389430665
117.3110000001 4.2431702273
117.3120000001 4.2473723942
117.3130000001 4.2515494255
117.3140000001 4.2557011807
117.3150000001 4.2598275198
117.3160000001 4.2639283042
117.3170000001 4.2680033957
117.3180000001 4.2720526576
117.3190000001 4.2760759538
117.3200000001 4.2800731493
117.3210000001 4.2840441099
117.3220000001 4.2879887027
117.3230000001 4.2919067953
117.3240000001 4.2957982568
117.3250000001 4.2996629568
117.3260000001 4.3035007662
117.3270000001 4.3073115567
117.3280000001 4.3110952011
117.3290000001 4.3148515732
117.3300000001 4.3185805477
117.3310000001 4.3222820005
117.3320000001 4.3259558082
117.3330000001 4.3296018487
117.3340000001 4.3332200008
117.3350000001 4.3368101444
117.3360000001 4.3403721602
117.3370000001 4.3439059301
117.3380000001 4.3474113372
117.3390000001 4.3508882652
117.3400000001 4.3543365993
117.3410000001 4.3577562254
117.3420000001 4.3611470307
117.3430000001 4.3645089032
117.3440000001 4.3678417322
117.3450000001 4.3711454079
117.3460000001 4.3744198216
117.3470000001 4.3776648658
117.3480000001 4.3808804337
117.3490000001 4.3840664201
117.3500000001 4.3872227204
117.3510000001 4.3903492314
117.3520000001 4.3934458508
117.3530000001 4.3965124774
117.3540000001 4.3995490113
117.3550000001 4.4025553533
117.3560000001 4.4055314058
117.3570000001 4.4084770718
117.3580000001 4.4113922558
117.3590000001 4.4142768632
117.3600000001 4.4171308004
117.3610000001 4.4199539753
117.3620000001 4.4227462965
117.3630000001 4.4255076739
117.3640000001 4.4282380187
117.3650000001 4.4309372428
117.3660000001 4.4336052596
117.3670000001 4.4362419835
117.3680000001 4.4388473299
117.3690000001 4.4414212157
117.3700000001 4.4439635585
117.3710000001 4.4464742773
117.3720000001 4.4489532922
117.3730000001 4.4514005244
117.3740000001 4.4538158964
117.3750000001 4.4561993316
117.3760000001 4.4585507547
117.3770000001 4.4608700916
117.3780000001 4.4631572692
117.3790000001 4.4654122158
117.3800000001 4.4676348606
117.3810000001 4.4698251341
117.3820000001 4.4719829680
117.3830000001 4.4741082951
117.3840000001 4.4762010494
117.3850000001 4.4782611660
117.3860000001 4.4802885813
117.3870000001 4.4822832328
117.3880000001 4.4842450592
117.3890000001 4.4861740004
117.3900000001 4.4880699974
117.3910000001 4.4899329925
117.3920000001 4.4917629291
117.3930000001 4.4935597518
117.3940000001 4.4953234065
117.3950000001 4.4970538401
117.3960000001 4.4987510008
117.3970000001 4.5004148380
117.3980000001 4.5020453024
117.3990000001 4.5036423455
117.4000000001 4.5052059206
117.4010000001 4.5067359816
117.4020000001 4.5082324841
117.4030000001 4.5096953846
117.4040000001 4.5111246408
117.4050000001 4.5125202118
117.4060000001 4.5138820578
117.4070000001 4.5152101401
117.4080000001 4.5165044214
117.4090000001 4.5177648656
117.4100000001 4.5189914376
117.4110000001 4.5201841037
117.4120000001 4.5213428313
117.4130000001 4.5224675892
117.4140000001 4.5235583472
117.4150000001 4.5246150764
117.4160000001 4.5256377491
117.4170000001 4.5266263389
117.4180000001 4.5275808206
117.4190000001 4.5285011700
117.4200000001 4.5293873644
117.4210000001 4.5302393821
117.4220000001 4.5310572029
117.4230000001 4.5318408076
117.4240000001 4.5325901781
117.4250000001 4.5333052979
117.4260000001 4.5339861513
117.4270000001 4.5346327242
117.4280000001 4.5352450035
117.4290000001 4.5358229773
117.4300000001 4.5363666351
117.4310000001 4.5368759674
117.4320000001 4.5373509661
117.4330000001 4.5377916243
117.4340000001 4.5381979362
117.4350000001 4.5385698973
117.4360000001 4.5389075043
117.4370000001 4.5392107552
117.4380000001 4.5394796492
117.4390000001 4.5397141865
117.4400000001 4.5399143689
117.4410000001 4.5400801992
117.4420000001 4.5402116813
117.4430000001 4.5403088206
117.4440000001 4.5403716236
117.4450000001 4.5404000978
117.4460000001 4.5403942523
117.4470000001 4.5403540972
117.4480000001 4.5402796438
117.4490000001 4.5401709047
117.4500000001 4.5400278937
117.4510000001 4.5398506257
117.4520000001 4.5396391171
117.4530000001 4.5393933851
117.4540000001 4.5391134484
117.4550000001 4.5387993269
117.4560000001 4.5384510417
117.4570000001 4.5380686149
117.4580000001 4.5376520700
117.4590000001 4.5372014318
117.4600000001 4.5367167261
117.4610000001 4.5361979800
117.4620000001 4.5356452217
117.4630000001 4.5350584808
117.4640000001 4.5344377880
117.4650000001 4.5337831751
117.4660000001 4.5330946752
117.4670000001 4.5323723226
117.4680000001 4.5316161528
117.4690000001 4.5308262024
117.4700000001 4.5300025093
117.4710000001 4.5291451126
117.4720000001 4.5282540524
117.4730000001 4.5273293703
117.4740000001 4.5263711088
117.4750000001 4.5253793117
117.4760000001 4.5243540239
117.4770000001 4.5232952917
117.4780000001 4.5222031624
117.4790000001 4.5210776843
117.4800000001 4.5199189074
117.4810000001 4.5187268823
117.4820000001 4.5175016611
117.4830000001 4.5162432969
117.4840000001 4.5149518442
117.4850000001 4.5136273585
117.4860000001 4.5122698963
117.4870000001 4.5108795156
117.4880000001 4.5094562753
117.4890000001 4.5080002355
117.4900000001 4.5065114576
117.4910000001 4.5049900040
117.4920000001 4.5034359382
117.4930000001 4.5018493251
117.4940000001 4.5002302303
117.4950000001 4.4985787211
117.4960000001 4.4968948655
117.4970000001 4.4951787327
117.4980000001 4.4934303932
117.4990000001 4.4916499186
117.5000000001 4.4898373814
117.5010000001 4.4879928555
117.5020000001 4.4861164157
117.5030000001 4.4842081381
117.5040000001 4.4822680998
117.5050000001 4.4802963790
117.5060000001 4.4782930551
117.5070000001 4.4762582085
117.5080000001 4.4741919208
117.5090000001 4.4720942746
117.5100000001 4.4699653537
117.5110000001 4.4678052428
117.5120000001 4.4656140280
117.5130000001 4.4633917962
117.5140000001 4.4611386355
117.5150000001 4.4588546351
117.5160000001 4.4565398852
117.5170000001 4.4541944771
117.5180000001 4.4518185032
117.5190000001 4.4494120570
117.5200000001 4.4469752329
117.5210000001 4.4445081265
117.5220000001 4.4420108344
117.5230000001 4.4394834543
117.5240000001 4.4369260849
117.5250000001 4.4343388260
117.5260000001 4.4317217782
117.5270000001 4.4290750436
117.5280000001 4.4263987248
117.5290000001 4.4236929258
117.5300000001 4.4209577515
117.5310000001 4.4181933078
117.5320000001 4.4153997017
117.5330000001 4.4125770411
117.5340000001 4.4097254350
117.5350000001 4.4068449932
117.5360000001 4.4039358268
117.5370000001 4.4009980478
117.5380000001 4.3980317690
117.5390000001 4.3950371044
117.5400000001 4.3920141689
117.5410000001 4.3889630785
117.5420000001 4.3858839498
117.5430000001 4.3827769008
117.5440000001 4.3796420503
117.5450000001 4.3764795180
117.5460000001 4.3732894247
117.5470000001 4.3700718919
117.5480000001 4.3668270423
117.5490000001 4.3635549995
117.5500000001 4.3602558879
117.5510000001 4.3569298329
117.5520000001 4.3535769608
117.5530000001 4.3501973990
117.5540000001 4.3467912757
117.5550000001 4.3433587199
117.5560000001 4.3398998616
117.5570000001 4.3364148317
117.5580000001 4.3329037621
117.5590000001 4.3293667854
117.5600000001 4.3258040353
117.5610000001 4.3222156462
117.5620000001 4.3186017535
117.5630000001 4.3149624934
117.5640000001 4.3112980031
117.5650000001 4.3076084204
117.5660000001 4.3038938842
117.5670000001 4.3001545341
117.5680000001 4.2963905108
117.5690000001 4.2926019555
117.5700000001 4.2887890106
117.5710000001 4.2849518189
117.5720000001 4.2810905244
117.5730000001 4.2772052718
117.5740000001 4.2732962066
117.5750000001 4.2693634751
117.5760000001 4.2654072244
117.5770000001 4.2614276025
117.5780000001 4.2574247581
117.5790000001 4.2533988407
117.5800000001 4.2493500005
117.5810000001 4.2452783888
117.5820000001 4.2411841572
117.5830000001 4.2370674585
117.5840000001 4.2329284460
117.5850000001 4.2287672739
117.5860000001 4.2245840970
117.5870000001 4.2203790710
117.5880000001 4.2161523522
117.5890000001 4.2119040978
117.5900000001 4.2076344656
117.5910000001 4.2033436141
117.5920000001 4.1990317027
117.5930000001 4.1946988913
117.5940000001 4.1903453406
117.5950000001 4.1859712119
117.5960000001 4.1815766675
117.5970000001 4.1771618699
117.5980000001 4.1727269828
117.5990000001 4.1682721702
117.6000000001 4.1637975969
117.6010000001 4.1593034283
117.6020000001 4.1547898307
117.6030000001 4.1502569706
117.6040000001 4.1457050157
117.6050000001 4.1411341339
117.6060000001 4.1365444938
117.6070000001 4.1319362649
117.6080000001 4.1273096170
117.6090000001 4.1226647207
117.6100000001 4.1180017471
117.6110000001 4.1133208680
117.6120000001 4.1086222558
117.6130000001 4.1039060833
117.6140000001 4.0991725242
117.6150000001 4.0944217524
117.6160000001 4.0896539428
117.6170000001 4.0848692704
117.6180000001 4.0800679111
117.6190000001 4.0752500413
117.6200000001 4.0704158378
117.6210000001 4.0655654781
117.6220000001 4.0606991401
117.6230000001 4.0558170023
117.6240000001 4.0509192437
117.6250000001 4.0460060439
117.6260000001 4.0410775828
117.6270000001 4.0361340409
117.6280000001 4.0311755994
117.6290000001 4.0262024397
117.6300000001 4.0212147437
117.6310000001 4.0162126939
117.6320000001 4.0111964733
117.6330000001 4.0061662653
117.6340000001 4.0011222536
117.6350000001 3.9960646225
117.6360000001 3.9909935569
117.6370000001 3.9859092418
117.6380000001 3.9808118628
117.6390000001 3.9757016059
117.6400000001 3.9705786575
117.6410000001 3.9654432046
117.6420000001 3.9602954342
117.6430000001 3.9551355340
117.6440000001 3.9499636920
117.6450000001 3.9447800966
117.6460000001 3.9395849366
117.6470000001 3.9343784010
117.6480000001 3.9291606794
117.6490000001 3.9239319616
117.6500000001 3.9186924377
117.6510000001 3.9134422984
117.6520000001 3.9081817343
117.6530000001 3.9029109368
117.6540000001 3.8976300973
117.6550000001 3.8923394076
117.6560000001 3.8870390598
117.6570000001 3.8817292463
117.6580000001 3.8764101598
117.6590000001 3.8710819933
117.6600000001 3.8657449401
117.6610000001 3.8603991937
117.6620000001 3.8550449478
117.6630000001 3.8496823966
117.6640000001 3.8443117343
117.6650000001 3.8389331554
117.6660000001 3.8335468547
117.6670000001 3.8281530272
117.6680000001 3.8227518682
117.6690000001 3.8173435730
117.6700000001 3.8119283373
117.6710000001 3.8065063569
117.6720000001 3.8010778279
117.6730000001 3.7956429465
117.6740000001 3.7902019091
117.6750000001 3.7847549123
117.6760000001 3.7793021527
117.6770000001 3.7738438273
117.6780000001 3.7683801331
117.6790000001 3.7629112673
117.6800000001 3.7574374272
117.6810000001 3.7519588103
117.6820000001 3.7464756141
117.6830000001 3.7409880363
117.6840000001 3.7354962748
117.6850000001 3.7300005273
117.6860000001 3.7245009920
117.6870000001 3.7189978668
117.6880000001 3.7134913500
117.6890000001 3.7079816397
117.6900000001 3.7024689343
117.6910000001 3.6969534321
117.6920000001 3.6914353315
117.6930000001 3.6859148310
117.6940000001 3.6803921290
117.6950000001 3.6748674241
117.6960000001 3.6693409147
117.6970000001 3.6638127996
117.6980000001 3.6582832772
117.6990000001 3.6527525460
117.7000000001 3.6472208047
117.7010000001 3.6416882518
117.7020000001 3.6361550858
117.7030000001 3.6306215053
117.7040000001 3.6250877086
117.7050000001 3.6195538943
117.7060000001 3.6140202607
117.7070000001 3.6084870061
117.7080000001 3.6029543288
117.7090000001 3.5974224270
117.7100000001 3.5918914988
117.7110000001 3.5863617422
117.7120000001 3.5808333553
117.7130000001 3.5753065357
117.7140000001 3.5697814814
117.7150000001 3.5642583899
117.7160000001 3.5587374587
117.7170000001 3.5532188852
117.7180000001 3.5477028667
117.7190000001 3.5421896003
117.7200000001 3.5366792830
117.7210000001 3.5311721116
117.7220000001 3.5256682827
117.7230000001 3.5201679929
117.7240000001 3.5146714384
117.7250000001 3.5091788155
117.7260000001 3.5036903199
117.7270000001 3.4982061476
117.7280000001 3.4927264940
117.7290000001 3.4872515546
117.7300000001 3.4817815243
117.7310000001 3.4763165981
117.7320000001 3.4708569708
117.7330000001 3.4654028367
117.7340000001 3.4599543900
117.7350000001 3.4545118247
117.7360000001 3.4490753345
117.7370000001 3.4436451127
117.7380000001 3.4382213526
117.7390000001 3.4328042469
117.7400000001 3.4273939884
117.7410000001 3.4219907692
117.7420000001 3.4165947815
117.7430000001 3.4112062168
117.7440000001 3.4058252666
117.7450000001 3.4004521220
117.7460000001 3.3950869736
117.7470000001 3.3897300119
117.7480000001 3.3843814269
117.7490000001 3.3790414084
117.7500000001 3.3737101458
117.7510000001 3.3683878280
117.7520000001 3.3630746437
117.7530000001 3.3577707812
117.7540000001 3.3524764283
117.7550000001 3.3471917726
117.7560000001 3.3419170012
117.7570000001 3.3366523009
117.7580000001 3.3313978578
117.7590000001 3.3261538580
117.7600000001 3.3209204869
117.7610000001 3.3156979296
117.7620000001 3.3104863706
117.7630000001 3.3052859943
117.7640000001 3.3000969842
117.7650000001 3.2949195238
117.7660000001 3.2897537959
117.7670000001 3.2845999828
117.7680000001 3.2794582664
117.7690000001 3.2743288282
117.7700000001 3.2692118492
117.7710000001 3.2641075096
117.7720000001 3.2590159896
117.7730000001 3.2539374685
117.7740000001 3.2488721254
117.7750000001 3.2438201387
117.7760000001 3.2387816862
117.7770000001 3.2337569453
117.7780000001 3.2287460930
117.7790000001 3.2237493054
117.7800000001 3.2187667585
117.7810000001 3.2137986273
117.7820000001 3.2088450866
117.7830000001 3.2039063105
117.7840000001 3.1989824724
117.7850000001 3.1940737453
117.7860000001 3.1891803016
117.7870000001 3.1843023131
117.7880000001 3.1794399509
117.7890000001 3.1745933856
117.7900000001 3.1697627873
117.7910000001 3.1649483251
117.7920000001 3.1601501680
117.7930000001 3.1553684840
117.7940000001 3.1506034406
117.7950000001 3.1458552046
117.7960000001 3.1411239423
117.7970000001 3.1364098192
117.7980000001 3.1317130003
117.7990000001 3.1270336498
117.8000000001 3.1223719313
117.8010000001 3.1177280077
117.8020000001 3.1131020412
117.8030000001 3.1084941934
117.8040000001 3.1039046252
117.8050000001 3.0993334967
117.8060000001 3.0947809674
117.8070000001 3.0902471962
117.8080000001 3.0857323410
117.8090000001 3.0812365593
117.8100000001 3.0767600075
117.8110000001 3.0723028418
117.8120000001 3.0678652171
117.8130000001 3.0634472881
117.8140000001 3.0590492082
117.8150000001 3.0546711306
117.8160000001 3.0503132073
117.8170000001 3.0459755899
117.8180000001 3.0416584289
117.8190000001 3.0373618743
117.8200000001 3.0330860753
117.8210000001 3.0288311801
117.8220000001 3.0245973363
117.8230000001 3.0203846908
117.8240000001 3.0161933894
117.8250000001 3.0120235773
117.8260000001 3.0078753990
117.8270000001 3.0037489980
117.8280000001 2.9996445171
117.8290000001 2.9955620981
117.8300000001 2.9915018822
117.8310000001 2.9874640097
117.8320000001 2.9834486199
117.8330000001 2.9794558516
117.8340000001 2.9754858425
117.8350000001 2.9715387295
117.8360000001 2.9676146486
117.8370000001 2.9637137350
117.8380000001 2.9598361232
117.8390000001 2.9559819465
117.8400000001 2.9521513375
117.8410000001 2.9483444281
117.8420000001 2.9445613489
117.8430000001 2.9408022301
117.8440000001 2.9370672006
117.8450000001 2.9333563886
117.8460000001 2.9296699214
117.8470000001 2.9260079254
117.8480000001 2.9223705260
117.8490000001 2.9187578478
117.8500000001 2.9151700144
117.8510000001 2.9116071485
117.8520000001 2.9080693720
117.8530000001 2.9045568057
117.8540000001 2.9010695695
117.8550000001 2.8976077824
117.8560000001 2.8941715624
117.8570000001 2.8907610268
117.8580000001 2.8873762915
117.8590000001 2.8840174720
117.8600000001 2.8806846823
117.8610000001 2.8773780357
117.8620000001 2.8740976447
117.8630000001 2.8708436206
117.8640000001 2.8676160736
117.8650000001 2.8644151134
117.8660000001 2.8612408482
117.8670000001 2.8580933855
117.8680000001 2.8549728318
117.8690000001 2.8518792925
117.8700000001 2.8488128722
117.8710000001 2.8457736742
117.8720000001 2.8427618011
117.8730000001 2.8397773543
117.8740000001 2.8368204344
117.8750000001 2.8338911406
117.8760000001 2.8309895716
117.8770000001 2.8281158246
117.8780000001 2.8252699962
117.8790000001 2.8224521816
117.8800000001 2.8196624752
117.8810000001 2.8169009703
117.8820000001 2.8141677592
117.8830000001 2.8114629331
117.8840000001 2.8087865822
117.8850000001 2.8061387958
117.8860000001 2.8035196618
117.8870000001 2.8009292674
117.8880000001 2.7983676985
117.8890000001 2.7958350402
117.8900000001 2.7933313763
117.8910000001 2.7908567896
117.8920000001 2.7884113619
117.8930000001 2.7859951739
117.8940000001 2.7836083053
117.8950000001 2.7812508346
117.8960000001 2.7789228394
117.8970000001 2.7766243959
117.8980000001 2.7743555796
117.8990000001 2.7721164647
117.9000000001 2.7699071244
117.9010000001 2.7677276307
117.9020000001 2.7655780547
117.9030000001 2.7634584662
117.9040000001 2.7613689341
117.9050000001 2.7593095261
117.9060000001 2.7572803088
117.9070000001 2.7552813476
117.9080000001 2.7533127071
117.9090000001 2.7513744505
117.9100000001 2.7494666400
117.9110000001 2.7475893367
117.9120000001 2.7457426006
117.9130000001 2.7439264906
117.9140000001 2.7421410644
117.9150000001 2.7403863787
117.9160000001 2.7386624890
117.9170000001 2.7369694496
117.9180000001 2.7353073139
117.9190000001 2.7336761341
117.9200000001 2.7320759611
117.9210000001 2.7305068448
117.9220000001 2.7289688341
117.9230000001 2.7274619766
117.9240000001 2.7259863188
117.9250000001 2.7245419061
117.9260000001 2.7231287828
117.9270000001 2.7217469919
117.9280000001 2.7203965755
117.9290000001 2.7190775744
117.9300000001 2.7177900283
117.9310000001 2.7165339757
117.9320000001 2.7153094541
117.9330000001 2.7141164998
117.9340000001 2.7129551479
117.9350000001 2.7118254324
117.9360000001 2.7107273861
117.9370000001 2.7096610408
117.9380000001 2.7086264269
117.9390000001 2.7076235740
117.9400000001 2.7066525102
117.9410000001 2.7057132627
117.9420000001 2.7048058574
117.9430000001 2.7039303191
117.9440000001 2.7030866715
117.9450000001 2.7022749371
117.9460000001 2.7014951372
117.9470000001 2.7007472920
117.9480000001 2.7000314205
117.9490000001 2.6993475407
117.9500000001 2.6986956692
117.9510000001 2.6980758217
117.9520000001 2.6974880125
117.9530000001 2.6969322550
117.9540000001 2.6964085611
117.9550000001 2.6959169419
117.9560000001 2.6954574072
117.9570000001 2.6950299655
117.9580000001 2.6946346244
117.9590000001 2.6942713902
117.9600000001 2.6939402680
117.9610000001 2.6936412619
117.9620000001 2.6933743747
117.9630000001 2.6931396080
117.9640000001 2.6929369625
117.9650000001 2.6927664375
117.9660000001 2.6926280313
117.9670000001 2.6925217408
117.9680000001 2.6924475620
117.9690000001 2.6924054897
117.9700000001 2.6923955175
117.9710000001 2.6924176378
117.9720000001 2.6924718418
117.9730000001 2.6925581198
117.9740000001 2.6926764608
117.9750000001 2.6928268525
117.9760000001 2.6930092816
117.9770000001 2.6932237338
117.9780000001 2.6934701933
117.9790000001 2.6937486434
117.9800000001 2.6940590661
117.9810000001 2.6944014425
117.9820000001 2.6947757523
117.9830000001 2.6951819741
117.9840000001 2.6956200855
117.9850000001 2.6960900628
117.9860000001 2.6965918812
117.9870000001 2.6971255148
117.9880000001 2.6976909366
117.9890000001 2.6982881182
117.9900000001 2.6989170304
117.9910000001 2.6995776427
117.9920000001 2.7002699235
117.9930000001 2.7009938399
117.9940000001 2.7017493583
117.9950000001 2.7025364434
117.9960000001 2.7033550592
117.9970000001 2.7042051683
117.9980000001 2.7050867325
117.9990000001 2.7059997121
118.0000000001 2.7069440666
118.0010000001 2.7079197541
118.0020000001 2.7089267317
118.0030000001 2.7099649555
118.0040000001 2.7110343803
118.0050000001 2.7121349599
118.0060000001 2.7132666469
118.0070000001 2.7144293928
118.0080000001 2.7156231481
118.0090000001 2.7168478621
118.0100000001 2.7181034831
118.0110000001 2.7193899580
118.0120000001 2.7207072330
118.0130000001 2.7220552529
118.0140000001 2.7234339616
118.0150000001 2.7248433017
118.0160000001 2.7262832149
118.0170000001 2.7277536418
118.0180000001 2.7292545218
118.0190000001 2.7307857932
118.0200000001 2.7323473934
118.0210000001 2.7339392585
118.0220000001 2.7355613237
118.0230000001 2.7372135229
118.0240000001 2.7388957893
118.0250000001 2.7406080547
118.0260000001 2.7423502499
118.0270000001 2.7441223047
118.0280000001 2.7459241479
118.0290000001 2.7477557070
118.0300000001 2.7496169087
118.0310000001 2.7515076786
118.0320000001 2.7534279410
118.0330000001 2.7553776195
118.0340000001 2.7573566365
118.0350000001 2.7593649133
118.0360000001 2.7614023702
118.0370000001 2.7634689266
118.0380000001 2.7655645006
118.0390000001 2.7676890096
118.0400000001 2.7698423696
118.0410000001 2.7720244959
118.0420000001 2.7742353026
118.0430000001 2.7764747029
118.0440000001 2.7787426088
118.0450000001 2.7810389315
118.0460000001 2.7833635811
118.0470000001 2.7857164667
118.0480000001 2.7880974964
118.0490000001 2.7905065773
118.0500000001 2.7929436155
118.0510000001 2.7954085162
118.0520000001 2.7979011834
118.0530000001 2.8004215203
118.0540000001 2.8029694292
118.0550000001 2.8055448111
118.0560000001 2.8081475664
118.0570000001 2.8107775943
118.0580000001 2.8134347931
118.0590000001 2.8161190602
118.0600000001 2.8188302919
118.0610000001 2.8215683836
118.0620000001 2.8243332299
118.0630000001 2.8271247243
118.0640000001 2.8299427594
118.0650000001 2.8327872268
118.0660000001 2.8356580174
118.0670000001 2.8385550208
118.0680000001 2.8414781260
118.0690000001 2.8444272210
118.0700000001 2.8474021927
118.0710000001 2.8504029274
118.0720000001 2.8534293102
118.0730000001 2.8564812255
118.0740000001 2.8595585568
118.0750000001 2.8626611864
118.0760000001 2.8657889962
118.0770000001 2.8689418668
118.0780000001 2.8721196782
118.0790000001 2.8753223093
118.0800000001 2.8785496382
118.0810000001 2.8818015423
118.0820000001 2.8850778979
118.0830000001 2.8883785807
118.0840000001 2.8917034651
118.0850000001 2.8950524252
118.0860000001 2.8984253339
118.0870000001 2.9018220634
118.0880000001 2.9052424850
118.0890000001 2.9086864691
118.0900000001 2.9121538856
118.0910000001 2.9156446031
118.0920000001 2.9191584898
118.0930000001 2.9226954128
118.0940000001 2.9262552386
118.0950000001 2.9298378328
118.0960000001 2.9334430603
118.0970000001 2.9370707850
118.0980000001 2.9407208702
118.0990000001 2.9443931784
118.1000000001 2.9480875713
118.1010000001 2.9518039097
118.1020000001 2.9555420539
118.1030000001 2.9593018632
118.1040000001 2.9630831963
118.1050000001 2.9668859110
118.1060000001 2.9707098646
118.1070000001 2.9745549134
118.1080000001 2.9784209130
118.1090000001 2.9823077185
118.1100000001 2.9862151841
118.1110000001 2.9901431633
118.1120000001 2.9940915088
118.1130000001 2.9980600727
118.1140000001 3.0020487065
118.1150000001 3.0060572608
118.1160000001 3.0100855856
118.1170000001 3.0141335302
118.1180000001 3.0182009433
118.1190000001 3.0222876729
118.1200000001 3.0263935661
118.1210000001 3.0305184697
118.1220000001 3.0346622296
118.1230000001 3.0388246911
118.1240000001 3.0430056989
118.1250000001 3.0472050971
118.1260000001 3.0514227290
118.1270000001 3.0556584375
118.1280000001 3.0599120646
118.1290000001 3.0641834519
118.1300000001 3.0684724403
118.1310000001 3.0727788701
118.1320000001 3.0771025811
118.1330000001 3.0814434123
118.1340000001 3.0858012024
118.1350000001 3.0901757892
118.1360000001 3.0945670101
118.1370000001 3.0989747020
118.1380000001 3.1033987011
118.1390000001 3.1078388430
118.1400000001 3.1122949629
118.1410000001 3.1167668955
118.1420000001 3.1212544746
118.1430000001 3.1257575339
118.1440000001 3.1302759063
118.1450000001 3.1348094244
118.1460000001 3.1393579200
118.1470000001 3.1439212245
118.1480000001 3.1484991690
118.1490000001 3.1530915838
118.1500000001 3.1576982990
118.1510000001 3.1623191439
118.1520000001 3.1669539476
118.1530000001 3.1716025385
118.1540000001 3.1762647447
118.1550000001 3.1809403939
118.1560000001 3.1856293131
118.1570000001 3.1903313290
118.1580000001 3.1950462678
118.1590000001 3.1997739555
118.1600000001 3.2045142173
118.1610000001 3.2092668782
118.1620000001 3.2140317628
118.1630000001 3.2188086952
118.1640000001 3.2235974991
118.1650000001 3.2283979979
118.1660000001 3.2332100145
118.1670000001 3.2380333715
118.1680000001 3.2428678911
118.1690000001 3.2477133951
118.1700000001 3.2525697049
118.1710000001 3.2574366417
118.1720000001 3.2623140262
118.1730000001 3.2672016787
118.1740000001 3.2720994194
118.1750000001 3.2770070680
118.1760000001 3.2819244439
118.1770000001 3.2868513661
118.1780000001 3.2917876535
118.1790000001 3.2967331246
118.1800000001 3.3016875974
118.1810000001 3.3066508900
118.1820000001 3.3116228198
118.1830000001 3.3166032042
118.1840000001 3.3215918602
118.1850000001 3.3265886047
118.1860000001 3.3315932541
118.1870000001 3.3366056248
118.1880000001 3.3416255326
118.1890000001 3.3466527935
118.1900000001 3.3516872230
118.1910000001 3.3567286364
118.1920000001 3.3617768487
118.1930000001 3.3668316750
118.1940000001 3.3718929299
118.1950000001 3.3769604279
118.1960000001 3.3820339833
118.1970000001 3.3871134102
118.1980000001 3.3921985225
118.1990000001 3.3972891340
118.2000000001 3.4023850584
118.2010000001 3.4074861090
118.2020000001 3.4125920991
118.2030000001 3.4177028419
118.2040000001 3.4228181505
118.2050000001 3.4279378376
118.2060000001 3.4330617160
118.2070000001 3.4381895984
118.2080000001 3.4433212972
118.2090000001 3.4484566250
118.2100000001 3.4535953940
118.2110000001 3.4587374164
118.2120000001 3.4638825045
118.2130000001 3.4690304702
118.2140000001 3.4741811256
118.2150000001 3.4793342826
118.2160000001 3.4844897531
118.2170000001 3.4896473489
118.2180000001 3.4948068818
118.2190000001 3.4999681636
118.2200000001 3.5051310059
118.2210000001 3.5102952206
118.2220000001 3.5154606192
118.2230000001 3.5206270134
118.2240000001 3.5257942149
118.2250000001 3.5309620354
118.2260000001 3.5361302866
118.2270000001 3.5412987801
118.2280000001 3.5464673278
118.2290000001 3.5516357413
118.2300000001 3.5568038324
118.2310000001 3.5619714131
118.2320000001 3.5671382952
118.2330000001 3.5723042906
118.2340000001 3.5774692114
118.2350000001 3.5826328697
118.2360000001 3.5877950776
118.2370000001 3.5929556474
118.2380000001 3.5981143915
118.2390000001 3.6032711223
118.2400000001 3.6084256523
118.2410000001 3.6135777943
118.2420000001 3.6187273609
118.2430000001 3.6238741652
118.2440000001 3.6290180202
118.2450000001 3.6341587390
118.2460000001 3.6392961351
118.2470000001 3.6444300218
118.2480000001 3.6495602128
118.2490000001 3.6546865220
118.2500000001 3.6598087632
118.2510000001 3.6649267508
118.2520000001 3.6700402990
118.2530000001 3.6751492224
118.2540000001 3.6802533358
118.2550000001 3.6853524540
118.2560000001 3.6904463923
118.2570000001 3.6955349660
118.2580000001 3.7006179907
118.2590000001 3.7056952823
118.2600000001 3.7107666569
118.2610000001 3.7158319308
118.2620000001 3.7208909206
118.2630000001 3.7259434431
118.2640000001 3.7309893155
118.2650000001 3.7360283550
118.2660000001 3.7410603795
118.2670000001 3.7460852067
118.2680000001 3.7511026550
118.2690000001 3.7561125429
118.2700000001 3.7611146893
118.2710000001 3.7661089132
118.2720000001 3.7710950342
118.2730000001 3.7760728720
118.2740000001 3.7810422468
118.2750000001 3.7860029791
118.2760000001 3.7909548896
118.2770000001 3.7958977996
118.2780000001 3.8008315304
118.2790000001 3.8057559041
118.2800000001 3.8106707428
118.2810000001 3.8155758692
118.2820000001 3.8204711063
118.2830000001 3.8253562775
118.2840000001 3.8302312065
118.2850000001 3.8350957176
118.2860000001 3.8399496353
118.2870000001 3.8447927847
118.2880000001 3.8496249912
118.2890000001 3.8544460807
118.2900000001 3.8592558794
118.2910000001 3.8640542141
118.2920000001 3.8688409119
118.2930000001 3.8736158005
118.2940000001 3.8783787080
118.2950000001 3.8831294628
118.2960000001 3.8878678941
118.2970000001 3.8925938312
118.2980000001 3.8973071043
118.2990000001 3.9020075436
118.3000000001 3.9066949803
118.3010000001 3.9113692456
118.3020000001 3.9160301717
118.3030000001 3.9206775909
118.3040000001 3.9253113363
118.3050000001 3.9299312413
118.3060000001 3.9345371401
118.3070000001 3.9391288671
118.3080000001 3.9437062575
118.3090000001 3.9482691469
118.3100000001 3.9528173717
118.3110000001 3.9573507685
118.3120000001 3.9618691746
118.3130000001 3.9663724281
118.3140000001 3.9708603674
118.3150000001 3.9753328315
118.3160000001 3.9797896602
118.3170000001 3.9842306936
118.3180000001 3.9886557727
118.3190000001 3.9930647388
118.3200000001 3.9974574340
118.3210000001 4.0018337011
118.3220000001 4.0061933834
118.3230000001 4.0105363246
118.3240000001 4.0148623695
118.3250000001 4.0191713632
118.3260000001 4.0234631516
118.3270000001 4.0277375812
118.3280000001 4.0319944990
118.3290000001 4.0362337530
118.3300000001 4.0404551916
118.3310000001 4.0446586639
118.3320000001 4.0488440198
118.3330000001 4.0530111098
118.3340000001 4.0571597850
118.3350000001 4.0612898974
118.3360000001 4.0654012995
118.3370000001 4.0694938446
118.3380000001 4.0735673867
118.3390000001 4.0776217806
118.3400000001 4.0816568815
118.3410000001 4.0856725457
118.3420000001 4.0896686301
118.3430000001 4.0936449922
118.3440000001 4.0976014904
118.3450000001 4.1015379838
118.3460000001 4.1054543323
118.3470000001 4.1093503963
118.3480000001 4.1132260374
118.3490000001 4.1170811175
118.3500000001 4.1209154995
118.3510000001 4.1247290472
118.3520000001 4.1285216250
118.3530000001 4.1322930980
118.3540000001 4.1360433323
118.3550000001 4.1397721946
118.3560000001 4.1434795526
118.3570000001 4.1471652747
118.3580000001 4.1508292300
118.3590000001 4.1544712885
118.3600000001 4.1580913211
118.3610000001 4.1616891995
118.3620000001 4.1652647960
118.3630000001 4.1688179841
118.3640000001 4.1723486378
118.3650000001 4.1758566320
118.3660000001 4.1793418427
118.3670000001 4.1828041464
118.3680000001 4.1862434207
118.3690000001 4.1896595440
118.3700000001 4.1930523954
118.3710000001 4.1964218550
118.3720000001 4.1997678039
118.3730000001 4.2030901238
118.3740000001 4.2063886974
118.3750000001 4.2096634083
118.3760000001 4.2129141411
118.3770000001 4.2161407810
118.3780000001 4.2193432142
118.3790000001 4.2225213281
118.3800000001 4.2256750105
118.3810000001 4.2288041505
118.3820000001 4.2319086378
118.3830000001 4.2349883634
118.3840000001 4.2380432188
118.3850000001 4.2410730967
118.3860000001 4.2440778905
118.3870000001 4.2470574949
118.3880000001 4.2500118051
118.3890000001 4.2529407175
118.3900000001 4.2558441293
118.3910000001 4.2587219388
118.3920000001 4.2615740451
118.3930000001 4.2644003483
118.3940000001 4.2672007494
118.3950000001 4.2699751505
118.3960000001 4.2727234545
118.3970000001 4.2754455653
118.3980000001 4.2781413879
118.3990000001 4.2808108282
118.4000000001 4.2834537928
118.4010000001 4.2860701898
118.4020000001 4.2886599278
118.4030000001 4.2912229166
118.4040000001 4.2937590671
118.4050000001 4.2962682908
118.4060000001 4.2987505007
118.4070000001 4.3012056104
118.4080000001 4.3036335346
118.4090000001 4.3060341891
118.4100000001 4.3084074907
118.4110000001 4.3107533570
118.4120000001 4.3130717068
118.4130000001 4.3153624599
118.4140000001 4.3176255370
118.4150000001 4.3198608600
118.4160000001 4.3220683517
118.4170000001 4.3242479359
118.4180000001 4.3263995374
118.4190000001 4.3285230822
118.4200000001 4.3306184972
118.4210000001 4.3326857103
118.4220000001 4.3347246506
118.4230000001 4.3367352480
118.4240000001 4.3387174337
118.4250000001 4.3406711397
118.4260000001 4.3425962992
118.4270000001 4.3444928464
118.4280000001 4.3463607166
118.4290000001 4.3481998461
118.4300000001 4.3500101721
118.4310000001 4.3517916333
118.4320000001 4.3535441689
118.4330000001 4.3552677196
118.4340000001 4.3569622269
118.4350000001 4.3586276335
118.4360000001 4.3602638832
118.4370000001 4.3618709207
118.4380000001 4.3634486919
118.4390000001 4.3649971438
118.4400000001 4.3665162243
118.4410000001 4.3680058825
118.4420000001 4.3694660686
118.4430000001 4.3708967339
118.4440000001 4.3722978306
118.4450000001 4.3736693121
118.4460000001 4.3750111331
118.4470000001 4.3763232489
118.4480000001 4.3776056163
118.4490000001 4.3788581931
118.4500000001 4.3800809380
118.4510000001 4.3812738109
118.4520000001 4.3824367730
118.4530000001 4.3835697863
118.4540000001 4.3846728141
118.4550000001 4.3857458205
118.4560000001 4.3867887711
118.4570000001 4.3878016323
118.4580000001 4.3887843717
118.4590000001 4.3897369580
118.4600000001 4.3906593610
118.4610000001 4.3915515517
118.4620000001 4.3924135019
118.4630000001 4.3932451848
118.4640000001 4.3940465747
118.4650000001 4.3948176467
118.4660000001 4.3955583775
118.4670000001 4.3962687444
118.4680000001 4.3969487261
118.4690000001 4.3975983024
118.4700000001 4.3982174541
118.4710000001 4.3988061632
118.4720000001 4.3993644127
118.4730000001 4.3998921868
118.4740000001 4.4003894709
118.4750000001 4.4008562513
118.4760000001 4.4012925155
118.4770000001 4.4016982522
118.4780000001 4.4020734511
118.4790000001 4.4024181030
118.4800000001 4.4027322000
118.4810000001 4.4030157351
118.4820000001 4.4032687024
118.4830000001 4.4034910974
118.4840000001 4.4036829163
118.4850000001 4.4038441568
118.4860000001 4.4039748175
118.4870000001 4.4040748981
118.4880000001 4.4041443995
118.4890000001 4.4041833237
118.4900000001 4.4041916738
118.4910000001 4.4041694539
118.4920000001 4.4041166694
118.4930000001 4.4040333268
118.4940000001 4.4039194335
118.4950000001 4.4037749983
118.4960000001 4.4036000308
118.4970000001 4.4033945419
118.4980000001 4.4031585437
118.4990000001 4.4028920492
118.5000000001 4.4025950726
118.5010000001 4.4022676292
118.5020000001 4.4019097354
118.5030000001 4.4015214088
118.5040000001 4.4011026679
118.5050000001 4.4006535325
118.5060000001 4.4001740234
118.5070000001 4.3996641626
118.5080000001 4.3991239731
118.5090000001 4.3985534790
118.5100000001 4.3979527055
118.5110000001 4.3973216790
118.5120000001 4.3966604270
118.5130000001 4.3959689779
118.5140000001 4.3952473614
118.5150000001 4.3944956081
118.5160000001 4.3937137500
118.5170000001 4.3929018199
118.5180000001 4.3920598519
118.5190000001 4.3911878809
118.5200000001 4.3902859431
118.5210000001 4.3893540759
118.5220000001 4.3883923176
118.5230000001 4.3874007075
118.5240000001 4.3863792863
118.5250000001 4.3853280954
118.5260000001 4.3842471776
118.5270000001 4.3831365766
118.5280000001 4.3819963372
118.5290000001 4.3808265053
118.5300000001 4.3796271279
118.5310000001 4.3783982530
118.5320000001 4.3771399297
118.5330000001 4.3758522082
118.5340000001 4.3745351397
118.5350000001 4.3731887765
118.5360000001 4.3718131719
118.5370000001 4.3704083805
118.5380000001 4.3689744575
118.5390000001 4.3675114597
118.5400000001 4.3660194445
118.5410000001 4.3644984705
118.5420000001 4.3629485975
118.5430000001 4.3613698861
118.5440000001 4.3597623981
118.5450000001 4.3581261964
118.5460000001 4.3564613447
118.5470000001 4.3547679079
118.5480000001 4.3530459519
118.5490000001 4.3512955438
118.5500000001 4.3495167513
118.5510000001 4.3477096436
118.5520000001 4.3458742906
118.5530000001 4.3440107634
118.5540000001 4.3421191340
118.5550000001 4.3401994755
118.5560000001 4.3382518619
118.5570000001 4.3362763685
118.5580000001 4.3342730711
118.5590000001 4.3322420470
118.5600000001 4.3301833743
118.5610000001 4.3280971320
118.5620000001 4.3259834003
118.5630000001 4.3238422602
118.5640000001 4.3216737937
118.5650000001 4.3194780840
118.5660000001 4.3172552151
118.5670000001 4.3150052721
118.5680000001 4.3127283408
118.5690000001 4.3104245083
118.5700000001 4.3080938625
118.5710000001 4.3057364923
118.5720000001 4.3033524877
118.5730000001 4.3009419393
118.5740000001 4.2985049391
118.5750000001 4.2960415796
118.5760000001 4.2935519548
118.5770000001 4.2910361590
118.5780000001 4.2884942880
118.5790000001 4.2859264383
118.5800000001 4.2833327073
118.5810000001 4.2807131933
118.5820000001 4.2780679958
118.5830000001 4.2753972149
118.5840000001 4.2727009517
118.5850000001 4.2699793085
118.5860000001 4.2672323880
118.5870000001 4.2644602943
118.5880000001 4.2616631322
118.5890000001 4.2588410072
118.5900000001 4.2559940261
118.5910000001 4.2531222964
118.5920000001 4.2502259263
118.5930000001 4.2473050253
118.5940000001 4.2443597033
118.5950000001 4.2413900716
118.5960000001 4.2383962419
118.5970000001 4.2353783270
118.5980000001 4.2323364406
118.5990000001 4.2292706971
118.6000000001 4.2261812119
118.6010000001 4.2230681013
118.6020000001 4.2199314822
118.6030000001 4.2167714726
118.6040000001 4.2135881913
118.6050000001 4.2103817576
118.6060000001 4.2071522922
118.6070000001 4.2038999162
118.6080000001 4.2006247516
118.6090000001 4.1973269213
118.6100000001 4.1940065491
118.6110000001 4.1906637593
118.6120000001 4.1872986773
118.6130000001 4.1839114292
118.6140000001 4.1805021418
118.6150000001 4.1770709429
118.6160000001 4.1736179608
118.6170000001 4.1701433249
118.6180000001 4.1666471651
118.6190000001 4.1631296122
118.6200000001 4.1595907978
118.6210000001 4.1560308542
118.6220000001 4.1524499145
118.6230000001 4.1488481124
118.6240000001 4.1452255826
118.6250000001 4.1415824603
118.6260000001 4.1379188815
118.6270000001 4.1342349832
118.6280000001 4.1305309027
118.6290000001 4.1268067783
118.6300000001 4.1230627489
118.6310000001 4.1192989541
118.6320000001 4.1155155344
118.6330000001 4.1117126308
118.6340000001 4.1078903849
118.6350000001 4.1040489394
118.6360000001 4.1001884372
118.6370000001 4.0963090222
118.6380000001 4.0924108389
118.6390000001 4.0884940324
118.6400000001 4.0845587486
118.6410000001 4.0806051339
118.6420000001 4.0766333354
118.6430000001 4.0726435009
118.6440000001 4.0686357788
118.6450000001 4.0646103183
118.6460000001 4.0605672688
118.6470000001 4.0565067809
118.6480000001 4.0524290053
118.6490000001 4.0483340937
118.6500000001 4.0442221982
118.6510000001 4.0400934716
118.6520000001 4.0359480672
118.6530000001 4.0317861389
118.6540000001 4.0276078414
118.6550000001 4.0234133296
118.6560000001 4.0192027594
118.6570000001 4.0149762870
118.6580000001 4.0107340692
118.6590000001 4.0064762633
118.6600000001 4.0022030274
118.6610000001 3.9979145200
118.6620000001 3.9936108999
118.6630000001 3.9892923269
118.6640000001 3.9849589610
118.6650000001 3.9806109628
118.6660000001 3.9762484935
118.6670000001 3.9718717147
118.6680000001 3.9674807885
118.6690000001 3.9630758776
118.6700000001 3.9586571452
118.6710000001 3.9542247548
118.6720000001 3.9497788707
118.6730000001 3.9453196573
118.6740000001 3.9408472798
118.6750000001 3.9363619037
118.6760000001 3.9318636949
118.6770000001 3.9273528200
118.6780000001 3.9228294457
118.6790000001 3.9182937395
118.6800000001 3.9137458690
118.6810000001 3.9091860025
118.6820000001 3.9046143085
118.6830000001 3.9000309561
118.6840000001 3.8954361148
118.6850000001 3.8908299542
118.6860000001 3.8862126448
118.6870000001 3.8815843570
118.6880000001 3.8769452620
118.6890000001 3.8722955310
118.6900000001 3.8676353358
118.6910000001 3.8629648487
118.6920000001 3.8582842419
118.6930000001 3.8535936885
118.6940000001 3.8488933615
118.6950000001 3.8441834345
118.6960000001 3.8394640813
118.6970000001 3.8347354761
118.6980000001 3.8299977934
118.6990000001 3.8252512081
118.7000000001 3.8204958953
118.7010000001 3.8157320303
118.7020000001 3.8109597890
118.7030000001 3.8061793473
118.7040000001 3.8013908815
118.7050000001 3.7965945682
118.7060000001 3.7917905843
118.7070000001 3.7869791069
118.7080000001 3.7821603133
118.7090000001 3.7773343812
118.7100000001 3.7725014884
118.7110000001 3.7676618129
118.7120000001 3.7628155333
118.7130000001 3.7579628279
118.7140000001 3.7531038757
118.7150000001 3.7482388555
118.7160000001 3.7433679465
118.7170000001 3.7384913282
118.7180000001 3.7336091802
118.7190000001 3.7287216822
118.7200000001 3.7238290141
118.7210000001 3.7189313561
118.7220000001 3.7140288885
118.7230000001 3.7091217917
118.7240000001 3.7042102463
118.7250000001 3.6992944331
118.7260000001 3.6943745329
118.7270000001 3.6894507269
118.7280000001 3.6845231960
118.7290000001 3.6795921217
118.7300000001 3.6746576852
118.7310000001 3.6697200682
118.7320000001 3.6647794520
118.7330000001 3.6598360186
118.7340000001 3.6548899495
118.7350000001 3.6499414268
118.7360000001 3.6449906322
118.7370000001 3.6400377478
118.7380000001 3.6350829557
118.7390000001 3.6301264379
118.7400000001 3.6251683766
118.7410000001 3.6202089541
118.7420000001 3.6152483525
118.7430000001 3.6102867541
118.7440000001 3.6053243412
118.7450000001 3.6003612961
118.7460000001 3.5953978010
118.7470000001 3.5904340384
118.7480000001 3.5854701904
118.7490000001 3.5805064395
118.7500000001 3.5755429677
118.7510000001 3.5705799575
118.7520000001 3.5656175910
118.7530000001 3.5606560504
118.7540000001 3.5556955177
118.7550000001 3.5507361752
118.7560000001 3.5457782047
118.7570000001 3.5408217884
118.7580000001 3.5358671079
118.7590000001 3.5309143452
118.7600000001 3.5259636820
118.7610000001 3.5210152999
118.7620000001 3.5160693804
118.7630000001 3.5111261050
118.7640000001 3.5061856550
118.7650000001 3.5012482115
118.7660000001 3.4963139556
118.7670000001 3.4913830684
118.7680000001 3.4864557306
118.7690000001 3.4815321228
118.7700000001 3.4766124256
118.7710000001 3.4716968193
118.7720000001 3.4667854842
118.7730000001 3.4618786002
118.7740000001 3.4569763471
118.7750000001 3.4520789048
118.7760000001 3.4471864525
118.7770000001 3.4422991697
118.7780000001 3.4374172354
118.7790000001 3.4325408284
118.7800000001 3.4276701273
118.7810000001 3.4228053108
118.7820000001 3.4179465568
118.7830000001 3.4130940434
118.7840000001 3.4082479484
118.7850000001 3.4034084491
118.7860000001 3.3985757228
118.7870000001 3.3937499465
118.7880000001 3.3889312969
118.7890000001 3.3841199504
118.7900000001 3.3793160831
118.7910000001 3.3745198708
118.7920000001 3.3697314893
118.7930000001 3.3649511136
118.7940000001 3.3601789188
118.7950000001 3.3554150795
118.7960000001 3.3506597701
118.7970000001 3.3459131645
118.7980000001 3.3411754364
118.7990000001 3.3364467592
118.8000000001 3.3317273058
118.8010000001 3.3270172490
118.8020000001 3.3223167609
118.8030000001 3.3176260135
118.8040000001 3.3129451784
118.8050000001 3.3082744268
118.8060000001 3.3036139294
118.8070000001 3.2989638568
118.8080000001 3.2943243788
118.8090000001 3.2896956651
118.8100000001 3.2850778850
118.8110000001 3.2804712073
118.8120000001 3.2758758003
118.8130000001 3.2712918320
118.8140000001 3.2667194700
118.8150000001 3.2621588814
118.8160000001 3.2576102328
118.8170000001 3.2530736905
118.8180000001 3.2485494201
118.8190000001 3.2440375871
118.8200000001 3.2395383562
118.8210000001 3.2350518918
118.8220000001 3.2305783578
118.8230000001 3.2261179176
118.8240000001 3.2216707341
118.8250000001 3.2172369698
118.8260000001 3.2128167865
118.8270000001 3.2084103456
118.8280000001 3.2040178082
118.8290000001 3.1996393344
118.8300000001 3.1952750843
118.8310000001 3.1909252170
118.8320000001 3.1865898915
118.8330000001 3.1822692659
118.8340000001 3.1779634980
118.8350000001 3.1736727449
118.8360000001 3.1693971632
118.8370000001 3.1651369089
118.8380000001 3.1608921374
118.8390000001 3.1566630037
118.8400000001 3.1524496620
118.8410000001 3.1482522661
118.8420000001 3.1440709691
118.8430000001 3.1399059234
118.8440000001 3.1357572811
118.8450000001 3.1316251933
118.8460000001 3.1275098109
118.8470000001 3.1234112838
118.8480000001 3.1193297616
118.8490000001 3.1152653930
118.8500000001 3.1112183262
118.8510000001 3.1071887088
118.8520000001 3.1031766876
118.8530000001 3.0991824089
118.8540000001 3.0952060183
118.8550000001 3.0912476607
118.8560000001 3.0873074804
118.8570000001 3.0833856209
118.8580000001 3.0794822251
118.8590000001 3.0755974353
118.8600000001 3.0717313930
118.8610000001 3.0678842390
118.8620000001 3.0640561135
118.8630000001 3.0602471558
118.8640000001 3.0564575048
118.8650000001 3.0526872984
118.8660000001 3.0489366739
118.8670000001 3.0452057680
118.8680000001 3.0414947163
118.8690000001 3.0378036542
118.8700000001 3.0341327158
118.8710000001 3.0304820349
118.8720000001 3.0268517443
118.8730000001 3.0232419761
118.8740000001 3.0196528618
118.8750000001 3.0160845319
118.8760000001 3.0125371162
118.8770000001 3.0090107439
118.8780000001 3.0055055432
118.8790000001 3.0020216416
118.8800000001 2.9985591658
118.8810000001 2.9951182419
118.8820000001 2.9916989948
118.8830000001 2.9883015491
118.8840000001 2.9849260281
118.8850000001 2.9815725546
118.8860000001 2.9782412506
118.8870000001 2.9749322372
118.8880000001 2.9716456346
118.8890000001 2.9683815622
118.8900000001 2.9651401387
118.8910000001 2.9619214819
118.8920000001 2.9587257088
118.8930000001 2.9555529353
118.8940000001 2.9524032769
118.8950000001 2.9492768479
118.8960000001 2.9461737619
118.8970000001 2.9430941315
118.8980000001 2.9400380685
118.8990000001 2.9370056841
118.9000000001 2.9339970882
118.9010000001 2.9310123900
118.9020000001 2.9280516979
118.9030000001 2.9251151194
118.9040000001 2.9222027611
118.9050000001 2.9193147285
118.9060000001 2.9164511265
118.9070000001 2.9136120589
118.9080000001 2.9107976289
118.9090000001 2.9080079383
118.9100000001 2.9052430885
118.9110000001 2.9025031796
118.9120000001 2.8997883109
118.9130000001 2.8970985810
118.9140000001 2.8944340873
118.9150000001 2.8917949264
118.9160000001 2.8891811938
118.9170000001 2.8865929844
118.9180000001 2.8840303918
118.9190000001 2.8814935089
118.9200000001 2.8789824275
118.9210000001 2.8764972387
118.9220000001 2.8740380323
118.9230000001 2.8716048975
118.9240000001 2.8691979222
118.9250000001 2.8668171936
118.9260000001 2.8644627978
118.9270000001 2.8621348200
118.9280000001 2.8598333444
118.9290000001 2.8575584543
118.9300000001 2.8553102318
118.9310000001 2.8530887584
118.9320000001 2.8508941142
118.9330000001 2.8487263786
118.9340000001 2.8465856300
118.9350000001 2.8444719456
118.9360000001 2.8423854018
118.9370000001 2.8403260739
118.9380000001 2.8382940364
118.9390000001 2.8362893625
118.9400000001 2.8343121246
118.9410000001 2.8323623940
118.9420000001 2.8304402411
118.9430000001 2.8285457352
118.9440000001 2.8266789445
118.9450000001 2.8248399364
118.9460000001 2.8230287772
118.9470000001 2.8212455321
118.9480000001 2.8194902652
118.9490000001 2.8177630399
118.9500000001 2.8160639183
118.9510000001 2.8143929615
118.9520000001 2.8127502296
118.9530000001 2.8111357818
118.9540000001 2.8095496759
118.9550000001 2.8079919692
118.9560000001 2.8064627174
118.9570000001 2.8049619756
118.9580000001 2.8034897975
118.9590000001 2.8020462361
118.9600000001 2.8006313431
118.9610000001 2.7992451691
118.9620000001 2.7978877640
118.9630000001 2.7965591762
118.9640000001 2.7952594535
118.9650000001 2.7939886422
118.9660000001 2.7927467878
118.9670000001 2.7915339347
118.9680000001 2.7903501263
118.9690000001 2.7891954048
118.9700000001 2.7880698113
118.9710000001 2.7869733861
118.9720000001 2.7859061681
118.9730000001 2.7848681954
118.9740000001 2.7838595049
118.9750000001 2.7828801324
118.9760000001 2.7819301127
118.9770000001 2.7810094795
118.9780000001 2.7801182655
118.9790000001 2.7792565021
118.9800000001 2.7784242199
118.9810000001 2.7776214482
118.9820000001 2.7768482153
118.9830000001 2.7761045485
118.9840000001 2.7753904739
118.9850000001 2.7747060166
118.9860000001 2.7740512005
118.9870000001 2.7734260485
118.9880000001 2.7728305825
118.9890000001 2.7722648232
118.9900000001 2.7717287902
118.9910000001 2.7712225020
118.9920000001 2.7707459761
118.9930000001 2.7702992289
118.9940000001 2.7698822756
118.9950000001 2.7694951304
118.9960000001 2.7691378065
118.9970000001 2.7688103159
118.9980000001 2.7685126693
118.9990000001 2.7682448768
119.0000000001 2.7680069469
119.0010000001 2.7677988874
119.0020000001 2.7676207048
119.0030000001 2.7674724045
119.0040000001 2.7673539909
119.0050000001 2.7672654673
119.0060000001 2.7672068358
119.0070000001 2.7671780975
119.0080000001 2.7671792524
119.0090000001 2.7672102994
119.0100000001 2.7672712363
119.0110000001 2.7673620598
119.0120000001 2.7674827654
119.0130000001 2.7676333478
119.0140000001 2.7678138003
119.0150000001 2.7680241153
119.0160000001 2.7682642841
119.0170000001 2.7685342966
119.0180000001 2.7688341422
119.0190000001 2.7691638086
119.0200000001 2.7695232828
119.0210000001 2.7699125505
119.0220000001 2.7703315965
119.0230000001 2.7707804043
119.0240000001 2.7712589566
119.0250000001 2.7717672346
119.0260000001 2.7723052188
119.0270000001 2.7728728884
119.0280000001 2.7734702216
119.0290000001 2.7740971955
119.0300000001 2.7747537861
119.0310000001 2.7754399683
119.0320000001 2.7761557159
119.0330000001 2.7769010017
119.0340000001 2.7776757974
119.0350000001 2.7784800736
119.0360000001 2.7793137998
119.0370000001 2.7801769445
119.0380000001 2.7810694749
119.0390000001 2.7819913575
119.0400000001 2.7829425575
119.0410000001 2.7839230389
119.0420000001 2.7849327649
119.0430000001 2.7859716975
119.0440000001 2.7870397976
119.0450000001 2.7881370251
119.0460000001 2.7892633389
119.0470000001 2.7904186966
119.0480000001 2.7916030550
119.0490000001 2.7928163696
119.0500000001 2.7940585951
119.0510000001 2.7953296850
119.0520000001 2.7966295917
119.0530000001 2.7979582666
119.0540000001 2.7993156601
119.0550000001 2.8007017214
119.0560000001 2.8021163990
119.0570000001 2.8035596398
119.0580000001 2.8050313902
119.0590000001 2.8065315952
119.0600000001 2.8080601989
119.0610000001 2.8096171443
119.0620000001 2.8112023735
119.0630000001 2.8128158275
119.0640000001 2.8144574461
119.0650000001 2.8161271684
119.0660000001 2.8178249321
119.0670000001 2.8195506741
119.0680000001 2.8213043303
119.0690000001 2.8230858356
119.0700000001 2.8248951236
119.0710000001 2.8267321272
119.0720000001 2.8285967781
119.0730000001 2.8304890072
119.0740000001 2.8324087441
119.0750000001 2.8343559177
119.0760000001 2.8363304556
119.0770000001 2.8383322845
119.0780000001 2.8403613304
119.0790000001 2.8424175178
119.0800000001 2.8445007706
119.0810000001 2.8466110115
119.0820000001 2.8487481624
119.0830000001 2.8509121439
119.0840000001 2.8531028760
119.0850000001 2.8553202774
119.0860000001 2.8575642661
119.0870000001 2.8598347589
119.0880000001 2.8621316718
119.0890000001 2.8644549197
119.0900000001 2.8668044166
119.0910000001 2.8691800755
119.0920000001 2.8715818086
119.0930000001 2.8740095270
119.0940000001 2.8764631408
119.0950000001 2.8789425593
119.0960000001 2.8814476907
119.0970000001 2.8839784424
119.0980000001 2.8865347209
119.0990000001 2.8891164315
119.1000000001 2.8917234789
119.1010000001 2.8943557667
119.1020000001 2.8970131975
119.1030000001 2.8996956732
119.1040000001 2.9024030946
119.1050000001 2.9051353616
119.1060000001 2.9078923734
119.1070000001 2.9106740280
119.1080000001 2.9134802227
119.1090000001 2.9163108538
119.1100000001 2.9191658168
119.1110000001 2.9220450062
119.1120000001 2.9249483157
119.1130000001 2.9278756382
119.1140000001 2.9308268654
119.1150000001 2.9338018884
119.1160000001 2.9368005975
119.1170000001 2.9398228819
119.1180000001 2.9428686300
119.1190000001 2.9459377294
119.1200000001 2.9490300669
119.1210000001 2.9521455284
119.1220000001 2.9552839988
119.1230000001 2.9584453623
119.1240000001 2.9616295024
119.1250000001 2.9648363014
119.1260000001 2.9680656412
119.1270000001 2.9713174026
119.1280000001 2.9745914656
119.1290000001 2.9778877094
119.1300000001 2.9812060125
119.1310000001 2.9845462525
119.1320000001 2.9879083061
119.1330000001 2.9912920495
119.1340000001 2.9946973578
119.1350000001 2.9981241054
119.1360000001 3.0015721660
119.1370000001 3.0050414124
119.1380000001 3.0085317168
119.1390000001 3.0120429505
119.1400000001 3.0155749839
119.1410000001 3.0191276869
119.1420000001 3.0227009286
119.1430000001 3.0262945772
119.1440000001 3.0299085002
119.1450000001 3.0335425644
119.1460000001 3.0371966360
119.1470000001 3.0408705801
119.1480000001 3.0445642615
119.1490000001 3.0482775440
119.1500000001 3.0520102906
119.1510000001 3.0557623640
119.1520000001 3.0595336258
119.1530000001 3.0633239370
119.1540000001 3.0671331580
119.1550000001 3.0709611484
119.1560000001 3.0748077672
119.1570000001 3.0786728727
119.1580000001 3.0825563224
119.1590000001 3.0864579732
119.1600000001 3.0903776815
119.1610000001 3.0943153028
119.1620000001 3.0982706921
119.1630000001 3.1022437036
119.1640000001 3.1062341909
119.1650000001 3.1102420072
119.1660000001 3.1142670047
119.1670000001 3.1183090352
119.1680000001 3.1223679498
119.1690000001 3.1264435990
119.1700000001 3.1305358327
119.1710000001 3.1346445001
119.1720000001 3.1387694500
119.1730000001 3.1429105303
119.1740000001 3.1470675885
119.1750000001 3.1512404717
119.1760000001 3.1554290260
119.1770000001 3.1596330972
119.1780000001 3.1638525305
119.1790000001 3.1680871705
119.1800000001 3.1723368612
119.1810000001 3.1766014462
119.1820000001 3.1808807683
119.1830000001 3.1851746701
119.1840000001 3.1894829933
119.1850000001 3.1938055793
119.1860000001 3.1981422689
119.1870000001 3.2024929024
119.1880000001 3.2068573197
119.1890000001 3.2112353600
119.1900000001 3.2156268621
119.1910000001 3.2200316642
119.1920000001 3.2244496042
119.1930000001 3.2288805194
119.1940000001 3.2333242467
119.1950000001 3.2377806223
119.1960000001 3.2422494823
119.1970000001 3.2467306620
119.1980000001 3.2512239964
119.1990000001 3.2557293202
119.2000000001 3.2602464673
119.2010000001 3.2647752715
119.2020000001 3.2693155660
119.2030000001 3.2738671836
119.2040000001 3.2784299567
119.2050000001 3.2830037174
119.2060000001 3.2875882971
119.2070000001 3.2921835271
119.2080000001 3.2967892382
119.2090000001 3.3014052608
119.2100000001 3.3060314249
119.2110000001 3.3106675602
119.2120000001 3.3153134958
119.2130000001 3.3199690609
119.2140000001 3.3246340839
119.2150000001 3.3293083931
119.2160000001 3.3339918163
119.2170000001 3.3386841811
119.2180000001 3.3433853146
119.2190000001 3.3480950439
119.2200000001 3.3528131954
119.2210000001 3.3575395953
119.2220000001 3.3622740698
119.2230000001 3.3670164443
119.2240000001 3.3717665443
119.2250000001 3.3765241948
119.2260000001 3.3812892206
119.2270000001 3.3860614463
119.2280000001 3.3908406961
119.2290000001 3.3956267940
119.2300000001 3.4004195637
119.2310000001 3.4052188288
119.2320000001 3.4100244124
119.2330000001 3.4148361376
119.2340000001 3.4196538272
119.2350000001 3.4244773037
119.2360000001 3.4293063895
119.2370000001 3.4341409067
119.2380000001 3.4389806772
119.2390000001 3.4438255229
119.2400000001 3.4486752652
119.2410000001 3.4535297255
119.2420000001 3.4583887251
119.2430000001 3.4632520848
119.2440000001 3.4681196256
119.2450000001 3.4729911682
119.2460000001 3.4778665331
119.2470000001 3.4827455407
119.2480000001 3.4876280113
119.2490000001 3.4925137650
119.2500000001 3.4974026218
119.2510000001 3.5022944017
119.2520000001 3.5071889243
119.2530000001 3.5120860094
119.2540000001 3.5169854766
119.2550000001 3.5218871453
119.2560000001 3.5267908349
119.2570000001 3.5316963647
119.2580000001 3.5366035540
119.2590000001 3.5415122220
119.2600000001 3.5464221878
119.2610000001 3.5513332704
119.2620000001 3.5562452889
119.2630000001 3.5611580623
119.2640000001 3.5660714095
119.2650000001 3.5709851495
119.2660000001 3.5758991010
119.2670000001 3.5808130831
119.2680000001 3.5857269147
119.2690000001 3.5906404145
119.2700000001 3.5955534016
119.2710000001 3.6004656947
119.2720000001 3.6053771129
119.2730000001 3.6102874750
119.2740000001 3.6151966001
119.2750000001 3.6201043072
119.2760000001 3.6250104154
119.2770000001 3.6299147437
119.2780000001 3.6348171114
119.2790000001 3.6397173378
119.2800000001 3.6446152420
119.2810000001 3.6495106436
119.2820000001 3.6544033620
119.2830000001 3.6592932168
119.2840000001 3.6641800276
119.2850000001 3.6690636144
119.2860000001 3.6739437968
119.2870000001 3.6788203951
119.2880000001 3.6836932292
119.2890000001 3.6885621195
119.2900000001 3.6934268863
119.2910000001 3.6982873503
119.2920000001 3.7031433321
119.2930000001 3.7079946526
119.2940000001 3.7128411328
119.2950000001 3.7176825939
119.2960000001 3.7225188573
119.2970000001 3.7273497445
119.2980000001 3.7321750772
119.2990000001 3.7369946775
119.3000000001 3.7418083675
119.3010000001 3.7466159695
119.3020000001 3.7514173060
119.3030000001 3.7562122000
119.3040000001 3.7610004743
119.3050000001 3.7657819523
119.3060000001 3.7705564575
119.3070000001 3.7753238136
119.3080000001 3.7800838446
119.3090000001 3.7848363748
119.3100000001 3.7895812286
119.3110000001 3.7943182310
119.3120000001 3.7990472070
119.3130000001 3.8037679820
119.3140000001 3.8084803816
119.3150000001 3.8131842318
119.3160000001 3.8178793589
119.3170000001 3.8225655894
119.3180000001 3.8272427503
119.3190000001 3.8319106688
119.3200000001 3.8365691724
119.3210000001 3.8412180890
119.3220000001 3.8458572469
119.3230000001 3.8504864746
119.3240000001 3.8551056012
119.3250000001 3.8597144558
119.3260000001 3.8643128682
119.3270000001 3.8689006684
119.3280000001 3.8734776869
119.3290000001 3.8780437544
119.3300000001 3.8825987022
119.3310000001 3.8871423619
119.3320000001 3.8916745655
119.3330000001 3.8961951454
119.3340000001 3.9007039344
119.3350000001 3.9052007659
119.3360000001 3.9096854735
119.3370000001 3.9141578913
119.3380000001 3.9186178540
119.3390000001 3.9230651965
119.3400000001 3.9274997543
119.3410000001 3.9319213634
119.3420000001 3.9363298602
119.3430000001 3.9407250815
119.3440000001 3.9451068647
119.3450000001 3.9494750476
119.3460000001 3.9538294685
119.3470000001 3.9581699664
119.3480000001 3.9624963804
119.3490000001 3.9668085504
119.3500000001 3.9711063168
119.3510000001 3.9753895204
119.3520000001 3.9796580027
119.3530000001 3.9839116054
119.3540000001 3.9881501712
119.3550000001 3.9923735429
119.3560000001 3.9965815642
119.3570000001 4.0007740791
119.3580000001 4.0049509322
119.3590000001 4.0091119689
119.3600000001 4.0132570348
119.3610000001 4.0173859764
119.3620000001 4.0214986406
119.3630000001 4.0255948750
119.3640000001 4.0296745276
119.3650000001 4.0337374473
119.3660000001 4.0377834833
119.3670000001 4.0418124856
119.3680000001 4.0458243047
119.3690000001 4.0498187918
119.3700000001 4.0537957988
119.3710000001 4.0577551780
119.3720000001 4.0616967826
119.3730000001 4.0656204662
119.3740000001 4.0695260832
119.3750000001 4.0734134887
119.3760000001 4.0772825382
119.3770000001 4.0811330882
119.3780000001 4.0849649956
119.3790000001 4.0887781182
119.3800000001 4.0925723142
119.3810000001 4.0963474427
119.3820000001 4.1001033635
119.3830000001 4.1038399370
119.3840000001 4.1075570243
119.3850000001 4.1112544872
119.3860000001 4.1149321882
119.3870000001 4.1185899907
119.3880000001 4.1222277586
119.3890000001 4.1258453567
119.3900000001 4.1294426502
119.3910000001 4.1330195054
119.3920000001 4.1365757892
119.3930000001 4.1401113693
119.3940000001 4.1436261140
119.3950000001 4.1471198925
119.3960000001 4.1505925748
119.3970000001 4.1540440313
119.3980000001 4.1574741338
119.3990000001 4.1608827542
119.4000000001 4.1642697657
119.4010000001 4.1676350420
119.4020000001 4.1709784576
119.4030000001 4.1742998880
119.4040000001 4.1775992092
119.4050000001 4.1808762982
119.4060000001 4.1841310329
119.4070000001 4.1873632916
119.4080000001 4.1905729539
119.4090000001 4.1937599000
119.4100000001 4.1969240107
119.4110000001 4.2000651681
119.4120000001 4.2031832547
119.4130000001 4.2062781541
119.4140000001 4.2093497507
119.4150000001 4.2123979296
119.4160000001 4.2154225770
119.4170000001 4.2184235796
119.4180000001 4.2214008253
119.4190000001 4.2243542027
119.4200000001 4.2272836013
119.4210000001 4.2301889114
119.4220000001 4.2330700243
119.4230000001 4.2359268320
119.4240000001 4.2387592276
119.4250000001 4.2415671050
119.4260000001 4.2443503589
119.4270000001 4.2471088849
119.4280000001 4.2498425796
119.4290000001 4.2525513405
119.4300000001 4.2552350659
119.4310000001 4.2578936551
119.4320000001 4.2605270083
119.4330000001 4.2631350266
119.4340000001 4.2657176119
119.4350000001 4.2682746673
119.4360000001 4.2708060966
119.4370000001 4.2733118045
119.4380000001 4.2757916969
119.4390000001 4.2782456803
119.4400000001 4.2806736624
119.4410000001 4.2830755517
119.4420000001 4.2854512578
119.4430000001 4.2878006911
119.4440000001 4.2901237629
119.4450000001 4.2924203856
119.4460000001 4.2946904726
119.4470000001 4.2969339382
119.4480000001 4.2991506975
119.4490000001 4.3013406669
119.4500000001 4.3035037634
119.4510000001 4.3056399053
119.4520000001 4.3077490117
119.4530000001 4.3098310028
119.4540000001 4.3118857996
119.4550000001 4.3139133243
119.4560000001 4.3159134999
119.4570000001 4.3178862506
119.4580000001 4.3198315015
119.4590000001 4.3217491785
119.4600000001 4.3236392089
119.4610000001 4.3255015206
119.4620000001 4.3273360429
119.4630000001 4.3291427057
119.4640000001 4.3309214403
119.4650000001 4.3326721787
119.4660000001 4.3343948542
119.4670000001 4.3360894008
119.4680000001 4.3377557538
119.4690000001 4.3393938495
119.4700000001 4.3410036250
119.4710000001 4.3425850187
119.4720000001 4.3441379698
119.4730000001 4.3456624187
119.4740000001 4.3471583068
119.4750000001 4.3486255766
119.4760000001 4.3500641714
119.4770000001 4.3514740358
119.4780000001 4.3528551154
119.4790000001 4.3542073567
119.4800000001 4.3555307074
119.4810000001 4.3568251162
119.4820000001 4.3580905328
119.4830000001 4.3593269081
119.4840000001 4.3605341940
119.4850000001 4.3617123432
119.4860000001 4.3628613100
119.4870000001 4.3639810492
119.4880000001 4.3650715171
119.4890000001 4.3661326707
119.4900000001 4.3671644684
119.4910000001 4.3681668694
119.4920000001 4.3691398341
119.4930000001 4.3700833240
119.4940000001 4.3709973017
119.4950000001 4.3718817307
119.4960000001 4.3727365757
119.4970000001 4.3735618024
119.4980000001 4.3743573778
119.4990000001 4.3751232697
119.5000000001 4.3758594472
119.5010000001 4.3765658803
119.5020000001 4.3772425401
119.5030000001 4.3778893990
119.5040000001 4.3785064303
119.5050000001 4.3790936084
119.5060000001 4.3796509088
119.5070000001 4.3801783081
119.5080000001 4.3806757841
119.5090000001 4.3811433154
119.5100000001 4.3815808821
119.5110000001 4.3819884650
119.5120000001 4.3823660461
119.5130000001 4.3827136088
119.5140000001 4.3830311372
119.5150000001 4.3833186166
119.5160000001 4.3835760336
119.5170000001 4.3838033756
119.5180000001 4.3840006313
119.5190000001 4.3841677904
119.5200000001 4.3843048438
119.5210000001 4.3844117833
119.5220000001 4.3844886021
119.5230000001 4.3845352942
119.5240000001 4.3845518549
119.5250000001 4.3845382805
119.5260000001 4.3844945684
119.5270000001 4.3844207171
119.5280000001 4.3843167264
119.5290000001 4.3841825968
119.5300000001 4.3840183303
119.5310000001 4.3838239298
119.5320000001 4.3835993993
119.5330000001 4.3833447439
119.5340000001 4.3830599699
119.5350000001 4.3827450846
119.5360000001 4.3824000964
119.5370000001 4.3820250148
119.5380000001 4.3816198506
119.5390000001 4.3811846154
119.5400000001 4.3807193220
119.5410000001 4.3802239844
119.5420000001 4.3796986176
119.5430000001 4.3791432377
119.5440000001 4.3785578619
119.5450000001 4.3779425086
119.5460000001 4.3772971972
119.5470000001 4.3766219482
119.5480000001 4.3759167831
119.5490000001 4.3751817247
119.5500000001 4.3744167968
119.5510000001 4.3736220242
119.5520000001 4.3727974329
119.5530000001 4.3719430501
119.5540000001 4.3710589037
119.5550000001 4.3701450231
119.5560000001 4.3692014387
119.5570000001 4.3682281817
119.5580000001 4.3672252848
119.5590000001 4.3661927815
119.5600000001 4.3651307065
119.5610000001 4.3640390955
119.5620000001 4.3629179855
119.5630000001 4.3617674142
119.5640000001 4.3605874207
119.5650000001 4.3593780450
119.5660000001 4.3581393284
119.5670000001 4.3568713130
119.5680000001 4.3555740421
119.5690000001 4.3542475602
119.5700000001 4.3528919125
119.5710000001 4.3515071457
119.5720000001 4.3500933073
119.5730000001 4.3486504460
119.5740000001 4.3471786114
119.5750000001 4.3456778544
119.5760000001 4.3441482266
119.5770000001 4.3425897812
119.5780000001 4.3410025718
119.5790000001 4.3393866537
119.5800000001 4.3377420827
119.5810000001 4.3360689161
119.5820000001 4.3343672119
119.5830000001 4.3326370294
119.5840000001 4.3308784287
119.5850000001 4.3290914712
119.5860000001 4.3272762193
119.5870000001 4.3254327361
119.5880000001 4.3235610863
119.5890000001 4.3216613351
119.5900000001 4.3197335490
119.5910000001 4.3177777956
119.5920000001 4.3157941434
119.5930000001 4.3137826618
119.5940000001 4.3117434215
119.5950000001 4.3096764941
119.5960000001 4.3075819521
119.5970000001 4.3054598692
119.5980000001 4.3033103200
119.5990000001 4.3011333802
119.6000000001 4.2989291263
119.6010000001 4.2966976361
119.6020000001 4.2944389882
119.6030000001 4.2921532622
119.6040000001 4.2898405388
119.6050000001 4.2875008996
119.6060000001 4.2851344272
119.6070000001 4.2827412054
119.6080000001 4.2803213186
119.6090000001 4.2778748524
119.6100000001 4.2754018935
119.6110000001 4.2729025293
119.6120000001 4.2703768484
119.6130000001 4.2678249402
119.6140000001 4.2652468952
119.6150000001 4.2626428047
119.6160000001 4.2600127612
119.6170000001 4.2573568580
119.6180000001 4.2546751893
119.6190000001 4.2519678503
119.6200000001 4.2492349373
119.6210000001 4.2464765473
119.6220000001 4.2436927784
119.6230000001 4.2408837296
119.6240000001 4.2380495007
119.6250000001 4.2351901927
119.6260000001 4.2323059073
119.6270000001 4.2293967472
119.6280000001 4.2264628161
119.6290000001 4.2235042184
119.6300000001 4.2205210595
119.6310000001 4.2175134459
119.6320000001 4.2144814848
119.6330000001 4.2114252843
119.6340000001 4.2083449534
119.6350000001 4.2052406022
119.6360000001 4.2021123413
119.6370000001 4.1989602826
119.6380000001 4.1957845386
119.6390000001 4.1925852228
119.6400000001 4.1893624494
119.6410000001 4.1861163338
119.6420000001 4.1828469919
119.6430000001 4.1795545407
119.6440000001 4.1762390979
119.6450000001 4.1729007823
119.6460000001 4.1695397132
119.6470000001 4.1661560110
119.6480000001 4.1627497969
119.6490000001 4.1593211928
119.6500000001 4.1558703215
119.6510000001 4.1523973067
119.6520000001 4.1489022729
119.6530000001 4.1453853454
119.6540000001 4.1418466502
119.6550000001 4.1382863142
119.6560000001 4.1347044652
119.6570000001 4.1311012317
119.6580000001 4.1274767429
119.6590000001 4.1238311290
119.6600000001 4.1201645207
119.6610000001 4.1164770499
119.6620000001 4.1127688488
119.6630000001 4.1090400507
119.6640000001 4.1052907896
119.6650000001 4.1015212002
119.6660000001 4.0977314179
119.6670000001 4.0939215790
119.6680000001 4.0900918205
119.6690000001 4.0862422800
119.6700000001 4.0823730961
119.6710000001 4.0784844080
119.6720000001 4.0745763555
119.6730000001 4.0706490793
119.6740000001 4.0667027207
119.6750000001 4.0627374218
119.6760000001 4.0587533254
119.6770000001 4.0547505750
119.6780000001 4.0507293146
119.6790000001 4.0466896893
119.6800000001 4.0426318445
119.6810000001 4.0385559264
119.6820000001 4.0344620820
119.6830000001 4.0303504588
119.6840000001 4.0262212051
119.6850000001 4.0220744697
119.6860000001 4.0179104023
119.6870000001 4.0137291530
119.6880000001 4.0095308727
119.6890000001 4.0053157128
119.6900000001 4.0010838254
119.6910000001 3.9968353634
119.6920000001 3.9925704801
119.6930000001 3.9882893294
119.6940000001 3.9839920660
119.6950000001 3.9796788450
119.6960000001 3.9753498223
119.6970000001 3.9710051542
119.6980000001 3.9666449978
119.6990000001 3.9622695105
119.7000000001 3.9578788506
119.7010000001 3.9534731767
119.7020000001 3.9490526481
119.7030000001 3.9446174247
119.7040000001 3.9401676668
119.7050000001 3.9357035355
119.7060000001 3.9312251921
119.7070000001 3.9267327987
119.7080000001 3.9222265179
119.7090000001 3.9177065128
119.7100000001 3.9131729468
119.7110000001 3.9086259843
119.7120000001 3.9040657897
119.7130000001 3.8994925282
119.7140000001 3.8949063654
119.7150000001 3.8903074675
119.7160000001 3.8856960010
119.7170000001 3.8810721330
119.7180000001 3.8764360310
119.7190000001 3.8717878631
119.7200000001 3.8671277977
119.7210000001 3.8624560038
119.7220000001 3.8577726507
119.7230000001 3.8530779082
119.7240000001 3.8483719466
119.7250000001 3.8436549366
119.7260000001 3.8389270493
119.7270000001 3.8341884561
119.7280000001 3.8294393291
119.7290000001 3.8246798406
119.7300000001 3.8199101632
119.7310000001 3.8151304702
119.7320000001 3.8103409351
119.7330000001 3.8055417317
119.7340000001 3.8007330343
119.7350000001 3.7959150175
119.7360000001 3.7910878565
119.7370000001 3.7862517264
119.7380000001 3.7814068030
119.7390000001 3.7765532624
119.7400000001 3.7716912810
119.7410000001 3.7668210354
119.7420000001 3.7619427027
119.7430000001 3.7570564602
119.7440000001 3.7521624856
119.7450000001 3.7472609569
119.7460000001 3.7423520523
119.7470000001 3.7374359505
119.7480000001 3.7325128301
119.7490000001 3.7275828704
119.7500000001 3.7226462508
119.7510000001 3.7177031508
119.7520000001 3.7127537505
119.7530000001 3.7077982299
119.7540000001 3.7028367696
119.7550000001 3.6978695501
119.7560000001 3.6928967523
119.7570000001 3.6879185574
119.7580000001 3.6829351467
119.7590000001 3.6779467017
119.7600000001 3.6729534043
119.7610000001 3.6679554362
119.7620000001 3.6629529798
119.7630000001 3.6579462174
119.7640000001 3.6529353313
119.7650000001 3.6479205045
119.7660000001 3.6429019196
119.7670000001 3.6378797598
119.7680000001 3.6328542081
119.7690000001 3.6278254480
119.7700000001 3.6227936629
119.7710000001 3.6177590363
119.7720000001 3.6127217521
119.7730000001 3.6076819940
119.7740000001 3.6026399460
119.7750000001 3.5975957922
119.7760000001 3.5925497168
119.7770000001 3.5875019040
119.7780000001 3.5824525381
119.7790000001 3.5774018037
119.7800000001 3.5723498852
119.7810000001 3.5672969671
119.7820000001 3.5622432342
119.7830000001 3.5571888711
119.7840000001 3.5521340626
119.7850000001 3.5470789934
119.7860000001 3.5420238484
119.7870000001 3.5369688124
119.7880000001 3.5319140703
119.7890000001 3.5268598068
119.7900000001 3.5218062071
119.7910000001 3.5167534558
119.7920000001 3.5117017380
119.7930000001 3.5066512384
119.7940000001 3.5016021419
119.7950000001 3.4965546334
119.7960000001 3.4915088977
119.7970000001 3.4864651194
119.7980000001 3.4814234834
119.7990000001 3.4763841742
119.8000000001 3.4713473764
119.8010000001 3.4663132747
119.8020000001 3.4612820534
119.8030000001 3.4562538969
119.8040000001 3.4512289896
119.8050000001 3.4462075155
119.8060000001 3.4411896589
119.8070000001 3.4361756037
119.8080000001 3.4311655338
119.8090000001 3.4261596330
119.8100000001 3.4211580849
119.8110000001 3.4161610730
119.8120000001 3.4111687806
119.8130000001 3.4061813911
119.8140000001 3.4011990874
119.8150000001 3.3962220524
119.8160000001 3.3912504690
119.8170000001 3.3862845197
119.8180000001 3.3813243868
119.8190000001 3.3763702526
119.8200000001 3.3714222991
119.8210000001 3.3664807081
119.8220000001 3.3615456612
119.8230000001 3.3566173398
119.8240000001 3.3516959251
119.8250000001 3.3467815981
119.8260000001 3.3418745394
119.8270000001 3.3369749295
119.8280000001 3.3320829487
119.8290000001 3.3271987770
119.8300000001 3.3223225941
119.8310000001 3.3174545794
119.8320000001 3.3125949121
119.8330000001 3.3077437713
119.8340000001 3.3029013354
119.8350000001 3.2980677828
119.8360000001 3.2932432916
119.8370000001 3.2884280395
119.8380000001 3.2836222039
119.8390000001 3.2788259620
119.8400000001 3.2740394905
119.8410000001 3.2692629658
119.8420000001 3.2644965642
119.8430000001 3.2597404614
119.8440000001 3.2549948329
119.8450000001 3.2502598536
119.8460000001 3.2455356983
119.8470000001 3.2408225414
119.8480000001 3.2361205569
119.8490000001 3.2314299183
119.8500000001 3.2267507988
119.8510000001 3.2220833712
119.8520000001 3.2174278081
119.8530000001 3.2127842813
119.8540000001 3.2081529624
119.8550000001 3.2035340227
119.8560000001 3.1989276330
119.8570000001 3.1943339634
119.8580000001 3.1897531839
119.8590000001 3.1851854640
119.8600000001 3.1806309726
119.8610000001 3.1760898783
119.8620000001 3.1715623491
119.8630000001 3.1670485527
119.8640000001 3.1625486562
119.8650000001 3.1580628262
119.8660000001 3.1535912289
119.8670000001 3.1491340301
119.8680000001 3.1446913948
119.8690000001 3.1402634877
119.8700000001 3.1358504730
119.8710000001 3.1314525144
119.8720000001 3.1270697749
119.8730000001 3.1227024172
119.8740000001 3.1183506033
119.8750000001 3.1140144947
119.8760000001 3.1096942525
119.8770000001 3.1053900370
119.8780000001 3.1011020081
119.8790000001 3.0968303251
119.8800000001 3.0925751468
119.8810000001 3.0883366312
119.8820000001 3.0841149360
119.8830000001 3.0799102182
119.8840000001 3.0757226341
119.8850000001 3.0715523396
119.8860000001 3.0673994898
119.8870000001 3.0632642393
119.8880000001 3.0591467421
119.8890000001 3.0550471516
119.8900000001 3.0509656204
119.8910000001 3.0469023007
119.8920000001 3.0428573439
119.8930000001 3.0388309007
119.8940000001 3.0348231215
119.8950000001 3.0308341555
119.8960000001 3.0268641518
119.8970000001 3.0229132585
119.8980000001 3.0189816230
119.8990000001 3.0150693923
119.9000000001 3.0111767124
119.9010000001 3.0073037289
119.9020000001 3.0034505864
119.9030000001 2.9996174291
119.9040000001 2.9958044004
119.9050000001 2.9920116428
119.9060000001 2.9882392983
119.9070000001 2.9844875082
119.9080000001 2.9807564130
119.9090000001 2.9770461523
119.9100000001 2.9733568654
119.9110000001 2.9696886904
119.9120000001 2.9660417650
119.9130000001 2.9624162258
119.9140000001 2.9588122091
119.9150000001 2.9552298500
119.9160000001 2.9516692831
119.9170000001 2.9481306421
119.9180000001 2.9446140601
119.9190000001 2.9411196692
119.9200000001 2.9376476008
119.9210000001 2.9341979856
119.9220000001 2.9307709534
119.9230000001 2.9273666332
119.9240000001 2.9239851533
119.9250000001 2.9206266411
119.9260000001 2.9172912231
119.9270000001 2.9139790253
119.9280000001 2.9106901725
119.9290000001 2.9074247889
119.9300000001 2.9041829977
119.9310000001 2.9009649216
119.9320000001 2.8977706821
119.9330000001 2.8946003999
119.9340000001 2.8914541951
119.9350000001 2.8883321866
119.9360000001 2.8852344928
119.9370000001 2.8821612310
119.9380000001 2.8791125177
119.9390000001 2.8760884684
119.9400000001 2.8730891980
119.9410000001 2.8701148203
119.9420000001 2.8671654483
119.9430000001 2.8642411941
119.9440000001 2.8613421688
119.9450000001 2.8584684828
119.9460000001 2.8556202455
119.9470000001 2.8527975653
119.9480000001 2.8500005499
119.9490000001 2.8472293059
119.9500000001 2.8444839391
119.9510000001 2.8417645542
119.9520000001 2.8390712552
119.9530000001 2.8364041452
119.9540000001 2.8337633260
119.9550000001 2.8311488989
119.9560000001 2.8285609639
119.9570000001 2.8259996204
119.9580000001 2.8234649666
119.9590000001 2.8209570997
119.9600000001 2.8184761163
119.9610000001 2.8160221116
119.9620000001 2.8135951801
119.9630000001 2.8111954154
119.9640000001 2.8088229098
119.9650000001 2.8064777550
119.9660000001 2.8041600415
119.9670000001 2.8018698589
119.9680000001 2.7996072957
119.9690000001 2.7973724396
119.9700000001 2.7951653772
119.9710000001 2.7929861941
119.9720000001 2.7908349750
119.9730000001 2.7887118035
119.9740000001 2.7866167621
119.9750000001 2.7845499326
119.9760000001 2.7825113954
119.9770000001 2.7805012303
119.9780000001 2.7785195158
119.9790000001 2.7765663295
119.9800000001 2.7746417478
119.9810000001 2.7727458464
119.9820000001 2.7708786997
119.9830000001 2.7690403812
119.9840000001 2.7672309633
119.9850000001 2.7654505173
119.9860000001 2.7636991137
119.9870000001 2.7619768218
119.9880000001 2.7602837098
119.9890000001 2.7586198449
119.9900000001 2.7569852933
119.9910000001 2.7553801202
119.9920000001 2.7538043897
119.9930000001 2.7522581646
119.9940000001 2.7507415070
119.9950000001 2.7492544778
119.9960000001 2.7477971368
119.9970000001 2.7463695428
119.9980000001 2.7449717534
119.9990000001 2.7436038254
