900.0000000000 0.0000000000
900.0100000000 0.0000000000
900.0200000000 0.0000000000
900.0300000000 0.0000000000
900.0400000000 0.0000000000
900.0500000000 0.0000000000
900.0600000000 0.0000000000
900.0700000000 0.0000000000
900.0800000000 0.0000000000
900.0900000000 0.0000000000
900.1000000000 0.0000000000
900.1100000000 0.0000000000
900.1200000000 0.0000000000
900.1300000000 0.0000000000
900.1400000000 0.0000000000
900.1500000000 0.0000000000
900.1600000000 0.0000000000
900.1700000000 0.0000000000
900.1800000000 0.0000000000
900.1900000000 0.0000000000
900.2000000000 0.0000000000
900.2100000000 0.0000000000
900.2200000000 0.0000000000
900.2300000000 0.0000000000
900.2400000000 0.0000000000
900.2500000000 0.0000000000
900.2600000000 0.0000000000
900.2700000000 0.0000000000
900.2800000000 0.0000000000
900.2900000000 0.0000000000
900.3000000000 0.0000000000
900.3100000000 0.0000000000
900.3200000000 0.0000000000
900.3300000000 0.0000000000
900.3400000000 0.0000000000
900.3500000000 0.0000000000
900.3600000000 0.0000000000
900.3700000000 0.0000000000
900.3800000000 0.0000000000
900.3900000000 0.0000000000
900.4000000000 0.0000000000
900.4100000000 0.0000000000
900.4200000000 0.0000000000
900.4300000000 0.0000000000
900.4400000000 0.0000000000
900.4500000000 0.0000000000
900.4600000000 0.0000000000
900.4700000000 0.0000000000
900.4800000000 0.0000000000
900.4900000000 0.0000000000
900.5000000000 0.0000000000
900.5100000000 0.0000000000
900.5200000000 0.0000000000
900.5300000000 0.0000000000
900.5400000000 0.0000000000
900.5500000000 0.0000000000
900.5600000000 0.0000000000
900.5700000000 0.0000000000
900.5800000000 0.0000000000
900.5900000000 0.0000000000
900.6000000000 0.0000000000
900.6100000000 0.0000000000
900.6200000000 0.0000000000
900.6300000000 0.0000000000
900.6400000000 0.0000000000
900.6500000000 0.0000000000
900.6600000000 0.0000000000
900.6700000000 0.0000000000
900.6800000000 0.0000000000
900.6900000000 0.0000000000
900.7000000000 0.0000000000
900.7100000000 0.0000000000
900.7200000000 0.0000000000
900.7300000000 0.0000000000
900.7400000000 0.0000000000
900.7500000000 0.0000000000
900.7600000000 0.0000000000
900.7700000000 0.0000000000
900.7800000000 0.0000000000
900.7900000000 0.0000000000
900.8000000000 0.0000000000
900.8100000000 0.0000000000
900.8200000000 0.0000000000
900.8300000000 0.0000000000
900.8400000000 0.0000000000
900.8500000000 0.0000000000
900.8600000000 0.0000000000
900.8700000000 0.0000000000
900.8800000000 0.0000000000
900.8900000000 0.0000000000
900.9000000000 0.0000000000
900.9100000000 0.0000000000
900.9200000000 0.0000000000
900.9300000000 0.0000000000
900.9400000000 0.0000000000
900.9500000000 0.0000000000
900.9600000000 0.0000000000
900.9700000000 0.0000000000
900.9800000000 0.0000000000
900.9900000000 0.0000000000
901.0000000000 0.0000000000
901.0100000000 0.0000000000
901.0200000000 0.0000000000
901.0300000000 0.0000000000
901.0400000000 0.0000000000
901.0500000000 0.0000000000
901.0600000000 0.0000000000
901.0700000000 0.0000000000
901.0800000000 0.0000000000
901.0900000000 0.0000000000
901.1000000000 0.0000000000
901.1100000000 0.0000000000
901.1200000000 0.0000000000
901.1300000000 0.0000000000
901.1400000000 0.0000000000
901.1500000000 0.0000000000
901.1600000000 0.0000000000
901.1700000000 0.0000000000
901.1800000000 0.0000000000
901.1900000000 0.0000000000
901.2000000000 0.0000000000
901.2100000000 0.0000000000
901.2200000000 0.0000000000
901.2300000000 0.0000000000
901.2400000000 0.0000000000
901.2500000000 0.0000000000
901.2600000000 0.0000000000
901.2700000000 0.0000000000
901.2800000000 0.0000000000
901.2900000000 0.0000000000
901.3000000000 0.0000000000
901.3100000000 0.0000000000
901.3200000000 0.0000000000
901.3300000000 0.0000000000
901.3400000000 0.0000000000
901.3500000000 0.0000000000
901.3600000000 0.0000000000
901.3700000000 0.0000000000
901.3800000000 0.0000000000
901.3900000000 0.0000000000
901.4000000000 0.0000000000
901.4100000000 0.0000000000
901.4200000000 0.0000000000
901.4300000000 0.0000000000
901.4400000000 0.0000000000
901.4500000000 0.0000000000
901.4600000000 0.0000000000
901.4700000000 0.0000000000
901.4800000000 0.0000000000
901.4900000000 0.0000000000
901.5000000000 0.0000000000
901.5100000000 0.0000000000
901.5200000000 0.0000000000
901.5300000000 0.0000000000
901.5400000000 0.0000000000
901.5500000000 0.0000000000
901.5600000000 0.0000000000
901.5700000000 0.0000000000
901.5800000000 0.0000000000
901.5900000000 0.0000000000
901.6000000000 0.0000000000
901.6100000000 0.0000000000
901.6200000000 0.0000000000
901.6300000000 0.0000000000
901.6400000000 0.0000000000
901.6500000000 0.0000000000
901.6600000000 0.0000000000
901.6700000000 0.0000000000
901.6800000000 0.0000000000
901.6900000000 0.0000000000
901.7000000000 0.0000000000
901.7100000000 0.0000000000
901.7200000000 0.0000000000
901.7300000000 0.0000000000
901.7400000000 0.0000000000
901.7500000000 0.0000000000
901.7600000000 0.0000000000
901.7700000000 0.0000000000
901.7800000000 0.0000000000
901.7900000000 0.0000000000
901.8000000000 0.0000000000
901.8100000000 0.0000000000
901.8200000000 0.0000000000
901.8300000000 0.0000000000
901.8400000000 0.0000000000
901.8500000000 0.0000000000
901.8600000000 0.0000000000
901.8700000000 0.0000000000
901.8800000000 0.0000000000
901.8900000000 0.0000000000
901.9000000000 0.0000000000
901.9100000000 0.0000000000
901.9200000000 0.0000000000
901.9300000000 0.0000000000
901.9400000000 0.0000000000
901.9500000000 0.0000000000
901.9600000000 0.0000000000
901.9700000000 0.0000000000
901.9800000000 0.0000000000
901.9900000000 0.0000000000
902.0000000000 0.0000000000
902.0100000000 0.0000000000
902.0200000000 0.0000000000
902.0300000000 0.0000000000
902.0400000000 0.0000000000
902.0500000000 0.0000000000
902.0600000000 0.0000000000
902.0700000000 0.0000000000
902.0800000000 0.0000000000
902.0900000000 0.0000000000
902.1000000000 0.0000000000
902.1100000000 0.0000000000
902.1200000000 0.0000000000
902.1300000000 0.0000000000
902.1400000000 0.0000000000
902.1500000000 0.0000000000
902.1600000000 0.0000000000
902.1700000000 0.0000000000
902.1800000000 0.0000000000
902.1900000000 0.0000000000
902.2000000000 0.0000000000
902.2100000000 0.0000000000
902.2200000000 0.0000000000
902.2300000000 0.0000000000
902.2400000000 0.0000000000
902.2500000000 0.0000000000
902.2600000000 0.0000000000
902.2700000000 0.0000000000
902.2800000000 0.0000000000
902.2900000000 0.0000000000
902.3000000000 0.0000000000
902.3100000000 0.0000000000
902.3200000000 0.0000000000
902.3300000000 0.0000000000
902.3400000000 0.0000000000
902.3500000000 0.0000000000
902.3600000000 0.0000000000
902.3700000000 0.0000000000
902.3800000000 0.0000000000
902.3900000000 0.0000000000
902.4000000000 0.0000000000
902.4100000000 0.0000000000
902.4200000000 0.0000000000
902.4300000000 0.0000000000
902.4400000000 0.0000000000
902.4500000000 0.0000000000
902.4600000000 0.0000000000
902.4700000000 0.0000000000
902.4800000000 0.0000000000
902.4900000000 0.0000000000
902.5000000000 0.0000000000
902.5100000000 0.0000000000
902.5200000000 0.0000000000
902.5300000000 0.0000000000
902.5400000000 0.0000000000
902.5500000000 0.0000000000
902.5600000000 0.0000000000
902.5700000000 0.0000000000
902.5800000000 0.0000000000
902.5900000000 0.0000000000
902.6000000000 0.0000000000
902.6100000000 0.0000000000
902.6200000000 0.0000000000
902.6300000000 0.0000000000
902.6400000000 0.0000000000
902.6500000000 0.0000000000
902.6600000000 0.0000000000
902.6700000000 0.0000000000
902.6800000000 0.0000000000
902.6900000000 0.0000000000
902.7000000000 0.0000000000
902.7100000000 0.0000000000
902.7200000000 0.0000000000
902.7300000000 0.0000000000
902.7400000000 0.0000000000
902.7500000000 0.0000000000
902.7600000000 0.0000000000
902.7700000000 0.0000000000
902.7800000000 0.0000000000
902.7900000000 0.0000000000
902.8000000000 0.0000000000
902.8100000000 0.0000000000
902.8200000000 0.0000000000
902.8300000000 0.0000000000
902.8400000000 0.0000000000
902.8500000000 0.0000000000
902.8600000000 0.0000000000
902.8700000000 0.0000000000
902.8800000000 0.0000000000
902.8900000000 0.0000000000
902.9000000000 0.0000000000
902.9100000000 0.0000000000
902.9200000000 0.0000000000
902.9300000000 0.0000000000
902.9400000000 0.0000000000
902.9500000000 0.0000000000
902.9600000000 0.0000000000
902.9700000000 0.0000000000
902.9800000000 0.0000000000
902.9900000000 0.0000000000
903.0000000000 0.0000000000
903.0100000000 0.0000000000
903.0200000000 0.0000000000
903.0300000000 0.0000000000
903.0400000000 0.0000000000
903.0500000000 0.0000000000
903.0600000000 0.0000000000
903.0700000000 0.0000000000
903.0800000000 0.0000000000
903.0900000000 0.0000000000
903.1000000000 0.0000000000
903.1100000000 0.0000000000
903.1200000000 0.0000000000
903.1300000000 0.0000000000
903.1400000000 0.0000000000
903.1500000000 0.0000000000
903.1600000000 0.0000000000
903.1700000000 0.0000000000
903.1800000000 0.0000000000
903.1900000000 0.0000000000
903.2000000000 0.0000000000
903.2100000000 0.0000000000
903.2200000000 0.0000000000
903.2300000000 0.0000000000
903.2400000000 0.0000000000
903.2500000000 0.0000000000
903.2600000000 0.0000000000
903.2700000000 0.0000000000
903.2800000000 0.0000000000
903.2900000000 0.0000000000
903.3000000000 0.0000000000
903.3100000000 0.0000000000
903.3200000000 0.0000000000
903.3300000000 0.0000000000
903.3400000000 0.0000000000
903.3500000000 0.0000000000
903.3600000000 0.0000000000
903.3700000000 0.0000000000
903.3800000000 0.0000000000
903.3900000000 0.0000000000
903.4000000000 0.0000000000
903.4100000000 0.0000000000
903.4200000000 0.0000000000
903.4300000000 0.0000000000
903.4400000000 0.0000000000
903.4500000000 0.0000000000
903.4600000000 0.0000000000
903.4700000000 0.0000000000
903.4800000000 0.0000000000
903.4900000000 0.0000000000
903.5000000000 0.0000000000
903.5100000000 0.0000000000
903.5200000000 0.0000000000
903.5300000000 0.0000000000
903.5400000000 0.0000000000
903.5500000000 0.0000000000
903.5600000000 0.0000000000
903.5700000000 0.0000000000
903.5800000000 0.0000000000
903.5900000000 0.0000000000
903.6000000000 0.0000000000
903.6100000000 0.0000000000
903.6200000000 0.0000000000
903.6300000000 0.0000000000
903.6400000000 0.0000000000
903.6500000000 0.0000000000
903.6600000000 0.0000000000
903.6700000000 0.0000000000
903.6800000000 0.0000000000
903.6900000000 0.0000000000
903.7000000000 0.0000000000
903.7100000000 0.0000000000
903.7200000000 0.0000000000
903.7300000000 0.0000000000
903.7400000000 0.0000000000
903.7500000000 0.0000000000
903.7600000000 0.0000000000
903.7700000000 0.0000000000
903.7800000000 0.0000000000
903.7900000000 0.0000000000
903.8000000000 0.0000000000
903.8100000000 0.0000000000
903.8200000000 0.0000000000
903.8300000000 0.0000000000
903.8400000000 0.0000000000
903.8500000000 0.0000000000
903.8600000000 0.0000000000
903.8700000000 0.0000000000
903.8800000000 0.0000000000
903.8900000000 0.0000000000
903.9000000000 0.0000000000
903.9100000000 0.0000000000
903.9200000000 0.0000000000
903.9300000000 0.0000000000
903.9400000000 0.0000000000
903.9500000000 0.0000000000
903.9600000000 0.0000000000
903.9700000000 0.0000000000
903.9800000000 0.0000000000
903.9900000000 0.0000000000
904.0000000000 0.0000000000
904.0100000000 0.0000000000
904.0200000000 0.0000000000
904.0300000000 0.0000000000
904.0400000000 0.0000000000
904.0500000000 0.0000000000
904.0600000000 0.0000000000
904.0700000000 0.0000000000
904.0800000000 0.0000000000
904.0900000000 0.0000000000
904.1000000000 0.0000000000
904.1100000000 0.0000000000
904.1200000000 0.0000000000
904.1300000000 0.0000000000
904.1400000000 0.0000000000
904.1500000000 0.0000000000
904.1600000000 0.0000000000
904.1700000000 0.0000000000
904.1800000000 0.0000000000
904.1900000000 0.0000000000
904.2000000000 0.0000000000
904.2100000000 0.0000000000
904.2200000000 0.0000000000
904.2300000000 0.0000000000
904.2400000000 0.0000000000
904.2500000000 0.0000000000
904.2600000000 0.0000000000
904.2700000000 0.0000000000
904.2800000000 0.0000000000
904.2900000000 0.0000000000
904.3000000000 0.0000000000
904.3100000000 0.0000000000
904.3200000000 0.0000000000
904.3300000000 0.0000000000
904.3400000000 0.0000000000
904.3500000000 0.0000000000
904.3600000000 0.0000000000
904.3700000000 0.0000000000
904.3800000000 0.0000000000
904.3900000000 0.0000000000
904.4000000000 0.0000000000
904.4100000000 0.0000000000
904.4200000000 0.0000000000
904.4300000000 0.0000000000
904.4400000000 0.0000000000
904.4500000000 0.0000000000
904.4600000000 0.0000000000
904.4700000000 0.0000000000
904.4800000000 0.0000000000
904.4900000000 0.0000000000
904.5000000000 0.0000000000
904.5100000000 0.0000000000
904.5200000000 0.0000000000
904.5300000000 0.0000000000
904.5400000000 0.0000000000
904.5500000000 0.0000000000
904.5600000000 0.0000000000
904.5700000000 0.0000000000
904.5800000000 0.0000000000
904.5900000000 0.0000000000
904.6000000000 0.0000000000
904.6100000000 0.0000000000
904.6200000000 0.0000000000
904.6300000000 0.0000000000
904.6400000000 0.0000000000
904.6500000000 0.0000000000
904.6600000000 0.0000000000
904.6700000000 0.0000000000
904.6800000000 0.0000000000
904.6900000000 0.0000000000
904.7000000000 0.0000000000
904.7100000000 0.0000000000
904.7200000000 0.0000000000
904.7300000000 0.0000000000
904.7400000000 0.0000000000
904.7500000000 0.0000000000
904.7600000000 0.0000000000
904.7700000000 0.0000000000
904.7800000000 0.0000000000
904.7900000000 0.0000000000
904.8000000000 0.0000000000
904.8100000000 0.0000000000
904.8200000000 0.0000000000
904.8300000000 0.0000000000
904.8400000000 0.0000000000
904.8500000000 0.0000000000
904.8600000000 0.0000000000
904.8700000000 0.0000000000
904.8800000000 0.0000000000
904.8900000000 0.0000000000
904.9000000000 0.0000000000
904.9100000000 0.0000000000
904.9200000000 0.0000000000
904.9300000000 0.0000000000
904.9400000000 0.0000000000
904.9500000000 0.0000000000
904.9600000000 0.0000000000
904.9700000000 0.0000000000
904.9800000000 0.0000000000
904.9900000000 0.0000000000
905.0000000000 0.0000000000
905.0100000000 0.0000000000
905.0200000000 0.0000000000
905.0300000000 0.0000000000
905.0400000000 0.0000000000
905.0500000000 0.0000000000
905.0600000000 0.0000000000
905.0700000000 0.0000000000
905.0800000000 0.0000000000
905.0900000000 0.0000000000
905.1000000000 0.0000000000
905.1100000000 0.0000000000
905.1200000000 0.0000000000
905.1300000000 0.0000000000
905.1400000000 0.0000000000
905.1500000000 0.0000000000
905.1600000000 0.0000000000
905.1700000000 0.0000000000
905.1800000000 0.0000000000
905.1900000000 0.0000000000
905.2000000000 0.0000000000
905.2100000000 0.0000000000
905.2200000000 0.0000000000
905.2300000000 0.0000000000
905.2400000000 0.0000000000
905.2500000000 0.0000000000
905.2600000000 0.0000000000
905.2700000000 0.0000000000
905.2800000000 0.0000000000
905.2900000000 0.0000000000
905.3000000000 0.0000000000
905.3100000000 0.0000000000
905.3200000000 0.0000000000
905.3300000000 0.0000000000
905.3400000000 0.0000000000
905.3500000000 0.0000000000
905.3600000000 0.0000000000
905.3700000000 0.0000000000
905.3800000000 0.0000000000
905.3900000000 0.0000000000
905.4000000000 0.0000000000
905.4100000000 0.0000000000
905.4200000000 0.0000000000
905.4300000000 0.0000000000
905.4400000000 0.0000000000
905.4500000000 0.0000000000
905.4600000000 0.0000000000
905.4700000000 0.0000000000
905.4800000000 0.0000000000
905.4900000000 0.0000000000
905.5000000000 0.0000000000
905.5100000000 0.0000000000
905.5200000000 0.0000000000
905.5300000000 0.0000000000
905.5400000000 0.0000000000
905.5500000000 0.0000000000
905.5600000000 0.0000000000
905.5700000000 0.0000000000
905.5800000000 0.0000000000
905.5900000000 0.0000000000
905.6000000000 0.0000000000
905.6100000000 0.0000000000
905.6200000000 0.0000000000
905.6300000000 0.0000000000
905.6400000000 0.0000000000
905.6500000000 0.0000000000
905.6600000000 0.0000000000
905.6700000000 0.0000000000
905.6800000000 0.0000000000
905.6900000000 0.0000000000
905.7000000000 0.0000000000
905.7100000000 0.0000000000
905.7200000000 0.0000000000
905.7300000000 0.0000000000
905.7400000000 0.0000000000
905.7500000000 0.0000000000
905.7600000000 0.0000000000
905.7700000000 0.0000000000
905.7800000000 0.0000000000
905.7900000000 0.0000000000
905.8000000000 0.0000000000
905.8100000000 0.0000000000
905.8200000000 0.0000000000
905.8300000000 0.0000000000
905.8400000000 0.0000000000
905.8500000000 0.0000000000
905.8600000000 0.0000000000
905.8700000000 0.0000000000
905.8800000000 0.0000000000
905.8900000000 0.0000000000
905.9000000000 0.0000000000
905.9100000000 0.0000000000
905.9200000000 0.0000000000
905.9300000000 0.0000000000
905.9400000000 0.0000000000
905.9500000000 0.0000000000
905.9600000000 0.0000000000
905.9700000000 0.0000000000
905.9800000000 0.0000000000
905.9900000000 0.0000000000
906.0000000000 0.0000000000
906.0100000000 0.0000000000
906.0200000000 0.0000000000
906.0300000000 0.0000000000
906.0400000000 0.0000000000
906.0500000000 0.0000000000
906.0600000000 0.0000000000
906.0700000000 0.0000000000
906.0800000000 0.0000000000
906.0900000000 0.0000000000
906.1000000000 0.0000000000
906.1100000000 0.0000000000
906.1200000000 0.0000000000
906.1300000000 0.0000000000
906.1400000000 0.0000000000
906.1500000000 0.0000000000
906.1600000000 0.0000000000
906.1700000000 0.0000000000
906.1800000000 0.0000000000
906.1900000000 0.0000000000
906.2000000000 0.0000000000
906.2100000000 0.0000000000
906.2200000000 0.0000000000
906.2300000000 0.0000000000
906.2400000000 0.0000000000
906.2500000000 0.0000000000
906.2600000000 0.0000000000
906.2700000000 0.0000000000
906.2800000000 0.0000000000
906.2900000000 0.0000000000
906.3000000000 0.0000000000
906.3100000000 0.0000000000
906.3200000000 0.0000000000
906.3300000000 0.0000000000
906.3400000000 0.0000000000
906.3500000000 0.0000000000
906.3600000000 0.0000000000
906.3700000000 0.0000000000
906.3800000000 0.0000000000
906.3900000000 0.0000000000
906.4000000000 0.0000000000
906.4100000000 0.0000000000
906.4200000000 0.0000000000
906.4300000000 0.0000000000
906.4400000000 0.0000000000
906.4500000000 0.0000000000
906.4600000000 0.0000000000
906.4700000000 0.0000000000
906.4800000000 0.0000000000
906.4900000000 0.0000000000
906.5000000000 0.0000000000
906.5100000000 0.0000000000
906.5200000000 0.0000000000
906.5300000000 0.0000000000
906.5400000000 0.0000000000
906.5500000000 0.0000000000
906.5600000000 0.0000000000
906.5700000000 0.0000000000
906.5800000000 0.0000000000
906.5900000000 0.0000000000
906.6000000000 0.0000000000
906.6100000000 0.0000000000
906.6200000000 0.0000000000
906.6300000000 0.0000000000
906.6400000000 0.0000000000
906.6500000000 0.0000000000
906.6600000000 0.0000000000
906.6700000000 0.0000000000
906.6800000000 0.0000000000
906.6900000000 0.0000000000
906.7000000000 0.0000000000
906.7100000000 0.0000000000
906.7200000000 0.0000000000
906.7300000000 0.0000000000
906.7400000000 0.0000000000
906.7500000000 0.0000000000
906.7600000000 0.0000000000
906.7700000000 0.0000000000
906.7800000000 0.0000000000
906.7900000000 0.0000000000
906.8000000000 0.0000000000
906.8100000000 0.0000000000
906.8200000000 0.0000000000
906.8300000000 0.0000000000
906.8400000000 0.0000000000
906.8500000000 0.0000000000
906.8600000000 0.0000000000
906.8700000000 0.0000000000
906.8800000000 0.0000000000
906.8900000000 0.0000000000
906.9000000000 0.0000000000
906.9100000000 0.0000000000
906.9200000000 0.0000000000
906.9300000000 0.0000000000
906.9400000000 0.0000000000
906.9500000000 0.0000000000
906.9600000000 0.0000000000
906.9700000000 0.0000000000
906.9800000000 0.0000000000
906.9900000000 0.0000000000
907.0000000000 0.0000000000
907.0100000000 0.0000000000
907.0200000000 0.0000000000
907.0300000000 0.0000000000
907.0400000000 0.0000000000
907.0500000000 0.0000000000
907.0600000000 0.0000000000
907.0700000000 0.0000000000
907.0800000000 0.0000000000
907.0900000000 0.0000000000
907.1000000000 0.0000000000
907.1100000000 0.0000000000
907.1200000000 0.0000000000
907.1300000000 0.0000000000
907.1400000000 0.0000000000
907.1500000000 0.0000000000
907.1600000000 0.0000000000
907.1700000000 0.0000000000
907.1800000000 0.0000000000
907.1900000000 0.0000000000
907.2000000000 0.0000000000
907.2100000000 0.0000000000
907.2200000000 0.0000000000
907.2300000000 0.0000000000
907.2400000000 0.0000000000
907.2500000000 0.0000000000
907.2600000000 0.0000000000
907.2700000000 0.0000000000
907.2800000000 0.0000000000
907.2900000000 0.0000000000
907.3000000000 0.0000000000
907.3100000000 0.0000000000
907.3200000000 0.0000000000
907.3300000000 0.0000000000
907.3400000000 0.0000000000
907.3500000000 0.0000000000
907.3600000000 0.0000000000
907.3700000000 0.0000000000
907.3800000000 0.0000000000
907.3900000000 0.0000000000
907.4000000000 0.0000000000
907.4100000000 0.0000000000
907.4200000000 0.0000000000
907.4300000000 0.0000000000
907.4400000000 0.0000000000
907.4500000000 0.0000000000
907.4600000000 0.0000000000
907.4700000000 0.0000000000
907.4800000000 0.0000000000
907.4900000000 0.0000000000
907.5000000000 0.0000000000
907.5100000000 0.0000000000
907.5200000000 0.0000000000
907.5300000000 0.0000000000
907.5400000000 0.0000000000
907.5500000000 0.0000000000
907.5600000000 0.0000000000
907.5700000000 0.0000000000
907.5800000000 0.0000000000
907.5900000000 0.0000000000
907.6000000000 0.0000000000
907.6100000000 0.0000000000
907.6200000000 0.0000000000
907.6300000000 0.0000000000
907.6400000000 0.0000000000
907.6500000000 0.0000000000
907.6600000000 0.0000000000
907.6700000000 0.0000000000
907.6800000000 0.0000000000
907.6900000000 0.0000000000
907.7000000000 0.0000000000
907.7100000000 0.0000000000
907.7200000000 0.0000000000
907.7300000000 0.0000000000
907.7400000000 0.0000000000
907.7500000000 0.0000000000
907.7600000000 0.0000000000
907.7700000000 0.0000000000
907.7800000000 0.0000000000
907.7900000000 0.0000000000
907.8000000000 0.0000000000
907.8100000000 0.0000000000
907.8200000000 0.0000000000
907.8300000000 0.0000000000
907.8400000000 0.0000000000
907.8500000000 0.0000000000
907.8600000000 0.0000000000
907.8700000000 0.0000000000
907.8800000000 0.0000000000
907.8900000000 0.0000000000
907.9000000000 0.0000000000
907.9100000000 0.0000000000
907.9200000000 0.0000000000
907.9300000000 0.0000000000
907.9400000000 0.0000000000
907.9500000000 0.0000000000
907.9600000000 0.0000000000
907.9700000000 0.0000000000
907.9800000000 0.0000000000
907.9900000000 0.0000000000
908.0000000000 0.0000000000
908.0100000000 0.0000000000
908.0200000000 0.0000000000
908.0300000000 0.0000000000
908.0400000000 0.0000000000
908.0500000000 0.0000000000
908.0600000000 0.0000000000
908.0700000000 0.0000000000
908.0800000000 0.0000000000
908.0900000000 0.0000000000
908.1000000000 0.0000000000
908.1100000000 0.0000000000
908.1200000000 0.0000000000
908.1300000000 0.0000000000
908.1400000000 0.0000000000
908.1500000000 0.0000000000
908.1600000000 0.0000000000
908.1700000000 0.0000000000
908.1800000000 0.0000000000
908.1900000000 0.0000000000
908.2000000000 0.0000000000
908.2100000000 0.0000000000
908.2200000000 0.0000000000
908.2300000000 0.0000000000
908.2400000000 0.0000000000
908.2500000000 0.0000000000
908.2600000000 0.0000000000
908.2700000000 0.0000000000
908.2800000000 0.0000000000
908.2900000000 0.0000000000
908.3000000000 0.0000000000
908.3100000000 0.0000000000
908.3200000000 0.0000000000
908.3300000000 0.0000000000
908.3400000000 0.0000000000
908.3500000000 0.0000000000
908.3600000000 0.0000000000
908.3700000000 0.0000000000
908.3800000000 0.0000000000
908.3900000000 0.0000000000
908.4000000000 0.0000000000
908.4100000000 0.0000000000
908.4200000000 0.0000000000
908.4300000000 0.0000000000
908.4400000000 0.0000000000
908.4500000000 0.0000000000
908.4600000000 0.0000000000
908.4700000000 0.0000000000
908.4800000000 0.0000000000
908.4900000000 0.0000000000
908.5000000000 0.0000000000
908.5100000000 0.0000000000
908.5200000000 0.0000000000
908.5300000000 0.0000000000
908.5400000000 0.0000000000
908.5500000000 0.0000000000
908.5600000000 0.0000000000
908.5700000000 0.0000000000
908.5800000000 0.0000000000
908.5900000000 0.0000000000
908.6000000000 0.0000000000
908.6100000000 0.0000000000
908.6200000000 0.0000000000
908.6300000000 0.0000000000
908.6400000000 0.0000000000
908.6500000000 0.0000000000
908.6600000000 0.0000000000
908.6700000000 0.0000000000
908.6800000000 0.0000000000
908.6900000000 0.0000000000
908.7000000000 0.0000000000
908.7100000000 0.0000000000
908.7200000000 0.0000000000
908.7300000000 0.0000000000
908.7400000000 0.0000000000
908.7500000000 0.0000000000
908.7600000000 0.0000000000
908.7700000000 0.0000000000
908.7800000000 0.0000000000
908.7900000000 0.0000000000
908.8000000000 0.0000000000
908.8100000000 0.0000000000
908.8200000000 0.0000000000
908.8300000000 0.0000000000
908.8400000000 0.0000000000
908.8500000000 0.0000000000
908.8600000000 0.0000000000
908.8700000000 0.0000000000
908.8800000000 0.0000000000
908.8900000000 0.0000000000
908.9000000000 0.0000000000
908.9100000000 0.0000000000
908.9200000000 0.0000000000
908.9300000000 0.0000000000
908.9400000000 0.0000000000
908.9500000000 0.0000000000
908.9600000000 0.0000000000
908.9700000000 0.0000000000
908.9800000000 0.0000000000
908.9900000000 0.0000000000
909.0000000000 0.0000000000
909.0100000000 0.0000000000
909.0200000000 0.0000000000
909.0300000000 0.0000000000
909.0400000000 0.0000000000
909.0500000000 0.0000000000
909.0600000000 0.0000000000
909.0700000000 0.0000000000
909.0800000000 0.0000000000
909.0900000000 0.0000000000
909.1000000000 0.0000000000
909.1100000000 0.0000000000
909.1200000000 0.0000000000
909.1300000000 0.0000000000
909.1400000000 0.0000000000
909.1500000000 0.0000000000
909.1600000000 0.0000000000
909.1700000000 0.0000000000
909.1800000000 0.0000000000
909.1900000000 0.0000000000
909.2000000000 0.0000000000
909.2100000000 0.0000000000
909.2200000000 0.0000000000
909.2300000000 0.0000000000
909.2400000000 0.0000000000
909.2500000000 0.0000000000
909.2600000000 0.0000000000
909.2700000000 0.0000000000
909.2800000000 0.0000000000
909.2900000000 0.0000000000
909.3000000000 0.0000000000
909.3100000000 0.0000000000
909.3200000000 0.0000000000
909.3300000000 0.0000000000
909.3400000000 0.0000000000
909.3500000000 0.0000000000
909.3600000000 0.0000000000
909.3700000000 0.0000000000
909.3800000000 0.0000000000
909.3900000000 0.0000000000
909.4000000000 0.0000000000
909.4100000000 0.0000000000
909.4200000000 0.0000000000
909.4300000000 0.0000000000
909.4400000000 0.0000000000
909.4500000000 0.0000000000
909.4600000000 0.0000000000
909.4700000000 0.0000000000
909.4800000000 0.0000000000
909.4900000000 0.0000000000
909.5000000000 0.0000000000
909.5100000000 0.0000000000
909.5200000000 0.0000000000
909.5300000000 0.0000000000
909.5400000000 0.0000000000
909.5500000000 0.0000000000
909.5600000000 0.0000000000
909.5700000000 0.0000000000
909.5800000000 0.0000000000
909.5900000000 0.0000000000
909.6000000000 0.0000000000
909.6100000000 0.0000000000
909.6200000000 0.0000000000
909.6300000000 0.0000000000
909.6400000000 0.0000000000
909.6500000000 0.0000000000
909.6600000000 0.0000000000
909.6700000000 0.0000000000
909.6800000000 0.0000000000
909.6900000000 0.0000000000
909.7000000000 0.0000000000
909.7100000000 0.0000000000
909.7200000000 0.0000000000
909.7300000000 0.0000000000
909.7400000000 0.0000000000
909.7500000000 0.0000000000
909.7600000000 0.0000000000
909.7700000000 0.0000000000
909.7800000000 0.0000000000
909.7900000000 0.0000000000
909.8000000000 0.0000000000
909.8100000000 0.0000000000
909.8200000000 0.0000000000
909.8300000000 0.0000000000
909.8400000000 0.0000000000
909.8500000000 0.0000000000
909.8600000000 0.0000000000
909.8700000000 0.0000000000
909.8800000000 0.0000000000
909.8900000000 0.0000000000
909.9000000000 0.0000000000
909.9100000000 0.0000000000
909.9200000000 0.0000000000
909.9300000000 0.0000000000
909.9400000000 0.0000000000
909.9500000000 0.0000000000
909.9600000000 0.0000000000
909.9700000000 0.0000000000
909.9800000000 0.0000000000
909.9900000000 0.0000000000
910.0000000000 0.0000000000
910.0100000000 0.0000000000
910.0200000000 0.0000000000
910.0300000000 0.0000000000
910.0400000000 0.0000000000
910.0500000000 0.0000000000
910.0600000000 0.0000000000
910.0700000000 0.0000000000
910.0800000000 0.0000000000
910.0900000000 0.0000000000
910.1000000000 0.0000000000
910.1100000000 0.0000000000
910.1200000000 0.0000000000
910.1300000000 0.0000000000
910.1400000000 0.0000000000
910.1500000000 0.0000000000
910.1600000000 0.0000000000
910.1700000000 0.0000000000
910.1800000000 0.0000000000
910.1900000000 0.0000000000
910.2000000000 0.0000000000
910.2100000000 0.0000000000
910.2200000000 0.0000000000
910.2300000000 0.0000000000
910.2400000000 0.0000000000
910.2500000000 0.0000000000
910.2600000000 0.0000000000
910.2700000000 0.0000000000
910.2800000000 0.0000000000
910.2900000000 0.0000000000
910.3000000000 0.0000000000
910.3100000000 0.0000000000
910.3200000000 0.0000000000
910.3300000000 0.0000000000
910.3400000000 0.0000000000
910.3500000000 0.0000000000
910.3600000000 0.0000000000
910.3700000000 0.0000000000
910.3800000000 0.0000000000
910.3900000000 0.0000000000
910.4000000000 0.0000000000
910.4100000000 0.0000000000
910.4200000000 0.0000000000
910.4300000000 0.0000000000
910.4400000000 0.0000000000
910.4500000000 0.0000000000
910.4600000000 0.0000000000
910.4700000000 0.0000000000
910.4800000000 0.0000000000
910.4900000000 0.0000000000
910.5000000000 0.0000000000
910.5100000000 0.0000000000
910.5200000000 0.0000000000
910.5300000000 0.0000000000
910.5400000000 0.0000000000
910.5500000000 0.0000000000
910.5600000000 0.0000000000
910.5700000000 0.0000000000
910.5800000000 0.0000000000
910.5900000000 0.0000000000
910.6000000000 0.0000000000
910.6100000000 0.0000000000
910.6200000000 0.0000000000
910.6300000000 0.0000000000
910.6400000000 0.0000000000
910.6500000000 0.0000000000
910.6600000000 0.0000000000
910.6700000000 0.0000000000
910.6800000000 0.0000000000
910.6900000000 0.0000000000
910.7000000000 0.0000000000
910.7100000000 0.0000000000
910.7200000000 0.0000000000
910.7300000000 0.0000000000
910.7400000000 0.0000000000
910.7500000000 0.0000000000
910.7600000000 0.0000000000
910.7700000000 0.0000000000
910.7800000000 0.0000000000
910.7900000000 0.0000000000
910.8000000000 0.0000000000
910.8100000000 0.0000000000
910.8200000000 0.0000000000
910.8300000000 0.0000000000
910.8400000000 0.0000000000
910.8500000000 0.0000000000
910.8600000000 0.0000000000
910.8700000000 0.0000000000
910.8800000000 0.0000000000
910.8900000000 0.0000000000
910.9000000000 0.0000000000
910.9100000000 0.0000000000
910.9200000000 0.0000000000
910.9300000000 0.0000000000
910.9400000000 0.0000000000
910.9500000000 0.0000000000
910.9600000000 0.0000000000
910.9700000000 0.0000000000
910.9800000000 0.0000000000
910.9900000000 0.0000000000
911.0000000000 0.0000000000
911.0100000000 0.0000000000
911.0200000000 0.0000000000
911.0300000000 0.0000000000
911.0400000000 0.0000000000
911.0500000000 0.0000000000
911.0600000000 0.0000000000
911.0700000000 0.0000000000
911.0800000000 0.0000000000
911.0900000000 0.0000000000
911.1000000000 0.0000000000
911.1100000000 0.0000000000
911.1200000000 0.0000000000
911.1300000000 0.0000000000
911.1400000000 0.0000000000
911.1500000000 0.0000000000
911.1600000000 0.0000000000
911.1700000000 0.0000000000
911.1800000000 0.0000000000
911.1900000000 0.0000000000
911.2000000000 0.0000000000
911.2100000000 0.0000000000
911.2200000000 0.0000000000
911.2300000000 0.0000000000
911.2400000000 0.0000000000
911.2500000000 0.0000000000
911.2600000000 0.0000000000
911.2700000000 0.0000000000
911.2800000000 0.0000000000
911.2900000000 0.0000000000
911.3000000000 0.0000000000
911.3100000000 0.0000000000
911.3200000000 0.0000000000
911.3300000000 0.0000000000
911.3400000000 0.0000000000
911.3500000000 0.0000000000
911.3600000000 0.0000000000
911.3700000000 0.0000000000
911.3800000000 0.0000000000
911.3900000000 0.0000000000
911.4000000000 0.0000000000
911.4100000000 0.0000000000
911.4200000000 0.0000000000
911.4300000000 0.0000000000
911.4400000000 0.0000000000
911.4500000000 0.0000000000
911.4600000000 0.0000000000
911.4700000000 0.0000000000
911.4800000000 0.0000000000
911.4900000000 0.0000000000
911.5000000000 0.0000000000
911.5100000000 0.0000000000
911.5200000000 0.0000000000
911.5300000000 0.0000000000
911.5400000000 0.0000000000
911.5500000000 0.0000000000
911.5600000000 0.0000000000
911.5700000000 0.0000000000
911.5800000000 0.0000000000
911.5900000000 0.0000000000
911.6000000000 0.0000000000
911.6100000000 0.0000000000
911.6200000000 0.0000000000
911.6300000000 0.0000000000
911.6400000000 0.0000000000
911.6500000000 0.0000000000
911.6600000000 0.0000000000
911.6700000000 0.0000000000
911.6800000000 0.0000000000
911.6900000000 0.0000000000
911.7000000000 0.0000000000
911.7100000000 0.0000000000
911.7200000000 0.0000000000
911.7300000000 0.0000000000
911.7400000000 0.0000000000
911.7500000000 0.0000000000
911.7600000000 0.0000000000
911.7700000000 0.0000000000
911.7800000000 0.0000000000
911.7900000000 0.0000000000
911.8000000000 0.0000000000
911.8100000000 0.0000000000
911.8200000000 0.0000000000
911.8300000000 0.0000000000
911.8400000000 0.0000000000
911.8500000000 0.0000000000
911.8600000000 0.0000000000
911.8700000000 0.0000000000
911.8800000000 0.0000000000
911.8900000000 0.0000000000
911.9000000000 0.0000000000
911.9100000000 0.0000000000
911.9200000000 0.0000000000
911.9300000000 0.0000000000
911.9400000000 0.0000000000
911.9500000000 0.0000000000
911.9600000000 0.0000000000
911.9700000000 0.0000000000
911.9800000000 0.0000000000
911.9900000000 0.0000000000
912.0000000000 0.0000000000
912.0100000000 0.0000000000
912.0200000000 0.0000000000
912.0300000000 0.0000000000
912.0400000000 0.0000000000
912.0500000000 0.0000000000
912.0600000000 0.0000000000
912.0700000000 0.0000000000
912.0800000000 0.0000000000
912.0900000000 0.0000000000
912.1000000000 0.0000000000
912.1100000000 0.0000000000
912.1200000000 0.0000000000
912.1300000000 0.0000000000
912.1400000000 0.0000000000
912.1500000000 0.0000000000
912.1600000000 0.0000000000
912.1700000000 0.0000000000
912.1800000000 0.0000000000
912.1900000000 0.0000000000
912.2000000000 0.0000000000
912.2100000000 0.0000000000
912.2200000000 0.0000000000
912.2300000000 0.0000000000
912.2400000000 0.0000000000
912.2500000000 0.0000000000
912.2600000000 0.0000000000
912.2700000000 0.0000000000
912.2800000000 0.0000000000
912.2900000000 0.0000000000
912.3000000000 0.0000000000
912.3100000000 0.0000000000
912.3200000000 0.0000000000
912.3300000000 0.0000000000
912.3400000000 0.0000000000
912.3500000000 0.0000000000
912.3600000000 0.0000000000
912.3700000000 0.0000000000
912.3800000000 0.0000000000
912.3900000000 0.0000000000
912.4000000000 0.0000000000
912.4100000000 0.0000000000
912.4200000000 0.0000000000
912.4300000000 0.0000000000
912.4400000000 0.0000000000
912.4500000000 0.0000000000
912.4600000000 0.0000000000
912.4700000000 0.0000000000
912.4800000000 0.0000000000
912.4900000000 0.0000000000
912.5000000000 0.0000000000
912.5100000000 0.0000000000
912.5200000000 0.0000000000
912.5300000000 0.0000000000
912.5400000000 0.0000000000
912.5500000000 0.0000000000
912.5600000000 0.0000000000
912.5700000000 0.0000000000
912.5800000000 0.0000000000
912.5900000000 0.0000000000
912.6000000000 0.0000000000
912.6100000000 0.0000000000
912.6200000000 0.0000000000
912.6300000000 0.0000000000
912.6400000000 0.0000000000
912.6500000000 0.0000000000
912.6600000000 0.0000000000
912.6700000000 0.0000000000
912.6800000000 0.0000000000
912.6900000000 0.0000000000
912.7000000000 0.0000000000
912.7100000000 0.0000000000
912.7200000000 0.0000000000
912.7300000000 0.0000000000
912.7400000000 0.0000000000
912.7500000000 0.0000000000
912.7600000000 0.0000000000
912.7700000000 0.0000000000
912.7800000000 0.0000000000
912.7900000000 0.0000000000
912.8000000000 0.0000000000
912.8100000000 0.0000000000
912.8200000000 0.0000000000
912.8300000000 0.0000000000
912.8400000000 0.0000000000
912.8500000000 0.0000000000
912.8600000000 0.0000000000
912.8700000000 0.0000000000
912.8800000000 0.0000000000
912.8900000000 0.0000000000
912.9000000000 0.0000000000
912.9100000000 0.0000000000
912.9200000000 0.0000000000
912.9300000000 0.0000000000
912.9400000000 0.0000000000
912.9500000000 0.0000000000
912.9600000000 0.0000000000
912.9700000000 0.0000000000
912.9800000000 0.0000000000
912.9900000000 0.0000000000
913.0000000000 0.0000000000
913.0100000000 0.0000000000
913.0200000000 0.0000000000
913.0300000000 0.0000000000
913.0400000000 0.0000000000
913.0500000000 0.0000000000
913.0600000000 0.0000000000
913.0700000000 0.0000000000
913.0800000000 0.0000000000
913.0900000000 0.0000000000
913.1000000000 0.0000000000
913.1100000000 0.0000000000
913.1200000000 0.0000000000
913.1300000000 0.0000000000
913.1400000000 0.0000000000
913.1500000000 0.0000000000
913.1600000000 0.0000000000
913.1700000000 0.0000000000
913.1800000000 0.0000000000
913.1900000000 0.0000000000
913.2000000000 0.0000000000
913.2100000000 0.0000000000
913.2200000000 0.0000000000
913.2300000000 0.0000000000
913.2400000000 0.0000000000
913.2500000000 0.0000000000
913.2600000000 0.0000000000
913.2700000000 0.0000000000
913.2800000000 0.0000000000
913.2900000000 0.0000000000
913.3000000000 0.0000000000
913.3100000000 0.0000000000
913.3200000000 0.0000000000
913.3300000000 0.0000000000
913.3400000000 0.0000000000
913.3500000000 0.0000000000
913.3600000000 0.0000000000
913.3700000000 0.0000000000
913.3800000000 0.0000000000
913.3900000000 0.0000000000
913.4000000000 0.0000000000
913.4100000000 0.0000000000
913.4200000000 0.0000000000
913.4300000000 0.0000000000
913.4400000000 0.0000000000
913.4500000000 0.0000000000
913.4600000000 0.0000000000
913.4700000000 0.0000000000
913.4800000000 0.0000000000
913.4900000000 0.0000000000
913.5000000000 0.0000000000
913.5100000000 0.0000000000
913.5200000000 0.0000000000
913.5300000000 0.0000000000
913.5400000000 0.0000000000
913.5500000000 0.0000000000
913.5600000000 0.0000000000
913.5700000000 0.0000000000
913.5800000000 0.0000000000
913.5900000000 0.0000000000
913.6000000000 0.0000000000
913.6100000000 0.0000000000
913.6200000000 0.0000000000
913.6300000000 0.0000000000
913.6400000000 0.0000000000
913.6500000000 0.0000000000
913.6600000000 0.0000000000
913.6700000000 0.0000000000
913.6800000000 0.0000000000
913.6900000000 0.0000000000
913.7000000000 0.0000000000
913.7100000000 0.0000000000
913.7200000000 0.0000000000
913.7300000000 0.0000000000
913.7400000000 0.0000000000
913.7500000000 0.0000000000
913.7600000000 0.0000000000
913.7700000000 0.0000000000
913.7800000000 0.0000000000
913.7900000000 0.0000000000
913.8000000000 0.0000000000
913.8100000000 0.0000000000
913.8200000000 0.0000000000
913.8300000000 0.0000000000
913.8400000000 0.0000000000
913.8500000000 0.0000000000
913.8600000000 0.0000000000
913.8700000000 0.0000000000
913.8800000000 0.0000000000
913.8900000000 0.0000000000
913.9000000000 0.0000000000
913.9100000000 0.0000000000
913.9200000000 0.0000000000
913.9300000000 0.0000000000
913.9400000000 0.0000000000
913.9500000000 0.0000000000
913.9600000000 0.0000000000
913.9700000000 0.0000000000
913.9800000000 0.0000000000
913.9900000000 0.0000000000
914.0000000000 0.0000000000
914.0100000000 0.0000000000
914.0200000000 0.0000000000
914.0300000000 0.0000000000
914.0400000000 0.0000000000
914.0500000000 0.0000000000
914.0600000000 0.0000000000
914.0700000000 0.0000000000
914.0800000000 0.0000000000
914.0900000000 0.0000000000
914.1000000000 0.0000000000
914.1100000000 0.0000000000
914.1200000000 0.0000000000
914.1300000000 0.0000000000
914.1400000000 0.0000000000
914.1500000000 0.0000000000
914.1600000000 0.0000000000
914.1700000000 0.0000000000
914.1800000000 0.0000000000
914.1900000000 0.0000000000
914.2000000000 0.0000000000
914.2100000000 0.0000000000
914.2200000000 0.0000000000
914.2300000000 0.0000000000
914.2400000000 0.0000000000
914.2500000000 0.0000000000
914.2600000000 0.0000000000
914.2700000000 0.0000000000
914.2800000000 0.0000000000
914.2900000000 0.0000000000
914.3000000000 0.0000000000
914.3100000000 0.0000000000
914.3200000000 0.0000000000
914.3300000000 0.0000000000
914.3400000000 0.0000000000
914.3500000000 0.0000000000
914.3600000000 0.0000000000
914.3700000000 0.0000000000
914.3800000000 0.0000000000
914.3900000000 0.0000000000
914.4000000000 0.0000000000
914.4100000000 0.0000000000
914.4200000000 0.0000000000
914.4300000000 0.0000000000
914.4400000000 0.0000000000
914.4500000000 0.0000000000
914.4600000000 0.0000000000
914.4700000000 0.0000000000
914.4800000000 0.0000000000
914.4900000000 0.0000000000
914.5000000000 0.0000000000
914.5100000000 0.0000000000
914.5200000000 0.0000000000
914.5300000000 0.0000000000
914.5400000000 0.0000000000
914.5500000000 0.0000000000
914.5600000000 0.0000000000
914.5700000000 0.0000000000
914.5800000000 0.0000000000
914.5900000000 0.0000000000
914.6000000000 0.0000000000
914.6100000000 0.0000000000
914.6200000000 0.0000000000
914.6300000000 0.0000000000
914.6400000000 0.0000000000
914.6500000000 0.0000000000
914.6600000000 0.0000000000
914.6700000000 0.0000000000
914.6800000000 0.0000000000
914.6900000000 0.0000000000
914.7000000000 0.0000000000
914.7100000000 0.0000000000
914.7200000000 0.0000000000
914.7300000000 0.0000000000
914.7400000000 0.0000000000
914.7500000000 0.0000000000
914.7600000000 0.0000000000
914.7700000000 0.0000000000
914.7800000000 0.0000000000
914.7900000000 0.0000000000
914.8000000000 0.0000000000
914.8100000000 0.0000000000
914.8200000000 0.0000000000
914.8300000000 0.0000000000
914.8400000000 0.0000000000
914.8500000000 0.0000000000
914.8600000000 0.0000000000
914.8700000000 0.0000000000
914.8800000000 0.0000000000
914.8900000000 0.0000000000
914.9000000000 0.0000000000
914.9100000000 0.0000000000
914.9200000000 0.0000000000
914.9300000000 0.0000000000
914.9400000000 0.0000000000
914.9500000000 0.0000000000
914.9600000000 0.0000000000
914.9700000000 0.0000000000
914.9800000000 0.0000000000
914.9900000000 0.0000000000
915.0000000000 0.0000000000
915.0100000000 0.0000000000
915.0200000000 0.0000000000
915.0300000000 0.0000000000
915.0400000000 0.0000000000
915.0500000000 0.0000000000
915.0600000000 0.0000000000
915.0700000000 0.0000000000
915.0800000000 0.0000000000
915.0900000000 0.0000000000
915.1000000000 0.0000000000
915.1100000000 0.0000000000
915.1200000000 0.0000000000
915.1300000000 0.0000000000
915.1400000000 0.0000000000
915.1500000000 0.0000000000
915.1600000000 0.0000000000
915.1700000000 0.0000000000
915.1800000000 0.0000000000
915.1900000000 0.0000000000
915.2000000000 0.0000000000
915.2100000000 0.0000000000
915.2200000000 0.0000000000
915.2300000000 0.0000000000
915.2400000000 0.0000000000
915.2500000000 0.0000000000
915.2600000000 0.0000000000
915.2700000000 0.0000000000
915.2800000000 0.0000000000
915.2900000000 0.0000000000
915.3000000000 0.0000000000
915.3100000000 0.0000000000
915.3200000000 0.0000000000
915.3300000000 0.0000000000
915.3400000000 0.0000000000
915.3500000000 0.0000000000
915.3600000000 0.0000000000
915.3700000000 0.0000000000
915.3800000000 0.0000000000
915.3900000000 0.0000000000
915.4000000000 0.0000000000
915.4100000000 0.0000000000
915.4200000000 0.0000000000
915.4300000000 0.0000000000
915.4400000000 0.0000000000
915.4500000000 0.0000000000
915.4600000000 0.0000000000
915.4700000000 0.0000000000
915.4800000000 0.0000000000
915.4900000000 0.0000000000
915.5000000000 0.0000000000
915.5100000000 0.0000000000
915.5200000000 0.0000000000
915.5300000000 0.0000000000
915.5400000000 0.0000000000
915.5500000000 0.0000000000
915.5600000000 0.0000000000
915.5700000000 0.0000000000
915.5800000000 0.0000000000
915.5900000000 0.0000000000
915.6000000000 0.0000000000
915.6100000000 0.0000000000
915.6200000000 0.0000000000
915.6300000000 0.0000000000
915.6400000000 0.0000000000
915.6500000000 0.0000000000
915.6600000000 0.0000000000
915.6700000000 0.0000000000
915.6800000000 0.0000000000
915.6900000000 0.0000000000
915.7000000000 0.0000000000
915.7100000000 0.0000000000
915.7200000000 0.0000000000
915.7300000000 0.0000000000
915.7400000000 0.0000000000
915.7500000000 0.0000000000
915.7600000000 0.0000000000
915.7700000000 0.0000000000
915.7800000000 0.0000000000
915.7900000000 0.0000000000
915.8000000000 0.0000000000
915.8100000000 0.0000000000
915.8200000000 0.0000000000
915.8300000000 0.0000000000
915.8400000000 0.0000000000
915.8500000000 0.0000000000
915.8600000000 0.0000000000
915.8700000000 0.0000000000
915.8800000000 0.0000000000
915.8900000000 0.0000000000
915.9000000000 0.0000000000
915.9100000000 0.0000000000
915.9200000000 0.0000000000
915.9300000000 0.0000000000
915.9400000000 0.0000000000
915.9500000000 0.0000000000
915.9600000000 0.0000000000
915.9700000000 0.0000000000
915.9800000000 0.0000000000
915.9900000000 0.0000000000
916.0000000000 0.0000000000
916.0100000000 0.0000000000
916.0200000000 0.0000000000
916.0300000000 0.0000000000
916.0400000000 0.0000000000
916.0500000000 0.0000000000
916.0600000000 0.0000000000
916.0700000000 0.0000000000
916.0800000000 0.0000000000
916.0900000000 0.0000000000
916.1000000000 0.0000000000
916.1100000000 0.0000000000
916.1200000000 0.0000000000
916.1300000000 0.0000000000
916.1400000000 0.0000000000
916.1500000000 0.0000000000
916.1600000000 0.0000000000
916.1700000000 0.0000000000
916.1800000000 0.0000000000
916.1900000000 0.0000000000
916.2000000000 0.0000000000
916.2100000000 0.0000000000
916.2200000000 0.0000000000
916.2300000000 0.0000000000
916.2400000000 0.0000000000
916.2500000000 0.0000000000
916.2600000000 0.0000000000
916.2700000000 0.0000000000
916.2800000000 0.0000000000
916.2900000000 0.0000000000
916.3000000000 0.0000000000
916.3100000000 0.0000000000
916.3200000000 0.0000000000
916.3300000000 0.0000000000
916.3400000000 0.0000000000
916.3500000000 0.0000000000
916.3600000000 0.0000000000
916.3700000000 0.0000000000
916.3800000000 0.0000000000
916.3900000000 0.0000000000
916.4000000000 0.0000000000
916.4100000000 0.0000000000
916.4200000000 0.0000000000
916.4300000000 0.0000000000
916.4400000000 0.0000000000
916.4500000000 0.0000000000
916.4600000000 0.0000000000
916.4700000000 0.0000000000
916.4800000000 0.0000000000
916.4900000000 0.0000000000
916.5000000000 0.0000000000
916.5100000000 0.0000000000
916.5200000000 0.0000000000
916.5300000000 0.0000000000
916.5400000000 0.0000000000
916.5500000000 0.0000000000
916.5600000000 0.0000000000
916.5700000000 0.0000000000
916.5800000000 0.0000000000
916.5900000000 0.0000000000
916.6000000000 0.0000000000
916.6100000000 0.0000000000
916.6200000000 0.0000000000
916.6300000000 0.0000000000
916.6400000000 0.0000000000
916.6500000000 0.0000000000
916.6600000000 0.0000000000
916.6700000000 0.0000000000
916.6800000000 0.0000000000
916.6900000000 0.0000000000
916.7000000000 0.0000000000
916.7100000000 0.0000000000
916.7200000000 0.0000000000
916.7300000000 0.0000000000
916.7400000000 0.0000000000
916.7500000000 0.0000000000
916.7600000000 0.0000000000
916.7700000000 0.0000000000
916.7800000000 0.0000000000
916.7900000000 0.0000000000
916.8000000000 0.0000000000
916.8100000000 0.0000000000
916.8200000000 0.0000000000
916.8300000000 0.0000000000
916.8400000000 0.0000000000
916.8500000000 0.0000000000
916.8600000000 0.0000000000
916.8700000000 0.0000000000
916.8800000000 0.0000000000
916.8900000000 0.0000000000
916.9000000000 0.0000000000
916.9100000000 0.0000000000
916.9200000000 0.0000000000
916.9300000000 0.0000000000
916.9400000000 0.0000000000
916.9500000000 0.0000000000
916.9600000000 0.0000000000
916.9700000000 0.0000000000
916.9800000000 0.0000000000
916.9900000000 0.0000000000
917.0000000000 0.0000000000
917.0100000000 0.0000000000
917.0200000000 0.0000000000
917.0300000000 0.0000000000
917.0400000000 0.0000000000
917.0500000000 0.0000000000
917.0600000000 0.0000000000
917.0700000000 0.0000000000
917.0800000000 0.0000000000
917.0900000000 0.0000000000
917.1000000000 0.0000000000
917.1100000000 0.0000000000
917.1200000000 0.0000000000
917.1300000000 0.0000000000
917.1400000000 0.0000000000
917.1500000000 0.0000000000
917.1600000000 0.0000000000
917.1700000000 0.0000000000
917.1800000000 0.0000000000
917.1900000000 0.0000000000
917.2000000000 0.0000000000
917.2100000000 0.0000000000
917.2200000000 0.0000000000
917.2300000000 0.0000000000
917.2400000000 0.0000000000
917.2500000000 0.0000000000
917.2600000000 0.0000000000
917.2700000000 0.0000000000
917.2800000000 0.0000000000
917.2900000000 0.0000000000
917.3000000000 0.0000000000
917.3100000000 0.0000000000
917.3200000000 0.0000000000
917.3300000000 0.0000000000
917.3400000000 0.0000000000
917.3500000000 0.0000000000
917.3600000000 0.0000000000
917.3700000000 0.0000000000
917.3800000000 0.0000000000
917.3900000000 0.0000000000
917.4000000000 0.0000000000
917.4100000000 0.0000000000
917.4200000000 0.0000000000
917.4300000000 0.0000000000
917.4400000000 0.0000000000
917.4500000000 0.0000000000
917.4600000000 0.0000000000
917.4700000000 0.0000000000
917.4800000000 0.0000000000
917.4900000000 0.0000000000
917.5000000000 0.0000000000
917.5100000000 0.0000000000
917.5200000000 0.0000000000
917.5300000000 0.0000000000
917.5400000000 0.0000000000
917.5500000000 0.0000000000
917.5600000000 0.0000000000
917.5700000000 0.0000000000
917.5800000000 0.0000000000
917.5900000000 0.0000000000
917.6000000000 0.0000000000
917.6100000000 0.0000000000
917.6200000000 0.0000000000
917.6300000000 0.0000000000
917.6400000000 0.0000000000
917.6500000000 0.0000000000
917.6600000000 0.0000000000
917.6700000000 0.0000000000
917.6800000000 0.0000000000
917.6900000000 0.0000000000
917.7000000000 0.0000000000
917.7100000000 0.0000000000
917.7200000000 0.0000000000
917.7300000000 0.0000000000
917.7400000000 0.0000000000
917.7500000000 0.0000000000
917.7600000000 0.0000000000
917.7700000000 0.0000000000
917.7800000000 0.0000000000
917.7900000000 0.0000000000
917.8000000000 0.0000000000
917.8100000000 0.0000000000
917.8200000000 0.0000000000
917.8300000000 0.0000000000
917.8400000000 0.0000000000
917.8500000000 0.0000000000
917.8600000000 0.0000000000
917.8700000000 0.0000000000
917.8800000000 0.0000000000
917.8900000000 0.0000000000
917.9000000000 0.0000000000
917.9100000000 0.0000000000
917.9200000000 0.0000000000
917.9300000000 0.0000000000
917.9400000000 0.0000000000
917.9500000000 0.0000000000
917.9600000000 0.0000000000
917.9700000000 0.0000000000
917.9800000000 0.0000000000
917.9900000000 0.0000000000
918.0000000000 0.0000000000
918.0100000000 0.0000000000
918.0200000000 0.0000000000
918.0300000000 0.0000000000
918.0400000000 0.0000000000
918.0500000000 0.0000000000
918.0600000000 0.0000000000
918.0700000000 0.0000000000
918.0800000000 0.0000000000
918.0900000000 0.0000000000
918.1000000000 0.0000000000
918.1100000000 0.0000000000
918.1200000000 0.0000000000
918.1300000000 0.0000000000
918.1400000000 0.0000000000
918.1500000000 0.0000000000
918.1600000000 0.0000000000
918.1700000000 0.0000000000
918.1800000000 0.0000000000
918.1900000000 0.0000000000
918.2000000000 0.0000000000
918.2100000000 0.0000000000
918.2200000000 0.0000000000
918.2300000000 0.0000000000
918.2400000000 0.0000000000
918.2500000000 0.0000000000
918.2600000000 0.0000000000
918.2700000000 0.0000000000
918.2800000000 0.0000000000
918.2900000000 0.0000000000
918.3000000000 0.0000000000
918.3100000000 0.0000000000
918.3200000000 0.0000000000
918.3300000000 0.0000000000
918.3400000000 0.0000000000
918.3500000000 0.0000000000
918.3600000000 0.0000000000
918.3700000000 0.0000000000
918.3800000000 0.0000000000
918.3900000000 0.0000000000
918.4000000000 0.0000000000
918.4100000000 0.0000000000
918.4200000000 0.0000000000
918.4300000000 0.0000000000
918.4400000000 0.0000000000
918.4500000000 0.0000000000
918.4600000000 0.0000000000
918.4700000000 0.0000000000
918.4800000000 0.0000000000
918.4900000000 0.0000000000
918.5000000000 0.0000000000
918.5100000000 0.0000000000
918.5200000000 0.0000000000
918.5300000000 0.0000000000
918.5400000000 0.0000000000
918.5500000000 0.0000000000
918.5600000000 0.0000000000
918.5700000000 0.0000000000
918.5800000000 0.0000000000
918.5900000000 0.0000000000
918.6000000000 0.0000000000
918.6100000000 0.0000000000
918.6200000000 0.0000000000
918.6300000000 0.0000000000
918.6400000000 0.0000000000
918.6500000000 0.0000000000
918.6600000000 0.0000000000
918.6700000000 0.0000000000
918.6800000000 0.0000000000
918.6900000000 0.0000000000
918.7000000000 0.0000000000
918.7100000000 0.0000000000
918.7200000000 0.0000000000
918.7300000000 0.0000000000
918.7400000000 0.0000000000
918.7500000000 0.0000000000
918.7600000000 0.0000000000
918.7700000000 0.0000000000
918.7800000000 0.0000000000
918.7900000000 0.0000000000
918.8000000000 0.0000000000
918.8100000000 0.0000000000
918.8200000000 0.0000000000
918.8300000000 0.0000000000
918.8400000000 0.0000000000
918.8500000000 0.0000000000
918.8600000000 0.0000000000
918.8700000000 0.0000000000
918.8800000000 0.0000000000
918.8900000000 0.0000000000
918.9000000000 0.0000000000
918.9100000000 0.0000000000
918.9200000000 0.0000000000
918.9300000000 0.0000000000
918.9400000000 0.0000000000
918.9500000000 0.0000000000
918.9600000000 0.0000000000
918.9700000000 0.0000000000
918.9800000000 0.0000000000
918.9900000000 0.0000000000
919.0000000000 0.0000000000
919.0100000000 0.0000000000
919.0200000000 0.0000000000
919.0300000000 0.0000000000
919.0400000000 0.0000000000
919.0500000000 0.0000000000
919.0600000000 0.0000000000
919.0700000000 0.0000000000
919.0800000000 0.0000000000
919.0900000000 0.0000000000
919.1000000000 0.0000000000
919.1100000000 0.0000000000
919.1200000000 0.0000000000
919.1300000000 0.0000000000
919.1400000000 0.0000000000
919.1500000000 0.0000000000
919.1600000000 0.0000000000
919.1700000000 0.0000000000
919.1800000000 0.0000000000
919.1900000000 0.0000000000
919.2000000000 0.0000000000
919.2100000000 0.0000000000
919.2200000000 0.0000000000
919.2300000000 0.0000000000
919.2400000000 0.0000000000
919.2500000000 0.0000000000
919.2600000000 0.0000000000
919.2700000000 0.0000000000
919.2800000000 0.0000000000
919.2900000000 0.0000000000
919.3000000000 0.0000000000
919.3100000000 0.0000000000
919.3200000000 0.0000000000
919.3300000000 0.0000000000
919.3400000000 0.0000000000
919.3500000000 0.0000000000
919.3600000000 0.0000000000
919.3700000000 0.0000000000
919.3800000000 0.0000000000
919.3900000000 0.0000000000
919.4000000000 0.0000000000
919.4100000000 0.0000000000
919.4200000000 0.0000000000
919.4300000000 0.0000000000
919.4400000000 0.0000000000
919.4500000000 0.0000000000
919.4600000000 0.0000000000
919.4700000000 0.0000000000
919.4800000000 0.0000000000
919.4900000000 0.0000000000
919.5000000000 0.0000000000
919.5100000000 0.0000000000
919.5200000000 0.0000000000
919.5300000000 0.0000000000
919.5400000000 0.0000000000
919.5500000000 0.0000000000
919.5600000000 0.0000000000
919.5700000000 0.0000000000
919.5800000000 0.0000000000
919.5900000000 0.0000000000
919.6000000000 0.0000000000
919.6100000000 0.0000000000
919.6200000000 0.0000000000
919.6300000000 0.0000000000
919.6400000000 0.0000000000
919.6500000000 0.0000000000
919.6600000000 0.0000000000
919.6700000000 0.0000000000
919.6800000000 0.0000000000
919.6900000000 0.0000000000
919.7000000000 0.0000000000
919.7100000000 0.0000000000
919.7200000000 0.0000000000
919.7300000000 0.0000000000
919.7400000000 0.0000000000
919.7500000000 0.0000000000
919.7600000000 0.0000000000
919.7700000000 0.0000000000
919.7800000000 0.0000000000
919.7900000000 0.0000000000
919.8000000000 0.0000000000
919.8100000000 0.0000000000
919.8200000000 0.0000000000
919.8300000000 0.0000000000
919.8400000000 0.0000000000
919.8500000000 0.0000000000
919.8600000000 0.0000000000
919.8700000000 0.0000000000
919.8800000000 0.0000000000
919.8900000000 0.0000000000
919.9000000000 0.0000000000
919.9100000000 0.0000000000
919.9200000000 0.0000000000
919.9300000000 0.0000000000
919.9400000000 0.0000000000
919.9500000000 0.0000000000
919.9600000000 0.0000000000
919.9700000000 0.0000000000
919.9800000000 0.0000000000
919.9900000000 0.0000000000
920.0000000000 0.0000000000
920.0100000000 0.0000000000
920.0200000000 0.0000000000
920.0300000000 0.0000000000
920.0400000000 0.0000000000
920.0500000000 0.0000000000
920.0600000000 0.0000000000
920.0700000000 0.0000000000
920.0800000000 0.0000000000
920.0900000000 0.0000000000
920.1000000000 0.0000000000
920.1100000000 0.0000000000
920.1200000000 0.0000000000
920.1300000000 0.0000000000
920.1400000000 0.0000000000
920.1500000000 0.0000000000
920.1600000000 0.0000000000
920.1700000000 0.0000000000
920.1800000000 0.0000000000
920.1900000000 0.0000000000
920.2000000000 0.0000000000
920.2100000000 0.0000000000
920.2200000000 0.0000000000
920.2300000000 0.0000000000
920.2400000000 0.0000000000
920.2500000000 0.0000000000
920.2600000000 0.0000000000
920.2700000000 0.0000000000
920.2800000000 0.0000000000
920.2900000000 0.0000000000
920.3000000000 0.0000000000
920.3100000000 0.0000000000
920.3200000000 0.0000000000
920.3300000000 0.0000000000
920.3400000000 0.0000000000
920.3500000000 0.0000000000
920.3600000000 0.0000000000
920.3700000000 0.0000000000
920.3800000000 0.0000000000
920.3900000000 0.0000000000
920.4000000000 0.0000000000
920.4100000000 0.0000000000
920.4200000000 0.0000000000
920.4300000000 0.0000000000
920.4400000000 0.0000000000
920.4500000000 0.0000000000
920.4600000000 0.0000000000
920.4700000000 0.0000000000
920.4800000000 0.0000000000
920.4900000000 0.0000000000
920.5000000000 0.0000000000
920.5100000000 0.0000000000
920.5200000000 0.0000000000
920.5300000000 0.0000000000
920.5400000000 0.0000000000
920.5500000000 0.0000000000
920.5600000000 0.0000000000
920.5700000000 0.0000000000
920.5800000000 0.0000000000
920.5900000000 0.0000000000
920.6000000000 0.0000000000
920.6100000000 0.0000000000
920.6200000000 0.0000000000
920.6300000000 0.0000000000
920.6400000000 0.0000000000
920.6500000000 0.0000000000
920.6600000000 0.0000000000
920.6700000000 0.0000000000
920.6800000000 0.0000000000
920.6900000000 0.0000000000
920.7000000000 0.0000000000
920.7100000000 0.0000000000
920.7200000000 0.0000000000
920.7300000000 0.0000000000
920.7400000000 0.0000000000
920.7500000000 0.0000000000
920.7600000000 0.0000000000
920.7700000000 0.0000000000
920.7800000000 0.0000000000
920.7900000000 0.0000000000
920.8000000000 0.0000000000
920.8100000000 0.0000000000
920.8200000000 0.0000000000
920.8300000000 0.0000000000
920.8400000000 0.0000000000
920.8500000000 0.0000000000
920.8600000000 0.0000000000
920.8700000000 0.0000000000
920.8800000000 0.0000000000
920.8900000000 0.0000000000
920.9000000000 0.0000000000
920.9100000000 0.0000000000
920.9200000000 0.0000000000
920.9300000000 0.0000000000
920.9400000000 0.0000000000
920.9500000000 0.0000000000
920.9600000000 0.0000000000
920.9700000000 0.0000000000
920.9800000000 0.0000000000
920.9900000000 0.0000000000
921.0000000000 0.0000000000
921.0100000000 0.0000000000
921.0200000000 0.0000000000
921.0300000000 0.0000000000
921.0400000000 0.0000000000
921.0500000000 0.0000000000
921.0600000000 0.0000000000
921.0700000000 0.0000000000
921.0800000000 0.0000000000
921.0900000000 0.0000000000
921.1000000000 0.0000000000
921.1100000000 0.0000000000
921.1200000000 0.0000000000
921.1300000000 0.0000000000
921.1400000000 0.0000000000
921.1500000000 0.0000000000
921.1600000000 0.0000000000
921.1700000000 0.0000000000
921.1800000000 0.0000000000
921.1900000000 0.0000000000
921.2000000000 0.0000000000
921.2100000000 0.0000000000
921.2200000000 0.0000000000
921.2300000000 0.0000000000
921.2400000000 0.0000000000
921.2500000000 0.0000000000
921.2600000000 0.0000000000
921.2700000000 0.0000000000
921.2800000000 0.0000000000
921.2900000000 0.0000000000
921.3000000000 0.0000000000
921.3100000000 0.0000000000
921.3200000000 0.0000000000
921.3300000000 0.0000000000
921.3400000000 0.0000000000
921.3500000000 0.0000000000
921.3600000000 0.0000000000
921.3700000000 0.0000000000
921.3800000000 0.0000000000
921.3900000000 0.0000000000
921.4000000000 0.0000000000
921.4100000000 0.0000000000
921.4200000000 0.0000000000
921.4300000000 0.0000000000
921.4400000000 0.0000000000
921.4500000000 0.0000000000
921.4600000000 0.0000000000
921.4700000000 0.0000000000
921.4800000000 0.0000000000
921.4900000000 0.0000000000
921.5000000000 0.0000000000
921.5100000000 0.0000000000
921.5200000000 0.0000000000
921.5300000000 0.0000000000
921.5400000000 0.0000000000
921.5500000000 0.0000000000
921.5600000000 0.0000000000
921.5700000000 0.0000000000
921.5800000000 0.0000000000
921.5900000000 0.0000000000
921.6000000000 0.0000000000
921.6100000000 0.0000000000
921.6200000000 0.0000000000
921.6300000000 0.0000000000
921.6400000000 0.0000000000
921.6500000000 0.0000000000
921.6600000000 0.0000000000
921.6700000000 0.0000000000
921.6800000000 0.0000000000
921.6900000000 0.0000000000
921.7000000000 0.0000000000
921.7100000000 0.0000000000
921.7200000000 0.0000000000
921.7300000000 0.0000000000
921.7400000000 0.0000000000
921.7500000000 0.0000000000
921.7600000000 0.0000000000
921.7700000000 0.0000000000
921.7800000000 0.0000000000
921.7900000000 0.0000000000
921.8000000000 0.0000000000
921.8100000000 0.0000000000
921.8200000000 0.0000000000
921.8300000000 0.0000000000
921.8400000000 0.0000000000
921.8500000000 0.0000000000
921.8600000000 0.0000000000
921.8700000000 0.0000000000
921.8800000000 0.0000000000
921.8900000000 0.0000000000
921.9000000000 0.0000000000
921.9100000000 0.0000000000
921.9200000000 0.0000000000
921.9300000000 0.0000000000
921.9400000000 0.0000000000
921.9500000000 0.0000000000
921.9600000000 0.0000000000
921.9700000000 0.0000000000
921.9800000000 0.0000000000
921.9900000000 0.0000000000
922.0000000000 0.0000000000
922.0100000000 0.0000000000
922.0200000000 0.0000000000
922.0300000000 0.0000000000
922.0400000000 0.0000000000
922.0500000000 0.0000000000
922.0600000000 0.0000000000
922.0700000000 0.0000000000
922.0800000000 0.0000000000
922.0900000000 0.0000000000
922.1000000000 0.0000000000
922.1100000000 0.0000000000
922.1200000000 0.0000000000
922.1300000000 0.0000000000
922.1400000000 0.0000000000
922.1500000000 0.0000000000
922.1600000000 0.0000000000
922.1700000000 0.0000000000
922.1800000000 0.0000000000
922.1900000000 0.0000000000
922.2000000000 0.0000000000
922.2100000000 0.0000000000
922.2200000000 0.0000000000
922.2300000000 0.0000000000
922.2400000000 0.0000000000
922.2500000000 0.0000000000
922.2600000000 0.0000000000
922.2700000000 0.0000000000
922.2800000000 0.0000000000
922.2900000000 0.0000000000
922.3000000000 0.0000000000
922.3100000000 0.0000000000
922.3200000000 0.0000000000
922.3300000000 0.0000000000
922.3400000000 0.0000000000
922.3500000000 0.0000000000
922.3600000000 0.0000000000
922.3700000000 0.0000000000
922.3800000000 0.0000000000
922.3900000000 0.0000000000
922.4000000000 0.0000000000
922.4100000000 0.0000000000
922.4200000000 0.0000000000
922.4300000000 0.0000000000
922.4400000000 0.0000000000
922.4500000000 0.0000000000
922.4600000000 0.0000000000
922.4700000000 0.0000000000
922.4800000000 0.0000000000
922.4900000000 0.0000000000
922.5000000000 0.0000000000
922.5100000000 0.0000000000
922.5200000000 0.0000000000
922.5300000000 0.0000000000
922.5400000000 0.0000000000
922.5500000000 0.0000000000
922.5600000000 0.0000000000
922.5700000000 0.0000000000
922.5800000000 0.0000000000
922.5900000000 0.0000000000
922.6000000000 0.0000000000
922.6100000000 0.0000000000
922.6200000000 0.0000000000
922.6300000000 0.0000000000
922.6400000000 0.0000000000
922.6500000000 0.0000000000
922.6600000000 0.0000000000
922.6700000000 0.0000000000
922.6800000000 0.0000000000
922.6900000000 0.0000000000
922.7000000000 0.0000000000
922.7100000000 0.0000000000
922.7200000000 0.0000000000
922.7300000000 0.0000000000
922.7400000000 0.0000000000
922.7500000000 0.0000000000
922.7600000000 0.0000000000
922.7700000000 0.0000000000
922.7800000000 0.0000000000
922.7900000000 0.0000000000
922.8000000000 0.0000000000
922.8100000000 0.0000000000
922.8200000000 0.0000000000
922.8300000000 0.0000000000
922.8400000000 0.0000000000
922.8500000000 0.0000000000
922.8600000000 0.0000000000
922.8700000000 0.0000000000
922.8800000000 0.0000000000
922.8900000000 0.0000000000
922.9000000000 0.0000000000
922.9100000000 0.0000000000
922.9200000000 0.0000000000
922.9300000000 0.0000000000
922.9400000000 0.0000000000
922.9500000000 0.0000000000
922.9600000000 0.0000000000
922.9700000000 0.0000000000
922.9800000000 0.0000000000
922.9900000000 0.0000000000
923.0000000000 0.0000000000
923.0100000000 0.0000000000
923.0200000000 0.0000000000
923.0300000000 0.0000000000
923.0400000000 0.0000000000
923.0500000000 0.0000000000
923.0600000000 0.0000000000
923.0700000000 0.0000000000
923.0800000000 0.0000000000
923.0900000000 0.0000000000
923.1000000000 0.0000000000
923.1100000000 0.0000000000
923.1200000000 0.0000000000
923.1300000000 0.0000000000
923.1400000000 0.0000000000
923.1500000000 0.0000000000
923.1600000000 0.0000000000
923.1700000000 0.0000000000
923.1800000000 0.0000000000
923.1900000000 0.0000000000
923.2000000000 0.0000000000
923.2100000000 0.0000000000
923.2200000000 0.0000000000
923.2300000000 0.0000000000
923.2400000000 0.0000000000
923.2500000000 0.0000000000
923.2600000000 0.0000000000
923.2700000000 0.0000000000
923.2800000000 0.0000000000
923.2900000000 0.0000000000
923.3000000000 0.0000000000
923.3100000000 0.0000000000
923.3200000000 0.0000000000
923.3300000000 0.0000000000
923.3400000000 0.0000000000
923.3500000000 0.0000000000
923.3600000000 0.0000000000
923.3700000000 0.0000000000
923.3800000000 0.0000000000
923.3900000000 0.0000000000
923.4000000000 0.0000000000
923.4100000000 0.0000000000
923.4200000000 0.0000000000
923.4300000000 0.0000000000
923.4400000000 0.0000000000
923.4500000000 0.0000000000
923.4600000000 0.0000000000
923.4700000000 0.0000000000
923.4800000000 0.0000000000
923.4900000000 0.0000000000
923.5000000000 0.0000000000
923.5100000000 0.0000000000
923.5200000000 0.0000000000
923.5300000000 0.0000000000
923.5400000000 0.0000000000
923.5500000000 0.0000000000
923.5600000000 0.0000000000
923.5700000000 0.0000000000
923.5800000000 0.0000000000
923.5900000000 0.0000000000
923.6000000000 0.0000000000
923.6100000000 0.0000000000
923.6200000000 0.0000000000
923.6300000000 0.0000000000
923.6400000000 0.0000000000
923.6500000000 0.0000000000
923.6600000000 0.0000000000
923.6700000000 0.0000000000
923.6800000000 0.0000000000
923.6900000000 0.0000000000
923.7000000000 0.0000000000
923.7100000000 0.0000000000
923.7200000000 0.0000000000
923.7300000000 0.0000000000
923.7400000000 0.0000000000
923.7500000000 0.0000000000
923.7600000000 0.0000000000
923.7700000000 0.0000000000
923.7800000000 0.0000000000
923.7900000000 0.0000000000
923.8000000000 0.0000000000
923.8100000000 0.0000000000
923.8200000000 0.0000000000
923.8300000000 0.0000000000
923.8400000000 0.0000000000
923.8500000000 0.0000000000
923.8600000000 0.0000000000
923.8700000000 0.0000000000
923.8800000000 0.0000000000
923.8900000000 0.0000000000
923.9000000000 0.0000000000
923.9100000000 0.0000000000
923.9200000000 0.0000000000
923.9300000000 0.0000000000
923.9400000000 0.0000000000
923.9500000000 0.0000000000
923.9600000000 0.0000000000
923.9700000000 0.0000000000
923.9800000000 0.0000000000
923.9900000000 0.0000000000
924.0000000000 0.0000000000
924.0100000000 0.0000000000
924.0200000000 0.0000000000
924.0300000000 0.0000000000
924.0400000000 0.0000000000
924.0500000000 0.0000000000
924.0600000000 0.0000000000
924.0700000000 0.0000000000
924.0800000000 0.0000000000
924.0900000000 0.0000000000
924.1000000000 0.0000000000
924.1100000000 0.0000000000
924.1200000000 0.0000000000
924.1300000000 0.0000000000
924.1400000000 0.0000000000
924.1500000000 0.0000000000
924.1600000000 0.0000000000
924.1700000000 0.0000000000
924.1800000000 0.0000000000
924.1900000000 0.0000000000
924.2000000000 0.0000000000
924.2100000000 0.0000000000
924.2200000000 0.0000000000
924.2300000000 0.0000000000
924.2400000000 0.0000000000
924.2500000000 0.0000000000
924.2600000000 0.0000000000
924.2700000000 0.0000000000
924.2800000000 0.0000000000
924.2900000000 0.0000000000
924.3000000000 0.0000000000
924.3100000000 0.0000000000
924.3200000000 0.0000000000
924.3300000000 0.0000000000
924.3400000000 0.0000000000
924.3500000000 0.0000000000
924.3600000000 0.0000000000
924.3700000000 0.0000000000
924.3800000000 0.0000000000
924.3900000000 0.0000000000
924.4000000000 0.0000000000
924.4100000000 0.0000000000
924.4200000000 0.0000000000
924.4300000000 0.0000000000
924.4400000000 0.0000000000
924.4500000000 0.0000000000
924.4600000000 0.0000000000
924.4700000000 0.0000000000
924.4800000000 0.0000000000
924.4900000000 0.0000000000
924.5000000000 0.0000000000
924.5100000000 0.0000000000
924.5200000000 0.0000000000
924.5300000000 0.0000000000
924.5400000000 0.0000000000
924.5500000000 0.0000000000
924.5600000000 0.0000000000
924.5700000000 0.0000000000
924.5800000000 0.0000000000
924.5900000000 0.0000000000
924.6000000000 0.0000000000
924.6100000000 0.0000000000
924.6200000000 0.0000000000
924.6300000000 0.0000000000
924.6400000000 0.0000000000
924.6500000000 0.0000000000
924.6600000000 0.0000000000
924.6700000000 0.0000000000
924.6800000000 0.0000000000
924.6900000000 0.0000000000
924.7000000000 0.0000000000
924.7100000000 0.0000000000
924.7200000000 0.0000000000
924.7300000000 0.0000000000
924.7400000000 0.0000000000
924.7500000000 0.0000000000
924.7600000000 0.0000000000
924.7700000000 0.0000000000
924.7800000000 0.0000000000
924.7900000000 0.0000000000
924.8000000000 0.0000000000
924.8100000000 0.0000000000
924.8200000000 0.0000000000
924.8300000000 0.0000000000
924.8400000000 0.0000000000
924.8500000000 0.0000000000
924.8600000000 0.0000000000
924.8700000000 0.0000000000
924.8800000000 0.0000000000
924.8900000000 0.0000000000
924.9000000000 0.0000000000
924.9100000000 0.0000000000
924.9200000000 0.0000000000
924.9300000000 0.0000000000
924.9400000000 0.0000000000
924.9500000000 0.0000000000
924.9600000000 0.0000000000
924.9700000000 0.0000000000
924.9800000000 0.0000000000
924.9900000000 0.0000000000
925.0000000000 0.0000000000
925.0100000000 0.0000000000
925.0200000000 0.0000000000
925.0300000000 0.0000000000
925.0400000000 0.0000000000
925.0500000000 0.0000000000
925.0600000000 0.0000000000
925.0700000000 0.0000000000
925.0800000000 0.0000000000
925.0900000000 0.0000000000
925.1000000000 0.0000000000
925.1100000000 0.0000000000
925.1200000000 0.0000000000
925.1300000000 0.0000000000
925.1400000000 0.0000000000
925.1500000000 0.0000000000
925.1600000000 0.0000000000
925.1700000000 0.0000000000
925.1800000000 0.0000000000
925.1900000000 0.0000000000
925.2000000000 0.0000000000
925.2100000000 0.0000000000
925.2200000000 0.0000000000
925.2300000000 0.0000000000
925.2400000000 0.0000000000
925.2500000000 0.0000000000
925.2600000000 0.0000000000
925.2700000000 0.0000000000
925.2800000000 0.0000000000
925.2900000000 0.0000000000
925.3000000000 0.0000000000
925.3100000000 0.0000000000
925.3200000000 0.0000000000
925.3300000000 0.0000000000
925.3400000000 0.0000000000
925.3500000000 0.0000000000
925.3600000000 0.0000000000
925.3700000000 0.0000000000
925.3800000000 0.0000000000
925.3900000000 0.0000000000
925.4000000000 0.0000000000
925.4100000000 0.0000000000
925.4200000000 0.0000000000
925.4300000000 0.0000000000
925.4400000000 0.0000000000
925.4500000000 0.0000000000
925.4600000000 0.0000000000
925.4700000000 0.0000000000
925.4800000000 0.0000000000
925.4900000000 0.0000000000
925.5000000000 0.0000000000
925.5100000000 0.0000000000
925.5200000000 0.0000000000
925.5300000000 0.0000000000
925.5400000000 0.0000000000
925.5500000000 0.0000000000
925.5600000000 0.0000000000
925.5700000000 0.0000000000
925.5800000000 0.0000000000
925.5900000000 0.0000000000
925.6000000000 0.0000000000
925.6100000000 0.0000000000
925.6200000000 0.0000000000
925.6300000000 0.0000000000
925.6400000000 0.0000000000
925.6500000000 0.0000000000
925.6600000000 0.0000000000
925.6700000000 0.0000000000
925.6800000000 0.0000000000
925.6900000000 0.0000000000
925.7000000000 0.0000000000
925.7100000000 0.0000000000
925.7200000000 0.0000000000
925.7300000000 0.0000000000
925.7400000000 0.0000000000
925.7500000000 0.0000000000
925.7600000000 0.0000000000
925.7700000000 0.0000000000
925.7800000000 0.0000000000
925.7900000000 0.0000000000
925.8000000000 0.0000000000
925.8100000000 0.0000000000
925.8200000000 0.0000000000
925.8300000000 0.0000000000
925.8400000000 0.0000000000
925.8500000000 0.0000000000
925.8600000000 0.0000000000
925.8700000000 0.0000000000
925.8800000000 0.0000000000
925.8900000000 0.0000000000
925.9000000000 0.0000000000
925.9100000000 0.0000000000
925.9200000000 0.0000000000
925.9300000000 0.0000000000
925.9400000000 0.0000000000
925.9500000000 0.0000000000
925.9600000000 0.0000000000
925.9700000000 0.0000000000
925.9800000000 0.0000000000
925.9900000000 0.0000000000
926.0000000000 0.0000000000
926.0100000000 0.0000000000
926.0200000000 0.0000000000
926.0300000000 0.0000000000
926.0400000000 0.0000000000
926.0500000000 0.0000000000
926.0600000000 0.0000000000
926.0700000000 0.0000000000
926.0800000000 0.0000000000
926.0900000000 0.0000000000
926.1000000000 0.0000000000
926.1100000000 0.0000000000
926.1200000000 0.0000000000
926.1300000000 0.0000000000
926.1400000000 0.0000000000
926.1500000000 0.0000000000
926.1600000000 0.0000000000
926.1700000000 0.0000000000
926.1800000000 0.0000000000
926.1900000000 0.0000000000
926.2000000000 0.0000000000
926.2100000000 0.0000000000
926.2200000000 0.0000000000
926.2300000000 0.0000000000
926.2400000000 0.0000000000
926.2500000000 0.0000000000
926.2600000000 0.0000000000
926.2700000000 0.0000000000
926.2800000000 0.0000000000
926.2900000000 0.0000000000
926.3000000000 0.0000000000
926.3100000000 0.0000000000
926.3200000000 0.0000000000
926.3300000000 0.0000000000
926.3400000000 0.0000000000
926.3500000000 0.0000000000
926.3600000000 0.0000000000
926.3700000000 0.0000000000
926.3800000000 0.0000000000
926.3900000000 0.0000000000
926.4000000000 0.0000000000
926.4100000000 0.0000000000
926.4200000000 0.0000000000
926.4300000000 0.0000000000
926.4400000000 0.0000000000
926.4500000000 0.0000000000
926.4600000000 0.0000000000
926.4700000000 0.0000000000
926.4800000000 0.0000000000
926.4900000000 0.0000000000
926.5000000000 0.0000000000
926.5100000000 0.0000000000
926.5200000000 0.0000000000
926.5300000000 0.0000000000
926.5400000000 0.0000000000
926.5500000000 0.0000000000
926.5600000000 0.0000000000
926.5700000000 0.0000000000
926.5800000000 0.0000000000
926.5900000000 0.0000000000
926.6000000000 0.0000000000
926.6100000000 0.0000000000
926.6200000000 0.0000000000
926.6300000000 0.0000000000
926.6400000000 0.0000000000
926.6500000000 0.0000000000
926.6600000000 0.0000000000
926.6700000000 0.0000000000
926.6800000000 0.0000000000
926.6900000000 0.0000000000
926.7000000000 0.0000000000
926.7100000000 0.0000000000
926.7200000000 0.0000000000
926.7300000000 0.0000000000
926.7400000000 0.0000000000
926.7500000000 0.0000000000
926.7600000000 0.0000000000
926.7700000000 0.0000000000
926.7800000000 0.0000000000
926.7900000000 0.0000000000
926.8000000000 0.0000000000
926.8100000000 0.0000000000
926.8200000000 0.0000000000
926.8300000000 0.0000000000
926.8400000000 0.0000000000
926.8500000000 0.0000000000
926.8600000000 0.0000000000
926.8700000000 0.0000000000
926.8800000000 0.0000000000
926.8900000000 0.0000000000
926.9000000000 0.0000000000
926.9100000000 0.0000000000
926.9200000000 0.0000000000
926.9300000000 0.0000000000
926.9400000000 0.0000000000
926.9500000000 0.0000000000
926.9600000000 0.0000000000
926.9700000000 0.0000000000
926.9800000000 0.0000000000
926.9900000000 0.0000000000
927.0000000000 0.0000000000
927.0100000000 0.0000000000
927.0200000000 0.0000000000
927.0300000000 0.0000000000
927.0400000000 0.0000000000
927.0500000000 0.0000000000
927.0600000000 0.0000000000
927.0700000000 0.0000000000
927.0800000000 0.0000000000
927.0900000000 0.0000000000
927.1000000000 0.0000000000
927.1100000000 0.0000000000
927.1200000000 0.0000000000
927.1300000000 0.0000000000
927.1400000000 0.0000000000
927.1500000000 0.0000000000
927.1600000000 0.0000000000
927.1700000000 0.0000000000
927.1800000000 0.0000000000
927.1900000000 0.0000000000
927.2000000000 0.0000000000
927.2100000000 0.0000000000
927.2200000000 0.0000000000
927.2300000000 0.0000000000
927.2400000000 0.0000000000
927.2500000000 0.0000000000
927.2600000000 0.0000000000
927.2700000000 0.0000000000
927.2800000000 0.0000000000
927.2900000000 0.0000000000
927.3000000000 0.0000000000
927.3100000000 0.0000000000
927.3200000000 0.0000000000
927.3300000000 0.0000000000
927.3400000000 0.0000000000
927.3500000000 0.0000000000
927.3600000000 0.0000000000
927.3700000000 0.0000000000
927.3800000000 0.0000000000
927.3900000000 0.0000000000
927.4000000000 0.0000000000
927.4100000000 0.0000000000
927.4200000000 0.0000000000
927.4300000000 0.0000000000
927.4400000000 0.0000000000
927.4500000000 0.0000000000
927.4600000000 0.0000000000
927.4700000000 0.0000000000
927.4800000000 0.0000000000
927.4900000000 0.0000000000
927.5000000000 0.0000000000
927.5100000000 0.0000000000
927.5200000000 0.0000000000
927.5300000000 0.0000000000
927.5400000000 0.0000000000
927.5500000000 0.0000000000
927.5600000000 0.0000000000
927.5700000000 0.0000000000
927.5800000000 0.0000000000
927.5900000000 0.0000000000
927.6000000000 0.0000000000
927.6100000000 0.0000000000
927.6200000000 0.0000000000
927.6300000000 0.0000000000
927.6400000000 0.0000000000
927.6500000000 0.0000000000
927.6600000000 0.0000000000
927.6700000000 0.0000000000
927.6800000000 0.0000000000
927.6900000000 0.0000000000
927.7000000000 0.0000000000
927.7100000000 0.0000000000
927.7200000000 0.0000000000
927.7300000000 0.0000000000
927.7400000000 0.0000000000
927.7500000000 0.0000000000
927.7600000000 0.0000000000
927.7700000000 0.0000000000
927.7800000000 0.0000000000
927.7900000000 0.0000000000
927.8000000000 0.0000000000
927.8100000000 0.0000000000
927.8200000000 0.0000000000
927.8300000000 0.0000000000
927.8400000000 0.0000000000
927.8500000000 0.0000000000
927.8600000000 0.0000000000
927.8700000000 0.0000000000
927.8800000000 0.0000000000
927.8900000000 0.0000000000
927.9000000000 0.0000000000
927.9100000000 0.0000000000
927.9200000000 0.0000000000
927.9300000000 0.0000000000
927.9400000000 0.0000000000
927.9500000000 0.0000000000
927.9600000000 0.0000000000
927.9700000000 0.0000000000
927.9800000000 0.0000000000
927.9900000000 0.0000000000
928.0000000000 0.0000000000
928.0100000000 0.0000000000
928.0200000000 0.0000000000
928.0300000000 0.0000000000
928.0400000000 0.0000000000
928.0500000000 0.0000000000
928.0600000000 0.0000000000
928.0700000000 0.0000000000
928.0800000000 0.0000000000
928.0900000000 0.0000000000
928.1000000000 0.0000000000
928.1100000000 0.0000000000
928.1200000000 0.0000000000
928.1300000000 0.0000000000
928.1400000000 0.0000000000
928.1500000000 0.0000000000
928.1600000000 0.0000000000
928.1700000000 0.0000000000
928.1800000000 0.0000000000
928.1900000000 0.0000000000
928.2000000000 0.0000000000
928.2100000000 0.0000000000
928.2200000000 0.0000000000
928.2300000000 0.0000000000
928.2400000000 0.0000000000
928.2500000000 0.0000000000
928.2600000000 0.0000000000
928.2700000000 0.0000000000
928.2800000000 0.0000000000
928.2900000000 0.0000000000
928.3000000000 0.0000000000
928.3100000000 0.0000000000
928.3200000000 0.0000000000
928.3300000000 0.0000000000
928.3400000000 0.0000000000
928.3500000000 0.0000000000
928.3600000000 0.0000000000
928.3700000000 0.0000000000
928.3800000000 0.0000000000
928.3900000000 0.0000000000
928.4000000000 0.0000000000
928.4100000000 0.0000000000
928.4200000000 0.0000000000
928.4300000000 0.0000000000
928.4400000000 0.0000000000
928.4500000000 0.0000000000
928.4600000000 0.0000000000
928.4700000000 0.0000000000
928.4800000000 0.0000000000
928.4900000000 0.0000000000
928.5000000000 0.0000000000
928.5100000000 0.0000000000
928.5200000000 0.0000000000
928.5300000000 0.0000000000
928.5400000000 0.0000000000
928.5500000000 0.0000000000
928.5600000000 0.0000000000
928.5700000000 0.0000000000
928.5800000000 0.0000000000
928.5900000000 0.0000000000
928.6000000000 0.0000000000
928.6100000000 0.0000000000
928.6200000000 0.0000000000
928.6300000000 0.0000000000
928.6400000000 0.0000000000
928.6500000000 0.0000000000
928.6600000000 0.0000000000
928.6700000000 0.0000000000
928.6800000000 0.0000000000
928.6900000000 0.0000000000
928.7000000000 0.0000000000
928.7100000000 0.0000000000
928.7200000000 0.0000000000
928.7300000000 0.0000000000
928.7400000000 0.0000000000
928.7500000000 0.0000000000
928.7600000000 0.0000000000
928.7700000000 0.0000000000
928.7800000000 0.0000000000
928.7900000000 0.0000000000
928.8000000000 0.0000000000
928.8100000000 0.0000000000
928.8200000000 0.0000000000
928.8300000000 0.0000000000
928.8400000000 0.0000000000
928.8500000000 0.0000000000
928.8600000000 0.0000000000
928.8700000000 0.0000000000
928.8800000000 0.0000000000
928.8900000000 0.0000000000
928.9000000000 0.0000000000
928.9100000000 0.0000000000
928.9200000000 0.0000000000
928.9300000000 0.0000000000
928.9400000000 0.0000000000
928.9500000000 0.0000000000
928.9600000000 0.0000000000
928.9700000000 0.0000000000
928.9800000000 0.0000000000
928.9900000000 0.0000000000
929.0000000000 0.0000000000
929.0100000000 0.0000000000
929.0200000000 0.0000000000
929.0300000000 0.0000000000
929.0400000000 0.0000000000
929.0500000000 0.0000000000
929.0600000000 0.0000000000
929.0700000000 0.0000000000
929.0800000000 0.0000000000
929.0900000000 0.0000000000
929.1000000000 0.0000000000
929.1100000000 0.0000000000
929.1200000000 0.0000000000
929.1300000000 0.0000000000
929.1400000000 0.0000000000
929.1500000000 0.0000000000
929.1600000000 0.0000000000
929.1700000000 0.0000000000
929.1800000000 0.0000000000
929.1900000000 0.0000000000
929.2000000000 0.0000000000
929.2100000000 0.0000000000
929.2200000000 0.0000000000
929.2300000000 0.0000000000
929.2400000000 0.0000000000
929.2500000000 0.0000000000
929.2600000000 0.0000000000
929.2700000000 0.0000000000
929.2800000000 0.0000000000
929.2900000000 0.0000000000
929.3000000000 0.0000000000
929.3100000000 0.0000000000
929.3200000000 0.0000000000
929.3300000000 0.0000000000
929.3400000000 0.0000000000
929.3500000000 0.0000000000
929.3600000000 0.0000000000
929.3700000000 0.0000000000
929.3800000000 0.0000000000
929.3900000000 0.0000000000
929.4000000000 0.0000000000
929.4100000000 0.0000000000
929.4200000000 0.0000000000
929.4300000000 0.0000000000
929.4400000000 0.0000000000
929.4500000000 0.0000000000
929.4600000000 0.0000000000
929.4700000000 0.0000000000
929.4800000000 0.0000000000
929.4900000000 0.0000000000
929.5000000000 0.0000000000
929.5100000000 0.0000000000
929.5200000000 0.0000000000
929.5300000000 0.0000000000
929.5400000000 0.0000000000
929.5500000000 0.0000000000
929.5600000000 0.0000000000
929.5700000000 0.0000000000
929.5800000000 0.0000000000
929.5900000000 0.0000000000
929.6000000000 0.0000000000
929.6100000000 0.0000000000
929.6200000000 0.0000000000
929.6300000000 0.0000000000
929.6400000000 0.0000000000
929.6500000000 0.0000000000
929.6600000000 0.0000000000
929.6700000000 0.0000000000
929.6800000000 0.0000000000
929.6900000000 0.0000000000
929.7000000000 0.0000000000
929.7100000000 0.0000000000
929.7200000000 0.0000000000
929.7300000000 0.0000000000
929.7400000000 0.0000000000
929.7500000000 0.0000000000
929.7600000000 0.0000000000
929.7700000000 0.0000000000
929.7800000000 0.0000000000
929.7900000000 0.0000000000
929.8000000000 0.0000000000
929.8100000000 0.0000000000
929.8200000000 0.0000000000
929.8300000000 0.0000000000
929.8400000000 0.0000000000
929.8500000000 0.0000000000
929.8600000000 0.0000000000
929.8700000000 0.0000000000
929.8800000000 0.0000000000
929.8900000000 0.0000000000
929.9000000000 0.0000000000
929.9100000000 0.0000000000
929.9200000000 0.0000000000
929.9300000000 0.0000000000
929.9400000000 0.0000000000
929.9500000000 0.0000000000
929.9600000000 0.0000000000
929.9700000000 0.0000000000
929.9800000000 0.0000000000
929.9900000000 0.0000000000
930.0000000000 0.0000000000
930.0100000000 0.0000000000
930.0200000000 0.0000000000
930.0300000000 0.0000000000
930.0400000000 0.0000000000
930.0500000000 0.0000000000
930.0600000000 0.0000000000
930.0700000000 0.0000000000
930.0800000000 0.0000000000
930.0900000000 0.0000000000
930.1000000000 0.0000000000
930.1100000000 0.0000000000
930.1200000000 0.0000000000
930.1300000000 0.0000000000
930.1400000000 0.0000000000
930.1500000000 0.0000000000
930.1600000000 0.0000000000
930.1700000000 0.0000000000
930.1800000000 0.0000000000
930.1900000000 0.0000000000
930.2000000000 0.0000000000
930.2100000000 0.0000000000
930.2200000000 0.0000000000
930.2300000000 0.0000000000
930.2400000000 0.0000000000
930.2500000000 0.0000000000
930.2600000000 0.0000000000
930.2700000000 0.0000000000
930.2800000000 0.0000000000
930.2900000000 0.0000000000
930.3000000000 0.0000000000
930.3100000000 0.0000000000
930.3200000000 0.0000000000
930.3300000000 0.0000000000
930.3400000000 0.0000000000
930.3500000000 0.0000000000
930.3600000000 0.0000000000
930.3700000000 0.0000000000
930.3800000000 0.0000000000
930.3900000000 0.0000000000
930.4000000000 0.0000000000
930.4100000000 0.0000000000
930.4200000000 0.0000000000
930.4300000000 0.0000000000
930.4400000000 0.0000000000
930.4500000000 0.0000000000
930.4600000000 0.0000000000
930.4700000000 0.0000000000
930.4800000000 0.0000000000
930.4900000000 0.0000000000
930.5000000000 0.0000000000
930.5100000000 0.0000000000
930.5200000000 0.0000000000
930.5300000000 0.0000000000
930.5400000000 0.0000000000
930.5500000000 0.0000000000
930.5600000000 0.0000000000
930.5700000000 0.0000000000
930.5800000000 0.0000000000
930.5900000000 0.0000000000
930.6000000000 0.0000000000
930.6100000000 0.0000000000
930.6200000000 0.0000000000
930.6300000000 0.0000000000
930.6400000000 0.0000000000
930.6500000000 0.0000000000
930.6600000000 0.0000000000
930.6700000000 0.0000000000
930.6800000000 0.0000000000
930.6900000000 0.0000000000
930.7000000000 0.0000000000
930.7100000000 0.0000000000
930.7200000000 0.0000000000
930.7300000000 0.0000000000
930.7400000000 0.0000000000
930.7500000000 0.0000000000
930.7600000000 0.0000000000
930.7700000000 0.0000000000
930.7800000000 0.0000000000
930.7900000000 0.0000000000
930.8000000000 0.0000000000
930.8100000000 0.0000000000
930.8200000000 0.0000000000
930.8300000000 0.0000000000
930.8400000000 0.0000000000
930.8500000000 0.0000000000
930.8600000000 0.0000000000
930.8700000000 0.0000000000
930.8800000000 0.0000000000
930.8900000000 0.0000000000
930.9000000000 0.0000000000
930.9100000000 0.0000000000
930.9200000000 0.0000000000
930.9300000000 0.0000000000
930.9400000000 0.0000000000
930.9500000000 0.0000000000
930.9600000000 0.0000000000
930.9700000000 0.0000000000
930.9800000000 0.0000000000
930.9900000000 0.0000000000
931.0000000000 0.0000000000
931.0100000000 0.0000000000
931.0200000000 0.0000000000
931.0300000000 0.0000000000
931.0400000000 0.0000000000
931.0500000000 0.0000000000
931.0600000000 0.0000000000
931.0700000000 0.0000000000
931.0800000000 0.0000000000
931.0900000000 0.0000000000
931.1000000000 0.0000000000
931.1100000000 0.0000000000
931.1200000000 0.0000000000
931.1300000000 0.0000000000
931.1400000000 0.0000000000
931.1500000000 0.0000000000
931.1600000000 0.0000000000
931.1700000000 0.0000000000
931.1800000000 0.0000000000
931.1900000000 0.0000000000
931.2000000000 0.0000000000
931.2100000000 0.0000000000
931.2200000000 0.0000000000
931.2300000000 0.0000000000
931.2400000000 0.0000000000
931.2500000000 0.0000000000
931.2600000000 0.0000000000
931.2700000000 0.0000000000
931.2800000000 0.0000000000
931.2900000000 0.0000000000
931.3000000000 0.0000000000
931.3100000000 0.0000000000
931.3200000000 0.0000000000
931.3300000000 0.0000000000
931.3400000000 0.0000000000
931.3500000000 0.0000000000
931.3600000000 0.0000000000
931.3700000000 0.0000000000
931.3800000000 0.0000000000
931.3900000000 0.0000000000
931.4000000000 0.0000000000
931.4100000000 0.0000000000
931.4200000000 0.0000000000
931.4300000000 0.0000000000
931.4400000000 0.0000000000
931.4500000000 0.0000000000
931.4600000000 0.0000000000
931.4700000000 0.0000000000
931.4800000000 0.0000000000
931.4900000000 0.0000000000
931.5000000000 0.0000000000
931.5100000000 0.0000000000
931.5200000000 0.0000000000
931.5300000000 0.0000000000
931.5400000000 0.0000000000
931.5500000000 0.0000000000
931.5600000000 0.0000000000
931.5700000000 0.0000000000
931.5800000000 0.0000000000
931.5900000000 0.0000000000
931.6000000000 0.0000000000
931.6100000000 0.0000000000
931.6200000000 0.0000000000
931.6300000000 0.0000000000
931.6400000000 0.0000000000
931.6500000000 0.0000000000
931.6600000000 0.0000000000
931.6700000000 0.0000000000
931.6800000000 0.0000000000
931.6900000000 0.0000000000
931.7000000000 0.0000000000
931.7100000000 0.0000000000
931.7200000000 0.0000000000
931.7300000000 0.0000000000
931.7400000000 0.0000000000
931.7500000000 0.0000000000
931.7600000000 0.0000000000
931.7700000000 0.0000000000
931.7800000000 0.0000000000
931.7900000000 0.0000000000
931.8000000000 0.0000000000
931.8100000000 0.0000000000
931.8200000000 0.0000000000
931.8300000000 0.0000000000
931.8400000000 0.0000000000
931.8500000000 0.0000000000
931.8600000000 0.0000000000
931.8700000000 0.0000000000
931.8800000000 0.0000000000
931.8900000000 0.0000000000
931.9000000000 0.0000000000
931.9100000000 0.0000000000
931.9200000000 0.0000000000
931.9300000000 0.0000000000
931.9400000000 0.0000000000
931.9500000000 0.0000000000
931.9600000000 0.0000000000
931.9700000000 0.0000000000
931.9800000000 0.0000000000
931.9900000000 0.0000000000
932.0000000000 0.0000000000
932.0100000000 0.0000000000
932.0200000000 0.0000000000
932.0300000000 0.0000000000
932.0400000000 0.0000000000
932.0500000000 0.0000000000
932.0600000000 0.0000000000
932.0700000000 0.0000000000
932.0800000000 0.0000000000
932.0900000000 0.0000000000
932.1000000000 0.0000000000
932.1100000000 0.0000000000
932.1200000000 0.0000000000
932.1300000000 0.0000000000
932.1400000000 0.0000000000
932.1500000000 0.0000000000
932.1600000000 0.0000000000
932.1700000000 0.0000000000
932.1800000000 0.0000000000
932.1900000000 0.0000000000
932.2000000000 0.0000000000
932.2100000000 0.0000000000
932.2200000000 0.0000000000
932.2300000000 0.0000000000
932.2400000000 0.0000000000
932.2500000000 0.0000000000
932.2600000000 0.0000000000
932.2700000000 0.0000000000
932.2800000000 0.0000000000
932.2900000000 0.0000000000
932.3000000000 0.0000000000
932.3100000000 0.0000000000
932.3200000000 0.0000000000
932.3300000000 0.0000000000
932.3400000000 0.0000000000
932.3500000000 0.0000000000
932.3600000000 0.0000000000
932.3700000000 0.0000000000
932.3800000000 0.0000000000
932.3900000000 0.0000000000
932.4000000000 0.0000000000
932.4100000000 0.0000000000
932.4200000000 0.0000000000
932.4300000000 0.0000000000
932.4400000000 0.0000000000
932.4500000000 0.0000000000
932.4600000000 0.0000000000
932.4700000000 0.0000000000
932.4800000000 0.0000000000
932.4900000000 0.0000000000
932.5000000000 0.0000000000
932.5100000000 0.0000000000
932.5200000000 0.0000000000
932.5300000000 0.0000000000
932.5400000000 0.0000000000
932.5500000000 0.0000000000
932.5600000000 0.0000000000
932.5700000000 0.0000000000
932.5800000000 0.0000000000
932.5900000000 0.0000000000
932.6000000000 0.0000000000
932.6100000000 0.0000000000
932.6200000000 0.0000000000
932.6300000000 0.0000000000
932.6400000000 0.0000000000
932.6500000000 0.0000000000
932.6600000000 0.0000000000
932.6700000000 0.0000000000
932.6800000000 0.0000000000
932.6900000000 0.0000000000
932.7000000000 0.0000000000
932.7100000000 0.0000000000
932.7200000000 0.0000000000
932.7300000000 0.0000000000
932.7400000000 0.0000000000
932.7500000000 0.0000000000
932.7600000000 0.0000000000
932.7700000000 0.0000000000
932.7800000000 0.0000000000
932.7900000000 0.0000000000
932.8000000000 0.0000000000
932.8100000000 0.0000000000
932.8200000000 0.0000000000
932.8300000000 0.0000000000
932.8400000000 0.0000000000
932.8500000000 0.0000000000
932.8600000000 0.0000000000
932.8700000000 0.0000000000
932.8800000000 0.0000000000
932.8900000000 0.0000000000
932.9000000000 0.0000000000
932.9100000000 0.0000000000
932.9200000000 0.0000000000
932.9300000000 0.0000000000
932.9400000000 0.0000000000
932.9500000000 0.0000000000
932.9600000000 0.0000000000
932.9700000000 0.0000000000
932.9800000000 0.0000000000
932.9900000000 0.0000000000
933.0000000000 0.0000000000
933.0100000000 0.0000000000
933.0200000000 0.0000000000
933.0300000000 0.0000000000
933.0400000000 0.0000000000
933.0500000000 0.0000000000
933.0600000000 0.0000000000
933.0700000000 0.0000000000
933.0800000000 0.0000000000
933.0900000000 0.0000000000
933.1000000000 0.0000000000
933.1100000000 0.0000000000
933.1200000000 0.0000000000
933.1300000000 0.0000000000
933.1400000000 0.0000000000
933.1500000000 0.0000000000
933.1600000000 0.0000000000
933.1700000000 0.0000000000
933.1800000000 0.0000000000
933.1900000000 0.0000000000
933.2000000000 0.0000000000
933.2100000000 0.0000000000
933.2200000000 0.0000000000
933.2300000000 0.0000000000
933.2400000000 0.0000000000
933.2500000000 0.0000000000
933.2600000000 0.0000000000
933.2700000000 0.0000000000
933.2800000000 0.0000000000
933.2900000000 0.0000000000
933.3000000000 0.0000000000
933.3100000000 0.0000000000
933.3200000000 0.0000000000
933.3300000000 0.0000000000
933.3400000000 0.0000000000
933.3500000000 0.0000000000
933.3600000000 0.0000000000
933.3700000000 0.0000000000
933.3800000000 0.0000000000
933.3900000000 0.0000000000
933.4000000000 0.0000000000
933.4100000000 0.0000000000
933.4200000000 0.0000000000
933.4300000000 0.0000000000
933.4400000000 0.0000000000
933.4500000000 0.0000000000
933.4600000000 0.0000000000
933.4700000000 0.0000000000
933.4800000000 0.0000000000
933.4900000000 0.0000000000
933.5000000000 0.0000000000
933.5100000000 0.0000000000
933.5200000000 0.0000000000
933.5300000000 0.0000000000
933.5400000000 0.0000000000
933.5500000000 0.0000000000
933.5600000000 0.0000000000
933.5700000000 0.0000000000
933.5800000000 0.0000000000
933.5900000000 0.0000000000
933.6000000000 0.0000000000
933.6100000000 0.0000000000
933.6200000000 0.0000000000
933.6300000000 0.0000000000
933.6400000000 0.0000000000
933.6500000000 0.0000000000
933.6600000000 0.0000000000
933.6700000000 0.0000000000
933.6800000000 0.0000000000
933.6900000000 0.0000000000
933.7000000000 0.0000000000
933.7100000000 0.0000000000
933.7200000000 0.0000000000
933.7300000000 0.0000000000
933.7400000000 0.0000000000
933.7500000000 0.0000000000
933.7600000000 0.0000000000
933.7700000000 0.0000000000
933.7800000000 0.0000000000
933.7900000000 0.0000000000
933.8000000000 0.0000000000
933.8100000000 0.0000000000
933.8200000000 0.0000000000
933.8300000000 0.0000000000
933.8400000000 0.0000000000
933.8500000000 0.0000000000
933.8600000000 0.0000000000
933.8700000000 0.0000000000
933.8800000000 0.0000000000
933.8900000000 0.0000000000
933.9000000000 0.0000000000
933.9100000000 0.0000000000
933.9200000000 0.0000000000
933.9300000000 0.0000000000
933.9400000000 0.0000000000
933.9500000000 0.0000000000
933.9600000000 0.0000000000
933.9700000000 0.0000000000
933.9800000000 0.0000000000
933.9900000000 0.0000000000
934.0000000000 0.0000000000
934.0100000000 0.0000000000
934.0200000000 0.0000000000
934.0300000000 0.0000000000
934.0400000000 0.0000000000
934.0500000000 0.0000000000
934.0600000000 0.0000000000
934.0700000000 0.0000000000
934.0800000000 0.0000000000
934.0900000000 0.0000000000
934.1000000000 0.0000000000
934.1100000000 0.0000000000
934.1200000000 0.0000000000
934.1300000000 0.0000000000
934.1400000000 0.0000000000
934.1500000000 0.0000000000
934.1600000000 0.0000000000
934.1700000000 0.0000000000
934.1800000000 0.0000000000
934.1900000000 0.0000000000
934.2000000000 0.0000000000
934.2100000000 0.0000000000
934.2200000000 0.0000000000
934.2300000000 0.0000000000
934.2400000000 0.0000000000
934.2500000000 0.0000000000
934.2600000000 0.0000000000
934.2700000000 0.0000000000
934.2800000000 0.0000000000
934.2900000000 0.0000000000
934.3000000000 0.0000000000
934.3100000000 0.0000000000
934.3200000000 0.0000000000
934.3300000000 0.0000000000
934.3400000000 0.0000000000
934.3500000000 0.0000000000
934.3600000000 0.0000000000
934.3700000000 0.0000000000
934.3800000000 0.0000000000
934.3900000000 0.0000000000
934.4000000000 0.0000000000
934.4100000000 0.0000000000
934.4200000000 0.0000000000
934.4300000000 0.0000000000
934.4400000000 0.0000000000
934.4500000000 0.0000000000
934.4600000000 0.0000000000
934.4700000000 0.0000000000
934.4800000000 0.0000000000
934.4900000000 0.0000000000
934.5000000000 0.0000000000
934.5100000000 0.0000000000
934.5200000000 0.0000000000
934.5300000000 0.0000000000
934.5400000000 0.0000000000
934.5500000000 0.0000000000
934.5600000000 0.0000000000
934.5700000000 0.0000000000
934.5800000000 0.0000000000
934.5900000000 0.0000000000
934.6000000000 0.0000000000
934.6100000000 0.0000000000
934.6200000000 0.0000000000
934.6300000000 0.0000000000
934.6400000000 0.0000000000
934.6500000000 0.0000000000
934.6600000000 0.0000000000
934.6700000000 0.0000000000
934.6800000000 0.0000000000
934.6900000000 0.0000000000
934.7000000000 0.0000000000
934.7100000000 0.0000000000
934.7200000000 0.0000000000
934.7300000000 0.0000000000
934.7400000000 0.0000000000
934.7500000000 0.0000000000
934.7600000000 0.0000000000
934.7700000000 0.0000000000
934.7800000000 0.0000000000
934.7900000000 0.0000000000
934.8000000000 0.0000000000
934.8100000000 0.0000000000
934.8200000000 0.0000000000
934.8300000000 0.0000000000
934.8400000000 0.0000000000
934.8500000000 0.0000000000
934.8600000000 0.0000000000
934.8700000000 0.0000000000
934.8800000000 0.0000000000
934.8900000000 0.0000000000
934.9000000000 0.0000000000
934.9100000000 0.0000000000
934.9200000000 0.0000000000
934.9300000000 0.0000000000
934.9400000000 0.0000000000
934.9500000000 0.0000000000
934.9600000000 0.0000000000
934.9700000000 0.0000000000
934.9800000000 0.0000000000
934.9900000000 0.0000000000
935.0000000000 0.0000000000
935.0100000000 0.0000000000
935.0200000000 0.0000000000
935.0300000000 0.0000000000
935.0400000000 0.0000000000
935.0500000000 0.0000000000
935.0600000000 0.0000000000
935.0700000000 0.0000000000
935.0800000000 0.0000000000
935.0900000000 0.0000000000
935.1000000000 0.0000000000
935.1100000000 0.0000000000
935.1200000000 0.0000000000
935.1300000000 0.0000000000
935.1400000000 0.0000000000
935.1500000000 0.0000000000
935.1600000000 0.0000000000
935.1700000000 0.0000000000
935.1800000000 0.0000000000
935.1900000000 0.0000000000
935.2000000000 0.0000000000
935.2100000000 0.0000000000
935.2200000000 0.0000000000
935.2300000000 0.0000000000
935.2400000000 0.0000000000
935.2500000000 0.0000000000
935.2600000000 0.0000000000
935.2700000000 0.0000000000
935.2800000000 0.0000000000
935.2900000000 0.0000000000
935.3000000000 0.0000000000
935.3100000000 0.0000000000
935.3200000000 0.0000000000
935.3300000000 0.0000000000
935.3400000000 0.0000000000
935.3500000000 0.0000000000
935.3600000000 0.0000000000
935.3700000000 0.0000000000
935.3800000000 0.0000000000
935.3900000000 0.0000000000
935.4000000000 0.0000000000
935.4100000000 0.0000000000
935.4200000000 0.0000000000
935.4300000000 0.0000000000
935.4400000000 0.0000000000
935.4500000000 0.0000000000
935.4600000000 0.0000000000
935.4700000000 0.0000000000
935.4800000000 0.0000000000
935.4900000000 0.0000000000
935.5000000000 0.0000000000
935.5100000000 0.0000000000
935.5200000000 0.0000000000
935.5300000000 0.0000000000
935.5400000000 0.0000000000
935.5500000000 0.0000000000
935.5600000000 0.0000000000
935.5700000000 0.0000000000
935.5800000000 0.0000000000
935.5900000000 0.0000000000
935.6000000000 0.0000000000
935.6100000000 0.0000000000
935.6200000000 0.0000000000
935.6300000000 0.0000000000
935.6400000000 0.0000000000
935.6500000000 0.0000000000
935.6600000000 0.0000000000
935.6700000000 0.0000000000
935.6800000000 0.0000000000
935.6900000000 0.0000000000
935.7000000000 0.0000000000
935.7100000000 0.0000000000
935.7200000000 0.0000000000
935.7300000000 0.0000000000
935.7400000000 0.0000000000
935.7500000000 0.0000000000
935.7600000000 0.0000000000
935.7700000000 0.0000000000
935.7800000000 0.0000000000
935.7900000000 0.0000000000
935.8000000000 0.0000000000
935.8100000000 0.0000000000
935.8200000000 0.0000000000
935.8300000000 0.0000000000
935.8400000000 0.0000000000
935.8500000000 0.0000000000
935.8600000000 0.0000000000
935.8700000000 0.0000000000
935.8800000000 0.0000000000
935.8900000000 0.0000000000
935.9000000000 0.0000000000
935.9100000000 0.0000000000
935.9200000000 0.0000000000
935.9300000000 0.0000000000
935.9400000000 0.0000000000
935.9500000000 0.0000000000
935.9600000000 0.0000000000
935.9700000000 0.0000000000
935.9800000000 0.0000000000
935.9900000000 0.0000000000
936.0000000000 0.0000000000
936.0100000000 0.0000000000
936.0200000000 0.0000000000
936.0300000000 0.0000000000
936.0400000000 0.0000000000
936.0500000000 0.0000000000
936.0600000000 0.0000000000
936.0700000000 0.0000000000
936.0800000000 0.0000000000
936.0900000000 0.0000000000
936.1000000000 0.0000000000
936.1100000000 0.0000000000
936.1200000000 0.0000000000
936.1300000000 0.0000000000
936.1400000000 0.0000000000
936.1500000000 0.0000000000
936.1600000000 0.0000000000
936.1700000000 0.0000000000
936.1800000000 0.0000000000
936.1900000000 0.0000000000
936.2000000000 0.0000000000
936.2100000000 0.0000000000
936.2200000000 0.0000000000
936.2300000000 0.0000000000
936.2400000000 0.0000000000
936.2500000000 0.0000000000
936.2600000000 0.0000000000
936.2700000000 0.0000000000
936.2800000000 0.0000000000
936.2900000000 0.0000000000
936.3000000000 0.0000000000
936.3100000000 0.0000000000
936.3200000000 0.0000000000
936.3300000000 0.0000000000
936.3400000000 0.0000000000
936.3500000000 0.0000000000
936.3600000000 0.0000000000
936.3700000000 0.0000000000
936.3800000000 0.0000000000
936.3900000000 0.0000000000
936.4000000000 0.0000000000
936.4100000000 0.0000000000
936.4200000000 0.0000000000
936.4300000000 0.0000000000
936.4400000000 0.0000000000
936.4500000000 0.0000000000
936.4600000000 0.0000000000
936.4700000000 0.0000000000
936.4800000000 0.0000000000
936.4900000000 0.0000000000
936.5000000000 0.0000000000
936.5100000000 0.0000000000
936.5200000000 0.0000000000
936.5300000000 0.0000000000
936.5400000000 0.0000000000
936.5500000000 0.0000000000
936.5600000000 0.0000000000
936.5700000000 0.0000000000
936.5800000000 0.0000000000
936.5900000000 0.0000000000
936.6000000000 0.0000000000
936.6100000000 0.0000000000
936.6200000000 0.0000000000
936.6300000000 0.0000000000
936.6400000000 0.0000000000
936.6500000000 0.0000000000
936.6600000000 0.0000000000
936.6700000000 0.0000000000
936.6800000000 0.0000000000
936.6900000000 0.0000000000
936.7000000000 0.0000000000
936.7100000000 0.0000000000
936.7200000000 0.0000000000
936.7300000000 0.0000000000
936.7400000000 0.0000000000
936.7500000000 0.0000000000
936.7600000000 0.0000000000
936.7700000000 0.0000000000
936.7800000000 0.0000000000
936.7900000000 0.0000000000
936.8000000000 0.0000000000
936.8100000000 0.0000000000
936.8200000000 0.0000000000
936.8300000000 0.0000000000
936.8400000000 0.0000000000
936.8500000000 0.0000000000
936.8600000000 0.0000000000
936.8700000000 0.0000000000
936.8800000000 0.0000000000
936.8900000000 0.0000000000
936.9000000000 0.0000000000
936.9100000000 0.0000000000
936.9200000000 0.0000000000
936.9300000000 0.0000000000
936.9400000000 0.0000000000
936.9500000000 0.0000000000
936.9600000000 0.0000000000
936.9700000000 0.0000000000
936.9800000000 0.0000000000
936.9900000000 0.0000000000
937.0000000000 0.0000000000
937.0100000000 0.0000000000
937.0200000000 0.0000000000
937.0300000000 0.0000000000
937.0400000000 0.0000000000
937.0500000000 0.0000000000
937.0600000000 0.0000000000
937.0700000000 0.0000000000
937.0800000000 0.0000000000
937.0900000000 0.0000000000
937.1000000000 0.0000000000
937.1100000000 0.0000000000
937.1200000000 0.0000000000
937.1300000000 0.0000000000
937.1400000000 0.0000000000
937.1500000000 0.0000000000
937.1600000000 0.0000000000
937.1700000000 0.0000000000
937.1800000000 0.0000000000
937.1900000000 0.0000000000
937.2000000000 0.0000000000
937.2100000000 0.0000000000
937.2200000000 0.0000000000
937.2300000000 0.0000000000
937.2400000000 0.0000000000
937.2500000000 0.0000000000
937.2600000000 0.0000000000
937.2700000000 0.0000000000
937.2800000000 0.0000000000
937.2900000000 0.0000000000
937.3000000000 0.0000000000
937.3100000000 0.0000000000
937.3200000000 0.0000000000
937.3300000000 0.0000000000
937.3400000000 0.0000000000
937.3500000000 0.0000000000
937.3600000000 0.0000000000
937.3700000000 0.0000000000
937.3800000000 0.0000000000
937.3900000000 0.0000000000
937.4000000000 0.0000000000
937.4100000000 0.0000000000
937.4200000000 0.0000000000
937.4300000000 0.0000000000
937.4400000000 0.0000000000
937.4500000000 0.0000000000
937.4600000000 0.0000000000
937.4700000000 0.0000000000
937.4800000000 0.0000000000
937.4900000000 0.0000000000
937.5000000000 0.0000000000
937.5100000000 0.0000000000
937.5200000000 0.0000000000
937.5300000000 0.0000000000
937.5400000000 0.0000000000
937.5500000000 0.0000000000
937.5600000000 0.0000000000
937.5700000000 0.0000000000
937.5800000000 0.0000000000
937.5900000000 0.0000000000
937.6000000000 0.0000000000
937.6100000000 0.0000000000
937.6200000000 0.0000000000
937.6300000000 0.0000000000
937.6400000000 0.0000000000
937.6500000000 0.0000000000
937.6600000000 0.0000000000
937.6700000000 0.0000000000
937.6800000000 0.0000000000
937.6900000000 0.0000000000
937.7000000000 0.0000000000
937.7100000000 0.0000000000
937.7200000000 0.0000000000
937.7300000000 0.0000000000
937.7400000000 0.0000000000
937.7500000000 0.0000000000
937.7600000000 0.0000000000
937.7700000000 0.0000000000
937.7800000000 0.0000000000
937.7900000000 0.0000000000
937.8000000000 0.0000000000
937.8100000000 0.0000000000
937.8200000000 0.0000000000
937.8300000000 0.0000000000
937.8400000000 0.0000000000
937.8500000000 0.0000000000
937.8600000000 0.0000000000
937.8700000000 0.0000000000
937.8800000000 0.0000000000
937.8900000000 0.0000000000
937.9000000000 0.0000000000
937.9100000000 0.0000000000
937.9200000000 0.0000000000
937.9300000000 0.0000000000
937.9400000000 0.0000000000
937.9500000000 0.0000000000
937.9600000000 0.0000000000
937.9700000000 0.0000000000
937.9800000000 0.0000000000
937.9900000000 0.0000000000
938.0000000000 0.0000000000
938.0100000000 0.0000000000
938.0200000000 0.0000000000
938.0300000000 0.0000000000
938.0400000000 0.0000000000
938.0500000000 0.0000000000
938.0600000000 0.0000000000
938.0700000000 0.0000000000
938.0800000000 0.0000000000
938.0900000000 0.0000000000
938.1000000000 0.0000000000
938.1100000000 0.0000000000
938.1200000000 0.0000000000
938.1300000000 0.0000000000
938.1400000000 0.0000000000
938.1500000000 0.0000000000
938.1600000000 0.0000000000
938.1700000000 0.0000000000
938.1800000000 0.0000000000
938.1900000000 0.0000000000
938.2000000000 0.0000000000
938.2100000000 0.0000000000
938.2200000000 0.0000000000
938.2300000000 0.0000000000
938.2400000000 0.0000000000
938.2500000000 0.0000000000
938.2600000000 0.0000000000
938.2700000000 0.0000000000
938.2800000000 0.0000000000
938.2900000000 0.0000000000
938.3000000000 0.0000000000
938.3100000000 0.0000000000
938.3200000000 0.0000000000
938.3300000000 0.0000000000
938.3400000000 0.0000000000
938.3500000000 0.0000000000
938.3600000000 0.0000000000
938.3700000000 0.0000000000
938.3800000000 0.0000000000
938.3900000000 0.0000000000
938.4000000000 0.0000000000
938.4100000000 0.0000000000
938.4200000000 0.0000000000
938.4300000000 0.0000000000
938.4400000000 0.0000000000
938.4500000000 0.0000000000
938.4600000000 0.0000000000
938.4700000000 0.0000000000
938.4800000000 0.0000000000
938.4900000000 0.0000000000
938.5000000000 0.0000000000
938.5100000000 0.0000000000
938.5200000000 0.0000000000
938.5300000000 0.0000000000
938.5400000000 0.0000000000
938.5500000000 0.0000000000
938.5600000000 0.0000000000
938.5700000000 0.0000000000
938.5800000000 0.0000000000
938.5900000000 0.0000000000
938.6000000000 0.0000000000
938.6100000000 0.0000000000
938.6200000000 0.0000000000
938.6300000000 0.0000000000
938.6400000000 0.0000000000
938.6500000000 0.0000000000
938.6600000000 0.0000000000
938.6700000000 0.0000000000
938.6800000000 0.0000000000
938.6900000000 0.0000000000
938.7000000000 0.0000000000
938.7100000000 0.0000000000
938.7200000000 0.0000000000
938.7300000000 0.0000000000
938.7400000000 0.0000000000
938.7500000000 0.0000000000
938.7600000000 0.0000000000
938.7700000000 0.0000000000
938.7800000000 0.0000000000
938.7900000000 0.0000000000
938.8000000000 0.0000000000
938.8100000000 0.0000000000
938.8200000000 0.0000000000
938.8300000000 0.0000000000
938.8400000000 0.0000000000
938.8500000000 0.0000000000
938.8600000000 0.0000000000
938.8700000000 0.0000000000
938.8800000000 0.0000000000
938.8900000000 0.0000000000
938.9000000000 0.0000000000
938.9100000000 0.0000000000
938.9200000000 0.0000000000
938.9300000000 0.0000000000
938.9400000000 0.0000000000
938.9500000000 0.0000000000
938.9600000000 0.0000000000
938.9700000000 0.0000000000
938.9800000000 0.0000000000
938.9900000000 0.0000000000
939.0000000000 0.0000000000
939.0100000000 0.0000000000
939.0200000000 0.0000000000
939.0300000000 0.0000000000
939.0400000000 0.0000000000
939.0500000000 0.0000000000
939.0600000000 0.0000000000
939.0700000000 0.0000000000
939.0800000000 0.0000000000
939.0900000000 0.0000000000
939.1000000000 0.0000000000
939.1100000000 0.0000000000
939.1200000000 0.0000000000
939.1300000000 0.0000000000
939.1400000000 0.0000000000
939.1500000000 0.0000000000
939.1600000000 0.0000000000
939.1700000000 0.0000000000
939.1800000000 0.0000000000
939.1900000000 0.0000000000
939.2000000000 0.0000000000
939.2100000000 0.0000000000
939.2200000000 0.0000000000
939.2300000000 0.0000000000
939.2400000000 0.0000000000
939.2500000000 0.0000000000
939.2600000000 0.0000000000
939.2700000000 0.0000000000
939.2800000000 0.0000000000
939.2900000000 0.0000000000
939.3000000000 0.0000000000
939.3100000000 0.0000000000
939.3200000000 0.0000000000
939.3300000000 0.0000000000
939.3400000000 0.0000000000
939.3500000000 0.0000000000
939.3600000000 0.0000000000
939.3700000000 0.0000000000
939.3800000000 0.0000000000
939.3900000000 0.0000000000
939.4000000000 0.0000000000
939.4100000000 0.0000000000
939.4200000000 0.0000000000
939.4300000000 0.0000000000
939.4400000000 0.0000000000
939.4500000000 0.0000000000
939.4600000000 0.0000000000
939.4700000000 0.0000000000
939.4800000000 0.0000000000
939.4900000000 0.0000000000
939.5000000000 0.0000000000
939.5100000000 0.0000000000
939.5200000000 0.0000000000
939.5300000000 0.0000000000
939.5400000000 0.0000000000
939.5500000000 0.0000000000
939.5600000000 0.0000000000
939.5700000000 0.0000000000
939.5800000000 0.0000000000
939.5900000000 0.0000000000
939.6000000000 0.0000000000
939.6100000000 0.0000000000
939.6200000000 0.0000000000
939.6300000000 0.0000000000
939.6400000000 0.0000000000
939.6500000000 0.0000000000
939.6600000000 0.0000000000
939.6700000000 0.0000000000
939.6800000000 0.0000000000
939.6900000000 0.0000000000
939.7000000000 0.0000000000
939.7100000000 0.0000000000
939.7200000000 0.0000000000
939.7300000000 0.0000000000
939.7400000000 0.0000000000
939.7500000000 0.0000000000
939.7600000000 0.0000000000
939.7700000000 0.0000000000
939.7800000000 0.0000000000
939.7900000000 0.0000000000
939.8000000000 0.0000000000
939.8100000000 0.0000000000
939.8200000000 0.0000000000
939.8300000000 0.0000000000
939.8400000000 0.0000000000
939.8500000000 0.0000000000
939.8600000000 0.0000000000
939.8700000000 0.0000000000
939.8800000000 0.0000000000
939.8900000000 0.0000000000
939.9000000000 0.0000000000
939.9100000000 0.0000000000
939.9200000000 0.0000000000
939.9300000000 0.0000000000
939.9400000000 0.0000000000
939.9500000000 0.0000000000
939.9600000000 0.0000000000
939.9700000000 0.0000000000
939.9800000000 0.0000000000
939.9900000000 0.0000000000
940.0000000000 0.0000000000
940.0100000000 0.0000000000
940.0200000000 0.0000000000
940.0300000000 0.0000000000
940.0400000000 0.0000000000
940.0500000000 0.0000000000
940.0600000000 0.0000000000
940.0700000000 0.0000000000
940.0800000000 0.0000000000
940.0900000000 0.0000000000
940.1000000000 0.0000000000
940.1100000000 0.0000000000
940.1200000000 0.0000000000
940.1300000000 0.0000000000
940.1400000000 0.0000000000
940.1500000000 0.0000000000
940.1600000000 0.0000000000
940.1700000000 0.0000000000
940.1800000000 0.0000000000
940.1900000000 0.0000000000
940.2000000000 0.0000000000
940.2100000000 0.0000000000
940.2200000000 0.0000000000
940.2300000000 0.0000000000
940.2400000000 0.0000000000
940.2500000000 0.0000000000
940.2600000000 0.0000000000
940.2700000000 0.0000000000
940.2800000000 0.0000000000
940.2900000000 0.0000000000
940.3000000000 0.0000000000
940.3100000000 0.0000000000
940.3200000000 0.0000000000
940.3300000000 0.0000000000
940.3400000000 0.0000000000
940.3500000000 0.0000000000
940.3600000000 0.0000000000
940.3700000000 0.0000000000
940.3800000000 0.0000000000
940.3900000000 0.0000000000
940.4000000000 0.0000000000
940.4100000000 0.0000000000
940.4200000000 0.0000000000
940.4300000000 0.0000000000
940.4400000000 0.0000000000
940.4500000000 0.0000000000
940.4600000000 0.0000000000
940.4700000000 0.0000000000
940.4800000000 0.0000000000
940.4900000000 0.0000000000
940.5000000000 0.0000000000
940.5100000000 0.0000000000
940.5200000000 0.0000000000
940.5300000000 0.0000000000
940.5400000000 0.0000000000
940.5500000000 0.0000000000
940.5600000000 0.0000000000
940.5700000000 0.0000000000
940.5800000000 0.0000000000
940.5900000000 0.0000000000
940.6000000000 0.0000000000
940.6100000000 0.0000000000
940.6200000000 0.0000000000
940.6300000000 0.0000000000
940.6400000000 0.0000000000
940.6500000000 0.0000000000
940.6600000000 0.0000000000
940.6700000000 0.0000000000
940.6800000000 0.0000000000
940.6900000000 0.0000000000
940.7000000000 0.0000000000
940.7100000000 0.0000000000
940.7200000000 0.0000000000
940.7300000000 0.0000000000
940.7400000000 0.0000000000
940.7500000000 0.0000000000
940.7600000000 0.0000000000
940.7700000000 0.0000000000
940.7800000000 0.0000000000
940.7900000000 0.0000000000
940.8000000000 0.0000000000
940.8100000000 0.0000000000
940.8200000000 0.0000000000
940.8300000000 0.0000000000
940.8400000000 0.0000000000
940.8500000000 0.0000000000
940.8600000000 0.0000000000
940.8700000000 0.0000000000
940.8800000000 0.0000000000
940.8900000000 0.0000000000
940.9000000000 0.0000000000
940.9100000000 0.0000000000
940.9200000000 0.0000000000
940.9300000000 0.0000000000
940.9400000000 0.0000000000
940.9500000000 0.0000000000
940.9600000000 0.0000000000
940.9700000000 0.0000000000
940.9800000000 0.0000000000
940.9900000000 0.0000000000
941.0000000000 0.0000000000
941.0100000000 0.0000000000
941.0200000000 0.0000000000
941.0300000000 0.0000000000
941.0400000000 0.0000000000
941.0500000000 0.0000000000
941.0600000000 0.0000000000
941.0700000000 0.0000000000
941.0800000000 0.0000000000
941.0900000000 0.0000000000
941.1000000000 0.0000000000
941.1100000000 0.0000000000
941.1200000000 0.0000000000
941.1300000000 0.0000000000
941.1400000000 0.0000000000
941.1500000000 0.0000000000
941.1600000000 0.0000000000
941.1700000000 0.0000000000
941.1800000000 0.0000000000
941.1900000000 0.0000000000
941.2000000000 0.0000000000
941.2100000000 0.0000000000
941.2200000000 0.0000000000
941.2300000000 0.0000000000
941.2400000000 0.0000000000
941.2500000000 0.0000000000
941.2600000000 0.0000000000
941.2700000000 0.0000000000
941.2800000000 0.0000000000
941.2900000000 0.0000000000
941.3000000000 0.0000000000
941.3100000000 0.0000000000
941.3200000000 0.0000000000
941.3300000000 0.0000000000
941.3400000000 0.0000000000
941.3500000000 0.0000000000
941.3600000000 0.0000000000
941.3700000000 0.0000000000
941.3800000000 0.0000000000
941.3900000000 0.0000000000
941.4000000000 0.0000000000
941.4100000000 0.0000000000
941.4200000000 0.0000000000
941.4300000000 0.0000000000
941.4400000000 0.0000000000
941.4500000000 0.0000000000
941.4600000000 0.0000000000
941.4700000000 0.0000000000
941.4800000000 0.0000000000
941.4900000000 0.0000000000
941.5000000000 0.0000000000
941.5100000000 0.0000000000
941.5200000000 0.0000000000
941.5300000000 0.0000000000
941.5400000000 0.0000000000
941.5500000000 0.0000000000
941.5600000000 0.0000000000
941.5700000000 0.0000000000
941.5800000000 0.0000000000
941.5900000000 0.0000000000
941.6000000000 0.0000000000
941.6100000000 0.0000000000
941.6200000000 0.0000000000
941.6300000000 0.0000000000
941.6400000000 0.0000000000
941.6500000000 0.0000000000
941.6600000000 0.0000000000
941.6700000000 0.0000000000
941.6800000000 0.0000000000
941.6900000000 0.0000000000
941.7000000000 0.0000000000
941.7100000000 0.0000000000
941.7200000000 0.0000000000
941.7300000000 0.0000000000
941.7400000000 0.0000000000
941.7500000000 0.0000000000
941.7600000000 0.0000000000
941.7700000000 0.0000000000
941.7800000000 0.0000000000
941.7900000000 0.0000000000
941.8000000000 0.0000000000
941.8100000000 0.0000000000
941.8200000000 0.0000000000
941.8300000000 0.0000000000
941.8400000000 0.0000000000
941.8500000000 0.0000000000
941.8600000000 0.0000000000
941.8700000000 0.0000000000
941.8800000000 0.0000000000
941.8900000000 0.0000000000
941.9000000000 0.0000000000
941.9100000000 0.0000000000
941.9200000000 0.0000000000
941.9300000000 0.0000000000
941.9400000000 0.0000000000
941.9500000000 0.0000000000
941.9600000000 0.0000000000
941.9700000000 0.0000000000
941.9800000000 0.0000000000
941.9900000000 0.0000000000
942.0000000000 0.0000000000
942.0100000000 0.0000000000
942.0200000000 0.0000000000
942.0300000000 0.0000000000
942.0400000000 0.0000000000
942.0500000000 0.0000000000
942.0600000000 0.0000000000
942.0700000000 0.0000000000
942.0800000000 0.0000000000
942.0900000000 0.0000000000
942.1000000000 0.0000000000
942.1100000000 0.0000000000
942.1200000000 0.0000000000
942.1300000000 0.0000000000
942.1400000000 0.0000000000
942.1500000000 0.0000000000
942.1600000000 0.0000000000
942.1700000000 0.0000000000
942.1800000000 0.0000000000
942.1900000000 0.0000000000
942.2000000000 0.0000000000
942.2100000000 0.0000000000
942.2200000000 0.0000000000
942.2300000000 0.0000000000
942.2400000000 0.0000000000
942.2500000000 0.0000000000
942.2600000000 0.0000000000
942.2700000000 0.0000000000
942.2800000000 0.0000000000
942.2900000000 0.0000000000
942.3000000000 0.0000000000
942.3100000000 0.0000000000
942.3200000000 0.0000000000
942.3300000000 0.0000000000
942.3400000000 0.0000000000
942.3500000000 0.0000000000
942.3600000000 0.0000000000
942.3700000000 0.0000000000
942.3800000000 0.0000000000
942.3900000000 0.0000000000
942.4000000000 0.0000000000
942.4100000000 0.0000000000
942.4200000000 0.0000000000
942.4300000000 0.0000000000
942.4400000000 0.0000000000
942.4500000000 0.0000000000
942.4600000000 0.0000000000
942.4700000000 0.0000000000
942.4800000000 0.0000000000
942.4900000000 0.0000000000
942.5000000000 0.0000000000
942.5100000000 0.0000000000
942.5200000000 0.0000000000
942.5300000000 0.0000000000
942.5400000000 0.0000000000
942.5500000000 0.0000000000
942.5600000000 0.0000000000
942.5700000000 0.0000000000
942.5800000000 0.0000000000
942.5900000000 0.0000000000
942.6000000000 0.0000000000
942.6100000000 0.0000000000
942.6200000000 0.0000000000
942.6300000000 0.0000000000
942.6400000000 0.0000000000
942.6500000000 0.0000000000
942.6600000000 0.0000000000
942.6700000000 0.0000000000
942.6800000000 0.0000000000
942.6900000000 0.0000000000
942.7000000000 0.0000000000
942.7100000000 0.0000000000
942.7200000000 0.0000000000
942.7300000000 0.0000000000
942.7400000000 0.0000000000
942.7500000000 0.0000000000
942.7600000000 0.0000000000
942.7700000000 0.0000000000
942.7800000000 0.0000000000
942.7900000000 0.0000000000
942.8000000000 0.0000000000
942.8100000000 0.0000000000
942.8200000000 0.0000000000
942.8300000000 0.0000000000
942.8400000000 0.0000000000
942.8500000000 0.0000000000
942.8600000000 0.0000000000
942.8700000000 0.0000000000
942.8800000000 0.0000000000
942.8900000000 0.0000000000
942.9000000000 0.0000000000
942.9100000000 0.0000000000
942.9200000000 0.0000000000
942.9300000000 0.0000000000
942.9400000000 0.0000000000
942.9500000000 0.0000000000
942.9600000000 0.0000000000
942.9700000000 0.0000000000
942.9800000000 0.0000000000
942.9900000000 0.0000000000
943.0000000000 0.0000000000
943.0100000000 0.0000000000
943.0200000000 0.0000000000
943.0300000000 0.0000000000
943.0400000000 0.0000000000
943.0500000000 0.0000000000
943.0600000000 0.0000000000
943.0700000000 0.0000000000
943.0800000000 0.0000000000
943.0900000000 0.0000000000
943.1000000000 0.0000000000
943.1100000000 0.0000000000
943.1200000000 0.0000000000
943.1300000000 0.0000000000
943.1400000000 0.0000000000
943.1500000000 0.0000000000
943.1600000000 0.0000000000
943.1700000000 0.0000000000
943.1800000000 0.0000000000
943.1900000000 0.0000000000
943.2000000000 0.0000000000
943.2100000000 0.0000000000
943.2200000000 0.0000000000
943.2300000000 0.0000000000
943.2400000000 0.0000000000
943.2500000000 0.0000000000
943.2600000000 0.0000000000
943.2700000000 0.0000000000
943.2800000000 0.0000000000
943.2900000000 0.0000000000
943.3000000000 0.0000000000
943.3100000000 0.0000000000
943.3200000000 0.0000000000
943.3300000000 0.0000000000
943.3400000000 0.0000000000
943.3500000000 0.0000000000
943.3600000000 0.0000000000
943.3700000000 0.0000000000
943.3800000000 0.0000000000
943.3900000000 0.0000000000
943.4000000000 0.0000000000
943.4100000000 0.0000000000
943.4200000000 0.0000000000
943.4300000000 0.0000000000
943.4400000000 0.0000000000
943.4500000000 0.0000000000
943.4600000000 0.0000000000
943.4700000000 0.0000000000
943.4800000000 0.0000000000
943.4900000000 0.0000000000
943.5000000000 0.0000000000
943.5100000000 0.0000000000
943.5200000000 0.0000000000
943.5300000000 0.0000000000
943.5400000000 0.0000000000
943.5500000000 0.0000000000
943.5600000000 0.0000000000
943.5700000000 0.0000000000
943.5800000000 0.0000000000
943.5900000000 0.0000000000
943.6000000000 0.0000000000
943.6100000000 0.0000000000
943.6200000000 0.0000000000
943.6300000000 0.0000000000
943.6400000000 0.0000000000
943.6500000000 0.0000000000
943.6600000000 0.0000000000
943.6700000000 0.0000000000
943.6800000000 0.0000000000
943.6900000000 0.0000000000
943.7000000000 0.0000000000
943.7100000000 0.0000000000
943.7200000000 0.0000000000
943.7300000000 0.0000000000
943.7400000000 0.0000000000
943.7500000000 0.0000000000
943.7600000000 0.0000000000
943.7700000000 0.0000000000
943.7800000000 0.0000000000
943.7900000000 0.0000000000
943.8000000000 0.0000000000
943.8100000000 0.0000000000
943.8200000000 0.0000000000
943.8300000000 0.0000000000
943.8400000000 0.0000000000
943.8500000000 0.0000000000
943.8600000000 0.0000000000
943.8700000000 0.0000000000
943.8800000000 0.0000000000
943.8900000000 0.0000000000
943.9000000000 0.0000000000
943.9100000000 0.0000000000
943.9200000000 0.0000000000
943.9300000000 0.0000000000
943.9400000000 0.0000000000
943.9500000000 0.0000000000
943.9600000000 0.0000000000
943.9700000000 0.0000000000
943.9800000000 0.0000000000
943.9900000000 0.0000000000
944.0000000000 0.0000000000
944.0100000000 0.0000000000
944.0200000000 0.0000000000
944.0300000000 0.0000000000
944.0400000000 0.0000000000
944.0500000000 0.0000000000
944.0600000000 0.0000000000
944.0700000000 0.0000000000
944.0800000000 0.0000000000
944.0900000000 0.0000000000
944.1000000000 0.0000000000
944.1100000000 0.0000000000
944.1200000000 0.0000000000
944.1300000000 0.0000000000
944.1400000000 0.0000000000
944.1500000000 0.0000000000
944.1600000000 0.0000000000
944.1700000000 0.0000000000
944.1800000000 0.0000000000
944.1900000000 0.0000000000
944.2000000000 0.0000000000
944.2100000000 0.0000000000
944.2200000000 0.0000000000
944.2300000000 0.0000000000
944.2400000000 0.0000000000
944.2500000000 0.0000000000
944.2600000000 0.0000000000
944.2700000000 0.0000000000
944.2800000000 0.0000000000
944.2900000000 0.0000000000
944.3000000000 0.0000000000
944.3100000000 0.0000000000
944.3200000000 0.0000000000
944.3300000000 0.0000000000
944.3400000000 0.0000000000
944.3500000000 0.0000000000
944.3600000000 0.0000000000
944.3700000000 0.0000000000
944.3800000000 0.0000000000
944.3900000000 0.0000000000
944.4000000000 0.0000000000
944.4100000000 0.0000000000
944.4200000000 0.0000000000
944.4300000000 0.0000000000
944.4400000000 0.0000000000
944.4500000000 0.0000000000
944.4600000000 0.0000000000
944.4700000000 0.0000000000
944.4800000000 0.0000000000
944.4900000000 0.0000000000
944.5000000000 0.0000000000
944.5100000000 0.0000000000
944.5200000000 0.0000000000
944.5300000000 0.0000000000
944.5400000000 0.0000000000
944.5500000000 0.0000000000
944.5600000000 0.0000000000
944.5700000000 0.0000000000
944.5800000000 0.0000000000
944.5900000000 0.0000000000
944.6000000000 0.0000000000
944.6100000000 0.0000000000
944.6200000000 0.0000000000
944.6300000000 0.0000000000
944.6400000000 0.0000000000
944.6500000000 0.0000000000
944.6600000000 0.0000000000
944.6700000000 0.0000000000
944.6800000000 0.0000000000
944.6900000000 0.0000000000
944.7000000000 0.0000000000
944.7100000000 0.0000000000
944.7200000000 0.0000000000
944.7300000000 0.0000000000
944.7400000000 0.0000000000
944.7500000000 0.0000000000
944.7600000000 0.0000000000
944.7700000000 0.0000000000
944.7800000000 0.0000000000
944.7900000000 0.0000000000
944.8000000000 0.0000000000
944.8100000000 0.0000000000
944.8200000000 0.0000000000
944.8300000000 0.0000000000
944.8400000000 0.0000000000
944.8500000000 0.0000000000
944.8600000000 0.0000000000
944.8700000000 0.0000000000
944.8800000000 0.0000000000
944.8900000000 0.0000000000
944.9000000000 0.0000000000
944.9100000000 0.0000000000
944.9200000000 0.0000000000
944.9300000000 0.0000000000
944.9400000000 0.0000000000
944.9500000000 0.0000000000
944.9600000000 0.0000000000
944.9700000000 0.0000000000
944.9800000000 0.0000000000
944.9900000000 0.0000000000
945.0000000000 0.0000000000
945.0100000000 0.0000000000
945.0200000000 0.0000000000
945.0300000000 0.0000000000
945.0400000000 0.0000000000
945.0500000000 0.0000000000
945.0600000000 0.0000000000
945.0700000000 0.0000000000
945.0800000000 0.0000000000
945.0900000000 0.0000000000
945.1000000000 0.0000000000
945.1100000000 0.0000000000
945.1200000000 0.0000000000
945.1300000000 0.0000000000
945.1400000000 0.0000000000
945.1500000000 0.0000000000
945.1600000000 0.0000000000
945.1700000000 0.0000000000
945.1800000000 0.0000000000
945.1900000000 0.0000000000
945.2000000000 0.0000000000
945.2100000000 0.0000000000
945.2200000000 0.0000000000
945.2300000000 0.0000000000
945.2400000000 0.0000000000
945.2500000000 0.0000000000
945.2600000000 0.0000000000
945.2700000000 0.0000000000
945.2800000000 0.0000000000
945.2900000000 0.0000000000
945.3000000000 0.0000000000
945.3100000000 0.0000000000
945.3200000000 0.0000000000
945.3300000000 0.0000000000
945.3400000000 0.0000000000
945.3500000000 0.0000000000
945.3600000000 0.0000000000
945.3700000000 0.0000000000
945.3800000000 0.0000000000
945.3900000000 0.0000000000
945.4000000000 0.0000000000
945.4100000000 0.0000000000
945.4200000000 0.0000000000
945.4300000000 0.0000000000
945.4400000000 0.0000000000
945.4500000000 0.0000000000
945.4600000000 0.0000000000
945.4700000000 0.0000000000
945.4800000000 0.0000000000
945.4900000000 0.0000000000
945.5000000000 0.0000000000
945.5100000000 0.0000000000
945.5200000000 0.0000000000
945.5300000000 0.0000000000
945.5400000000 0.0000000000
945.5500000000 0.0000000000
945.5600000000 0.0000000000
945.5700000000 0.0000000000
945.5800000000 0.0000000000
945.5900000000 0.0000000000
945.6000000000 0.0000000000
945.6100000000 0.0000000000
945.6200000000 0.0000000000
945.6300000000 0.0000000000
945.6400000000 0.0000000000
945.6500000000 0.0000000000
945.6600000000 0.0000000000
945.6700000000 0.0000000000
945.6800000000 0.0000000000
945.6900000000 0.0000000000
945.7000000000 0.0000000000
945.7100000000 0.0000000000
945.7200000000 0.0000000000
945.7300000000 0.0000000000
945.7400000000 0.0000000000
945.7500000000 0.0000000000
945.7600000000 0.0000000000
945.7700000000 0.0000000000
945.7800000000 0.0000000000
945.7900000000 0.0000000000
945.8000000000 0.0000000000
945.8100000000 0.0000000000
945.8200000000 0.0000000000
945.8300000000 0.0000000000
945.8400000000 0.0000000000
945.8500000000 0.0000000000
945.8600000000 0.0000000000
945.8700000000 0.0000000000
945.8800000000 0.0000000000
945.8900000000 0.0000000000
945.9000000000 0.0000000000
945.9100000000 0.0000000000
945.9200000000 0.0000000000
945.9300000000 0.0000000000
945.9400000000 0.0000000000
945.9500000000 0.0000000000
945.9600000000 0.0000000000
945.9700000000 0.0000000000
945.9800000000 0.0000000000
945.9900000000 0.0000000000
946.0000000000 0.0000000000
946.0100000000 0.0000000000
946.0200000000 0.0000000000
946.0300000000 0.0000000000
946.0400000000 0.0000000000
946.0500000000 0.0000000000
946.0600000000 0.0000000000
946.0700000000 0.0000000000
946.0800000000 0.0000000000
946.0900000000 0.0000000000
946.1000000000 0.0000000000
946.1100000000 0.0000000000
946.1200000000 0.0000000000
946.1300000000 0.0000000000
946.1400000000 0.0000000000
946.1500000000 0.0000000000
946.1600000000 0.0000000000
946.1700000000 0.0000000000
946.1800000000 0.0000000000
946.1900000000 0.0000000000
946.2000000000 0.0000000000
946.2100000000 0.0000000000
946.2200000000 0.0000000000
946.2300000000 0.0000000000
946.2400000000 0.0000000000
946.2500000000 0.0000000000
946.2600000000 0.0000000000
946.2700000000 0.0000000000
946.2800000000 0.0000000000
946.2900000000 0.0000000000
946.3000000000 0.0000000000
946.3100000000 0.0000000000
946.3200000000 0.0000000000
946.3300000000 0.0000000000
946.3400000000 0.0000000000
946.3500000000 0.0000000000
946.3600000000 0.0000000000
946.3700000000 0.0000000000
946.3800000000 0.0000000000
946.3900000000 0.0000000000
946.4000000000 0.0000000000
946.4100000000 0.0000000000
946.4200000000 0.0000000000
946.4300000000 0.0000000000
946.4400000000 0.0000000000
946.4500000000 0.0000000000
946.4600000000 0.0000000000
946.4700000000 0.0000000000
946.4800000000 0.0000000000
946.4900000000 0.0000000000
946.5000000000 0.0000000000
946.5100000000 0.0000000000
946.5200000000 0.0000000000
946.5300000000 0.0000000000
946.5400000000 0.0000000000
946.5500000000 0.0000000000
946.5600000000 0.0000000000
946.5700000000 0.0000000000
946.5800000000 0.0000000000
946.5900000000 0.0000000000
946.6000000000 0.0000000000
946.6100000000 0.0000000000
946.6200000000 0.0000000000
946.6300000000 0.0000000000
946.6400000000 0.0000000000
946.6500000000 0.0000000000
946.6600000000 0.0000000000
946.6700000000 0.0000000000
946.6800000000 0.0000000000
946.6900000000 0.0000000000
946.7000000000 0.0000000000
946.7100000000 0.0000000000
946.7200000000 0.0000000000
946.7300000000 0.0000000000
946.7400000000 0.0000000000
946.7500000000 0.0000000000
946.7600000000 0.0000000000
946.7700000000 0.0000000000
946.7800000000 0.0000000000
946.7900000000 0.0000000000
946.8000000000 0.0000000000
946.8100000000 0.0000000000
946.8200000000 0.0000000000
946.8300000000 0.0000000000
946.8400000000 0.0000000000
946.8500000000 0.0000000000
946.8600000000 0.0000000000
946.8700000000 0.0000000000
946.8800000000 0.0000000000
946.8900000000 0.0000000000
946.9000000000 0.0000000000
946.9100000000 0.0000000000
946.9200000000 0.0000000000
946.9300000000 0.0000000000
946.9400000000 0.0000000000
946.9500000000 0.0000000000
946.9600000000 0.0000000000
946.9700000000 0.0000000000
946.9800000000 0.0000000000
946.9900000000 0.0000000000
947.0000000000 0.0000000000
947.0100000000 0.0000000000
947.0200000000 0.0000000000
947.0300000000 0.0000000000
947.0400000000 0.0000000000
947.0500000000 0.0000000000
947.0600000000 0.0000000000
947.0700000000 0.0000000000
947.0800000000 0.0000000000
947.0900000000 0.0000000000
947.1000000000 0.0000000000
947.1100000000 0.0000000000
947.1200000000 0.0000000000
947.1300000000 0.0000000000
947.1400000000 0.0000000000
947.1500000000 0.0000000000
947.1600000000 0.0000000000
947.1700000000 0.0000000000
947.1800000000 0.0000000000
947.1900000000 0.0000000000
947.2000000000 0.0000000000
947.2100000000 0.0000000000
947.2200000000 0.0000000000
947.2300000000 0.0000000000
947.2400000000 0.0000000000
947.2500000000 0.0000000000
947.2600000000 0.0000000000
947.2700000000 0.0000000000
947.2800000000 0.0000000000
947.2900000000 0.0000000000
947.3000000000 0.0000000000
947.3100000000 0.0000000000
947.3200000000 0.0000000000
947.3300000000 0.0000000000
947.3400000000 0.0000000000
947.3500000000 0.0000000000
947.3600000000 0.0000000000
947.3700000000 0.0000000000
947.3800000000 0.0000000000
947.3900000000 0.0000000000
947.4000000000 0.0000000000
947.4100000000 0.0000000000
947.4200000000 0.0000000000
947.4300000000 0.0000000000
947.4400000000 0.0000000000
947.4500000000 0.0000000000
947.4600000000 0.0000000000
947.4700000000 0.0000000000
947.4800000000 0.0000000000
947.4900000000 0.0000000000
947.5000000000 0.0000000000
947.5100000000 0.0000000000
947.5200000000 0.0000000000
947.5300000000 0.0000000000
947.5400000000 0.0000000000
947.5500000000 0.0000000000
947.5600000000 0.0000000000
947.5700000000 0.0000000000
947.5800000000 0.0000000000
947.5900000000 0.0000000000
947.6000000000 0.0000000000
947.6100000000 0.0000000000
947.6200000000 0.0000000000
947.6300000000 0.0000000000
947.6400000000 0.0000000000
947.6500000000 0.0000000000
947.6600000000 0.0000000000
947.6700000000 0.0000000000
947.6800000000 0.0000000000
947.6900000000 0.0000000000
947.7000000000 0.0000000000
947.7100000000 0.0000000000
947.7200000000 0.0000000000
947.7300000000 0.0000000000
947.7400000000 0.0000000000
947.7500000000 0.0000000000
947.7600000000 0.0000000000
947.7700000000 0.0000000000
947.7800000000 0.0000000000
947.7900000000 0.0000000000
947.8000000000 0.0000000000
947.8100000000 0.0000000000
947.8200000000 0.0000000000
947.8300000000 0.0000000000
947.8400000000 0.0000000000
947.8500000000 0.0000000000
947.8600000000 0.0000000000
947.8700000000 0.0000000000
947.8800000000 0.0000000000
947.8900000000 0.0000000000
947.9000000000 0.0000000000
947.9100000000 0.0000000000
947.9200000000 0.0000000000
947.9300000000 0.0000000000
947.9400000000 0.0000000000
947.9500000000 0.0000000000
947.9600000000 0.0000000000
947.9700000000 0.0000000000
947.9800000000 0.0000000000
947.9900000000 0.0000000000
948.0000000000 0.0000000000
948.0100000000 0.0000000000
948.0200000000 0.0000000000
948.0300000000 0.0000000000
948.0400000000 0.0000000000
948.0500000000 0.0000000000
948.0600000000 0.0000000000
948.0700000000 0.0000000000
948.0800000000 0.0000000000
948.0900000000 0.0000000000
948.1000000000 0.0000000000
948.1100000000 0.0000000000
948.1200000000 0.0000000000
948.1300000000 0.0000000000
948.1400000000 0.0000000000
948.1500000000 0.0000000000
948.1600000000 0.0000000000
948.1700000000 0.0000000000
948.1800000000 0.0000000000
948.1900000000 0.0000000000
948.2000000000 0.0000000000
948.2100000000 0.0000000000
948.2200000000 0.0000000000
948.2300000000 0.0000000000
948.2400000000 0.0000000000
948.2500000000 0.0000000000
948.2600000000 0.0000000000
948.2700000000 0.0000000000
948.2800000000 0.0000000000
948.2900000000 0.0000000000
948.3000000000 0.0000000000
948.3100000000 0.0000000000
948.3200000000 0.0000000000
948.3300000000 0.0000000000
948.3400000000 0.0000000000
948.3500000000 0.0000000000
948.3600000000 0.0000000000
948.3700000000 0.0000000000
948.3800000000 0.0000000000
948.3900000000 0.0000000000
948.4000000000 0.0000000000
948.4100000000 0.0000000000
948.4200000000 0.0000000000
948.4300000000 0.0000000000
948.4400000000 0.0000000000
948.4500000000 0.0000000000
948.4600000000 0.0000000000
948.4700000000 0.0000000000
948.4800000000 0.0000000000
948.4900000000 0.0000000000
948.5000000000 0.0000000000
948.5100000000 0.0000000000
948.5200000000 0.0000000000
948.5300000000 0.0000000000
948.5400000000 0.0000000000
948.5500000000 0.0000000000
948.5600000000 0.0000000000
948.5700000000 0.0000000000
948.5800000000 0.0000000000
948.5900000000 0.0000000000
948.6000000000 0.0000000000
948.6100000000 0.0000000000
948.6200000000 0.0000000000
948.6300000000 0.0000000000
948.6400000000 0.0000000000
948.6500000000 0.0000000000
948.6600000000 0.0000000000
948.6700000000 0.0000000000
948.6800000000 0.0000000000
948.6900000000 0.0000000000
948.7000000000 0.0000000000
948.7100000000 0.0000000000
948.7200000000 0.0000000000
948.7300000000 0.0000000000
948.7400000000 0.0000000000
948.7500000000 0.0000000000
948.7600000000 0.0000000000
948.7700000000 0.0000000000
948.7800000000 0.0000000000
948.7900000000 0.0000000000
948.8000000000 0.0000000000
948.8100000000 0.0000000000
948.8200000000 0.0000000000
948.8300000000 0.0000000000
948.8400000000 0.0000000000
948.8500000000 0.0000000000
948.8600000000 0.0000000000
948.8700000000 0.0000000000
948.8800000000 0.0000000000
948.8900000000 0.0000000000
948.9000000000 0.0000000000
948.9100000000 0.0000000000
948.9200000000 0.0000000000
948.9300000000 0.0000000000
948.9400000000 0.0000000000
948.9500000000 0.0000000000
948.9600000000 0.0000000000
948.9700000000 0.0000000000
948.9800000000 0.0000000000
948.9900000000 0.0000000000
949.0000000000 0.0000000000
949.0100000000 0.0000000000
949.0200000000 0.0000000000
949.0300000000 0.0000000000
949.0400000000 0.0000000000
949.0500000000 0.0000000000
949.0600000000 0.0000000000
949.0700000000 0.0000000000
949.0800000000 0.0000000000
949.0900000000 0.0000000000
949.1000000000 0.0000000000
949.1100000000 0.0000000000
949.1200000000 0.0000000000
949.1300000000 0.0000000000
949.1400000000 0.0000000000
949.1500000000 0.0000000000
949.1600000000 0.0000000000
949.1700000000 0.0000000000
949.1800000000 0.0000000000
949.1900000000 0.0000000000
949.2000000000 0.0000000000
949.2100000000 0.0000000000
949.2200000000 0.0000000000
949.2300000000 0.0000000000
949.2400000000 0.0000000000
949.2500000000 0.0000000000
949.2600000000 0.0000000000
949.2700000000 0.0000000000
949.2800000000 0.0000000000
949.2900000000 0.0000000000
949.3000000000 0.0000000000
949.3100000000 0.0000000000
949.3200000000 0.0000000000
949.3300000000 0.0000000000
949.3400000000 0.0000000000
949.3500000000 0.0000000000
949.3600000000 0.0000000000
949.3700000000 0.0000000000
949.3800000000 0.0000000000
949.3900000000 0.0000000000
949.4000000000 0.0000000000
949.4100000000 0.0000000000
949.4200000000 0.0000000000
949.4300000000 0.0000000000
949.4400000000 0.0000000000
949.4500000000 0.0000000000
949.4600000000 0.0000000000
949.4700000000 0.0000000000
949.4800000000 0.0000000000
949.4900000000 0.0000000000
949.5000000000 0.0000000000
949.5100000000 0.0000000000
949.5200000000 0.0000000000
949.5300000000 0.0000000000
949.5400000000 0.0000000000
949.5500000000 0.0000000000
949.5600000000 0.0000000000
949.5700000000 0.0000000000
949.5800000000 0.0000000000
949.5900000000 0.0000000000
949.6000000000 0.0000000000
949.6100000000 0.0000000000
949.6200000000 0.0000000000
949.6300000000 0.0000000000
949.6400000000 0.0000000000
949.6500000000 0.0000000000
949.6600000000 0.0000000000
949.6700000000 0.0000000000
949.6800000000 0.0000000000
949.6900000000 0.0000000000
949.7000000000 0.0000000000
949.7100000000 0.0000000000
949.7200000000 0.0000000000
949.7300000000 0.0000000000
949.7400000000 0.0000000000
949.7500000000 0.0000000000
949.7600000000 0.0000000000
949.7700000000 0.0000000000
949.7800000000 0.0000000000
949.7900000000 0.0000000000
949.8000000000 0.0000000000
949.8100000000 0.0000000000
949.8200000000 0.0000000000
949.8300000000 0.0000000000
949.8400000000 0.0000000000
949.8500000000 0.0000000000
949.8600000000 0.0000000000
949.8700000000 0.0000000000
949.8800000000 0.0000000000
949.8900000000 0.0000000000
949.9000000000 0.0000000000
949.9100000000 0.0000000000
949.9200000000 0.0000000000
949.9300000000 0.0000000000
949.9400000000 0.0000000000
949.9500000000 0.0000000000
949.9600000000 0.0000000000
949.9700000000 0.0000000000
949.9800000000 0.0000000000
949.9900000000 0.0000000000
950.0000000000 0.0000000000
950.0100000000 0.0000000000
950.0200000000 0.0000000000
950.0300000000 0.0000000000
950.0400000000 0.0000000000
950.0500000000 0.0000000000
950.0600000000 0.0000000000
950.0700000000 0.0000000000
950.0800000000 0.0000000000
950.0900000000 0.0000000000
950.1000000000 0.0000000000
950.1100000000 0.0000000000
950.1200000000 0.0000000000
950.1300000000 0.0000000000
950.1400000000 0.0000000000
950.1500000000 0.0000000000
950.1600000000 0.0000000000
950.1700000000 0.0000000000
950.1800000000 0.0000000000
950.1900000000 0.0000000000
950.2000000000 0.0000000000
950.2100000000 0.0000000000
950.2200000000 0.0000000000
950.2300000000 0.0000000000
950.2400000000 0.0000000000
950.2500000000 0.0000000000
950.2600000000 0.0000000000
950.2700000000 0.0000000000
950.2800000000 0.0000000000
950.2900000000 0.0000000000
950.3000000000 0.0000000000
950.3100000000 0.0000000000
950.3200000000 0.0000000000
950.3300000000 0.0000000000
950.3400000000 0.0000000000
950.3500000000 0.0000000000
950.3600000000 0.0000000000
950.3700000000 0.0000000000
950.3800000000 0.0000000000
950.3900000000 0.0000000000
950.4000000000 0.0000000000
950.4100000000 0.0000000000
950.4200000000 0.0000000000
950.4300000000 0.0000000000
950.4400000000 0.0000000000
950.4500000000 0.0000000000
950.4600000000 0.0000000000
950.4700000000 0.0000000000
950.4800000000 0.0000000000
950.4900000000 0.0000000000
950.5000000000 0.0000000000
950.5100000000 0.0000000000
950.5200000000 0.0000000000
950.5300000000 0.0000000000
950.5400000000 0.0000000000
950.5500000000 0.0000000000
950.5600000000 0.0000000000
950.5700000000 0.0000000000
950.5800000000 0.0000000000
950.5900000000 0.0000000000
950.6000000000 0.0000000000
950.6100000000 0.0000000000
950.6200000000 0.0000000000
950.6300000000 0.0000000000
950.6400000000 0.0000000000
950.6500000000 0.0000000000
950.6600000000 0.0000000000
950.6700000000 0.0000000000
950.6800000000 0.0000000000
950.6900000000 0.0000000000
950.7000000000 0.0000000000
950.7100000000 0.0000000000
950.7200000000 0.0000000000
950.7300000000 0.0000000000
950.7400000000 0.0000000000
950.7500000000 0.0000000000
950.7600000000 0.0000000000
950.7700000000 0.0000000000
950.7800000000 0.0000000000
950.7900000000 0.0000000000
950.8000000000 0.0000000000
950.8100000000 0.0000000000
950.8200000000 0.0000000000
950.8300000000 0.0000000000
950.8400000000 0.0000000000
950.8500000000 0.0000000000
950.8600000000 0.0000000000
950.8700000000 0.0000000000
950.8800000000 0.0000000000
950.8900000000 0.0000000000
950.9000000000 0.0000000000
950.9100000000 0.0000000000
950.9200000000 0.0000000000
950.9300000000 0.0000000000
950.9400000000 0.0000000000
950.9500000000 0.0000000000
950.9600000000 0.0000000000
950.9700000000 0.0000000000
950.9800000000 0.0000000000
950.9900000000 0.0000000000
951.0000000000 0.0000000000
951.0100000000 0.0000000000
951.0200000000 0.0000000000
951.0300000000 0.0000000000
951.0400000000 0.0000000000
951.0500000000 0.0000000000
951.0600000000 0.0000000000
951.0700000000 0.0000000000
951.0800000000 0.0000000000
951.0900000000 0.0000000000
951.1000000000 0.0000000000
951.1100000000 0.0000000000
951.1200000000 0.0000000000
951.1300000000 0.0000000000
951.1400000000 0.0000000000
951.1500000000 0.0000000000
951.1600000000 0.0000000000
951.1700000000 0.0000000000
951.1800000000 0.0000000000
951.1900000000 0.0000000000
951.2000000000 0.0000000000
951.2100000000 0.0000000000
951.2200000000 0.0000000000
951.2300000000 0.0000000000
951.2400000000 0.0000000000
951.2500000000 0.0000000000
951.2600000000 0.0000000000
951.2700000000 0.0000000000
951.2800000000 0.0000000000
951.2900000000 0.0000000000
951.3000000000 0.0000000000
951.3100000000 0.0000000000
951.3200000000 0.0000000000
951.3300000000 0.0000000000
951.3400000000 0.0000000000
951.3500000000 0.0000000000
951.3600000000 0.0000000000
951.3700000000 0.0000000000
951.3800000000 0.0000000000
951.3900000000 0.0000000000
951.4000000000 0.0000000000
951.4100000000 0.0000000000
951.4200000000 0.0000000000
951.4300000000 0.0000000000
951.4400000000 0.0000000000
951.4500000000 0.0000000000
951.4600000000 0.0000000000
951.4700000000 0.0000000000
951.4800000000 0.0000000000
951.4900000000 0.0000000000
951.5000000000 0.0000000000
951.5100000000 0.0000000000
951.5200000000 0.0000000000
951.5300000000 0.0000000000
951.5400000000 0.0000000000
951.5500000000 0.0000000000
951.5600000000 0.0000000000
951.5700000000 0.0000000000
951.5800000000 0.0000000000
951.5900000000 0.0000000000
951.6000000000 0.0000000000
951.6100000000 0.0000000000
951.6200000000 0.0000000000
951.6300000000 0.0000000000
951.6400000000 0.0000000000
951.6500000000 0.0000000000
951.6600000000 0.0000000000
951.6700000000 0.0000000000
951.6800000000 0.0000000000
951.6900000000 0.0000000000
951.7000000000 0.0000000000
951.7100000000 0.0000000000
951.7200000000 0.0000000000
951.7300000000 0.0000000000
951.7400000000 0.0000000000
951.7500000000 0.0000000000
951.7600000000 0.0000000000
951.7700000000 0.0000000000
951.7800000000 0.0000000000
951.7900000000 0.0000000000
951.8000000000 0.0000000000
951.8100000000 0.0000000000
951.8200000000 0.0000000000
951.8300000000 0.0000000000
951.8400000000 0.0000000000
951.8500000000 0.0000000000
951.8600000000 0.0000000000
951.8700000000 0.0000000000
951.8800000000 0.0000000000
951.8900000000 0.0000000000
951.9000000000 0.0000000000
951.9100000000 0.0000000000
951.9200000000 0.0000000000
951.9300000000 0.0000000000
951.9400000000 0.0000000000
951.9500000000 0.0000000000
951.9600000000 0.0000000000
951.9700000000 0.0000000000
951.9800000000 0.0000000000
951.9900000000 0.0000000000
952.0000000000 0.0000000000
952.0100000000 0.0000000000
952.0200000000 0.0000000000
952.0300000000 0.0000000000
952.0400000000 0.0000000000
952.0500000000 0.0000000000
952.0600000000 0.0000000000
952.0700000000 0.0000000000
952.0800000000 0.0000000000
952.0900000000 0.0000000000
952.1000000000 0.0000000000
952.1100000000 0.0000000000
952.1200000000 0.0000000000
952.1300000000 0.0000000000
952.1400000000 0.0000000000
952.1500000000 0.0000000000
952.1600000000 0.0000000000
952.1700000000 0.0000000000
952.1800000000 0.0000000000
952.1900000000 0.0000000000
952.2000000000 0.0000000000
952.2100000000 0.0000000000
952.2200000000 0.0000000000
952.2300000000 0.0000000000
952.2400000000 0.0000000000
952.2500000000 0.0000000000
952.2600000000 0.0000000000
952.2700000000 0.0000000000
952.2800000000 0.0000000000
952.2900000000 0.0000000000
952.3000000000 0.0000000000
952.3100000000 0.0000000000
952.3200000000 0.0000000000
952.3300000000 0.0000000000
952.3400000000 0.0000000000
952.3500000000 0.0000000000
952.3600000000 0.0000000000
952.3700000000 0.0000000000
952.3800000000 0.0000000000
952.3900000000 0.0000000000
952.4000000000 0.0000000000
952.4100000000 0.0000000000
952.4200000000 0.0000000000
952.4300000000 0.0000000000
952.4400000000 0.0000000000
952.4500000000 0.0000000000
952.4600000000 0.0000000000
952.4700000000 0.0000000000
952.4800000000 0.0000000000
952.4900000000 0.0000000000
952.5000000000 0.0000000000
952.5100000000 0.0000000000
952.5200000000 0.0000000000
952.5300000000 0.0000000000
952.5400000000 0.0000000000
952.5500000000 0.0000000000
952.5600000000 0.0000000000
952.5700000000 0.0000000000
952.5800000000 0.0000000000
952.5900000000 0.0000000000
952.6000000000 0.0000000000
952.6100000000 0.0000000000
952.6200000000 0.0000000000
952.6300000000 0.0000000000
952.6400000000 0.0000000000
952.6500000000 0.0000000000
952.6600000000 0.0000000000
952.6700000000 0.0000000000
952.6800000000 0.0000000000
952.6900000000 0.0000000000
952.7000000000 0.0000000000
952.7100000000 0.0000000000
952.7200000000 0.0000000000
952.7300000000 0.0000000000
952.7400000000 0.0000000000
952.7500000000 0.0000000000
952.7600000000 0.0000000000
952.7700000000 0.0000000000
952.7800000000 0.0000000000
952.7900000000 0.0000000000
952.8000000000 0.0000000000
952.8100000000 0.0000000000
952.8200000000 0.0000000000
952.8300000000 0.0000000000
952.8400000000 0.0000000000
952.8500000000 0.0000000000
952.8600000000 0.0000000000
952.8700000000 0.0000000000
952.8800000000 0.0000000000
952.8900000000 0.0000000000
952.9000000000 0.0000000000
952.9100000000 0.0000000000
952.9200000000 0.0000000000
952.9300000000 0.0000000000
952.9400000000 0.0000000000
952.9500000000 0.0000000000
952.9600000000 0.0000000000
952.9700000000 0.0000000000
952.9800000000 0.0000000000
952.9900000000 0.0000000000
953.0000000000 0.0000000000
953.0100000000 0.0000000000
953.0200000000 0.0000000000
953.0300000000 0.0000000000
953.0400000000 0.0000000000
953.0500000000 0.0000000000
953.0600000000 0.0000000000
953.0700000000 0.0000000000
953.0800000000 0.0000000000
953.0900000000 0.0000000000
953.1000000000 0.0000000000
953.1100000000 0.0000000000
953.1200000000 0.0000000000
953.1300000000 0.0000000000
953.1400000000 0.0000000000
953.1500000000 0.0000000000
953.1600000000 0.0000000000
953.1700000000 0.0000000000
953.1800000000 0.0000000000
953.1900000000 0.0000000000
953.2000000000 0.0000000000
953.2100000000 0.0000000000
953.2200000000 0.0000000000
953.2300000000 0.0000000000
953.2400000000 0.0000000000
953.2500000000 0.0000000000
953.2600000000 0.0000000000
953.2700000000 0.0000000000
953.2800000000 0.0000000000
953.2900000000 0.0000000000
953.3000000000 0.0000000000
953.3100000000 0.0000000000
953.3200000000 0.0000000000
953.3300000000 0.0000000000
953.3400000000 0.0000000000
953.3500000000 0.0000000000
953.3600000000 0.0000000000
953.3700000000 0.0000000000
953.3800000000 0.0000000000
953.3900000000 0.0000000000
953.4000000000 0.0000000000
953.4100000000 0.0000000000
953.4200000000 0.0000000000
953.4300000000 0.0000000000
953.4400000000 0.0000000000
953.4500000000 0.0000000000
953.4600000000 0.0000000000
953.4700000000 0.0000000000
953.4800000000 0.0000000000
953.4900000000 0.0000000000
953.5000000000 0.0000000000
953.5100000000 0.0000000000
953.5200000000 0.0000000000
953.5300000000 0.0000000000
953.5400000000 0.0000000000
953.5500000000 0.0000000000
953.5600000000 0.0000000000
953.5700000000 0.0000000000
953.5800000000 0.0000000000
953.5900000000 0.0000000000
953.6000000000 0.0000000000
953.6100000000 0.0000000000
953.6200000000 0.0000000000
953.6300000000 0.0000000000
953.6400000000 0.0000000000
953.6500000000 0.0000000000
953.6600000000 0.0000000000
953.6700000000 0.0000000000
953.6800000000 0.0000000000
953.6900000000 0.0000000000
953.7000000000 0.0000000000
953.7100000000 0.0000000000
953.7200000000 0.0000000000
953.7300000000 0.0000000000
953.7400000000 0.0000000000
953.7500000000 0.0000000000
953.7600000000 0.0000000000
953.7700000000 0.0000000000
953.7800000000 0.0000000000
953.7900000000 0.0000000000
953.8000000000 0.0000000000
953.8100000000 0.0000000000
953.8200000000 0.0000000000
953.8300000000 0.0000000000
953.8400000000 0.0000000000
953.8500000000 0.0000000000
953.8600000000 0.0000000000
953.8700000000 0.0000000000
953.8800000000 0.0000000000
953.8900000000 0.0000000000
953.9000000000 0.0000000000
953.9100000000 0.0000000000
953.9200000000 0.0000000000
953.9300000000 0.0000000000
953.9400000000 0.0000000000
953.9500000000 0.0000000000
953.9600000000 0.0000000000
953.9700000000 0.0000000000
953.9800000000 0.0000000000
953.9900000000 0.0000000000
954.0000000000 0.0000000000
954.0100000000 0.0000000000
954.0200000000 0.0000000000
954.0300000000 0.0000000000
954.0400000000 0.0000000000
954.0500000000 0.0000000000
954.0600000000 0.0000000000
954.0700000000 0.0000000000
954.0800000000 0.0000000000
954.0900000000 0.0000000000
954.1000000000 0.0000000000
954.1100000000 0.0000000000
954.1200000000 0.0000000000
954.1300000000 0.0000000000
954.1400000000 0.0000000000
954.1500000000 0.0000000000
954.1600000000 0.0000000000
954.1700000000 0.0000000000
954.1800000000 0.0000000000
954.1900000000 0.0000000000
954.2000000000 0.0000000000
954.2100000000 0.0000000000
954.2200000000 0.0000000000
954.2300000000 0.0000000000
954.2400000000 0.0000000000
954.2500000000 0.0000000000
954.2600000000 0.0000000000
954.2700000000 0.0000000000
954.2800000000 0.0000000000
954.2900000000 0.0000000000
954.3000000000 0.0000000000
954.3100000000 0.0000000000
954.3200000000 0.0000000000
954.3300000000 0.0000000000
954.3400000000 0.0000000000
954.3500000000 0.0000000000
954.3600000000 0.0000000000
954.3700000000 0.0000000000
954.3800000000 0.0000000000
954.3900000000 0.0000000000
954.4000000000 0.0000000000
954.4100000000 0.0000000000
954.4200000000 0.0000000000
954.4300000000 0.0000000000
954.4400000000 0.0000000000
954.4500000000 0.0000000000
954.4600000000 0.0000000000
954.4700000000 0.0000000000
954.4800000000 0.0000000000
954.4900000000 0.0000000000
954.5000000000 0.0000000000
954.5100000000 0.0000000000
954.5200000000 0.0000000000
954.5300000000 0.0000000000
954.5400000000 0.0000000000
954.5500000000 0.0000000000
954.5600000000 0.0000000000
954.5700000000 0.0000000000
954.5800000000 0.0000000000
954.5900000000 0.0000000000
954.6000000000 0.0000000000
954.6100000000 0.0000000000
954.6200000000 0.0000000000
954.6300000000 0.0000000000
954.6400000000 0.0000000000
954.6500000000 0.0000000000
954.6600000000 0.0000000000
954.6700000000 0.0000000000
954.6800000000 0.0000000000
954.6900000000 0.0000000000
954.7000000000 0.0000000000
954.7100000000 0.0000000000
954.7200000000 0.0000000000
954.7300000000 0.0000000000
954.7400000000 0.0000000000
954.7500000000 0.0000000000
954.7600000000 0.0000000000
954.7700000000 0.0000000000
954.7800000000 0.0000000000
954.7900000000 0.0000000000
954.8000000000 0.0000000000
954.8100000000 0.0000000000
954.8200000000 0.0000000000
954.8300000000 0.0000000000
954.8400000000 0.0000000000
954.8500000000 0.0000000000
954.8600000000 0.0000000000
954.8700000000 0.0000000000
954.8800000000 0.0000000000
954.8900000000 0.0000000000
954.9000000000 0.0000000000
954.9100000000 0.0000000000
954.9200000000 0.0000000000
954.9300000000 0.0000000000
954.9400000000 0.0000000000
954.9500000000 0.0000000000
954.9600000000 0.0000000000
954.9700000000 0.0000000000
954.9799999999 0.0000000000
954.9899999999 0.0000000000
954.9999999999 0.0000000000
955.0099999999 0.0000000000
955.0199999999 0.0000000000
955.0299999999 0.0000000000
955.0399999999 0.0000000000
955.0499999999 0.0000000000
955.0599999999 0.0000000000
955.0699999999 0.0000000000
955.0799999999 0.0000000000
955.0899999999 0.0000000000
955.0999999999 0.0000000000
955.1099999999 0.0000000000
955.1199999999 0.0000000000
955.1299999999 0.0000000000
955.1399999999 0.0000000000
955.1499999999 0.0000000000
955.1599999999 0.0000000000
955.1699999999 0.0000000000
955.1799999999 0.0000000000
955.1899999999 0.0000000000
955.1999999999 0.0000000000
955.2099999999 0.0000000000
955.2199999999 0.0000000000
955.2299999999 0.0000000000
955.2399999999 0.0000000000
955.2499999999 0.0000000000
955.2599999999 0.0000000000
955.2699999999 0.0000000000
955.2799999999 0.0000000000
955.2899999999 0.0000000000
955.2999999999 0.0000000000
955.3099999999 0.0000000000
955.3199999999 0.0000000000
955.3299999999 0.0000000000
955.3399999999 0.0000000000
955.3499999999 0.0000000000
955.3599999999 0.0000000000
955.3699999999 0.0000000000
955.3799999999 0.0000000000
955.3899999999 0.0000000000
955.3999999999 0.0000000000
955.4099999999 0.0000000000
955.4199999999 0.0000000000
955.4299999999 0.0000000000
955.4399999999 0.0000000000
955.4499999999 0.0000000000
955.4599999999 0.0000000000
955.4699999999 0.0000000000
955.4799999999 0.0000000000
955.4899999999 0.0000000000
955.4999999999 0.0000000000
955.5099999999 0.0000000000
955.5199999999 0.0000000000
955.5299999999 0.0000000000
955.5399999999 0.0000000000
955.5499999999 0.0000000000
955.5599999999 0.0000000000
955.5699999999 0.0000000000
955.5799999999 0.0000000000
955.5899999999 0.0000000000
955.5999999999 0.0000000000
955.6099999999 0.0000000000
955.6199999999 0.0000000000
955.6299999999 0.0000000000
955.6399999999 0.0000000000
955.6499999999 0.0000000000
955.6599999999 0.0000000000
955.6699999999 0.0000000000
955.6799999999 0.0000000000
955.6899999999 0.0000000000
955.6999999999 0.0000000000
955.7099999999 0.0000000000
955.7199999999 0.0000000000
955.7299999999 0.0000000000
955.7399999999 0.0000000000
955.7499999999 0.0000000000
955.7599999999 0.0000000000
955.7699999999 0.0000000000
955.7799999999 0.0000000000
955.7899999999 0.0000000000
955.7999999999 0.0000000000
955.8099999999 0.0000000000
955.8199999999 0.0000000000
955.8299999999 0.0000000000
955.8399999999 0.0000000000
955.8499999999 0.0000000000
955.8599999999 0.0000000000
955.8699999999 0.0000000000
955.8799999999 0.0000000000
955.8899999999 0.0000000000
955.8999999999 0.0000000000
955.9099999999 0.0000000000
955.9199999999 0.0000000000
955.9299999999 0.0000000000
955.9399999999 0.0000000000
955.9499999999 0.0000000000
955.9599999999 0.0000000000
955.9699999999 0.0000000000
955.9799999999 0.0000000000
955.9899999999 0.0000000000
955.9999999999 0.0000000000
956.0099999999 0.0000000000
956.0199999999 0.0000000000
956.0299999999 0.0000000000
956.0399999999 0.0000000000
956.0499999999 0.0000000000
956.0599999999 0.0000000000
956.0699999999 0.0000000000
956.0799999999 0.0000000000
956.0899999999 0.0000000000
956.0999999999 0.0000000000
956.1099999999 0.0000000000
956.1199999999 0.0000000000
956.1299999999 0.0000000000
956.1399999999 0.0000000000
956.1499999999 0.0000000000
956.1599999999 0.0000000000
956.1699999999 0.0000000000
956.1799999999 0.0000000000
956.1899999999 0.0000000000
956.1999999999 0.0000000000
956.2099999999 0.0000000000
956.2199999999 0.0000000000
956.2299999999 0.0000000000
956.2399999999 0.0000000000
956.2499999999 0.0000000000
956.2599999999 0.0000000000
956.2699999999 0.0000000000
956.2799999999 0.0000000000
956.2899999999 0.0000000000
956.2999999999 0.0000000000
956.3099999999 0.0000000000
956.3199999999 0.0000000000
956.3299999999 0.0000000000
956.3399999999 0.0000000000
956.3499999999 0.0000000000
956.3599999999 0.0000000000
956.3699999999 0.0000000000
956.3799999999 0.0000000000
956.3899999999 0.0000000000
956.3999999999 0.0000000000
956.4099999999 0.0000000000
956.4199999999 0.0000000000
956.4299999999 0.0000000000
956.4399999999 0.0000000000
956.4499999999 0.0000000000
956.4599999999 0.0000000000
956.4699999999 0.0000000000
956.4799999999 0.0000000000
956.4899999999 0.0000000000
956.4999999999 0.0000000000
956.5099999999 0.0000000000
956.5199999999 0.0000000000
956.5299999999 0.0000000000
956.5399999999 0.0000000000
956.5499999999 0.0000000000
956.5599999999 0.0000000000
956.5699999999 0.0000000000
956.5799999999 0.0000000000
956.5899999999 0.0000000000
956.5999999999 0.0000000000
956.6099999999 0.0000000000
956.6199999999 0.0000000000
956.6299999999 0.0000000000
956.6399999999 0.0000000000
956.6499999999 0.0000000000
956.6599999999 0.0000000000
956.6699999999 0.0000000000
956.6799999999 0.0000000000
956.6899999999 0.0000000000
956.6999999999 0.0000000000
956.7099999999 0.0000000000
956.7199999999 0.0000000000
956.7299999999 0.0000000000
956.7399999999 0.0000000000
956.7499999999 0.0000000000
956.7599999999 0.0000000000
956.7699999999 0.0000000000
956.7799999999 0.0000000000
956.7899999999 0.0000000000
956.7999999999 0.0000000000
956.8099999999 0.0000000000
956.8199999999 0.0000000000
956.8299999999 0.0000000000
956.8399999999 0.0000000000
956.8499999999 0.0000000000
956.8599999999 0.0000000000
956.8699999999 0.0000000000
956.8799999999 0.0000000000
956.8899999999 0.0000000000
956.8999999999 0.0000000000
956.9099999999 0.0000000000
956.9199999999 0.0000000000
956.9299999999 0.0000000000
956.9399999999 0.0000000000
956.9499999999 0.0000000000
956.9599999999 0.0000000000
956.9699999999 0.0000000000
956.9799999999 0.0000000000
956.9899999999 0.0000000000
956.9999999999 0.0000000000
957.0099999999 0.0000000000
957.0199999999 0.0000000000
957.0299999999 0.0000000000
957.0399999999 0.0000000000
957.0499999999 0.0000000000
957.0599999999 0.0000000000
957.0699999999 0.0000000000
957.0799999999 0.0000000000
957.0899999999 0.0000000000
957.0999999999 0.0000000000
957.1099999999 0.0000000000
957.1199999999 0.0000000000
957.1299999999 0.0000000000
957.1399999999 0.0000000000
957.1499999999 0.0000000000
957.1599999999 0.0000000000
957.1699999999 0.0000000000
957.1799999999 0.0000000000
957.1899999999 0.0000000000
957.1999999999 0.0000000000
957.2099999999 0.0000000000
957.2199999999 0.0000000000
957.2299999999 0.0000000000
957.2399999999 0.0000000000
957.2499999999 0.0000000000
957.2599999999 0.0000000000
957.2699999999 0.0000000000
957.2799999999 0.0000000000
957.2899999999 0.0000000000
957.2999999999 0.0000000000
957.3099999999 0.0000000000
957.3199999999 0.0000000000
957.3299999999 0.0000000000
957.3399999999 0.0000000000
957.3499999999 0.0000000000
957.3599999999 0.0000000000
957.3699999999 0.0000000000
957.3799999999 0.0000000000
957.3899999999 0.0000000000
957.3999999999 0.0000000000
957.4099999999 0.0000000000
957.4199999999 0.0000000000
957.4299999999 0.0000000000
957.4399999999 0.0000000000
957.4499999999 0.0000000000
957.4599999999 0.0000000000
957.4699999999 0.0000000000
957.4799999999 0.0000000000
957.4899999999 0.0000000000
957.4999999999 0.0000000000
957.5099999999 0.0000000000
957.5199999999 0.0000000000
957.5299999999 0.0000000000
957.5399999999 0.0000000000
957.5499999999 0.0000000000
957.5599999999 0.0000000000
957.5699999999 0.0000000000
957.5799999999 0.0000000000
957.5899999999 0.0000000000
957.5999999999 0.0000000000
957.6099999999 0.0000000000
957.6199999999 0.0000000000
957.6299999999 0.0000000000
957.6399999999 0.0000000000
957.6499999999 0.0000000000
957.6599999999 0.0000000000
957.6699999999 0.0000000000
957.6799999999 0.0000000000
957.6899999999 0.0000000000
957.6999999999 0.0000000000
957.7099999999 0.0000000000
957.7199999999 0.0000000000
957.7299999999 0.0000000000
957.7399999999 0.0000000000
957.7499999999 0.0000000000
957.7599999999 0.0000000000
957.7699999999 0.0000000000
957.7799999999 0.0000000000
957.7899999999 0.0000000000
957.7999999999 0.0000000000
957.8099999999 0.0000000000
957.8199999999 0.0000000000
957.8299999999 0.0000000000
957.8399999999 0.0000000000
957.8499999999 0.0000000000
957.8599999999 0.0000000000
957.8699999999 0.0000000000
957.8799999999 0.0000000000
957.8899999999 0.0000000000
957.8999999999 0.0000000000
957.9099999999 0.0000000000
957.9199999999 0.0000000000
957.9299999999 0.0000000000
957.9399999999 0.0000000000
957.9499999999 0.0000000000
957.9599999999 0.0000000000
957.9699999999 0.0000000000
957.9799999999 0.0000000000
957.9899999999 0.0000000000
957.9999999999 0.0000000000
958.0099999999 0.0000000000
958.0199999999 0.0000000000
958.0299999999 0.0000000000
958.0399999999 0.0000000000
958.0499999999 0.0000000000
958.0599999999 0.0000000000
958.0699999999 0.0000000000
958.0799999999 0.0000000000
958.0899999999 0.0000000000
958.0999999999 0.0000000000
958.1099999999 0.0000000000
958.1199999999 0.0000000000
958.1299999999 0.0000000000
958.1399999999 0.0000000000
958.1499999999 0.0000000000
958.1599999999 0.0000000000
958.1699999999 0.0000000000
958.1799999999 0.0000000000
958.1899999999 0.0000000000
958.1999999999 0.0000000000
958.2099999999 0.0000000000
958.2199999999 0.0000000000
958.2299999999 0.0000000000
958.2399999999 0.0000000000
958.2499999999 0.0000000000
958.2599999999 0.0000000000
958.2699999999 0.0000000000
958.2799999999 0.0000000000
958.2899999999 0.0000000000
958.2999999999 0.0000000000
958.3099999999 0.0000000000
958.3199999999 0.0000000000
958.3299999999 0.0000000000
958.3399999999 0.0000000000
958.3499999999 0.0000000000
958.3599999999 0.0000000000
958.3699999999 0.0000000000
958.3799999999 0.0000000000
958.3899999999 0.0000000000
958.3999999999 0.0000000000
958.4099999999 0.0000000000
958.4199999999 0.0000000000
958.4299999999 0.0000000000
958.4399999999 0.0000000000
958.4499999999 0.0000000000
958.4599999999 0.0000000000
958.4699999999 0.0000000000
958.4799999999 0.0000000000
958.4899999999 0.0000000000
958.4999999999 0.0000000000
958.5099999999 0.0000000000
958.5199999999 0.0000000000
958.5299999999 0.0000000000
958.5399999999 0.0000000000
958.5499999999 0.0000000000
958.5599999999 0.0000000000
958.5699999999 0.0000000000
958.5799999999 0.0000000000
958.5899999999 0.0000000000
958.5999999999 0.0000000000
958.6099999999 0.0000000000
958.6199999999 0.0000000000
958.6299999999 0.0000000000
958.6399999999 0.0000000000
958.6499999999 0.0000000000
958.6599999999 0.0000000000
958.6699999999 0.0000000000
958.6799999999 0.0000000000
958.6899999999 0.0000000000
958.6999999999 0.0000000000
958.7099999999 0.0000000000
958.7199999999 0.0000000000
958.7299999999 0.0000000000
958.7399999999 0.0000000000
958.7499999999 0.0000000000
958.7599999999 0.0000000000
958.7699999999 0.0000000000
958.7799999999 0.0000000000
958.7899999999 0.0000000000
958.7999999999 0.0000000000
958.8099999999 0.0000000000
958.8199999999 0.0000000000
958.8299999999 0.0000000000
958.8399999999 0.0000000000
958.8499999999 0.0000000000
958.8599999999 0.0000000000
958.8699999999 0.0000000000
958.8799999999 0.0000000000
958.8899999999 0.0000000000
958.8999999999 0.0000000000
958.9099999999 0.0000000000
958.9199999999 0.0000000000
958.9299999999 0.0000000000
958.9399999999 0.0000000000
958.9499999999 0.0000000000
958.9599999999 0.0000000000
958.9699999999 0.0000000000
958.9799999999 0.0000000000
958.9899999999 0.0000000000
958.9999999999 0.0000000000
959.0099999999 0.0000000000
959.0199999999 0.0000000000
959.0299999999 0.0000000000
959.0399999999 0.0000000000
959.0499999999 0.0000000000
959.0599999999 0.0000000000
959.0699999999 0.0000000000
959.0799999999 0.0000000000
959.0899999999 0.0000000000
959.0999999999 0.0000000000
959.1099999999 0.0000000000
959.1199999999 0.0000000000
959.1299999999 0.0000000000
959.1399999999 0.0000000000
959.1499999999 0.0000000000
959.1599999999 0.0000000000
959.1699999999 0.0000000000
959.1799999999 0.0000000000
959.1899999999 0.0000000000
959.1999999999 0.0000000000
959.2099999999 0.0000000000
959.2199999999 0.0000000000
959.2299999999 0.0000000000
959.2399999999 0.0000000000
959.2499999999 0.0000000000
959.2599999999 0.0000000000
959.2699999999 0.0000000000
959.2799999999 0.0000000000
959.2899999999 0.0000000000
959.2999999999 0.0000000000
959.3099999999 0.0000000000
959.3199999999 0.0000000000
959.3299999999 0.0000000000
959.3399999999 0.0000000000
959.3499999999 0.0000000000
959.3599999999 0.0000000000
959.3699999999 0.0000000000
959.3799999999 0.0000000000
959.3899999999 0.0000000000
959.3999999999 0.0000000000
959.4099999999 0.0000000000
959.4199999999 0.0000000000
959.4299999999 0.0000000000
959.4399999999 0.0000000000
959.4499999999 0.0000000000
959.4599999999 0.0000000000
959.4699999999 0.0000000000
959.4799999999 0.0000000000
959.4899999999 0.0000000000
959.4999999999 0.0000000000
959.5099999999 0.0000000000
959.5199999999 0.0000000000
959.5299999999 0.0000000000
959.5399999999 0.0000000000
959.5499999999 0.0000000000
959.5599999999 0.0000000000
959.5699999999 0.0000000000
959.5799999999 0.0000000000
959.5899999999 0.0000000000
959.5999999999 0.0000000000
959.6099999999 0.0000000000
959.6199999999 0.0000000000
959.6299999999 0.0000000000
959.6399999999 0.0000000000
959.6499999999 0.0000000000
959.6599999999 0.0000000000
959.6699999999 0.0000000000
959.6799999999 0.0000000000
959.6899999999 0.0000000000
959.6999999999 0.0000000000
959.7099999999 0.0000000000
959.7199999999 0.0000000000
959.7299999999 0.0000000000
959.7399999999 0.0000000000
959.7499999999 0.0000000000
959.7599999999 0.0000000000
959.7699999999 0.0000000000
959.7799999999 0.0000000000
959.7899999999 0.0000000000
959.7999999999 0.0000000000
959.8099999999 0.0000000000
959.8199999999 0.0000000000
959.8299999999 0.0000000000
959.8399999999 0.0000000000
959.8499999999 0.0000000000
959.8599999999 0.0000000000
959.8699999999 0.0000000000
959.8799999999 0.0000000000
959.8899999999 0.0000000000
959.8999999999 0.0000000000
959.9099999999 0.0000000000
959.9199999999 0.0000000000
959.9299999999 0.0000000000
959.9399999999 0.0000000000
959.9499999999 0.0000000000
959.9599999999 0.0000000000
959.9699999999 0.0000000000
959.9799999999 0.0000000000
959.9899999999 0.0000000000
959.9999999999 0.0000000000
960.0099999999 0.0000000000
960.0199999999 0.0000000000
960.0299999999 0.0000000000
960.0399999999 0.0000000000
960.0499999999 0.0000000000
960.0599999999 0.0000000000
960.0699999999 0.0000000000
960.0799999999 0.0000000000
960.0899999999 0.0000000000
960.0999999999 0.0000000000
960.1099999999 0.0000000000
960.1199999999 0.0000000000
960.1299999999 0.0000000000
960.1399999999 0.0000000000
960.1499999999 0.0000000000
960.1599999999 0.0000000000
960.1699999999 0.0000000000
960.1799999999 0.0000000000
960.1899999999 0.0000000000
960.1999999999 0.0000000000
960.2099999999 0.0000000000
960.2199999999 0.0000000000
960.2299999999 0.0000000000
960.2399999999 0.0000000000
960.2499999999 0.0000000000
960.2599999999 0.0000000000
960.2699999999 0.0000000000
960.2799999999 0.0000000000
960.2899999999 0.0000000000
960.2999999999 0.0000000000
960.3099999999 0.0000000000
960.3199999999 0.0000000000
960.3299999999 0.0000000000
960.3399999999 0.0000000000
960.3499999999 0.0000000000
960.3599999999 0.0000000000
960.3699999999 0.0000000000
960.3799999999 0.0000000000
960.3899999999 0.0000000000
960.3999999999 0.0000000000
960.4099999999 0.0000000000
960.4199999999 0.0000000000
960.4299999999 0.0000000000
960.4399999999 0.0000000000
960.4499999999 0.0000000000
960.4599999999 0.0000000000
960.4699999999 0.0000000000
960.4799999999 0.0000000000
960.4899999999 0.0000000000
960.4999999999 0.0000000000
960.5099999999 0.0000000000
960.5199999999 0.0000000000
960.5299999999 0.0000000000
960.5399999999 0.0000000000
960.5499999999 0.0000000000
960.5599999999 0.0000000000
960.5699999999 0.0000000000
960.5799999999 0.0000000000
960.5899999999 0.0000000000
960.5999999999 0.0000000000
960.6099999999 0.0000000000
960.6199999999 0.0000000000
960.6299999999 0.0000000000
960.6399999999 0.0000000000
960.6499999999 0.0000000000
960.6599999999 0.0000000000
960.6699999999 0.0000000000
960.6799999999 0.0000000000
960.6899999999 0.0000000000
960.6999999999 0.0000000000
960.7099999999 0.0000000000
960.7199999999 0.0000000000
960.7299999999 0.0000000000
960.7399999999 0.0000000000
960.7499999999 0.0000000000
960.7599999999 0.0000000000
960.7699999999 0.0000000000
960.7799999999 0.0000000000
960.7899999999 0.0000000000
960.7999999999 0.0000000000
960.8099999999 0.0000000000
960.8199999999 0.0000000000
960.8299999999 0.0000000000
960.8399999999 0.0000000000
960.8499999999 0.0000000000
960.8599999999 0.0000000000
960.8699999999 0.0000000000
960.8799999999 0.0000000000
960.8899999999 0.0000000000
960.8999999999 0.0000000000
960.9099999999 0.0000000000
960.9199999999 0.0000000000
960.9299999999 0.0000000000
960.9399999999 0.0000000000
960.9499999999 0.0000000000
960.9599999999 0.0000000000
960.9699999999 0.0000000000
960.9799999999 0.0000000000
960.9899999999 0.0000000000
960.9999999999 0.0000000000
961.0099999999 0.0000000000
961.0199999999 0.0000000000
961.0299999999 0.0000000000
961.0399999999 0.0000000000
961.0499999999 0.0000000000
961.0599999999 0.0000000000
961.0699999999 0.0000000000
961.0799999999 0.0000000000
961.0899999999 0.0000000000
961.0999999999 0.0000000000
961.1099999999 0.0000000000
961.1199999999 0.0000000000
961.1299999999 0.0000000000
961.1399999999 0.0000000000
961.1499999999 0.0000000000
961.1599999999 0.0000000000
961.1699999999 0.0000000000
961.1799999999 0.0000000000
961.1899999999 0.0000000000
961.1999999999 0.0000000000
961.2099999999 0.0000000000
961.2199999999 0.0000000000
961.2299999999 0.0000000000
961.2399999999 0.0000000000
961.2499999999 0.0000000000
961.2599999999 0.0000000000
961.2699999999 0.0000000000
961.2799999999 0.0000000000
961.2899999999 0.0000000000
961.2999999999 0.0000000000
961.3099999999 0.0000000000
961.3199999999 0.0000000000
961.3299999999 0.0000000000
961.3399999999 0.0000000000
961.3499999999 0.0000000000
961.3599999999 0.0000000000
961.3699999999 0.0000000000
961.3799999999 0.0000000000
961.3899999999 0.0000000000
961.3999999999 0.0000000000
961.4099999999 0.0000000000
961.4199999999 0.0000000000
961.4299999999 0.0000000000
961.4399999999 0.0000000000
961.4499999999 0.0000000000
961.4599999999 0.0000000000
961.4699999999 0.0000000000
961.4799999999 0.0000000000
961.4899999999 0.0000000000
961.4999999999 0.0000000000
961.5099999999 0.0000000000
961.5199999999 0.0000000000
961.5299999999 0.0000000000
961.5399999999 0.0000000000
961.5499999999 0.0000000000
961.5599999999 0.0000000000
961.5699999999 0.0000000000
961.5799999999 0.0000000000
961.5899999999 0.0000000000
961.5999999999 0.0000000000
961.6099999999 0.0000000000
961.6199999999 0.0000000000
961.6299999999 0.0000000000
961.6399999999 0.0000000000
961.6499999999 0.0000000000
961.6599999999 0.0000000000
961.6699999999 0.0000000000
961.6799999999 0.0000000000
961.6899999999 0.0000000000
961.6999999999 0.0000000000
961.7099999999 0.0000000000
961.7199999999 0.0000000000
961.7299999999 0.0000000000
961.7399999999 0.0000000000
961.7499999999 0.0000000000
961.7599999999 0.0000000000
961.7699999999 0.0000000000
961.7799999999 0.0000000000
961.7899999999 0.0000000000
961.7999999999 0.0000000000
961.8099999999 0.0000000000
961.8199999999 0.0000000000
961.8299999999 0.0000000000
961.8399999999 0.0000000000
961.8499999999 0.0000000000
961.8599999999 0.0000000000
961.8699999999 0.0000000000
961.8799999999 0.0000000000
961.8899999999 0.0000000000
961.8999999999 0.0000000000
961.9099999999 0.0000000000
961.9199999999 0.0000000000
961.9299999999 0.0000000000
961.9399999999 0.0000000000
961.9499999999 0.0000000000
961.9599999999 0.0000000000
961.9699999999 0.0000000000
961.9799999999 0.0000000000
961.9899999999 0.0000000000
961.9999999999 0.0000000000
962.0099999999 0.0000000000
962.0199999999 0.0000000000
962.0299999999 0.0000000000
962.0399999999 0.0000000000
962.0499999999 0.0000000000
962.0599999999 0.0000000000
962.0699999999 0.0000000000
962.0799999999 0.0000000000
962.0899999999 0.0000000000
962.0999999999 0.0000000000
962.1099999999 0.0000000000
962.1199999999 0.0000000000
962.1299999999 0.0000000000
962.1399999999 0.0000000000
962.1499999999 0.0000000000
962.1599999999 0.0000000000
962.1699999999 0.0000000000
962.1799999999 0.0000000000
962.1899999999 0.0000000000
962.1999999999 0.0000000000
962.2099999999 0.0000000000
962.2199999999 0.0000000000
962.2299999999 0.0000000000
962.2399999999 0.0000000000
962.2499999999 0.0000000000
962.2599999999 0.0000000000
962.2699999999 0.0000000000
962.2799999999 0.0000000000
962.2899999999 0.0000000000
962.2999999999 0.0000000000
962.3099999999 0.0000000000
962.3199999999 0.0000000000
962.3299999999 0.0000000000
962.3399999999 0.0000000000
962.3499999999 0.0000000000
962.3599999999 0.0000000000
962.3699999999 0.0000000000
962.3799999999 0.0000000000
962.3899999999 0.0000000000
962.3999999999 0.0000000000
962.4099999999 0.0000000000
962.4199999999 0.0000000000
962.4299999999 0.0000000000
962.4399999999 0.0000000000
962.4499999999 0.0000000000
962.4599999999 0.0000000000
962.4699999999 0.0000000000
962.4799999999 0.0000000000
962.4899999999 0.0000000000
962.4999999999 0.0000000000
962.5099999999 0.0000000000
962.5199999999 0.0000000000
962.5299999999 0.0000000000
962.5399999999 0.0000000000
962.5499999999 0.0000000000
962.5599999999 0.0000000000
962.5699999999 0.0000000000
962.5799999999 0.0000000000
962.5899999999 0.0000000000
962.5999999999 0.0000000000
962.6099999999 0.0000000000
962.6199999999 0.0000000000
962.6299999999 0.0000000000
962.6399999999 0.0000000000
962.6499999999 0.0000000000
962.6599999999 0.0000000000
962.6699999999 0.0000000000
962.6799999999 0.0000000000
962.6899999999 0.0000000000
962.6999999999 0.0000000000
962.7099999999 0.0000000000
962.7199999999 0.0000000000
962.7299999999 0.0000000000
962.7399999999 0.0000000000
962.7499999999 0.0000000000
962.7599999999 0.0000000000
962.7699999999 0.0000000000
962.7799999999 0.0000000000
962.7899999999 0.0000000000
962.7999999999 0.0000000000
962.8099999999 0.0000000000
962.8199999999 0.0000000000
962.8299999999 0.0000000000
962.8399999999 0.0000000000
962.8499999999 0.0000000000
962.8599999999 0.0000000000
962.8699999999 0.0000000000
962.8799999999 0.0000000000
962.8899999999 0.0000000000
962.8999999999 0.0000000000
962.9099999999 0.0000000000
962.9199999999 0.0000000000
962.9299999999 0.0000000000
962.9399999999 0.0000000000
962.9499999999 0.0000000000
962.9599999999 0.0000000000
962.9699999999 0.0000000000
962.9799999999 0.0000000000
962.9899999999 0.0000000000
962.9999999999 0.0000000000
963.0099999999 0.0000000000
963.0199999999 0.0000000000
963.0299999999 0.0000000000
963.0399999999 0.0000000000
963.0499999999 0.0000000000
963.0599999999 0.0000000000
963.0699999999 0.0000000000
963.0799999999 0.0000000000
963.0899999999 0.0000000000
963.0999999999 0.0000000000
963.1099999999 0.0000000000
963.1199999999 0.0000000000
963.1299999999 0.0000000000
963.1399999999 0.0000000000
963.1499999999 0.0000000000
963.1599999999 0.0000000000
963.1699999999 0.0000000000
963.1799999999 0.0000000000
963.1899999999 0.0000000000
963.1999999999 0.0000000000
963.2099999999 0.0000000000
963.2199999999 0.0000000000
963.2299999999 0.0000000000
963.2399999999 0.0000000000
963.2499999999 0.0000000000
963.2599999999 0.0000000000
963.2699999999 0.0000000000
963.2799999999 0.0000000000
963.2899999999 0.0000000000
963.2999999999 0.0000000000
963.3099999999 0.0000000000
963.3199999999 0.0000000000
963.3299999999 0.0000000000
963.3399999999 0.0000000000
963.3499999999 0.0000000000
963.3599999999 0.0000000000
963.3699999999 0.0000000000
963.3799999999 0.0000000000
963.3899999999 0.0000000000
963.3999999999 0.0000000000
963.4099999999 0.0000000000
963.4199999999 0.0000000000
963.4299999999 0.0000000000
963.4399999999 0.0000000000
963.4499999999 0.0000000000
963.4599999999 0.0000000000
963.4699999999 0.0000000000
963.4799999999 0.0000000000
963.4899999999 0.0000000000
963.4999999999 0.0000000000
963.5099999999 0.0000000000
963.5199999999 0.0000000000
963.5299999999 0.0000000000
963.5399999999 0.0000000000
963.5499999999 0.0000000000
963.5599999999 0.0000000000
963.5699999999 0.0000000000
963.5799999999 0.0000000000
963.5899999999 0.0000000000
963.5999999999 0.0000000000
963.6099999999 0.0000000000
963.6199999999 0.0000000000
963.6299999999 0.0000000000
963.6399999999 0.0000000000
963.6499999999 0.0000000000
963.6599999999 0.0000000000
963.6699999999 0.0000000000
963.6799999999 0.0000000000
963.6899999999 0.0000000000
963.6999999999 0.0000000000
963.7099999999 0.0000000000
963.7199999999 0.0000000000
963.7299999999 0.0000000000
963.7399999999 0.0000000000
963.7499999999 0.0000000000
963.7599999999 0.0000000000
963.7699999999 0.0000000000
963.7799999999 0.0000000000
963.7899999999 0.0000000000
963.7999999999 0.0000000000
963.8099999999 0.0000000000
963.8199999999 0.0000000000
963.8299999999 0.0000000000
963.8399999999 0.0000000000
963.8499999999 0.0000000000
963.8599999999 0.0000000000
963.8699999999 0.0000000000
963.8799999999 0.0000000000
963.8899999999 0.0000000000
963.8999999999 0.0000000000
963.9099999999 0.0000000000
963.9199999999 0.0000000000
963.9299999999 0.0000000000
963.9399999999 0.0000000000
963.9499999999 0.0000000000
963.9599999999 0.0000000000
963.9699999999 0.0000000000
963.9799999999 0.0000000000
963.9899999999 0.0000000000
963.9999999999 0.0000000000
964.0099999999 0.0000000000
964.0199999999 0.0000000000
964.0299999999 0.0000000000
964.0399999999 0.0000000000
964.0499999999 0.0000000000
964.0599999999 0.0000000000
964.0699999999 0.0000000000
964.0799999999 0.0000000000
964.0899999999 0.0000000000
964.0999999999 0.0000000000
964.1099999999 0.0000000000
964.1199999999 0.0000000000
964.1299999999 0.0000000000
964.1399999999 0.0000000000
964.1499999999 0.0000000000
964.1599999999 0.0000000000
964.1699999999 0.0000000000
964.1799999999 0.0000000000
964.1899999999 0.0000000000
964.1999999999 0.0000000000
964.2099999999 0.0000000000
964.2199999999 0.0000000000
964.2299999999 0.0000000000
964.2399999999 0.0000000000
964.2499999999 0.0000000000
964.2599999999 0.0000000000
964.2699999999 0.0000000000
964.2799999999 0.0000000000
964.2899999999 0.0000000000
964.2999999999 0.0000000000
964.3099999999 0.0000000000
964.3199999999 0.0000000000
964.3299999999 0.0000000000
964.3399999999 0.0000000000
964.3499999999 0.0000000000
964.3599999999 0.0000000000
964.3699999999 0.0000000000
964.3799999999 0.0000000000
964.3899999999 0.0000000000
964.3999999999 0.0000000000
964.4099999999 0.0000000000
964.4199999999 0.0000000000
964.4299999999 0.0000000000
964.4399999999 0.0000000000
964.4499999999 0.0000000000
964.4599999999 0.0000000000
964.4699999999 0.0000000000
964.4799999999 0.0000000000
964.4899999999 0.0000000000
964.4999999999 0.0000000000
964.5099999999 0.0000000000
964.5199999999 0.0000000000
964.5299999999 0.0000000000
964.5399999999 0.0000000000
964.5499999999 0.0000000000
964.5599999999 0.0000000000
964.5699999999 0.0000000000
964.5799999999 0.0000000000
964.5899999999 0.0000000000
964.5999999999 0.0000000000
964.6099999999 0.0000000000
964.6199999999 0.0000000000
964.6299999999 0.0000000000
964.6399999999 0.0000000000
964.6499999999 0.0000000000
964.6599999999 0.0000000000
964.6699999999 0.0000000000
964.6799999999 0.0000000000
964.6899999999 0.0000000000
964.6999999999 0.0000000000
964.7099999999 0.0000000000
964.7199999999 0.0000000000
964.7299999999 0.0000000000
964.7399999999 0.0000000000
964.7499999999 0.0000000000
964.7599999999 0.0000000000
964.7699999999 0.0000000000
964.7799999999 0.0000000000
964.7899999999 0.0000000000
964.7999999999 0.0000000000
964.8099999999 0.0000000000
964.8199999999 0.0000000000
964.8299999999 0.0000000000
964.8399999999 0.0000000000
964.8499999999 0.0000000000
964.8599999999 0.0000000000
964.8699999999 0.0000000000
964.8799999999 0.0000000000
964.8899999999 0.0000000000
964.8999999999 0.0000000000
964.9099999999 0.0000000000
964.9199999999 0.0000000000
964.9299999999 0.0000000000
964.9399999999 0.0000000000
964.9499999999 0.0000000000
964.9599999999 0.0000000000
964.9699999999 0.0000000000
964.9799999999 0.0000000000
964.9899999999 0.0000000000
964.9999999999 0.0000000000
965.0099999999 0.0000000000
965.0199999999 0.0000000000
965.0299999999 0.0000000000
965.0399999999 0.0000000000
965.0499999999 0.0000000000
965.0599999999 0.0000000000
965.0699999999 0.0000000000
965.0799999999 0.0000000000
965.0899999999 0.0000000000
965.0999999999 0.0000000000
965.1099999999 0.0000000000
965.1199999999 0.0000000000
965.1299999999 0.0000000000
965.1399999999 0.0000000000
965.1499999999 0.0000000000
965.1599999999 0.0000000000
965.1699999999 0.0000000000
965.1799999999 0.0000000000
965.1899999999 0.0000000000
965.1999999999 0.0000000000
965.2099999999 0.0000000000
965.2199999999 0.0000000000
965.2299999999 0.0000000000
965.2399999999 0.0000000000
965.2499999999 0.0000000000
965.2599999999 0.0000000000
965.2699999999 0.0000000000
965.2799999999 0.0000000000
965.2899999999 0.0000000000
965.2999999999 0.0000000000
965.3099999999 0.0000000000
965.3199999999 0.0000000000
965.3299999999 0.0000000000
965.3399999999 0.0000000000
965.3499999999 0.0000000000
965.3599999999 0.0000000000
965.3699999999 0.0000000000
965.3799999999 0.0000000000
965.3899999999 0.0000000000
965.3999999999 0.0000000000
965.4099999999 0.0000000000
965.4199999999 0.0000000000
965.4299999999 0.0000000000
965.4399999999 0.0000000000
965.4499999999 0.0000000000
965.4599999999 0.0000000000
965.4699999999 0.0000000000
965.4799999999 0.0000000000
965.4899999999 0.0000000000
965.4999999999 0.0000000000
965.5099999999 0.0000000000
965.5199999999 0.0000000000
965.5299999999 0.0000000000
965.5399999999 0.0000000000
965.5499999999 0.0000000000
965.5599999999 0.0000000000
965.5699999999 0.0000000000
965.5799999999 0.0000000000
965.5899999999 0.0000000000
965.5999999999 0.0000000000
965.6099999999 0.0000000000
965.6199999999 0.0000000000
965.6299999999 0.0000000000
965.6399999999 0.0000000000
965.6499999999 0.0000000000
965.6599999999 0.0000000000
965.6699999999 0.0000000000
965.6799999999 0.0000000000
965.6899999999 0.0000000000
965.6999999999 0.0000000000
965.7099999999 0.0000000000
965.7199999999 0.0000000000
965.7299999999 0.0000000000
965.7399999999 0.0000000000
965.7499999999 0.0000000000
965.7599999999 0.0000000000
965.7699999999 0.0000000000
965.7799999999 0.0000000000
965.7899999999 0.0000000000
965.7999999999 0.0000000000
965.8099999999 0.0000000000
965.8199999999 0.0000000000
965.8299999999 0.0000000000
965.8399999999 0.0000000000
965.8499999999 0.0000000000
965.8599999999 0.0000000000
965.8699999999 0.0000000000
965.8799999999 0.0000000000
965.8899999999 0.0000000000
965.8999999999 0.0000000000
965.9099999999 0.0000000000
965.9199999999 0.0000000000
965.9299999999 0.0000000000
965.9399999999 0.0000000000
965.9499999999 0.0000000000
965.9599999999 0.0000000000
965.9699999999 0.0000000000
965.9799999999 0.0000000000
965.9899999999 0.0000000000
965.9999999999 0.0000000000
966.0099999999 0.0000000000
966.0199999999 0.0000000000
966.0299999999 0.0000000000
966.0399999999 0.0000000000
966.0499999999 0.0000000000
966.0599999999 0.0000000000
966.0699999999 0.0000000000
966.0799999999 0.0000000000
966.0899999999 0.0000000000
966.0999999999 0.0000000000
966.1099999999 0.0000000000
966.1199999999 0.0000000000
966.1299999999 0.0000000000
966.1399999999 0.0000000000
966.1499999999 0.0000000000
966.1599999999 0.0000000000
966.1699999999 0.0000000000
966.1799999999 0.0000000000
966.1899999999 0.0000000000
966.1999999999 0.0000000000
966.2099999999 0.0000000000
966.2199999999 0.0000000000
966.2299999999 0.0000000000
966.2399999999 0.0000000000
966.2499999999 0.0000000000
966.2599999999 0.0000000000
966.2699999999 0.0000000000
966.2799999999 0.0000000000
966.2899999999 0.0000000000
966.2999999999 0.0000000000
966.3099999999 0.0000000000
966.3199999999 0.0000000000
966.3299999999 0.0000000000
966.3399999999 0.0000000000
966.3499999999 0.0000000000
966.3599999999 0.0000000000
966.3699999999 0.0000000000
966.3799999999 0.0000000000
966.3899999999 0.0000000000
966.3999999999 0.0000000000
966.4099999999 0.0000000000
966.4199999999 0.0000000000
966.4299999999 0.0000000000
966.4399999999 0.0000000000
966.4499999999 0.0000000000
966.4599999999 0.0000000000
966.4699999999 0.0000000000
966.4799999999 0.0000000000
966.4899999999 0.0000000000
966.4999999999 0.0000000000
966.5099999999 0.0000000000
966.5199999999 0.0000000000
966.5299999999 0.0000000000
966.5399999999 0.0000000000
966.5499999999 0.0000000000
966.5599999999 0.0000000000
966.5699999999 0.0000000000
966.5799999999 0.0000000000
966.5899999999 0.0000000000
966.5999999999 0.0000000000
966.6099999999 0.0000000000
966.6199999999 0.0000000000
966.6299999999 0.0000000000
966.6399999999 0.0000000000
966.6499999999 0.0000000000
966.6599999999 0.0000000000
966.6699999999 0.0000000000
966.6799999999 0.0000000000
966.6899999999 0.0000000000
966.6999999999 0.0000000000
966.7099999999 0.0000000000
966.7199999999 0.0000000000
966.7299999999 0.0000000000
966.7399999999 0.0000000000
966.7499999999 0.0000000000
966.7599999999 0.0000000000
966.7699999999 0.0000000000
966.7799999999 0.0000000000
966.7899999999 0.0000000000
966.7999999999 0.0000000000
966.8099999999 0.0000000000
966.8199999999 0.0000000000
966.8299999999 0.0000000000
966.8399999999 0.0000000000
966.8499999999 0.0000000000
966.8599999999 0.0000000000
966.8699999999 0.0000000000
966.8799999999 0.0000000000
966.8899999999 0.0000000000
966.8999999999 0.0000000000
966.9099999999 0.0000000000
966.9199999999 0.0000000000
966.9299999999 0.0000000000
966.9399999999 0.0000000000
966.9499999999 0.0000000000
966.9599999999 0.0000000000
966.9699999999 0.0000000000
966.9799999999 0.0000000000
966.9899999999 0.0000000000
966.9999999999 0.0000000000
967.0099999999 0.0000000000
967.0199999999 0.0000000000
967.0299999999 0.0000000000
967.0399999999 0.0000000000
967.0499999999 0.0000000000
967.0599999999 0.0000000000
967.0699999999 0.0000000000
967.0799999999 0.0000000000
967.0899999999 0.0000000000
967.0999999999 0.0000000000
967.1099999999 0.0000000000
967.1199999999 0.0000000000
967.1299999999 0.0000000000
967.1399999999 0.0000000000
967.1499999999 0.0000000000
967.1599999999 0.0000000000
967.1699999999 0.0000000000
967.1799999999 0.0000000000
967.1899999999 0.0000000000
967.1999999999 0.0000000000
967.2099999999 0.0000000000
967.2199999999 0.0000000000
967.2299999999 0.0000000000
967.2399999999 0.0000000000
967.2499999999 0.0000000000
967.2599999999 0.0000000000
967.2699999999 0.0000000000
967.2799999999 0.0000000000
967.2899999999 0.0000000000
967.2999999999 0.0000000000
967.3099999999 0.0000000000
967.3199999999 0.0000000000
967.3299999999 0.0000000000
967.3399999999 0.0000000000
967.3499999999 0.0000000000
967.3599999999 0.0000000000
967.3699999999 0.0000000000
967.3799999999 0.0000000000
967.3899999999 0.0000000000
967.3999999999 0.0000000000
967.4099999999 0.0000000000
967.4199999999 0.0000000000
967.4299999999 0.0000000000
967.4399999999 0.0000000000
967.4499999999 0.0000000000
967.4599999999 0.0000000000
967.4699999999 0.0000000000
967.4799999999 0.0000000000
967.4899999999 0.0000000000
967.4999999999 0.0000000000
967.5099999999 0.0000000000
967.5199999999 0.0000000000
967.5299999999 0.0000000000
967.5399999999 0.0000000000
967.5499999999 0.0000000000
967.5599999999 0.0000000000
967.5699999999 0.0000000000
967.5799999999 0.0000000000
967.5899999999 0.0000000000
967.5999999999 0.0000000000
967.6099999999 0.0000000000
967.6199999999 0.0000000000
967.6299999999 0.0000000000
967.6399999999 0.0000000000
967.6499999999 0.0000000000
967.6599999999 0.0000000000
967.6699999999 0.0000000000
967.6799999999 0.0000000000
967.6899999999 0.0000000000
967.6999999999 0.0000000000
967.7099999999 0.0000000000
967.7199999999 0.0000000000
967.7299999999 0.0000000000
967.7399999999 0.0000000000
967.7499999999 0.0000000000
967.7599999999 0.0000000000
967.7699999999 0.0000000000
967.7799999999 0.0000000000
967.7899999999 0.0000000000
967.7999999999 0.0000000000
967.8099999999 0.0000000000
967.8199999999 0.0000000000
967.8299999999 0.0000000000
967.8399999999 0.0000000000
967.8499999999 0.0000000000
967.8599999999 0.0000000000
967.8699999999 0.0000000000
967.8799999999 0.0000000000
967.8899999999 0.0000000000
967.8999999999 0.0000000000
967.9099999999 0.0000000000
967.9199999999 0.0000000000
967.9299999999 0.0000000000
967.9399999999 0.0000000000
967.9499999999 0.0000000000
967.9599999999 0.0000000000
967.9699999999 0.0000000000
967.9799999999 0.0000000000
967.9899999999 0.0000000000
967.9999999999 0.0000000000
968.0099999999 0.0000000000
968.0199999999 0.0000000000
968.0299999999 0.0000000000
968.0399999999 0.0000000000
968.0499999999 0.0000000000
968.0599999999 0.0000000000
968.0699999999 0.0000000000
968.0799999999 0.0000000000
968.0899999999 0.0000000000
968.0999999999 0.0000000000
968.1099999999 0.0000000000
968.1199999999 0.0000000000
968.1299999999 0.0000000000
968.1399999999 0.0000000000
968.1499999999 0.0000000000
968.1599999999 0.0000000000
968.1699999999 0.0000000000
968.1799999999 0.0000000000
968.1899999999 0.0000000000
968.1999999999 0.0000000000
968.2099999999 0.0000000000
968.2199999999 0.0000000000
968.2299999999 0.0000000000
968.2399999999 0.0000000000
968.2499999999 0.0000000000
968.2599999999 0.0000000000
968.2699999999 0.0000000000
968.2799999999 0.0000000000
968.2899999999 0.0000000000
968.2999999999 0.0000000000
968.3099999999 0.0000000000
968.3199999999 0.0000000000
968.3299999999 0.0000000000
968.3399999999 0.0000000000
968.3499999999 0.0000000000
968.3599999999 0.0000000000
968.3699999999 0.0000000000
968.3799999999 0.0000000000
968.3899999999 0.0000000000
968.3999999999 0.0000000000
968.4099999999 0.0000000000
968.4199999999 0.0000000000
968.4299999999 0.0000000000
968.4399999999 0.0000000000
968.4499999999 0.0000000000
968.4599999999 0.0000000000
968.4699999999 0.0000000000
968.4799999999 0.0000000000
968.4899999999 0.0000000000
968.4999999999 0.0000000000
968.5099999999 0.0000000000
968.5199999999 0.0000000000
968.5299999999 0.0000000000
968.5399999999 0.0000000000
968.5499999999 0.0000000000
968.5599999999 0.0000000000
968.5699999999 0.0000000000
968.5799999999 0.0000000000
968.5899999999 0.0000000000
968.5999999999 0.0000000000
968.6099999999 0.0000000000
968.6199999999 0.0000000000
968.6299999999 0.0000000000
968.6399999999 0.0000000000
968.6499999999 0.0000000000
968.6599999999 0.0000000000
968.6699999999 0.0000000000
968.6799999999 0.0000000000
968.6899999999 0.0000000000
968.6999999999 0.0000000000
968.7099999999 0.0000000000
968.7199999999 0.0000000000
968.7299999999 0.0000000000
968.7399999999 0.0000000000
968.7499999999 0.0000000000
968.7599999999 0.0000000000
968.7699999999 0.0000000000
968.7799999999 0.0000000000
968.7899999999 0.0000000000
968.7999999999 0.0000000000
968.8099999999 0.0000000000
968.8199999999 0.0000000000
968.8299999999 0.0000000000
968.8399999999 0.0000000000
968.8499999999 0.0000000000
968.8599999999 0.0000000000
968.8699999999 0.0000000000
968.8799999999 0.0000000000
968.8899999999 0.0000000000
968.8999999999 0.0000000000
968.9099999999 0.0000000000
968.9199999999 0.0000000000
968.9299999999 0.0000000000
968.9399999999 0.0000000000
968.9499999999 0.0000000000
968.9599999999 0.0000000000
968.9699999999 0.0000000000
968.9799999999 0.0000000000
968.9899999999 0.0000000000
968.9999999999 0.0000000000
969.0099999999 0.0000000000
969.0199999999 0.0000000000
969.0299999999 0.0000000000
969.0399999999 0.0000000000
969.0499999999 0.0000000000
969.0599999999 0.0000000000
969.0699999999 0.0000000000
969.0799999999 0.0000000000
969.0899999999 0.0000000000
969.0999999999 0.0000000000
969.1099999999 0.0000000000
969.1199999999 0.0000000000
969.1299999999 0.0000000000
969.1399999999 0.0000000000
969.1499999999 0.0000000000
969.1599999999 0.0000000000
969.1699999999 0.0000000000
969.1799999999 0.0000000000
969.1899999999 0.0000000000
969.1999999999 0.0000000000
969.2099999999 0.0000000000
969.2199999999 0.0000000000
969.2299999999 0.0000000000
969.2399999999 0.0000000000
969.2499999999 0.0000000000
969.2599999999 0.0000000000
969.2699999999 0.0000000000
969.2799999999 0.0000000000
969.2899999999 0.0000000000
969.2999999999 0.0000000000
969.3099999999 0.0000000000
969.3199999999 0.0000000000
969.3299999999 0.0000000000
969.3399999999 0.0000000000
969.3499999999 0.0000000000
969.3599999999 0.0000000000
969.3699999999 0.0000000000
969.3799999999 0.0000000000
969.3899999999 0.0000000000
969.3999999999 0.0000000000
969.4099999999 0.0000000000
969.4199999999 0.0000000000
969.4299999999 0.0000000000
969.4399999999 0.0000000000
969.4499999999 0.0000000000
969.4599999999 0.0000000000
969.4699999999 0.0000000000
969.4799999999 0.0000000000
969.4899999999 0.0000000000
969.4999999999 0.0000000000
969.5099999999 0.0000000000
969.5199999999 0.0000000000
969.5299999999 0.0000000000
969.5399999999 0.0000000000
969.5499999999 0.0000000000
969.5599999999 0.0000000000
969.5699999999 0.0000000000
969.5799999999 0.0000000000
969.5899999999 0.0000000000
969.5999999999 0.0000000000
969.6099999999 0.0000000000
969.6199999999 0.0000000000
969.6299999999 0.0000000000
969.6399999999 0.0000000000
969.6499999999 0.0000000000
969.6599999999 0.0000000000
969.6699999999 0.0000000000
969.6799999999 0.0000000000
969.6899999999 0.0000000000
969.6999999999 0.0000000000
969.7099999999 0.0000000000
969.7199999999 0.0000000000
969.7299999999 0.0000000000
969.7399999999 0.0000000000
969.7499999999 0.0000000000
969.7599999999 0.0000000000
969.7699999999 0.0000000000
969.7799999999 0.0000000000
969.7899999999 0.0000000000
969.7999999999 0.0000000000
969.8099999999 0.0000000000
969.8199999999 0.0000000000
969.8299999999 0.0000000000
969.8399999999 0.0000000000
969.8499999999 0.0000000000
969.8599999999 0.0000000000
969.8699999999 0.0000000000
969.8799999999 0.0000000000
969.8899999999 0.0000000000
969.8999999999 0.0000000000
969.9099999999 0.0000000000
969.9199999999 0.0000000000
969.9299999999 0.0000000000
969.9399999999 0.0000000000
969.9499999999 0.0000000000
969.9599999999 0.0000000000
969.9699999999 0.0000000000
969.9799999999 0.0000000000
969.9899999999 0.0000000000
969.9999999999 0.0000000000
970.0099999999 0.0000000000
970.0199999999 0.0000000000
970.0299999999 0.0000000000
970.0399999999 0.0000000000
970.0499999999 0.0000000000
970.0599999999 0.0000000000
970.0699999999 0.0000000000
970.0799999999 0.0000000000
970.0899999999 0.0000000000
970.0999999999 0.0000000000
970.1099999999 0.0000000000
970.1199999999 0.0000000000
970.1299999999 0.0000000000
970.1399999999 0.0000000000
970.1499999999 0.0000000000
970.1599999999 0.0000000000
970.1699999999 0.0000000000
970.1799999999 0.0000000000
970.1899999999 0.0000000000
970.1999999999 0.0000000000
970.2099999999 0.0000000000
970.2199999999 0.0000000000
970.2299999999 0.0000000000
970.2399999999 0.0000000000
970.2499999999 0.0000000000
970.2599999999 0.0000000000
970.2699999999 0.0000000000
970.2799999999 0.0000000000
970.2899999999 0.0000000000
970.2999999999 0.0000000000
970.3099999999 0.0000000000
970.3199999999 0.0000000000
970.3299999999 0.0000000000
970.3399999999 0.0000000000
970.3499999999 0.0000000000
970.3599999999 0.0000000000
970.3699999999 0.0000000000
970.3799999999 0.0000000000
970.3899999999 0.0000000000
970.3999999999 0.0000000000
970.4099999999 0.0000000000
970.4199999999 0.0000000000
970.4299999999 0.0000000000
970.4399999999 0.0000000000
970.4499999999 0.0000000000
970.4599999999 0.0000000000
970.4699999999 0.0000000000
970.4799999999 0.0000000000
970.4899999999 0.0000000000
970.4999999999 0.0000000000
970.5099999999 0.0000000000
970.5199999999 0.0000000000
970.5299999999 0.0000000000
970.5399999999 0.0000000000
970.5499999999 0.0000000000
970.5599999999 0.0000000000
970.5699999999 0.0000000000
970.5799999999 0.0000000000
970.5899999999 0.0000000000
970.5999999999 0.0000000000
970.6099999999 0.0000000000
970.6199999999 0.0000000000
970.6299999999 0.0000000000
970.6399999999 0.0000000000
970.6499999999 0.0000000000
970.6599999999 0.0000000000
970.6699999999 0.0000000000
970.6799999999 0.0000000000
970.6899999999 0.0000000000
970.6999999999 0.0000000000
970.7099999999 0.0000000000
970.7199999999 0.0000000000
970.7299999999 0.0000000000
970.7399999999 0.0000000000
970.7499999999 0.0000000000
970.7599999999 0.0000000000
970.7699999999 0.0000000000
970.7799999999 0.0000000000
970.7899999999 0.0000000000
970.7999999999 0.0000000000
970.8099999999 0.0000000000
970.8199999999 0.0000000000
970.8299999999 0.0000000000
970.8399999999 0.0000000000
970.8499999999 0.0000000000
970.8599999999 0.0000000000
970.8699999999 0.0000000000
970.8799999999 0.0000000000
970.8899999999 0.0000000000
970.8999999999 0.0000000000
970.9099999999 0.0000000000
970.9199999999 0.0000000000
970.9299999999 0.0000000000
970.9399999999 0.0000000000
970.9499999999 0.0000000000
970.9599999999 0.0000000000
970.9699999999 0.0000000000
970.9799999999 0.0000000000
970.9899999999 0.0000000000
970.9999999999 0.0000000000
971.0099999999 0.0000000000
971.0199999999 0.0000000000
971.0299999999 0.0000000000
971.0399999999 0.0000000000
971.0499999999 0.0000000000
971.0599999999 0.0000000000
971.0699999999 0.0000000000
971.0799999999 0.0000000000
971.0899999999 0.0000000000
971.0999999999 0.0000000000
971.1099999999 0.0000000000
971.1199999999 0.0000000000
971.1299999999 0.0000000000
971.1399999999 0.0000000000
971.1499999999 0.0000000000
971.1599999999 0.0000000000
971.1699999999 0.0000000000
971.1799999999 0.0000000000
971.1899999999 0.0000000000
971.1999999999 0.0000000000
971.2099999999 0.0000000000
971.2199999999 0.0000000000
971.2299999999 0.0000000000
971.2399999999 0.0000000000
971.2499999999 0.0000000000
971.2599999999 0.0000000000
971.2699999999 0.0000000000
971.2799999999 0.0000000000
971.2899999999 0.0000000000
971.2999999999 0.0000000000
971.3099999999 0.0000000000
971.3199999999 0.0000000000
971.3299999999 0.0000000000
971.3399999999 0.0000000000
971.3499999999 0.0000000000
971.3599999999 0.0000000000
971.3699999999 0.0000000000
971.3799999999 0.0000000000
971.3899999999 0.0000000000
971.3999999999 0.0000000000
971.4099999999 0.0000000000
971.4199999999 0.0000000000
971.4299999999 0.0000000000
971.4399999999 0.0000000000
971.4499999999 0.0000000000
971.4599999999 0.0000000000
971.4699999999 0.0000000000
971.4799999999 0.0000000000
971.4899999999 0.0000000000
971.4999999999 0.0000000000
971.5099999999 0.0000000000
971.5199999999 0.0000000000
971.5299999999 0.0000000000
971.5399999999 0.0000000000
971.5499999999 0.0000000000
971.5599999999 0.0000000000
971.5699999999 0.0000000000
971.5799999999 0.0000000000
971.5899999999 0.0000000000
971.5999999999 0.0000000000
971.6099999999 0.0000000000
971.6199999999 0.0000000000
971.6299999999 0.0000000000
971.6399999999 0.0000000000
971.6499999999 0.0000000000
971.6599999999 0.0000000000
971.6699999999 0.0000000000
971.6799999999 0.0000000000
971.6899999999 0.0000000000
971.6999999999 0.0000000000
971.7099999999 0.0000000000
971.7199999999 0.0000000000
971.7299999999 0.0000000000
971.7399999999 0.0000000000
971.7499999999 0.0000000000
971.7599999999 0.0000000000
971.7699999999 0.0000000000
971.7799999999 0.0000000000
971.7899999999 0.0000000000
971.7999999999 0.0000000000
971.8099999999 0.0000000000
971.8199999999 0.0000000000
971.8299999999 0.0000000000
971.8399999999 0.0000000000
971.8499999999 0.0000000000
971.8599999999 0.0000000000
971.8699999999 0.0000000000
971.8799999999 0.0000000000
971.8899999999 0.0000000000
971.8999999999 0.0000000000
971.9099999999 0.0000000000
971.9199999999 0.0000000000
971.9299999999 0.0000000000
971.9399999999 0.0000000000
971.9499999999 0.0000000000
971.9599999999 0.0000000000
971.9699999999 0.0000000000
971.9799999999 0.0000000000
971.9899999999 0.0000000000
971.9999999999 0.0000000000
972.0099999999 0.0000000000
972.0199999999 0.0000000000
972.0299999999 0.0000000000
972.0399999999 0.0000000000
972.0499999999 0.0000000000
972.0599999999 0.0000000000
972.0699999999 0.0000000000
972.0799999999 0.0000000000
972.0899999999 0.0000000000
972.0999999999 0.0000000000
972.1099999999 0.0000000000
972.1199999999 0.0000000000
972.1299999999 0.0000000000
972.1399999999 0.0000000000
972.1499999999 0.0000000000
972.1599999999 0.0000000000
972.1699999999 0.0000000000
972.1799999999 0.0000000000
972.1899999999 0.0000000000
972.1999999999 0.0000000000
972.2099999999 0.0000000000
972.2199999999 0.0000000000
972.2299999999 0.0000000000
972.2399999999 0.0000000000
972.2499999999 0.0000000000
972.2599999999 0.0000000000
972.2699999999 0.0000000000
972.2799999999 0.0000000000
972.2899999999 0.0000000000
972.2999999999 0.0000000000
972.3099999999 0.0000000000
972.3199999999 0.0000000000
972.3299999999 0.0000000000
972.3399999999 0.0000000000
972.3499999999 0.0000000000
972.3599999999 0.0000000000
972.3699999999 0.0000000000
972.3799999999 0.0000000000
972.3899999999 0.0000000000
972.3999999999 0.0000000000
972.4099999999 0.0000000000
972.4199999999 0.0000000000
972.4299999999 0.0000000000
972.4399999999 0.0000000000
972.4499999999 0.0000000000
972.4599999999 0.0000000000
972.4699999999 0.0000000000
972.4799999999 0.0000000000
972.4899999999 0.0000000000
972.4999999999 0.0000000000
972.5099999999 0.0000000000
972.5199999999 0.0000000000
972.5299999999 0.0000000000
972.5399999999 0.0000000000
972.5499999999 0.0000000000
972.5599999999 0.0000000000
972.5699999999 0.0000000000
972.5799999999 0.0000000000
972.5899999999 0.0000000000
972.5999999999 0.0000000000
972.6099999999 0.0000000000
972.6199999999 0.0000000000
972.6299999999 0.0000000000
972.6399999999 0.0000000000
972.6499999999 0.0000000000
972.6599999999 0.0000000000
972.6699999999 0.0000000000
972.6799999999 0.0000000000
972.6899999999 0.0000000000
972.6999999999 0.0000000000
972.7099999999 0.0000000000
972.7199999999 0.0000000000
972.7299999999 0.0000000000
972.7399999999 0.0000000000
972.7499999999 0.0000000000
972.7599999999 0.0000000000
972.7699999999 0.0000000000
972.7799999999 0.0000000000
972.7899999999 0.0000000000
972.7999999999 0.0000000000
972.8099999999 0.0000000000
972.8199999999 0.0000000000
972.8299999999 0.0000000000
972.8399999999 0.0000000000
972.8499999999 0.0000000000
972.8599999999 0.0000000000
972.8699999999 0.0000000000
972.8799999999 0.0000000000
972.8899999999 0.0000000000
972.8999999999 0.0000000000
972.9099999999 0.0000000000
972.9199999999 0.0000000000
972.9299999999 0.0000000000
972.9399999999 0.0000000000
972.9499999999 0.0000000000
972.9599999999 0.0000000000
972.9699999999 0.0000000000
972.9799999999 0.0000000000
972.9899999999 0.0000000000
972.9999999999 0.0000000000
973.0099999999 0.0000000000
973.0199999999 0.0000000000
973.0299999999 0.0000000000
973.0399999999 0.0000000000
973.0499999999 0.0000000000
973.0599999999 0.0000000000
973.0699999999 0.0000000000
973.0799999999 0.0000000000
973.0899999999 0.0000000000
973.0999999999 0.0000000000
973.1099999999 0.0000000000
973.1199999999 0.0000000000
973.1299999999 0.0000000000
973.1399999999 0.0000000000
973.1499999999 0.0000000000
973.1599999999 0.0000000000
973.1699999999 0.0000000000
973.1799999999 0.0000000000
973.1899999999 0.0000000000
973.1999999999 0.0000000000
973.2099999999 0.0000000000
973.2199999999 0.0000000000
973.2299999999 0.0000000000
973.2399999999 0.0000000000
973.2499999999 0.0000000000
973.2599999999 0.0000000000
973.2699999999 0.0000000000
973.2799999999 0.0000000000
973.2899999999 0.0000000000
973.2999999999 0.0000000000
973.3099999999 0.0000000000
973.3199999999 0.0000000000
973.3299999999 0.0000000000
973.3399999999 0.0000000000
973.3499999999 0.0000000000
973.3599999999 0.0000000000
973.3699999999 0.0000000000
973.3799999999 0.0000000000
973.3899999999 0.0000000000
973.3999999999 0.0000000000
973.4099999999 0.0000000000
973.4199999999 0.0000000000
973.4299999999 0.0000000000
973.4399999999 0.0000000000
973.4499999999 0.0000000000
973.4599999999 0.0000000000
973.4699999999 0.0000000000
973.4799999999 0.0000000000
973.4899999999 0.0000000000
973.4999999999 0.0000000000
973.5099999999 0.0000000000
973.5199999999 0.0000000000
973.5299999999 0.0000000000
973.5399999999 0.0000000000
973.5499999999 0.0000000000
973.5599999999 0.0000000000
973.5699999999 0.0000000000
973.5799999999 0.0000000000
973.5899999999 0.0000000000
973.5999999999 0.0000000000
973.6099999999 0.0000000000
973.6199999999 0.0000000000
973.6299999999 0.0000000000
973.6399999999 0.0000000000
973.6499999999 0.0000000000
973.6599999999 0.0000000000
973.6699999999 0.0000000000
973.6799999999 0.0000000000
973.6899999999 0.0000000000
973.6999999999 0.0000000000
973.7099999999 0.0000000000
973.7199999999 0.0000000000
973.7299999999 0.0000000000
973.7399999999 0.0000000000
973.7499999999 0.0000000000
973.7599999999 0.0000000000
973.7699999999 0.0000000000
973.7799999999 0.0000000000
973.7899999999 0.0000000000
973.7999999999 0.0000000000
973.8099999999 0.0000000000
973.8199999999 0.0000000000
973.8299999999 0.0000000000
973.8399999999 0.0000000000
973.8499999999 0.0000000000
973.8599999999 0.0000000000
973.8699999999 0.0000000000
973.8799999999 0.0000000000
973.8899999999 0.0000000000
973.8999999999 0.0000000000
973.9099999999 0.0000000000
973.9199999999 0.0000000000
973.9299999999 0.0000000000
973.9399999999 0.0000000000
973.9499999999 0.0000000000
973.9599999999 0.0000000000
973.9699999999 0.0000000000
973.9799999999 0.0000000000
973.9899999999 0.0000000000
973.9999999999 0.0000000000
974.0099999999 0.0000000000
974.0199999999 0.0000000000
974.0299999999 0.0000000000
974.0399999999 0.0000000000
974.0499999999 0.0000000000
974.0599999999 0.0000000000
974.0699999999 0.0000000000
974.0799999999 0.0000000000
974.0899999999 0.0000000000
974.0999999999 0.0000000000
974.1099999999 0.0000000000
974.1199999999 0.0000000000
974.1299999999 0.0000000000
974.1399999999 0.0000000000
974.1499999999 0.0000000000
974.1599999999 0.0000000000
974.1699999999 0.0000000000
974.1799999999 0.0000000000
974.1899999999 0.0000000000
974.1999999999 0.0000000000
974.2099999999 0.0000000000
974.2199999999 0.0000000000
974.2299999999 0.0000000000
974.2399999999 0.0000000000
974.2499999999 0.0000000000
974.2599999999 0.0000000000
974.2699999999 0.0000000000
974.2799999999 0.0000000000
974.2899999999 0.0000000000
974.2999999999 0.0000000000
974.3099999999 0.0000000000
974.3199999999 0.0000000000
974.3299999999 0.0000000000
974.3399999999 0.0000000000
974.3499999999 0.0000000000
974.3599999999 0.0000000000
974.3699999999 0.0000000000
974.3799999999 0.0000000000
974.3899999999 0.0000000000
974.3999999999 0.0000000000
974.4099999999 0.0000000000
974.4199999999 0.0000000000
974.4299999999 0.0000000000
974.4399999999 0.0000000000
974.4499999999 0.0000000000
974.4599999999 0.0000000000
974.4699999999 0.0000000000
974.4799999999 0.0000000000
974.4899999999 0.0000000000
974.4999999999 0.0000000000
974.5099999999 0.0000000000
974.5199999999 0.0000000000
974.5299999999 0.0000000000
974.5399999999 0.0000000000
974.5499999999 0.0000000000
974.5599999999 0.0000000000
974.5699999999 0.0000000000
974.5799999999 0.0000000000
974.5899999999 0.0000000000
974.5999999999 0.0000000000
974.6099999999 0.0000000000
974.6199999999 0.0000000000
974.6299999999 0.0000000000
974.6399999999 0.0000000000
974.6499999999 0.0000000000
974.6599999999 0.0000000000
974.6699999999 0.0000000000
974.6799999999 0.0000000000
974.6899999999 0.0000000000
974.6999999999 0.0000000000
974.7099999999 0.0000000000
974.7199999999 0.0000000000
974.7299999999 0.0000000000
974.7399999999 0.0000000000
974.7499999999 0.0000000000
974.7599999999 0.0000000000
974.7699999999 0.0000000000
974.7799999999 0.0000000000
974.7899999999 0.0000000000
974.7999999999 0.0000000000
974.8099999999 0.0000000000
974.8199999999 0.0000000000
974.8299999999 0.0000000000
974.8399999999 0.0000000000
974.8499999999 0.0000000000
974.8599999999 0.0000000000
974.8699999999 0.0000000000
974.8799999999 0.0000000000
974.8899999999 0.0000000000
974.8999999999 0.0000000000
974.9099999999 0.0000000000
974.9199999999 0.0000000000
974.9299999999 0.0000000000
974.9399999999 0.0000000000
974.9499999999 0.0000000000
974.9599999999 0.0000000000
974.9699999999 0.0000000000
974.9799999999 0.0000000000
974.9899999999 0.0000000000
974.9999999999 0.0000000000
975.0099999999 0.0000000000
975.0199999999 0.0000000000
975.0299999999 0.0000000000
975.0399999999 0.0000000000
975.0499999999 0.0000000000
975.0599999999 0.0000000000
975.0699999999 0.0000000000
975.0799999999 0.0000000000
975.0899999999 0.0000000000
975.0999999999 0.0000000000
975.1099999999 0.0000000000
975.1199999999 0.0000000000
975.1299999999 0.0000000000
975.1399999999 0.0000000000
975.1499999999 0.0000000000
975.1599999999 0.0000000000
975.1699999999 0.0000000000
975.1799999999 0.0000000000
975.1899999999 0.0000000000
975.1999999999 0.0000000000
975.2099999999 0.0000000000
975.2199999999 0.0000000000
975.2299999999 0.0000000000
975.2399999999 0.0000000000
975.2499999999 0.0000000000
975.2599999999 0.0000000000
975.2699999999 0.0000000000
975.2799999999 0.0000000000
975.2899999999 0.0000000000
975.2999999999 0.0000000000
975.3099999999 0.0000000000
975.3199999999 0.0000000000
975.3299999999 0.0000000000
975.3399999999 0.0000000000
975.3499999999 0.0000000000
975.3599999999 0.0000000000
975.3699999999 0.0000000000
975.3799999999 0.0000000000
975.3899999999 0.0000000000
975.3999999999 0.0000000000
975.4099999999 0.0000000000
975.4199999999 0.0000000000
975.4299999999 0.0000000000
975.4399999999 0.0000000000
975.4499999999 0.0000000000
975.4599999999 0.0000000000
975.4699999999 0.0000000000
975.4799999999 0.0000000000
975.4899999999 0.0000000000
975.4999999999 0.0000000000
975.5099999999 0.0000000000
975.5199999999 0.0000000000
975.5299999999 0.0000000000
975.5399999999 0.0000000000
975.5499999999 0.0000000000
975.5599999999 0.0000000000
975.5699999999 0.0000000000
975.5799999999 0.0000000000
975.5899999999 0.0000000000
975.5999999999 0.0000000000
975.6099999999 0.0000000000
975.6199999999 0.0000000000
975.6299999999 0.0000000000
975.6399999999 0.0000000000
975.6499999999 0.0000000000
975.6599999999 0.0000000000
975.6699999999 0.0000000000
975.6799999999 0.0000000000
975.6899999999 0.0000000000
975.6999999999 0.0000000000
975.7099999999 0.0000000000
975.7199999999 0.0000000000
975.7299999999 0.0000000000
975.7399999999 0.0000000000
975.7499999999 0.0000000000
975.7599999999 0.0000000000
975.7699999999 0.0000000000
975.7799999999 0.0000000000
975.7899999999 0.0000000000
975.7999999999 0.0000000000
975.8099999999 0.0000000000
975.8199999999 0.0000000000
975.8299999999 0.0000000000
975.8399999999 0.0000000000
975.8499999999 0.0000000000
975.8599999999 0.0000000000
975.8699999999 0.0000000000
975.8799999999 0.0000000000
975.8899999999 0.0000000000
975.8999999999 0.0000000000
975.9099999999 0.0000000000
975.9199999999 0.0000000000
975.9299999999 0.0000000000
975.9399999999 0.0000000000
975.9499999999 0.0000000000
975.9599999999 0.0000000000
975.9699999999 0.0000000000
975.9799999999 0.0000000000
975.9899999999 0.0000000000
975.9999999999 0.0000000000
976.0099999999 0.0000000000
976.0199999999 0.0000000000
976.0299999999 0.0000000000
976.0399999999 0.0000000000
976.0499999999 0.0000000000
976.0599999999 0.0000000000
976.0699999999 0.0000000000
976.0799999999 0.0000000000
976.0899999999 0.0000000000
976.0999999999 0.0000000000
976.1099999999 0.0000000000
976.1199999999 0.0000000000
976.1299999999 0.0000000000
976.1399999999 0.0000000000
976.1499999999 0.0000000000
976.1599999999 0.0000000000
976.1699999999 0.0000000000
976.1799999999 0.0000000000
976.1899999999 0.0000000000
976.1999999999 0.0000000000
976.2099999999 0.0000000000
976.2199999999 0.0000000000
976.2299999999 0.0000000000
976.2399999999 0.0000000000
976.2499999999 0.0000000000
976.2599999999 0.0000000000
976.2699999999 0.0000000000
976.2799999999 0.0000000000
976.2899999999 0.0000000000
976.2999999999 0.0000000000
976.3099999999 0.0000000000
976.3199999999 0.0000000000
976.3299999999 0.0000000000
976.3399999999 0.0000000000
976.3499999999 0.0000000000
976.3599999999 0.0000000000
976.3699999999 0.0000000000
976.3799999999 0.0000000000
976.3899999999 0.0000000000
976.3999999999 0.0000000000
976.4099999999 0.0000000000
976.4199999999 0.0000000000
976.4299999999 0.0000000000
976.4399999999 0.0000000000
976.4499999999 0.0000000000
976.4599999999 0.0000000000
976.4699999999 0.0000000000
976.4799999999 0.0000000000
976.4899999999 0.0000000000
976.4999999999 0.0000000000
976.5099999999 0.0000000000
976.5199999999 0.0000000000
976.5299999999 0.0000000000
976.5399999999 0.0000000000
976.5499999999 0.0000000000
976.5599999999 0.0000000000
976.5699999999 0.0000000000
976.5799999999 0.0000000000
976.5899999999 0.0000000000
976.5999999999 0.0000000000
976.6099999999 0.0000000000
976.6199999999 0.0000000000
976.6299999999 0.0000000000
976.6399999999 0.0000000000
976.6499999999 0.0000000000
976.6599999999 0.0000000000
976.6699999999 0.0000000000
976.6799999999 0.0000000000
976.6899999999 0.0000000000
976.6999999999 0.0000000000
976.7099999999 0.0000000000
976.7199999999 0.0000000000
976.7299999999 0.0000000000
976.7399999999 0.0000000000
976.7499999999 0.0000000000
976.7599999999 0.0000000000
976.7699999999 0.0000000000
976.7799999999 0.0000000000
976.7899999999 0.0000000000
976.7999999999 0.0000000000
976.8099999999 0.0000000000
976.8199999999 0.0000000000
976.8299999999 0.0000000000
976.8399999999 0.0000000000
976.8499999999 0.0000000000
976.8599999999 0.0000000000
976.8699999999 0.0000000000
976.8799999999 0.0000000000
976.8899999999 0.0000000000
976.8999999999 0.0000000000
976.9099999999 0.0000000000
976.9199999999 0.0000000000
976.9299999999 0.0000000000
976.9399999999 0.0000000000
976.9499999999 0.0000000000
976.9599999999 0.0000000000
976.9699999999 0.0000000000
976.9799999999 0.0000000000
976.9899999999 0.0000000000
976.9999999999 0.0000000000
977.0099999999 0.0000000000
977.0199999999 0.0000000000
977.0299999999 0.0000000000
977.0399999999 0.0000000000
977.0499999999 0.0000000000
977.0599999999 0.0000000000
977.0699999999 0.0000000000
977.0799999999 0.0000000000
977.0899999999 0.0000000000
977.0999999999 0.0000000000
977.1099999999 0.0000000000
977.1199999999 0.0000000000
977.1299999999 0.0000000000
977.1399999999 0.0000000000
977.1499999999 0.0000000000
977.1599999999 0.0000000000
977.1699999999 0.0000000000
977.1799999999 0.0000000000
977.1899999999 0.0000000000
977.1999999999 0.0000000000
977.2099999999 0.0000000000
977.2199999999 0.0000000000
977.2299999999 0.0000000000
977.2399999999 0.0000000000
977.2499999999 0.0000000000
977.2599999999 0.0000000000
977.2699999999 0.0000000000
977.2799999999 0.0000000000
977.2899999999 0.0000000000
977.2999999999 0.0000000000
977.3099999999 0.0000000000
977.3199999999 0.0000000000
977.3299999999 0.0000000000
977.3399999999 0.0000000000
977.3499999999 0.0000000000
977.3599999999 0.0000000000
977.3699999999 0.0000000000
977.3799999999 0.0000000000
977.3899999999 0.0000000000
977.3999999999 0.0000000000
977.4099999999 0.0000000000
977.4199999999 0.0000000000
977.4299999999 0.0000000000
977.4399999999 0.0000000000
977.4499999999 0.0000000000
977.4599999999 0.0000000000
977.4699999999 0.0000000000
977.4799999999 0.0000000000
977.4899999999 0.0000000000
977.4999999999 0.0000000000
977.5099999999 0.0000000000
977.5199999999 0.0000000000
977.5299999999 0.0000000000
977.5399999999 0.0000000000
977.5499999999 0.0000000000
977.5599999999 0.0000000000
977.5699999999 0.0000000000
977.5799999999 0.0000000000
977.5899999999 0.0000000000
977.5999999999 0.0000000000
977.6099999999 0.0000000000
977.6199999999 0.0000000000
977.6299999999 0.0000000000
977.6399999999 0.0000000000
977.6499999999 0.0000000000
977.6599999999 0.0000000000
977.6699999999 0.0000000000
977.6799999999 0.0000000000
977.6899999999 0.0000000000
977.6999999999 0.0000000000
977.7099999999 0.0000000000
977.7199999999 0.0000000000
977.7299999999 0.0000000000
977.7399999999 0.0000000000
977.7499999999 0.0000000000
977.7599999999 0.0000000000
977.7699999999 0.0000000000
977.7799999999 0.0000000000
977.7899999999 0.0000000000
977.7999999999 0.0000000000
977.8099999999 0.0000000000
977.8199999999 0.0000000000
977.8299999999 0.0000000000
977.8399999999 0.0000000000
977.8499999999 0.0000000000
977.8599999999 0.0000000000
977.8699999999 0.0000000000
977.8799999999 0.0000000000
977.8899999999 0.0000000000
977.8999999999 0.0000000000
977.9099999999 0.0000000000
977.9199999999 0.0000000000
977.9299999999 0.0000000000
977.9399999999 0.0000000000
977.9499999999 0.0000000000
977.9599999999 0.0000000000
977.9699999999 0.0000000000
977.9799999999 0.0000000000
977.9899999999 0.0000000000
977.9999999999 0.0000000000
978.0099999999 0.0000000000
978.0199999999 0.0000000000
978.0299999999 0.0000000000
978.0399999999 0.0000000000
978.0499999999 0.0000000000
978.0599999999 0.0000000000
978.0699999999 0.0000000000
978.0799999999 0.0000000000
978.0899999999 0.0000000000
978.0999999999 0.0000000000
978.1099999999 0.0000000000
978.1199999999 0.0000000000
978.1299999999 0.0000000000
978.1399999999 0.0000000000
978.1499999999 0.0000000000
978.1599999999 0.0000000000
978.1699999999 0.0000000000
978.1799999999 0.0000000000
978.1899999999 0.0000000000
978.1999999999 0.0000000000
978.2099999999 0.0000000000
978.2199999999 0.0000000000
978.2299999999 0.0000000000
978.2399999999 0.0000000000
978.2499999999 0.0000000000
978.2599999999 0.0000000000
978.2699999999 0.0000000000
978.2799999999 0.0000000000
978.2899999999 0.0000000000
978.2999999999 0.0000000000
978.3099999999 0.0000000000
978.3199999999 0.0000000000
978.3299999999 0.0000000000
978.3399999999 0.0000000000
978.3499999999 0.0000000000
978.3599999999 0.0000000000
978.3699999999 0.0000000000
978.3799999999 0.0000000000
978.3899999999 0.0000000000
978.3999999999 0.0000000000
978.4099999999 0.0000000000
978.4199999999 0.0000000000
978.4299999999 0.0000000000
978.4399999999 0.0000000000
978.4499999999 0.0000000000
978.4599999999 0.0000000000
978.4699999999 0.0000000000
978.4799999999 0.0000000000
978.4899999999 0.0000000000
978.4999999999 0.0000000000
978.5099999999 0.0000000000
978.5199999999 0.0000000000
978.5299999999 0.0000000000
978.5399999999 0.0000000000
978.5499999999 0.0000000000
978.5599999999 0.0000000000
978.5699999999 0.0000000000
978.5799999999 0.0000000000
978.5899999999 0.0000000000
978.5999999999 0.0000000000
978.6099999999 0.0000000000
978.6199999999 0.0000000000
978.6299999999 0.0000000000
978.6399999999 0.0000000000
978.6499999999 0.0000000000
978.6599999999 0.0000000000
978.6699999999 0.0000000000
978.6799999999 0.0000000000
978.6899999999 0.0000000000
978.6999999999 0.0000000000
978.7099999999 0.0000000000
978.7199999999 0.0000000000
978.7299999999 0.0000000000
978.7399999999 0.0000000000
978.7499999999 0.0000000000
978.7599999999 0.0000000000
978.7699999999 0.0000000000
978.7799999999 0.0000000000
978.7899999999 0.0000000000
978.7999999999 0.0000000000
978.8099999999 0.0000000000
978.8199999999 0.0000000000
978.8299999999 0.0000000000
978.8399999999 0.0000000000
978.8499999999 0.0000000000
978.8599999999 0.0000000000
978.8699999999 0.0000000000
978.8799999999 0.0000000000
978.8899999999 0.0000000000
978.8999999999 0.0000000000
978.9099999999 0.0000000000
978.9199999999 0.0000000000
978.9299999999 0.0000000000
978.9399999999 0.0000000000
978.9499999999 0.0000000000
978.9599999999 0.0000000000
978.9699999999 0.0000000000
978.9799999999 0.0000000000
978.9899999999 0.0000000000
978.9999999999 0.0000000000
979.0099999999 0.0000000000
979.0199999999 0.0000000000
979.0299999999 0.0000000000
979.0399999999 0.0000000000
979.0499999999 0.0000000000
979.0599999999 0.0000000000
979.0699999999 0.0000000000
979.0799999999 0.0000000000
979.0899999999 0.0000000000
979.0999999999 0.0000000000
979.1099999999 0.0000000000
979.1199999999 0.0000000000
979.1299999999 0.0000000000
979.1399999999 0.0000000000
979.1499999999 0.0000000000
979.1599999999 0.0000000000
979.1699999999 0.0000000000
979.1799999999 0.0000000000
979.1899999999 0.0000000000
979.1999999999 0.0000000000
979.2099999999 0.0000000000
979.2199999999 0.0000000000
979.2299999999 0.0000000000
979.2399999999 0.0000000000
979.2499999999 0.0000000000
979.2599999999 0.0000000000
979.2699999999 0.0000000000
979.2799999999 0.0000000000
979.2899999999 0.0000000000
979.2999999999 0.0000000000
979.3099999999 0.0000000000
979.3199999999 0.0000000000
979.3299999999 0.0000000000
979.3399999999 0.0000000000
979.3499999999 0.0000000000
979.3599999999 0.0000000000
979.3699999999 0.0000000000
979.3799999999 0.0000000000
979.3899999999 0.0000000000
979.3999999999 0.0000000000
979.4099999999 0.0000000000
979.4199999999 0.0000000000
979.4299999999 0.0000000000
979.4399999999 0.0000000000
979.4499999999 0.0000000000
979.4599999999 0.0000000000
979.4699999999 0.0000000000
979.4799999999 0.0000000000
979.4899999999 0.0000000000
979.4999999999 0.0000000000
979.5099999999 0.0000000000
979.5199999999 0.0000000000
979.5299999999 0.0000000000
979.5399999999 0.0000000000
979.5499999999 0.0000000000
979.5599999999 0.0000000000
979.5699999999 0.0000000000
979.5799999999 0.0000000000
979.5899999999 0.0000000000
979.5999999999 0.0000000000
979.6099999999 0.0000000000
979.6199999999 0.0000000000
979.6299999999 0.0000000000
979.6399999999 0.0000000000
979.6499999999 0.0000000000
979.6599999999 0.0000000000
979.6699999999 0.0000000000
979.6799999999 0.0000000000
979.6899999999 0.0000000000
979.6999999999 0.0000000000
979.7099999999 0.0000000000
979.7199999999 0.0000000000
979.7299999999 0.0000000000
979.7399999999 0.0000000000
979.7499999999 0.0000000000
979.7599999999 0.0000000000
979.7699999999 0.0000000000
979.7799999999 0.0000000000
979.7899999999 0.0000000000
979.7999999999 0.0000000000
979.8099999999 0.0000000000
979.8199999999 0.0000000000
979.8299999999 0.0000000000
979.8399999999 0.0000000000
979.8499999999 0.0000000000
979.8599999999 0.0000000000
979.8699999999 0.0000000000
979.8799999999 0.0000000000
979.8899999999 0.0000000000
979.8999999999 0.0000000000
979.9099999999 0.0000000000
979.9199999999 0.0000000000
979.9299999999 0.0000000000
979.9399999999 0.0000000000
979.9499999999 0.0000000000
979.9599999999 0.0000000000
979.9699999999 0.0000000000
979.9799999999 0.0000000000
979.9899999999 0.0000000000
979.9999999999 0.0000000000
980.0099999999 0.0000000000
980.0199999999 0.0000000000
980.0299999999 0.0000000000
980.0399999999 0.0000000000
980.0499999999 0.0000000000
980.0599999999 0.0000000000
980.0699999999 0.0000000000
980.0799999999 0.0000000000
980.0899999999 0.0000000000
980.0999999999 0.0000000000
980.1099999999 0.0000000000
980.1199999999 0.0000000000
980.1299999999 0.0000000000
980.1399999999 0.0000000000
980.1499999999 0.0000000000
980.1599999999 0.0000000000
980.1699999999 0.0000000000
980.1799999999 0.0000000000
980.1899999999 0.0000000000
980.1999999999 0.0000000000
980.2099999999 0.0000000000
980.2199999999 0.0000000000
980.2299999999 0.0000000000
980.2399999999 0.0000000000
980.2499999999 0.0000000000
980.2599999999 0.0000000000
980.2699999999 0.0000000000
980.2799999999 0.0000000000
980.2899999999 0.0000000000
980.2999999999 0.0000000000
980.3099999999 0.0000000000
980.3199999999 0.0000000000
980.3299999999 0.0000000000
980.3399999999 0.0000000000
980.3499999999 0.0000000000
980.3599999999 0.0000000000
980.3699999999 0.0000000000
980.3799999999 0.0000000000
980.3899999999 0.0000000000
980.3999999999 0.0000000000
980.4099999999 0.0000000000
980.4199999999 0.0000000000
980.4299999999 0.0000000000
980.4399999999 0.0000000000
980.4499999999 0.0000000000
980.4599999999 0.0000000000
980.4699999999 0.0000000000
980.4799999999 0.0000000000
980.4899999999 0.0000000000
980.4999999999 0.0000000000
980.5099999999 0.0000000000
980.5199999999 0.0000000000
980.5299999999 0.0000000000
980.5399999999 0.0000000000
980.5499999999 0.0000000000
980.5599999999 0.0000000000
980.5699999999 0.0000000000
980.5799999999 0.0000000000
980.5899999999 0.0000000000
980.5999999999 0.0000000000
980.6099999999 0.0000000000
980.6199999999 0.0000000000
980.6299999999 0.0000000000
980.6399999999 0.0000000000
980.6499999999 0.0000000000
980.6599999999 0.0000000000
980.6699999999 0.0000000000
980.6799999999 0.0000000000
980.6899999999 0.0000000000
980.6999999999 0.0000000000
980.7099999999 0.0000000000
980.7199999999 0.0000000000
980.7299999999 0.0000000000
980.7399999999 0.0000000000
980.7499999999 0.0000000000
980.7599999999 0.0000000000
980.7699999999 0.0000000000
980.7799999999 0.0000000000
980.7899999999 0.0000000000
980.7999999999 0.0000000000
980.8099999999 0.0000000000
980.8199999999 0.0000000000
980.8299999999 0.0000000000
980.8399999999 0.0000000000
980.8499999999 0.0000000000
980.8599999999 0.0000000000
980.8699999999 0.0000000000
980.8799999999 0.0000000000
980.8899999999 0.0000000000
980.8999999999 0.0000000000
980.9099999999 0.0000000000
980.9199999999 0.0000000000
980.9299999999 0.0000000000
980.9399999999 0.0000000000
980.9499999999 0.0000000000
980.9599999999 0.0000000000
980.9699999999 0.0000000000
980.9799999999 0.0000000000
980.9899999999 0.0000000000
980.9999999999 0.0000000000
981.0099999999 0.0000000000
981.0199999999 0.0000000000
981.0299999999 0.0000000000
981.0399999999 0.0000000000
981.0499999999 0.0000000000
981.0599999999 0.0000000000
981.0699999999 0.0000000000
981.0799999999 0.0000000000
981.0899999999 0.0000000000
981.0999999999 0.0000000000
981.1099999999 0.0000000000
981.1199999999 0.0000000000
981.1299999999 0.0000000000
981.1399999999 0.0000000000
981.1499999999 0.0000000000
981.1599999999 0.0000000000
981.1699999999 0.0000000000
981.1799999999 0.0000000000
981.1899999999 0.0000000000
981.1999999999 0.0000000000
981.2099999999 0.0000000000
981.2199999999 0.0000000000
981.2299999999 0.0000000000
981.2399999999 0.0000000000
981.2499999999 0.0000000000
981.2599999999 0.0000000000
981.2699999999 0.0000000000
981.2799999999 0.0000000000
981.2899999999 0.0000000000
981.2999999999 0.0000000000
981.3099999999 0.0000000000
981.3199999999 0.0000000000
981.3299999999 0.0000000000
981.3399999999 0.0000000000
981.3499999999 0.0000000000
981.3599999999 0.0000000000
981.3699999999 0.0000000000
981.3799999999 0.0000000000
981.3899999999 0.0000000000
981.3999999999 0.0000000000
981.4099999999 0.0000000000
981.4199999999 0.0000000000
981.4299999999 0.0000000000
981.4399999999 0.0000000000
981.4499999999 0.0000000000
981.4599999999 0.0000000000
981.4699999999 0.0000000000
981.4799999999 0.0000000000
981.4899999999 0.0000000000
981.4999999999 0.0000000000
981.5099999999 0.0000000000
981.5199999999 0.0000000000
981.5299999999 0.0000000000
981.5399999999 0.0000000000
981.5499999999 0.0000000000
981.5599999999 0.0000000000
981.5699999999 0.0000000000
981.5799999999 0.0000000000
981.5899999999 0.0000000000
981.5999999999 0.0000000000
981.6099999999 0.0000000000
981.6199999999 0.0000000000
981.6299999999 0.0000000000
981.6399999999 0.0000000000
981.6499999999 0.0000000000
981.6599999999 0.0000000000
981.6699999999 0.0000000000
981.6799999999 0.0000000000
981.6899999999 0.0000000000
981.6999999999 0.0000000000
981.7099999999 0.0000000000
981.7199999999 0.0000000000
981.7299999999 0.0000000000
981.7399999999 0.0000000000
981.7499999999 0.0000000000
981.7599999999 0.0000000000
981.7699999999 0.0000000000
981.7799999999 0.0000000000
981.7899999999 0.0000000000
981.7999999999 0.0000000000
981.8099999999 0.0000000000
981.8199999999 0.0000000000
981.8299999999 0.0000000000
981.8399999999 0.0000000000
981.8499999999 0.0000000000
981.8599999999 0.0000000000
981.8699999999 0.0000000000
981.8799999999 0.0000000000
981.8899999999 0.0000000000
981.8999999999 0.0000000000
981.9099999999 0.0000000000
981.9199999999 0.0000000000
981.9299999999 0.0000000000
981.9399999999 0.0000000000
981.9499999999 0.0000000000
981.9599999999 0.0000000000
981.9699999999 0.0000000000
981.9799999999 0.0000000000
981.9899999999 0.0000000000
981.9999999999 0.0000000000
982.0099999999 0.0000000000
982.0199999999 0.0000000000
982.0299999999 0.0000000000
982.0399999999 0.0000000000
982.0499999999 0.0000000000
982.0599999999 0.0000000000
982.0699999999 0.0000000000
982.0799999999 0.0000000000
982.0899999999 0.0000000000
982.0999999999 0.0000000000
982.1099999999 0.0000000000
982.1199999999 0.0000000000
982.1299999999 0.0000000000
982.1399999999 0.0000000000
982.1499999999 0.0000000000
982.1599999999 0.0000000000
982.1699999999 0.0000000000
982.1799999999 0.0000000000
982.1899999999 0.0000000000
982.1999999999 0.0000000000
982.2099999999 0.0000000000
982.2199999999 0.0000000000
982.2299999999 0.0000000000
982.2399999999 0.0000000000
982.2499999999 0.0000000000
982.2599999999 0.0000000000
982.2699999999 0.0000000000
982.2799999999 0.0000000000
982.2899999999 0.0000000000
982.2999999999 0.0000000000
982.3099999999 0.0000000000
982.3199999999 0.0000000000
982.3299999999 0.0000000000
982.3399999999 0.0000000000
982.3499999999 0.0000000000
982.3599999999 0.0000000000
982.3699999999 0.0000000000
982.3799999999 0.0000000000
982.3899999999 0.0000000000
982.3999999999 0.0000000000
982.4099999999 0.0000000000
982.4199999999 0.0000000000
982.4299999999 0.0000000000
982.4399999999 0.0000000000
982.4499999999 0.0000000000
982.4599999999 0.0000000000
982.4699999999 0.0000000000
982.4799999999 0.0000000000
982.4899999999 0.0000000000
982.4999999999 0.0000000000
982.5099999999 0.0000000000
982.5199999999 0.0000000000
982.5299999999 0.0000000000
982.5399999999 0.0000000000
982.5499999999 0.0000000000
982.5599999999 0.0000000000
982.5699999999 0.0000000000
982.5799999999 0.0000000000
982.5899999999 0.0000000000
982.5999999999 0.0000000000
982.6099999999 0.0000000000
982.6199999999 0.0000000000
982.6299999999 0.0000000000
982.6399999999 0.0000000000
982.6499999999 0.0000000000
982.6599999999 0.0000000000
982.6699999999 0.0000000000
982.6799999999 0.0000000000
982.6899999999 0.0000000000
982.6999999999 0.0000000000
982.7099999999 0.0000000000
982.7199999999 0.0000000000
982.7299999999 0.0000000000
982.7399999999 0.0000000000
982.7499999999 0.0000000000
982.7599999999 0.0000000000
982.7699999999 0.0000000000
982.7799999999 0.0000000000
982.7899999999 0.0000000000
982.7999999999 0.0000000000
982.8099999999 0.0000000000
982.8199999999 0.0000000000
982.8299999999 0.0000000000
982.8399999999 0.0000000000
982.8499999999 0.0000000000
982.8599999999 0.0000000000
982.8699999999 0.0000000000
982.8799999999 0.0000000000
982.8899999999 0.0000000000
982.8999999999 0.0000000000
982.9099999999 0.0000000000
982.9199999999 0.0000000000
982.9299999999 0.0000000000
982.9399999999 0.0000000000
982.9499999999 0.0000000000
982.9599999999 0.0000000000
982.9699999999 0.0000000000
982.9799999999 0.0000000000
982.9899999999 0.0000000000
982.9999999999 0.0000000000
983.0099999999 0.0000000000
983.0199999999 0.0000000000
983.0299999999 0.0000000000
983.0399999999 0.0000000000
983.0499999999 0.0000000000
983.0599999999 0.0000000000
983.0699999999 0.0000000000
983.0799999999 0.0000000000
983.0899999999 0.0000000000
983.0999999999 0.0000000000
983.1099999999 0.0000000000
983.1199999999 0.0000000000
983.1299999999 0.0000000000
983.1399999999 0.0000000000
983.1499999999 0.0000000000
983.1599999999 0.0000000000
983.1699999999 0.0000000000
983.1799999999 0.0000000000
983.1899999999 0.0000000000
983.1999999999 0.0000000000
983.2099999999 0.0000000000
983.2199999999 0.0000000000
983.2299999999 0.0000000000
983.2399999999 0.0000000000
983.2499999999 0.0000000000
983.2599999999 0.0000000000
983.2699999999 0.0000000000
983.2799999999 0.0000000000
983.2899999999 0.0000000000
983.2999999999 0.0000000000
983.3099999999 0.0000000000
983.3199999999 0.0000000000
983.3299999999 0.0000000000
983.3399999999 0.0000000000
983.3499999999 0.0000000000
983.3599999999 0.0000000000
983.3699999999 0.0000000000
983.3799999999 0.0000000000
983.3899999999 0.0000000000
983.3999999999 0.0000000000
983.4099999999 0.0000000000
983.4199999999 0.0000000000
983.4299999999 0.0000000000
983.4399999999 0.0000000000
983.4499999999 0.0000000000
983.4599999999 0.0000000000
983.4699999999 0.0000000000
983.4799999999 0.0000000000
983.4899999999 0.0000000000
983.4999999999 0.0000000000
983.5099999999 0.0000000000
983.5199999999 0.0000000000
983.5299999999 0.0000000000
983.5399999999 0.0000000000
983.5499999999 0.0000000000
983.5599999999 0.0000000000
983.5699999999 0.0000000000
983.5799999999 0.0000000000
983.5899999999 0.0000000000
983.5999999999 0.0000000000
983.6099999999 0.0000000000
983.6199999999 0.0000000000
983.6299999999 0.0000000000
983.6399999999 0.0000000000
983.6499999999 0.0000000000
983.6599999999 0.0000000000
983.6699999999 0.0000000000
983.6799999999 0.0000000000
983.6899999999 0.0000000000
983.6999999999 0.0000000000
983.7099999999 0.0000000000
983.7199999999 0.0000000000
983.7299999999 0.0000000000
983.7399999999 0.0000000000
983.7499999999 0.0000000000
983.7599999999 0.0000000000
983.7699999999 0.0000000000
983.7799999999 0.0000000000
983.7899999999 0.0000000000
983.7999999999 0.0000000000
983.8099999999 0.0000000000
983.8199999999 0.0000000000
983.8299999999 0.0000000000
983.8399999999 0.0000000000
983.8499999999 0.0000000000
983.8599999999 0.0000000000
983.8699999999 0.0000000000
983.8799999999 0.0000000000
983.8899999999 0.0000000000
983.8999999999 0.0000000000
983.9099999999 0.0000000000
983.9199999999 0.0000000000
983.9299999999 0.0000000000
983.9399999999 0.0000000000
983.9499999999 0.0000000000
983.9599999999 0.0000000000
983.9699999999 0.0000000000
983.9799999999 0.0000000000
983.9899999999 0.0000000000
983.9999999999 0.0000000000
984.0099999999 0.0000000000
984.0199999999 0.0000000000
984.0299999999 0.0000000000
984.0399999999 0.0000000000
984.0499999999 0.0000000000
984.0599999999 0.0000000000
984.0699999999 0.0000000000
984.0799999999 0.0000000000
984.0899999999 0.0000000000
984.0999999999 0.0000000000
984.1099999999 0.0000000000
984.1199999999 0.0000000000
984.1299999999 0.0000000000
984.1399999999 0.0000000000
984.1499999999 0.0000000000
984.1599999999 0.0000000000
984.1699999999 0.0000000000
984.1799999999 0.0000000000
984.1899999999 0.0000000000
984.1999999999 0.0000000000
984.2099999999 0.0000000000
984.2199999999 0.0000000000
984.2299999999 0.0000000000
984.2399999999 0.0000000000
984.2499999999 0.0000000000
984.2599999999 0.0000000000
984.2699999999 0.0000000000
984.2799999999 0.0000000000
984.2899999999 0.0000000000
984.2999999999 0.0000000000
984.3099999999 0.0000000000
984.3199999999 0.0000000000
984.3299999999 0.0000000000
984.3399999999 0.0000000000
984.3499999999 0.0000000000
984.3599999999 0.0000000000
984.3699999999 0.0000000000
984.3799999999 0.0000000000
984.3899999999 0.0000000000
984.3999999999 0.0000000000
984.4099999999 0.0000000000
984.4199999999 0.0000000000
984.4299999999 0.0000000000
984.4399999999 0.0000000000
984.4499999999 0.0000000000
984.4599999999 0.0000000000
984.4699999999 0.0000000000
984.4799999999 0.0000000000
984.4899999999 0.0000000000
984.4999999999 0.0000000000
984.5099999999 0.0000000000
984.5199999999 0.0000000000
984.5299999999 0.0000000000
984.5399999999 0.0000000000
984.5499999999 0.0000000000
984.5599999999 0.0000000000
984.5699999999 0.0000000000
984.5799999999 0.0000000000
984.5899999999 0.0000000000
984.5999999999 0.0000000000
984.6099999999 0.0000000000
984.6199999999 0.0000000000
984.6299999999 0.0000000000
984.6399999999 0.0000000000
984.6499999999 0.0000000000
984.6599999999 0.0000000000
984.6699999999 0.0000000000
984.6799999999 0.0000000000
984.6899999999 0.0000000000
984.6999999999 0.0000000000
984.7099999999 0.0000000000
984.7199999999 0.0000000000
984.7299999999 0.0000000000
984.7399999999 0.0000000000
984.7499999999 0.0000000000
984.7599999999 0.0000000000
984.7699999999 0.0000000000
984.7799999999 0.0000000000
984.7899999999 0.0000000000
984.7999999999 0.0000000000
984.8099999999 0.0000000000
984.8199999999 0.0000000000
984.8299999999 0.0000000000
984.8399999999 0.0000000000
984.8499999999 0.0000000000
984.8599999999 0.0000000000
984.8699999999 0.0000000000
984.8799999999 0.0000000000
984.8899999999 0.0000000000
984.8999999999 0.0000000000
984.9099999999 0.0000000000
984.9199999999 0.0000000000
984.9299999999 0.0000000000
984.9399999999 0.0000000000
984.9499999999 0.0000000000
984.9599999999 0.0000000000
984.9699999999 0.0000000000
984.9799999999 0.0000000000
984.9899999999 0.0000000000
984.9999999999 0.0000000000
985.0099999999 0.0000000000
985.0199999999 0.0000000000
985.0299999999 0.0000000000
985.0399999999 0.0000000000
985.0499999999 0.0000000000
985.0599999999 0.0000000000
985.0699999999 0.0000000000
985.0799999999 0.0000000000
985.0899999999 0.0000000000
985.0999999999 0.0000000000
985.1099999999 0.0000000000
985.1199999999 0.0000000000
985.1299999999 0.0000000000
985.1399999999 0.0000000000
985.1499999999 0.0000000000
985.1599999999 0.0000000000
985.1699999999 0.0000000000
985.1799999999 0.0000000000
985.1899999999 0.0000000000
985.1999999999 0.0000000000
985.2099999999 0.0000000000
985.2199999999 0.0000000000
985.2299999999 0.0000000000
985.2399999999 0.0000000000
985.2499999999 0.0000000000
985.2599999999 0.0000000000
985.2699999999 0.0000000000
985.2799999999 0.0000000000
985.2899999999 0.0000000000
985.2999999999 0.0000000000
985.3099999999 0.0000000000
985.3199999999 0.0000000000
985.3299999999 0.0000000000
985.3399999999 0.0000000000
985.3499999999 0.0000000000
985.3599999999 0.0000000000
985.3699999999 0.0000000000
985.3799999999 0.0000000000
985.3899999999 0.0000000000
985.3999999999 0.0000000000
985.4099999999 0.0000000000
985.4199999999 0.0000000000
985.4299999999 0.0000000000
985.4399999999 0.0000000000
985.4499999999 0.0000000000
985.4599999999 0.0000000000
985.4699999999 0.0000000000
985.4799999999 0.0000000000
985.4899999999 0.0000000000
985.4999999999 0.0000000000
985.5099999999 0.0000000000
985.5199999999 0.0000000000
985.5299999999 0.0000000000
985.5399999999 0.0000000000
985.5499999999 0.0000000000
985.5599999999 0.0000000000
985.5699999999 0.0000000000
985.5799999999 0.0000000000
985.5899999999 0.0000000000
985.5999999999 0.0000000000
985.6099999999 0.0000000000
985.6199999999 0.0000000000
985.6299999999 0.0000000000
985.6399999999 0.0000000000
985.6499999999 0.0000000000
985.6599999999 0.0000000000
985.6699999999 0.0000000000
985.6799999999 0.0000000000
985.6899999999 0.0000000000
985.6999999999 0.0000000000
985.7099999999 0.0000000000
985.7199999999 0.0000000000
985.7299999999 0.0000000000
985.7399999999 0.0000000000
985.7499999999 0.0000000000
985.7599999999 0.0000000000
985.7699999999 0.0000000000
985.7799999999 0.0000000000
985.7899999999 0.0000000000
985.7999999999 0.0000000000
985.8099999999 0.0000000000
985.8199999999 0.0000000000
985.8299999999 0.0000000000
985.8399999999 0.0000000000
985.8499999999 0.0000000000
985.8599999999 0.0000000000
985.8699999999 0.0000000000
985.8799999999 0.0000000000
985.8899999999 0.0000000000
985.8999999999 0.0000000000
985.9099999999 0.0000000000
985.9199999999 0.0000000000
985.9299999999 0.0000000000
985.9399999999 0.0000000000
985.9499999999 0.0000000000
985.9599999999 0.0000000000
985.9699999999 0.0000000000
985.9799999999 0.0000000000
985.9899999999 0.0000000000
985.9999999999 0.0000000000
986.0099999999 0.0000000000
986.0199999999 0.0000000000
986.0299999999 0.0000000000
986.0399999999 0.0000000000
986.0499999999 0.0000000000
986.0599999999 0.0000000000
986.0699999999 0.0000000000
986.0799999999 0.0000000000
986.0899999999 0.0000000000
986.0999999999 0.0000000000
986.1099999999 0.0000000000
986.1199999999 0.0000000000
986.1299999999 0.0000000000
986.1399999999 0.0000000000
986.1499999999 0.0000000000
986.1599999999 0.0000000000
986.1699999999 0.0000000000
986.1799999999 0.0000000000
986.1899999999 0.0000000000
986.1999999999 0.0000000000
986.2099999999 0.0000000000
986.2199999999 0.0000000000
986.2299999999 0.0000000000
986.2399999999 0.0000000000
986.2499999999 0.0000000000
986.2599999999 0.0000000000
986.2699999999 0.0000000000
986.2799999999 0.0000000000
986.2899999999 0.0000000000
986.2999999999 0.0000000000
986.3099999999 0.0000000000
986.3199999999 0.0000000000
986.3299999999 0.0000000000
986.3399999999 0.0000000000
986.3499999999 0.0000000000
986.3599999999 0.0000000000
986.3699999999 0.0000000000
986.3799999999 0.0000000000
986.3899999999 0.0000000000
986.3999999999 0.0000000000
986.4099999999 0.0000000000
986.4199999999 0.0000000000
986.4299999999 0.0000000000
986.4399999999 0.0000000000
986.4499999999 0.0000000000
986.4599999999 0.0000000000
986.4699999999 0.0000000000
986.4799999999 0.0000000000
986.4899999999 0.0000000000
986.4999999999 0.0000000000
986.5099999999 0.0000000000
986.5199999999 0.0000000000
986.5299999999 0.0000000000
986.5399999999 0.0000000000
986.5499999999 0.0000000000
986.5599999999 0.0000000000
986.5699999999 0.0000000000
986.5799999999 0.0000000000
986.5899999999 0.0000000000
986.5999999999 0.0000000000
986.6099999999 0.0000000000
986.6199999999 0.0000000000
986.6299999999 0.0000000000
986.6399999999 0.0000000000
986.6499999999 0.0000000000
986.6599999999 0.0000000000
986.6699999999 0.0000000000
986.6799999999 0.0000000000
986.6899999999 0.0000000000
986.6999999999 0.0000000000
986.7099999999 0.0000000000
986.7199999999 0.0000000000
986.7299999999 0.0000000000
986.7399999999 0.0000000000
986.7499999999 0.0000000000
986.7599999999 0.0000000000
986.7699999999 0.0000000000
986.7799999999 0.0000000000
986.7899999999 0.0000000000
986.7999999999 0.0000000000
986.8099999999 0.0000000000
986.8199999999 0.0000000000
986.8299999999 0.0000000000
986.8399999999 0.0000000000
986.8499999999 0.0000000000
986.8599999999 0.0000000000
986.8699999999 0.0000000000
986.8799999999 0.0000000000
986.8899999999 0.0000000000
986.8999999999 0.0000000000
986.9099999999 0.0000000000
986.9199999999 0.0000000000
986.9299999999 0.0000000000
986.9399999999 0.0000000000
986.9499999999 0.0000000000
986.9599999999 0.0000000000
986.9699999999 0.0000000000
986.9799999999 0.0000000000
986.9899999999 0.0000000000
986.9999999999 0.0000000000
987.0099999999 0.0000000000
987.0199999999 0.0000000000
987.0299999999 0.0000000000
987.0399999999 0.0000000000
987.0499999999 0.0000000000
987.0599999999 0.0000000000
987.0699999999 0.0000000000
987.0799999999 0.0000000000
987.0899999999 0.0000000000
987.0999999999 0.0000000000
987.1099999999 0.0000000000
987.1199999999 0.0000000000
987.1299999999 0.0000000000
987.1399999999 0.0000000000
987.1499999999 0.0000000000
987.1599999999 0.0000000000
987.1699999999 0.0000000000
987.1799999999 0.0000000000
987.1899999999 0.0000000000
987.1999999999 0.0000000000
987.2099999999 0.0000000000
987.2199999999 0.0000000000
987.2299999999 0.0000000000
987.2399999999 0.0000000000
987.2499999999 0.0000000000
987.2599999999 0.0000000000
987.2699999999 0.0000000000
987.2799999999 0.0000000000
987.2899999999 0.0000000000
987.2999999999 0.0000000000
987.3099999999 0.0000000000
987.3199999999 0.0000000000
987.3299999999 0.0000000000
987.3399999999 0.0000000000
987.3499999999 0.0000000000
987.3599999999 0.0000000000
987.3699999999 0.0000000000
987.3799999999 0.0000000000
987.3899999999 0.0000000000
987.3999999999 0.0000000000
987.4099999999 0.0000000000
987.4199999999 0.0000000000
987.4299999999 0.0000000000
987.4399999999 0.0000000000
987.4499999999 0.0000000000
987.4599999999 0.0000000000
987.4699999999 0.0000000000
987.4799999999 0.0000000000
987.4899999999 0.0000000000
987.4999999999 0.0000000000
987.5099999999 0.0000000000
987.5199999999 0.0000000000
987.5299999999 0.0000000000
987.5399999999 0.0000000000
987.5499999999 0.0000000000
987.5599999999 0.0000000000
987.5699999999 0.0000000000
987.5799999999 0.0000000000
987.5899999999 0.0000000000
987.5999999999 0.0000000000
987.6099999999 0.0000000000
987.6199999999 0.0000000000
987.6299999999 0.0000000000
987.6399999999 0.0000000000
987.6499999999 0.0000000000
987.6599999999 0.0000000000
987.6699999999 0.0000000000
987.6799999999 0.0000000000
987.6899999999 0.0000000000
987.6999999999 0.0000000000
987.7099999999 0.0000000000
987.7199999999 0.0000000000
987.7299999999 0.0000000000
987.7399999999 0.0000000000
987.7499999999 0.0000000000
987.7599999999 0.0000000000
987.7699999999 0.0000000000
987.7799999999 0.0000000000
987.7899999999 0.0000000000
987.7999999999 0.0000000000
987.8099999999 0.0000000000
987.8199999999 0.0000000000
987.8299999999 0.0000000000
987.8399999999 0.0000000000
987.8499999999 0.0000000000
987.8599999999 0.0000000000
987.8699999999 0.0000000000
987.8799999999 0.0000000000
987.8899999999 0.0000000000
987.8999999999 0.0000000000
987.9099999999 0.0000000000
987.9199999999 0.0000000000
987.9299999999 0.0000000000
987.9399999999 0.0000000000
987.9499999999 0.0000000000
987.9599999999 0.0000000000
987.9699999999 0.0000000000
987.9799999999 0.0000000000
987.9899999999 0.0000000000
987.9999999999 0.0000000000
988.0099999999 0.0000000000
988.0199999999 0.0000000000
988.0299999999 0.0000000000
988.0399999999 0.0000000000
988.0499999999 0.0000000000
988.0599999999 0.0000000000
988.0699999999 0.0000000000
988.0799999999 0.0000000000
988.0899999999 0.0000000000
988.0999999999 0.0000000000
988.1099999999 0.0000000000
988.1199999999 0.0000000000
988.1299999999 0.0000000000
988.1399999999 0.0000000000
988.1499999999 0.0000000000
988.1599999999 0.0000000000
988.1699999999 0.0000000000
988.1799999999 0.0000000000
988.1899999999 0.0000000000
988.1999999999 0.0000000000
988.2099999999 0.0000000000
988.2199999999 0.0000000000
988.2299999999 0.0000000000
988.2399999999 0.0000000000
988.2499999999 0.0000000000
988.2599999999 0.0000000000
988.2699999999 0.0000000000
988.2799999999 0.0000000000
988.2899999999 0.0000000000
988.2999999999 0.0000000000
988.3099999999 0.0000000000
988.3199999999 0.0000000000
988.3299999999 0.0000000000
988.3399999999 0.0000000000
988.3499999999 0.0000000000
988.3599999999 0.0000000000
988.3699999999 0.0000000000
988.3799999999 0.0000000000
988.3899999999 0.0000000000
988.3999999999 0.0000000000
988.4099999999 0.0000000000
988.4199999999 0.0000000000
988.4299999999 0.0000000000
988.4399999999 0.0000000000
988.4499999999 0.0000000000
988.4599999999 0.0000000000
988.4699999999 0.0000000000
988.4799999999 0.0000000000
988.4899999999 0.0000000000
988.4999999999 0.0000000000
988.5099999999 0.0000000000
988.5199999999 0.0000000000
988.5299999999 0.0000000000
988.5399999999 0.0000000000
988.5499999999 0.0000000000
988.5599999999 0.0000000000
988.5699999999 0.0000000000
988.5799999999 0.0000000000
988.5899999999 0.0000000000
988.5999999999 0.0000000000
988.6099999999 0.0000000000
988.6199999999 0.0000000000
988.6299999999 0.0000000000
988.6399999999 0.0000000000
988.6499999999 0.0000000000
988.6599999999 0.0000000000
988.6699999999 0.0000000000
988.6799999999 0.0000000000
988.6899999999 0.0000000000
988.6999999999 0.0000000000
988.7099999999 0.0000000000
988.7199999999 0.0000000000
988.7299999999 0.0000000000
988.7399999999 0.0000000000
988.7499999999 0.0000000000
988.7599999999 0.0000000000
988.7699999999 0.0000000000
988.7799999999 0.0000000000
988.7899999999 0.0000000000
988.7999999999 0.0000000000
988.8099999999 0.0000000000
988.8199999999 0.0000000000
988.8299999999 0.0000000000
988.8399999999 0.0000000000
988.8499999999 0.0000000000
988.8599999999 0.0000000000
988.8699999999 0.0000000000
988.8799999999 0.0000000000
988.8899999999 0.0000000000
988.8999999999 0.0000000000
988.9099999999 0.0000000000
988.9199999999 0.0000000000
988.9299999999 0.0000000000
988.9399999999 0.0000000000
988.9499999999 0.0000000000
988.9599999999 0.0000000000
988.9699999999 0.0000000000
988.9799999999 0.0000000000
988.9899999999 0.0000000000
988.9999999999 0.0000000000
989.0099999999 0.0000000000
989.0199999999 0.0000000000
989.0299999999 0.0000000000
989.0399999999 0.0000000000
989.0499999999 0.0000000000
989.0599999999 0.0000000000
989.0699999999 0.0000000000
989.0799999999 0.0000000000
989.0899999999 0.0000000000
989.0999999999 0.0000000000
989.1099999999 0.0000000000
989.1199999999 0.0000000000
989.1299999999 0.0000000000
989.1399999999 0.0000000000
989.1499999999 0.0000000000
989.1599999999 0.0000000000
989.1699999999 0.0000000000
989.1799999999 0.0000000000
989.1899999999 0.0000000000
989.1999999999 0.0000000000
989.2099999999 0.0000000000
989.2199999999 0.0000000000
989.2299999999 0.0000000000
989.2399999999 0.0000000000
989.2499999999 0.0000000000
989.2599999999 0.0000000000
989.2699999999 0.0000000000
989.2799999999 0.0000000000
989.2899999999 0.0000000000
989.2999999999 0.0000000000
989.3099999999 0.0000000000
989.3199999999 0.0000000000
989.3299999999 0.0000000000
989.3399999999 0.0000000000
989.3499999999 0.0000000000
989.3599999999 0.0000000000
989.3699999999 0.0000000000
989.3799999999 0.0000000000
989.3899999999 0.0000000000
989.3999999999 0.0000000000
989.4099999999 0.0000000000
989.4199999999 0.0000000000
989.4299999999 0.0000000000
989.4399999999 0.0000000000
989.4499999999 0.0000000000
989.4599999999 0.0000000000
989.4699999999 0.0000000000
989.4799999999 0.0000000000
989.4899999999 0.0000000000
989.4999999999 0.0000000000
989.5099999999 0.0000000000
989.5199999999 0.0000000000
989.5299999999 0.0000000000
989.5399999999 0.0000000000
989.5499999999 0.0000000000
989.5599999999 0.0000000000
989.5699999999 0.0000000000
989.5799999999 0.0000000000
989.5899999999 0.0000000000
989.5999999999 0.0000000000
989.6099999999 0.0000000000
989.6199999999 0.0000000000
989.6299999999 0.0000000000
989.6399999999 0.0000000000
989.6499999999 0.0000000000
989.6599999999 0.0000000000
989.6699999999 0.0000000000
989.6799999999 0.0000000000
989.6899999999 0.0000000000
989.6999999999 0.0000000000
989.7099999999 0.0000000000
989.7199999999 0.0000000000
989.7299999999 0.0000000000
989.7399999999 0.0000000000
989.7499999999 0.0000000000
989.7599999999 0.0000000000
989.7699999999 0.0000000000
989.7799999999 0.0000000000
989.7899999999 0.0000000000
989.7999999999 0.0000000000
989.8099999999 0.0000000000
989.8199999999 0.0000000000
989.8299999999 0.0000000000
989.8399999999 0.0000000000
989.8499999999 0.0000000000
989.8599999999 0.0000000000
989.8699999999 0.0000000000
989.8799999999 0.0000000000
989.8899999999 0.0000000000
989.8999999999 0.0000000000
989.9099999999 0.0000000000
989.9199999999 0.0000000000
989.9299999999 0.0000000000
989.9399999999 0.0000000000
989.9499999999 0.0000000000
989.9599999999 0.0000000000
989.9699999999 0.0000000000
989.9799999999 0.0000000000
989.9899999999 0.0000000000
989.9999999999 0.0000000000
990.0099999999 0.0000000000
990.0199999999 0.0000000000
990.0299999999 0.0000000000
990.0399999999 0.0000000000
990.0499999999 0.0000000000
990.0599999999 0.0000000000
990.0699999999 0.0000000000
990.0799999999 0.0000000000
990.0899999999 0.0000000000
990.0999999999 0.0000000000
990.1099999999 0.0000000000
990.1199999999 0.0000000000
990.1299999999 0.0000000000
990.1399999999 0.0000000000
990.1499999999 0.0000000000
990.1599999999 0.0000000000
990.1699999999 0.0000000000
990.1799999999 0.0000000000
990.1899999999 0.0000000000
990.1999999999 0.0000000000
990.2099999999 0.0000000000
990.2199999999 0.0000000000
990.2299999999 0.0000000000
990.2399999999 0.0000000000
990.2499999999 0.0000000000
990.2599999999 0.0000000000
990.2699999999 0.0000000000
990.2799999999 0.0000000000
990.2899999999 0.0000000000
990.2999999999 0.0000000000
990.3099999999 0.0000000000
990.3199999999 0.0000000000
990.3299999999 0.0000000000
990.3399999999 0.0000000000
990.3499999999 0.0000000000
990.3599999999 0.0000000000
990.3699999999 0.0000000000
990.3799999999 0.0000000000
990.3899999999 0.0000000000
990.3999999999 0.0000000000
990.4099999999 0.0000000000
990.4199999999 0.0000000000
990.4299999999 0.0000000000
990.4399999999 0.0000000000
990.4499999999 0.0000000000
990.4599999999 0.0000000000
990.4699999999 0.0000000000
990.4799999999 0.0000000000
990.4899999999 0.0000000000
990.4999999999 0.0000000000
990.5099999999 0.0000000000
990.5199999999 0.0000000000
990.5299999999 0.0000000000
990.5399999999 0.0000000000
990.5499999999 0.0000000000
990.5599999999 0.0000000000
990.5699999999 0.0000000000
990.5799999999 0.0000000000
990.5899999999 0.0000000000
990.5999999999 0.0000000000
990.6099999999 0.0000000000
990.6199999999 0.0000000000
990.6299999999 0.0000000000
990.6399999999 0.0000000000
990.6499999999 0.0000000000
990.6599999999 0.0000000000
990.6699999999 0.0000000000
990.6799999999 0.0000000000
990.6899999999 0.0000000000
990.6999999999 0.0000000000
990.7099999999 0.0000000000
990.7199999999 0.0000000000
990.7299999999 0.0000000000
990.7399999999 0.0000000000
990.7499999999 0.0000000000
990.7599999999 0.0000000000
990.7699999999 0.0000000000
990.7799999999 0.0000000000
990.7899999999 0.0000000000
990.7999999999 0.0000000000
990.8099999999 0.0000000000
990.8199999999 0.0000000000
990.8299999999 0.0000000000
990.8399999999 0.0000000000
990.8499999999 0.0000000000
990.8599999999 0.0000000000
990.8699999999 0.0000000000
990.8799999999 0.0000000000
990.8899999999 0.0000000000
990.8999999999 0.0000000000
990.9099999999 0.0000000000
990.9199999999 0.0000000000
990.9299999999 0.0000000000
990.9399999999 0.0000000000
990.9499999999 0.0000000000
990.9599999999 0.0000000000
990.9699999999 0.0000000000
990.9799999999 0.0000000000
990.9899999999 0.0000000000
990.9999999999 0.0000000000
991.0099999999 0.0000000000
991.0199999999 0.0000000000
991.0299999999 0.0000000000
991.0399999999 0.0000000000
991.0499999999 0.0000000000
991.0599999999 0.0000000000
991.0699999999 0.0000000000
991.0799999999 0.0000000000
991.0899999999 0.0000000000
991.0999999999 0.0000000000
991.1099999999 0.0000000000
991.1199999999 0.0000000000
991.1299999999 0.0000000000
991.1399999999 0.0000000000
991.1499999999 0.0000000000
991.1599999999 0.0000000000
991.1699999999 0.0000000000
991.1799999999 0.0000000000
991.1899999999 0.0000000000
991.1999999999 0.0000000000
991.2099999999 0.0000000000
991.2199999999 0.0000000000
991.2299999999 0.0000000000
991.2399999999 0.0000000000
991.2499999999 0.0000000000
991.2599999999 0.0000000000
991.2699999999 0.0000000000
991.2799999999 0.0000000000
991.2899999999 0.0000000000
991.2999999999 0.0000000000
991.3099999999 0.0000000000
991.3199999999 0.0000000000
991.3299999999 0.0000000000
991.3399999999 0.0000000000
991.3499999999 0.0000000000
991.3599999999 0.0000000000
991.3699999999 0.0000000000
991.3799999999 0.0000000000
991.3899999999 0.0000000000
991.3999999999 0.0000000000
991.4099999999 0.0000000000
991.4199999999 0.0000000000
991.4299999999 0.0000000000
991.4399999999 0.0000000000
991.4499999999 0.0000000000
991.4599999999 0.0000000000
991.4699999999 0.0000000000
991.4799999999 0.0000000000
991.4899999999 0.0000000000
991.4999999999 0.0000000000
991.5099999999 0.0000000000
991.5199999999 0.0000000000
991.5299999999 0.0000000000
991.5399999999 0.0000000000
991.5499999999 0.0000000000
991.5599999999 0.0000000000
991.5699999999 0.0000000000
991.5799999999 0.0000000000
991.5899999999 0.0000000000
991.5999999999 0.0000000000
991.6099999999 0.0000000000
991.6199999999 0.0000000000
991.6299999999 0.0000000000
991.6399999999 0.0000000000
991.6499999999 0.0000000000
991.6599999999 0.0000000000
991.6699999999 0.0000000000
991.6799999999 0.0000000000
991.6899999999 0.0000000000
991.6999999999 0.0000000000
991.7099999999 0.0000000000
991.7199999999 0.0000000000
991.7299999999 0.0000000000
991.7399999999 0.0000000000
991.7499999999 0.0000000000
991.7599999999 0.0000000000
991.7699999999 0.0000000000
991.7799999999 0.0000000000
991.7899999999 0.0000000000
991.7999999999 0.0000000000
991.8099999999 0.0000000000
991.8199999999 0.0000000000
991.8299999999 0.0000000000
991.8399999999 0.0000000000
991.8499999999 0.0000000000
991.8599999999 0.0000000000
991.8699999999 0.0000000000
991.8799999999 0.0000000000
991.8899999999 0.0000000000
991.8999999999 0.0000000000
991.9099999999 0.0000000000
991.9199999999 0.0000000000
991.9299999999 0.0000000000
991.9399999999 0.0000000000
991.9499999999 0.0000000000
991.9599999999 0.0000000000
991.9699999999 0.0000000000
991.9799999999 0.0000000000
991.9899999999 0.0000000000
991.9999999999 0.0000000000
992.0099999999 0.0000000000
992.0199999999 0.0000000000
992.0299999999 0.0000000000
992.0399999999 0.0000000000
992.0499999999 0.0000000000
992.0599999999 0.0000000000
992.0699999999 0.0000000000
992.0799999999 0.0000000000
992.0899999999 0.0000000000
992.0999999999 0.0000000000
992.1099999999 0.0000000000
992.1199999999 0.0000000000
992.1299999999 0.0000000000
992.1399999999 0.0000000000
992.1499999999 0.0000000000
992.1599999999 0.0000000000
992.1699999999 0.0000000000
992.1799999999 0.0000000000
992.1899999999 0.0000000000
992.1999999999 0.0000000000
992.2099999999 0.0000000000
992.2199999999 0.0000000000
992.2299999999 0.0000000000
992.2399999999 0.0000000000
992.2499999999 0.0000000000
992.2599999999 0.0000000000
992.2699999999 0.0000000000
992.2799999999 0.0000000000
992.2899999999 0.0000000000
992.2999999999 0.0000000000
992.3099999999 0.0000000000
992.3199999999 0.0000000000
992.3299999999 0.0000000000
992.3399999999 0.0000000000
992.3499999999 0.0000000000
992.3599999999 0.0000000000
992.3699999999 0.0000000000
992.3799999999 0.0000000000
992.3899999999 0.0000000000
992.3999999999 0.0000000000
992.4099999999 0.0000000000
992.4199999999 0.0000000000
992.4299999999 0.0000000000
992.4399999999 0.0000000000
992.4499999999 0.0000000000
992.4599999999 0.0000000000
992.4699999999 0.0000000000
992.4799999999 0.0000000000
992.4899999999 0.0000000000
992.4999999999 0.0000000000
992.5099999999 0.0000000000
992.5199999999 0.0000000000
992.5299999999 0.0000000000
992.5399999999 0.0000000000
992.5499999999 0.0000000000
992.5599999999 0.0000000000
992.5699999999 0.0000000000
992.5799999999 0.0000000000
992.5899999999 0.0000000000
992.5999999999 0.0000000000
992.6099999999 0.0000000000
992.6199999999 0.0000000000
992.6299999999 0.0000000000
992.6399999999 0.0000000000
992.6499999999 0.0000000000
992.6599999999 0.0000000000
992.6699999999 0.0000000000
992.6799999999 0.0000000000
992.6899999999 0.0000000000
992.6999999999 0.0000000000
992.7099999999 0.0000000000
992.7199999999 0.0000000000
992.7299999999 0.0000000000
992.7399999999 0.0000000000
992.7499999999 0.0000000000
992.7599999999 0.0000000000
992.7699999999 0.0000000000
992.7799999999 0.0000000000
992.7899999999 0.0000000000
992.7999999999 0.0000000000
992.8099999999 0.0000000000
992.8199999999 0.0000000000
992.8299999999 0.0000000000
992.8399999999 0.0000000000
992.8499999999 0.0000000000
992.8599999999 0.0000000000
992.8699999999 0.0000000000
992.8799999999 0.0000000000
992.8899999999 0.0000000000
992.8999999999 0.0000000000
992.9099999999 0.0000000000
992.9199999999 0.0000000000
992.9299999999 0.0000000000
992.9399999999 0.0000000000
992.9499999999 0.0000000000
992.9599999999 0.0000000000
992.9699999999 0.0000000000
992.9799999999 0.0000000000
992.9899999999 0.0000000000
992.9999999999 0.0000000000
993.0099999999 0.0000000000
993.0199999999 0.0000000000
993.0299999999 0.0000000000
993.0399999999 0.0000000000
993.0499999999 0.0000000000
993.0599999999 0.0000000000
993.0699999999 0.0000000000
993.0799999999 0.0000000000
993.0899999999 0.0000000000
993.0999999999 0.0000000000
993.1099999999 0.0000000000
993.1199999999 0.0000000000
993.1299999999 0.0000000000
993.1399999999 0.0000000000
993.1499999999 0.0000000000
993.1599999999 0.0000000000
993.1699999999 0.0000000000
993.1799999999 0.0000000000
993.1899999999 0.0000000000
993.1999999999 0.0000000000
993.2099999999 0.0000000000
993.2199999999 0.0000000000
993.2299999999 0.0000000000
993.2399999999 0.0000000000
993.2499999999 0.0000000000
993.2599999999 0.0000000000
993.2699999999 0.0000000000
993.2799999999 0.0000000000
993.2899999999 0.0000000000
993.2999999999 0.0000000000
993.3099999999 0.0000000000
993.3199999999 0.0000000000
993.3299999999 0.0000000000
993.3399999999 0.0000000000
993.3499999999 0.0000000000
993.3599999999 0.0000000000
993.3699999999 0.0000000000
993.3799999999 0.0000000000
993.3899999999 0.0000000000
993.3999999999 0.0000000000
993.4099999999 0.0000000000
993.4199999999 0.0000000000
993.4299999999 0.0000000000
993.4399999999 0.0000000000
993.4499999999 0.0000000000
993.4599999999 0.0000000000
993.4699999999 0.0000000000
993.4799999999 0.0000000000
993.4899999999 0.0000000000
993.4999999999 0.0000000000
993.5099999999 0.0000000000
993.5199999999 0.0000000000
993.5299999999 0.0000000000
993.5399999999 0.0000000000
993.5499999999 0.0000000000
993.5599999999 0.0000000000
993.5699999999 0.0000000000
993.5799999999 0.0000000000
993.5899999999 0.0000000000
993.5999999999 0.0000000000
993.6099999999 0.0000000000
993.6199999999 0.0000000000
993.6299999999 0.0000000000
993.6399999999 0.0000000000
993.6499999999 0.0000000000
993.6599999999 0.0000000000
993.6699999999 0.0000000000
993.6799999999 0.0000000000
993.6899999999 0.0000000000
993.6999999999 0.0000000000
993.7099999999 0.0000000000
993.7199999999 0.0000000000
993.7299999999 0.0000000000
993.7399999999 0.0000000000
993.7499999999 0.0000000000
993.7599999999 0.0000000000
993.7699999999 0.0000000000
993.7799999999 0.0000000000
993.7899999999 0.0000000000
993.7999999999 0.0000000000
993.8099999999 0.0000000000
993.8199999999 0.0000000000
993.8299999999 0.0000000000
993.8399999999 0.0000000000
993.8499999999 0.0000000000
993.8599999999 0.0000000000
993.8699999999 0.0000000000
993.8799999999 0.0000000000
993.8899999999 0.0000000000
993.8999999999 0.0000000000
993.9099999999 0.0000000000
993.9199999999 0.0000000000
993.9299999999 0.0000000000
993.9399999999 0.0000000000
993.9499999999 0.0000000000
993.9599999999 0.0000000000
993.9699999999 0.0000000000
993.9799999999 0.0000000000
993.9899999999 0.0000000000
993.9999999999 0.0000000000
994.0099999999 0.0000000000
994.0199999999 0.0000000000
994.0299999999 0.0000000000
994.0399999999 0.0000000000
994.0499999999 0.0000000000
994.0599999999 0.0000000000
994.0699999999 0.0000000000
994.0799999999 0.0000000000
994.0899999999 0.0000000000
994.0999999999 0.0000000000
994.1099999999 0.0000000000
994.1199999999 0.0000000000
994.1299999999 0.0000000000
994.1399999999 0.0000000000
994.1499999999 0.0000000000
994.1599999999 0.0000000000
994.1699999999 0.0000000000
994.1799999999 0.0000000000
994.1899999999 0.0000000000
994.1999999999 0.0000000000
994.2099999999 0.0000000000
994.2199999999 0.0000000000
994.2299999999 0.0000000000
994.2399999999 0.0000000000
994.2499999999 0.0000000000
994.2599999999 0.0000000000
994.2699999999 0.0000000000
994.2799999999 0.0000000000
994.2899999999 0.0000000000
994.2999999999 0.0000000000
994.3099999999 0.0000000000
994.3199999999 0.0000000000
994.3299999999 0.0000000000
994.3399999999 0.0000000000
994.3499999999 0.0000000000
994.3599999999 0.0000000000
994.3699999999 0.0000000000
994.3799999999 0.0000000000
994.3899999999 0.0000000000
994.3999999999 0.0000000000
994.4099999999 0.0000000000
994.4199999999 0.0000000000
994.4299999999 0.0000000000
994.4399999999 0.0000000000
994.4499999999 0.0000000000
994.4599999999 0.0000000000
994.4699999999 0.0000000000
994.4799999999 0.0000000000
994.4899999999 0.0000000000
994.4999999999 0.0000000000
994.5099999999 0.0000000000
994.5199999999 0.0000000000
994.5299999999 0.0000000000
994.5399999999 0.0000000000
994.5499999999 0.0000000000
994.5599999999 0.0000000000
994.5699999999 0.0000000000
994.5799999999 0.0000000000
994.5899999999 0.0000000000
994.5999999999 0.0000000000
994.6099999999 0.0000000000
994.6199999999 0.0000000000
994.6299999999 0.0000000000
994.6399999999 0.0000000000
994.6499999999 0.0000000000
994.6599999999 0.0000000000
994.6699999999 0.0000000000
994.6799999999 0.0000000000
994.6899999999 0.0000000000
994.6999999999 0.0000000000
994.7099999999 0.0000000000
994.7199999999 0.0000000000
994.7299999999 0.0000000000
994.7399999999 0.0000000000
994.7499999999 0.0000000000
994.7599999999 0.0000000000
994.7699999999 0.0000000000
994.7799999999 0.0000000000
994.7899999999 0.0000000000
994.7999999999 0.0000000000
994.8099999999 0.0000000000
994.8199999999 0.0000000000
994.8299999999 0.0000000000
994.8399999999 0.0000000000
994.8499999999 0.0000000000
994.8599999999 0.0000000000
994.8699999999 0.0000000000
994.8799999999 0.0000000000
994.8899999999 0.0000000000
994.8999999999 0.0000000000
994.9099999999 0.0000000000
994.9199999999 0.0000000000
994.9299999999 0.0000000000
994.9399999999 0.0000000000
994.9499999999 0.0000000000
994.9599999999 0.0000000000
994.9699999999 0.0000000000
994.9799999999 0.0000000000
994.9899999999 0.0000000000
994.9999999999 0.0000000000
995.0099999999 0.0000000000
995.0199999999 0.0000000000
995.0299999999 0.0000000000
995.0399999999 0.0000000000
995.0499999999 0.0000000000
995.0599999999 0.0000000000
995.0699999999 0.0000000000
995.0799999999 0.0000000000
995.0899999999 0.0000000000
995.0999999999 0.0000000000
995.1099999999 0.0000000000
995.1199999999 0.0000000000
995.1299999999 0.0000000000
995.1399999999 0.0000000000
995.1499999999 0.0000000000
995.1599999999 0.0000000000
995.1699999999 0.0000000000
995.1799999999 0.0000000000
995.1899999999 0.0000000000
995.1999999999 0.0000000000
995.2099999999 0.0000000000
995.2199999999 0.0000000000
995.2299999999 0.0000000000
995.2399999999 0.0000000000
995.2499999999 0.0000000000
995.2599999999 0.0000000000
995.2699999999 0.0000000000
995.2799999999 0.0000000000
995.2899999999 0.0000000000
995.2999999999 0.0000000000
995.3099999999 0.0000000000
995.3199999999 0.0000000000
995.3299999999 0.0000000000
995.3399999999 0.0000000000
995.3499999999 0.0000000000
995.3599999999 0.0000000000
995.3699999999 0.0000000000
995.3799999999 0.0000000000
995.3899999999 0.0000000000
995.3999999999 0.0000000000
995.4099999999 0.0000000000
995.4199999999 0.0000000000
995.4299999999 0.0000000000
995.4399999999 0.0000000000
995.4499999999 0.0000000000
995.4599999999 0.0000000000
995.4699999999 0.0000000000
995.4799999999 0.0000000000
995.4899999999 0.0000000000
995.4999999999 0.0000000000
995.5099999999 0.0000000000
995.5199999999 0.0000000000
995.5299999999 0.0000000000
995.5399999999 0.0000000000
995.5499999999 0.0000000000
995.5599999999 0.0000000000
995.5699999999 0.0000000000
995.5799999999 0.0000000000
995.5899999999 0.0000000000
995.5999999999 0.0000000000
995.6099999999 0.0000000000
995.6199999999 0.0000000000
995.6299999999 0.0000000000
995.6399999999 0.0000000000
995.6499999999 0.0000000000
995.6599999999 0.0000000000
995.6699999999 0.0000000000
995.6799999999 0.0000000000
995.6899999999 0.0000000000
995.6999999999 0.0000000000
995.7099999999 0.0000000000
995.7199999999 0.0000000000
995.7299999999 0.0000000000
995.7399999999 0.0000000000
995.7499999999 0.0000000000
995.7599999999 0.0000000000
995.7699999999 0.0000000000
995.7799999999 0.0000000000
995.7899999999 0.0000000000
995.7999999999 0.0000000000
995.8099999999 0.0000000000
995.8199999999 0.0000000000
995.8299999999 0.0000000000
995.8399999999 0.0000000000
995.8499999999 0.0000000000
995.8599999999 0.0000000000
995.8699999999 0.0000000000
995.8799999999 0.0000000000
995.8899999999 0.0000000000
995.8999999999 0.0000000000
995.9099999999 0.0000000000
995.9199999999 0.0000000000
995.9299999999 0.0000000000
995.9399999999 0.0000000000
995.9499999999 0.0000000000
995.9599999999 0.0000000000
995.9699999999 0.0000000000
995.9799999999 0.0000000000
995.9899999999 0.0000000000
995.9999999999 0.0000000000
996.0099999999 0.0000000000
996.0199999999 0.0000000000
996.0299999999 0.0000000000
996.0399999999 0.0000000000
996.0499999999 0.0000000000
996.0599999999 0.0000000000
996.0699999999 0.0000000000
996.0799999999 0.0000000000
996.0899999999 0.0000000000
996.0999999999 0.0000000000
996.1099999999 0.0000000000
996.1199999999 0.0000000000
996.1299999999 0.0000000000
996.1399999999 0.0000000000
996.1499999999 0.0000000000
996.1599999999 0.0000000000
996.1699999999 0.0000000000
996.1799999999 0.0000000000
996.1899999999 0.0000000000
996.1999999999 0.0000000000
996.2099999999 0.0000000000
996.2199999999 0.0000000000
996.2299999999 0.0000000000
996.2399999999 0.0000000000
996.2499999999 0.0000000000
996.2599999999 0.0000000000
996.2699999999 0.0000000000
996.2799999999 0.0000000000
996.2899999999 0.0000000000
996.2999999999 0.0000000000
996.3099999999 0.0000000000
996.3199999999 0.0000000000
996.3299999999 0.0000000000
996.3399999999 0.0000000000
996.3499999999 0.0000000000
996.3599999999 0.0000000000
996.3699999999 0.0000000000
996.3799999999 0.0000000000
996.3899999999 0.0000000000
996.3999999999 0.0000000000
996.4099999999 0.0000000000
996.4199999999 0.0000000000
996.4299999999 0.0000000000
996.4399999999 0.0000000000
996.4499999999 0.0000000000
996.4599999999 0.0000000000
996.4699999999 0.0000000000
996.4799999999 0.0000000000
996.4899999999 0.0000000000
996.4999999999 0.0000000000
996.5099999999 0.0000000000
996.5199999999 0.0000000000
996.5299999999 0.0000000000
996.5399999999 0.0000000000
996.5499999999 0.0000000000
996.5599999999 0.0000000000
996.5699999999 0.0000000000
996.5799999999 0.0000000000
996.5899999999 0.0000000000
996.5999999999 0.0000000000
996.6099999999 0.0000000000
996.6199999999 0.0000000000
996.6299999999 0.0000000000
996.6399999999 0.0000000000
996.6499999999 0.0000000000
996.6599999999 0.0000000000
996.6699999999 0.0000000000
996.6799999999 0.0000000000
996.6899999999 0.0000000000
996.6999999999 0.0000000000
996.7099999999 0.0000000000
996.7199999999 0.0000000000
996.7299999999 0.0000000000
996.7399999999 0.0000000000
996.7499999999 0.0000000000
996.7599999999 0.0000000000
996.7699999999 0.0000000000
996.7799999999 0.0000000000
996.7899999999 0.0000000000
996.7999999999 0.0000000000
996.8099999999 0.0000000000
996.8199999999 0.0000000000
996.8299999999 0.0000000000
996.8399999999 0.0000000000
996.8499999999 0.0000000000
996.8599999999 0.0000000000
996.8699999999 0.0000000000
996.8799999999 0.0000000000
996.8899999999 0.0000000000
996.8999999999 0.0000000000
996.9099999999 0.0000000000
996.9199999999 0.0000000000
996.9299999999 0.0000000000
996.9399999999 0.0000000000
996.9499999999 0.0000000000
996.9599999999 0.0000000000
996.9699999999 0.0000000000
996.9799999999 0.0000000000
996.9899999999 0.0000000000
996.9999999999 0.0000000000
997.0099999999 0.0000000000
997.0199999999 0.0000000000
997.0299999999 0.0000000000
997.0399999999 0.0000000000
997.0499999999 0.0000000000
997.0599999999 0.0000000000
997.0699999999 0.0000000000
997.0799999999 0.0000000000
997.0899999999 0.0000000000
997.0999999999 0.0000000000
997.1099999999 0.0000000000
997.1199999999 0.0000000000
997.1299999999 0.0000000000
997.1399999999 0.0000000000
997.1499999999 0.0000000000
997.1599999999 0.0000000000
997.1699999999 0.0000000000
997.1799999999 0.0000000000
997.1899999999 0.0000000000
997.1999999999 0.0000000000
997.2099999999 0.0000000000
997.2199999999 0.0000000000
997.2299999999 0.0000000000
997.2399999999 0.0000000000
997.2499999999 0.0000000000
997.2599999999 0.0000000000
997.2699999999 0.0000000000
997.2799999999 0.0000000000
997.2899999999 0.0000000000
997.2999999999 0.0000000000
997.3099999999 0.0000000000
997.3199999999 0.0000000000
997.3299999999 0.0000000000
997.3399999999 0.0000000000
997.3499999999 0.0000000000
997.3599999999 0.0000000000
997.3699999999 0.0000000000
997.3799999999 0.0000000000
997.3899999999 0.0000000000
997.3999999999 0.0000000000
997.4099999999 0.0000000000
997.4199999999 0.0000000000
997.4299999999 0.0000000000
997.4399999999 0.0000000000
997.4499999999 0.0000000000
997.4599999999 0.0000000000
997.4699999999 0.0000000000
997.4799999999 0.0000000000
997.4899999999 0.0000000000
997.4999999999 0.0000000000
997.5099999999 0.0000000000
997.5199999999 0.0000000000
997.5299999999 0.0000000000
997.5399999999 0.0000000000
997.5499999999 0.0000000000
997.5599999999 0.0000000000
997.5699999999 0.0000000000
997.5799999999 0.0000000000
997.5899999999 0.0000000000
997.5999999999 0.0000000000
997.6099999999 0.0000000000
997.6199999999 0.0000000000
997.6299999999 0.0000000000
997.6399999999 0.0000000000
997.6499999999 0.0000000000
997.6599999999 0.0000000000
997.6699999999 0.0000000000
997.6799999999 0.0000000000
997.6899999999 0.0000000000
997.6999999999 0.0000000000
997.7099999999 0.0000000000
997.7199999999 0.0000000000
997.7299999999 0.0000000000
997.7399999999 0.0000000000
997.7499999999 0.0000000000
997.7599999999 0.0000000000
997.7699999999 0.0000000000
997.7799999999 0.0000000000
997.7899999999 0.0000000000
997.7999999999 0.0000000000
997.8099999999 0.0000000000
997.8199999999 0.0000000000
997.8299999999 0.0000000000
997.8399999999 0.0000000000
997.8499999999 0.0000000000
997.8599999999 0.0000000000
997.8699999999 0.0000000000
997.8799999999 0.0000000000
997.8899999999 0.0000000000
997.8999999999 0.0000000000
997.9099999999 0.0000000000
997.9199999999 0.0000000000
997.9299999999 0.0000000000
997.9399999999 0.0000000000
997.9499999999 0.0000000000
997.9599999999 0.0000000000
997.9699999999 0.0000000000
997.9799999999 0.0000000000
997.9899999999 0.0000000000
997.9999999999 0.0000000000
998.0099999999 0.0000000000
998.0199999999 0.0000000000
998.0299999999 0.0000000000
998.0399999999 0.0000000000
998.0499999999 0.0000000000
998.0599999999 0.0000000000
998.0699999999 0.0000000000
998.0799999999 0.0000000000
998.0899999999 0.0000000000
998.0999999999 0.0000000000
998.1099999999 0.0000000000
998.1199999999 0.0000000000
998.1299999999 0.0000000000
998.1399999999 0.0000000000
998.1499999999 0.0000000000
998.1599999999 0.0000000000
998.1699999999 0.0000000000
998.1799999999 0.0000000000
998.1899999999 0.0000000000
998.1999999999 0.0000000000
998.2099999999 0.0000000000
998.2199999999 0.0000000000
998.2299999999 0.0000000000
998.2399999999 0.0000000000
998.2499999999 0.0000000000
998.2599999999 0.0000000000
998.2699999999 0.0000000000
998.2799999999 0.0000000000
998.2899999999 0.0000000000
998.2999999999 0.0000000000
998.3099999999 0.0000000000
998.3199999999 0.0000000000
998.3299999999 0.0000000000
998.3399999999 0.0000000000
998.3499999999 0.0000000000
998.3599999999 0.0000000000
998.3699999999 0.0000000000
998.3799999999 0.0000000000
998.3899999999 0.0000000000
998.3999999999 0.0000000000
998.4099999999 0.0000000000
998.4199999999 0.0000000000
998.4299999999 0.0000000000
998.4399999999 0.0000000000
998.4499999999 0.0000000000
998.4599999999 0.0000000000
998.4699999999 0.0000000000
998.4799999999 0.0000000000
998.4899999999 0.0000000000
998.4999999999 0.0000000000
998.5099999999 0.0000000000
998.5199999999 0.0000000000
998.5299999999 0.0000000000
998.5399999999 0.0000000000
998.5499999999 0.0000000000
998.5599999999 0.0000000000
998.5699999999 0.0000000000
998.5799999999 0.0000000000
998.5899999999 0.0000000000
998.5999999999 0.0000000000
998.6099999999 0.0000000000
998.6199999999 0.0000000000
998.6299999999 0.0000000000
998.6399999999 0.0000000000
998.6499999999 0.0000000000
998.6599999999 0.0000000000
998.6699999999 0.0000000000
998.6799999999 0.0000000000
998.6899999999 0.0000000000
998.6999999999 0.0000000000
998.7099999999 0.0000000000
998.7199999999 0.0000000000
998.7299999999 0.0000000000
998.7399999999 0.0000000000
998.7499999999 0.0000000000
998.7599999999 0.0000000000
998.7699999999 0.0000000000
998.7799999999 0.0000000000
998.7899999999 0.0000000000
998.7999999999 0.0000000000
998.8099999999 0.0000000000
998.8199999999 0.0000000000
998.8299999999 0.0000000000
998.8399999999 0.0000000000
998.8499999999 0.0000000000
998.8599999999 0.0000000000
998.8699999999 0.0000000000
998.8799999999 0.0000000000
998.8899999999 0.0000000000
998.8999999999 0.0000000000
998.9099999999 0.0000000000
998.9199999999 0.0000000000
998.9299999999 0.0000000000
998.9399999999 0.0000000000
998.9499999999 0.0000000000
998.9599999999 0.0000000000
998.9699999999 0.0000000000
998.9799999999 0.0000000000
998.9899999999 0.0000000000
998.9999999999 0.0000000000
999.0099999999 0.0000000000
999.0199999999 0.0000000000
999.0299999999 0.0000000000
999.0399999999 0.0000000000
999.0499999999 0.0000000000
999.0599999999 0.0000000000
999.0699999999 0.0000000000
999.0799999999 0.0000000000
999.0899999999 0.0000000000
999.0999999999 0.0000000000
999.1099999999 0.0000000000
999.1199999999 0.0000000000
999.1299999999 0.0000000000
999.1399999999 0.0000000000
999.1499999999 0.0000000000
999.1599999999 0.0000000000
999.1699999999 0.0000000000
999.1799999999 0.0000000000
999.1899999999 0.0000000000
999.1999999999 0.0000000000
999.2099999999 0.0000000000
999.2199999999 0.0000000000
999.2299999999 0.0000000000
999.2399999999 0.0000000000
999.2499999999 0.0000000000
999.2599999999 0.0000000000
999.2699999999 0.0000000000
999.2799999999 0.0000000000
999.2899999999 0.0000000000
999.2999999999 0.0000000000
999.3099999999 0.0000000000
999.3199999999 0.0000000000
999.3299999999 0.0000000000
999.3399999999 0.0000000000
999.3499999999 0.0000000000
999.3599999999 0.0000000000
999.3699999999 0.0000000000
999.3799999999 0.0000000000
999.3899999999 0.0000000000
999.3999999999 0.0000000000
999.4099999999 0.0000000000
999.4199999999 0.0000000000
999.4299999999 0.0000000000
999.4399999999 0.0000000000
999.4499999999 0.0000000000
999.4599999999 0.0000000000
999.4699999999 0.0000000000
999.4799999999 0.0000000000
999.4899999999 0.0000000000
999.4999999999 0.0000000000
999.5099999999 0.0000000000
999.5199999999 0.0000000000
999.5299999999 0.0000000000
999.5399999999 0.0000000000
999.5499999999 0.0000000000
999.5599999999 0.0000000000
999.5699999999 0.0000000000
999.5799999999 0.0000000000
999.5899999999 0.0000000000
999.5999999999 0.0000000000
999.6099999999 0.0000000000
999.6199999999 0.0000000000
999.6299999999 0.0000000000
999.6399999999 0.0000000000
999.6499999999 0.0000000000
999.6599999999 0.0000000000
999.6699999999 0.0000000000
999.6799999999 0.0000000000
999.6899999999 0.0000000000
999.6999999999 0.0000000000
999.7099999999 0.0000000000
999.7199999999 0.0000000000
999.7299999999 0.0000000000
999.7399999999 0.0000000000
999.7499999999 0.0000000000
999.7599999999 0.0000000000
999.7699999999 0.0000000000
999.7799999999 0.0000000000
999.7899999999 0.0000000000
999.7999999999 0.0000000000
999.8099999999 0.0000000000
999.8199999999 0.0000000000
999.8299999999 0.0000000000
999.8399999999 0.0000000000
999.8499999999 0.0000000000
999.8599999999 0.0000000000
999.8699999999 0.0000000000
999.8799999999 0.0000000000
999.8899999999 0.0000000000
999.8999999999 0.0000000000
999.9099999999 0.0000000000
999.9199999999 0.0000000000
999.9299999999 0.0000000000
999.9399999999 0.0000000000
999.9499999999 0.0000000000
999.9599999999 0.0000000000
999.9699999999 0.0000000000
999.9799999999 0.0000000000
999.9899999999 0.0000000000
999.9999999999 0.0000000000
