900.0000000000 2.9998000033
900.0100000000 2.9992000532
900.0200000000 2.9982002693
900.0300000000 2.9968008515
900.0400000000 2.9950020791
900.0500000000 2.9928043114
900.0600000000 2.9902079874
900.0700000000 2.9872136256
900.0800000000 2.9838218241
900.0900000000 2.9800332602
900.1000000000 2.9758486908
900.1100000000 2.9712689516
900.1200000000 2.9662949573
900.1300000000 2.9609277014
900.1400000000 2.9551682559
900.1500000000 2.9490177712
900.1600000000 2.9424774757
900.1700000000 2.9355486757
900.1800000000 2.9282327552
900.1900000000 2.9205311753
900.2000000000 2.9124454742
900.2100000000 2.9039772671
900.2200000000 2.8951282451
900.2300000000 2.8859001758
900.2400000000 2.8762949021
900.2500000000 2.8663143426
900.2600000000 2.8559604905
900.2700000000 2.8452354139
900.2800000000 2.8341412548
900.2900000000 2.8226802289
900.3000000000 2.8108546251
900.3100000000 2.7986668054
900.3200000000 2.7861192039
900.3300000000 2.7732143264
900.3400000000 2.7599547504
900.3500000000 2.7463431238
900.3600000000 2.7323821651
900.3700000000 2.7180746625
900.3800000000 2.7034234731
900.3900000000 2.6884315231
900.4000000000 2.6731018063
900.4100000000 2.6574373840
900.4200000000 2.6414413845
900.4300000000 2.6251170021
900.4400000000 2.6084674967
900.4500000000 2.5914961931
900.4600000000 2.5742064803
900.4700000000 2.5566018108
900.4800000000 2.5386857001
900.4900000000 2.5204617256
900.5000000000 2.5019335264
900.5100000000 2.4831048020
900.5200000000 2.4639793121
900.5300000000 2.4445608756
900.5400000000 2.4248533696
900.5500000000 2.4048607291
900.5600000000 2.3845869459
900.5700000000 2.3640360678
900.5800000000 2.3432121979
900.5900000000 2.3221194937
900.6000000000 2.3007621664
900.6100000000 2.2791444800
900.6200000000 2.2572707501
900.6300000000 2.2351453437
900.6400000000 2.2127726777
900.6500000000 2.1901572184
900.6600000000 2.1673034805
900.6700000000 2.1442160261
900.6800000000 2.1208994639
900.6900000000 2.0973584482
900.7000000000 2.0735976781
900.7100000000 2.0496218963
900.7200000000 2.0254358885
900.7300000000 2.0010444821
900.7400000000 1.9764525454
900.7500000000 1.9516649867
900.7600000000 1.9266867532
900.7700000000 1.9015228299
900.7800000000 1.8761782390
900.7900000000 1.8506580382
900.8000000000 1.8249673206
900.8100000000 1.7991112129
900.8200000000 1.7730948747
900.8300000000 1.7469234974
900.8400000000 1.7206023033
900.8500000000 1.6941365443
900.8600000000 1.6675315012
900.8700000000 1.6407924821
900.8800000000 1.6139248220
900.8900000000 1.5869338812
900.9000000000 1.5598250444
900.9100000000 1.5326037198
900.9200000000 1.5052753377
900.9300000000 1.4778453496
900.9400000000 1.4503192272
900.9500000000 1.4227024611
900.9600000000 1.3950005596
900.9700000000 1.3672190480
900.9800000000 1.3393634672
900.9900000000 1.3114393727
901.0000000000 1.2834523332
901.0100000000 1.2554079301
901.0200000000 1.2273117558
901.0300000000 1.1991694126
901.0400000000 1.1709865122
901.0500000000 1.1427686737
901.0600000000 1.1145215231
901.0700000000 1.0862506921
901.0800000000 1.0579618167
901.0900000000 1.0296605361
901.1000000000 1.0013524920
901.1100000000 0.9730433269
901.1200000000 0.9447386833
901.1300000000 0.9164442027
901.1400000000 0.8881655238
901.1500000000 0.8599082824
901.1600000000 0.8316781092
901.1700000000 0.8034806296
901.1800000000 0.7753214618
901.1900000000 0.7472062162
901.2000000000 0.7191404941
901.2100000000 0.6911298865
901.2200000000 0.6631799732
901.2300000000 0.6352963214
901.2400000000 0.6074844846
901.2500000000 0.5797500020
901.2600000000 0.5520983965
901.2700000000 0.5245351745
901.2800000000 0.4970658242
901.2900000000 0.4696958147
901.3000000000 0.4424305949
901.3100000000 0.4152755924
901.3200000000 0.3882362123
901.3300000000 0.3613178364
901.3400000000 0.3345258219
901.3500000000 0.3078655002
901.3600000000 0.2813421762
901.3700000000 0.2549611270
901.3800000000 0.2287276008
901.3900000000 0.2026468160
901.4000000000 0.1767239600
901.4100000000 0.1509641884
901.4200000000 0.1253726236
901.4300000000 0.0999543542
901.4400000000 0.0747144335
901.4500000000 0.0496578790
901.4600000000 0.0247896710
901.4700000000 0.0001147518
901.4800000000 -0.0243619754
901.4900000000 -0.0486356475
901.5000000000 -0.0727014421
901.5100000000 -0.0965545791
901.5200000000 -0.1201903213
901.5300000000 -0.1436039751
901.5400000000 -0.1667908920
901.5500000000 -0.1897464693
901.5600000000 -0.2124661506
901.5700000000 -0.2349454276
901.5800000000 -0.2571798400
901.5900000000 -0.2791649772
901.6000000000 -0.3008964788
901.6100000000 -0.3223700356
901.6200000000 -0.3435813902
901.6300000000 -0.3645263383
901.6400000000 -0.3852007292
901.6500000000 -0.4056004668
901.6600000000 -0.4257215102
901.6700000000 -0.4455598748
901.6800000000 -0.4651116331
901.6900000000 -0.4843729150
901.7000000000 -0.5033399093
901.7100000000 -0.5220088639
901.7200000000 -0.5403760867
901.7300000000 -0.5584379465
901.7400000000 -0.5761908736
901.7500000000 -0.5936313606
901.7600000000 -0.6107559628
901.7700000000 -0.6275612994
901.7800000000 -0.6440440538
901.7900000000 -0.6602009742
901.8000000000 -0.6760288746
901.8100000000 -0.6915246353
901.8200000000 -0.7066852034
901.8300000000 -0.7215075935
901.8400000000 -0.7359888883
901.8500000000 -0.7501262391
901.8600000000 -0.7639168667
901.8700000000 -0.7773580613
901.8800000000 -0.7904471839
901.8900000000 -0.8031816661
901.9000000000 -0.8155590108
901.9100000000 -0.8275767932
901.9200000000 -0.8392326605
901.9300000000 -0.8505243329
901.9400000000 -0.8614496039
901.9500000000 -0.8720063408
901.9600000000 -0.8821924849
901.9700000000 -0.8920060523
901.9800000000 -0.9014451340
901.9900000000 -0.9105078964
902.0000000000 -0.9191925816
902.0100000000 -0.9274975078
902.0200000000 -0.9354210697
902.0300000000 -0.9429617386
902.0400000000 -0.9501180629
902.0500000000 -0.9568886685
902.0600000000 -0.9632722589
902.0700000000 -0.9692676152
902.0800000000 -0.9748735969
902.0900000000 -0.9800891418
902.1000000000 -0.9849132662
902.1100000000 -0.9893450654
902.1200000000 -0.9933837132
902.1300000000 -0.9970284630
902.1400000000 -1.0002786471
902.1500000000 -1.0031336773
902.1600000000 -1.0055930451
902.1700000000 -1.0076563214
902.1800000000 -1.0093231568
902.1900000000 -1.0105932818
902.2000000000 -1.0114665066
902.2100000000 -1.0119427214
902.2200000000 -1.0120218962
902.2300000000 -1.0117040808
902.2400000000 -1.0109894051
902.2500000000 -1.0098780787
902.2600000000 -1.0083703909
902.2700000000 -1.0064667111
902.2800000000 -1.0041674881
902.2900000000 -1.0014732504
902.3000000000 -0.9983846059
902.3100000000 -0.9949022419
902.3200000000 -0.9910269250
902.3300000000 -0.9867595007
902.3400000000 -0.9821008937
902.3500000000 -0.9770521070
902.3600000000 -0.9716142225
902.3700000000 -0.9657884001
902.3800000000 -0.9595758780
902.3900000000 -0.9529779720
902.4000000000 -0.9459960757
902.4100000000 -0.9386316598
902.4200000000 -0.9308862719
902.4300000000 -0.9227615364
902.4400000000 -0.9142591541
902.4500000000 -0.9053809016
902.4600000000 -0.8961286313
902.4700000000 -0.8865042709
902.4800000000 -0.8765098229
902.4900000000 -0.8661473642
902.5000000000 -0.8554190459
902.5100000000 -0.8443270926
902.5200000000 -0.8328738024
902.5300000000 -0.8210615458
902.5400000000 -0.8088927656
902.5500000000 -0.7963699764
902.5600000000 -0.7834957643
902.5700000000 -0.7702727857
902.5800000000 -0.7567037675
902.5900000000 -0.7427915062
902.6000000000 -0.7285388674
902.6100000000 -0.7139487852
902.6200000000 -0.6990242616
902.6300000000 -0.6837683660
902.6400000000 -0.6681842345
902.6500000000 -0.6522750693
902.6600000000 -0.6360441381
902.6700000000 -0.6194947732
902.6800000000 -0.6026303712
902.6900000000 -0.5854543920
902.7000000000 -0.5679703585
902.7100000000 -0.5501818554
902.7200000000 -0.5320925288
902.7300000000 -0.5137060853
902.7400000000 -0.4950262916
902.7500000000 -0.4760569733
902.7600000000 -0.4568020143
902.7700000000 -0.4372653561
902.7800000000 -0.4174509970
902.7900000000 -0.3973629912
902.8000000000 -0.3770054480
902.8100000000 -0.3563825312
902.8200000000 -0.3354984579
902.8300000000 -0.3143574978
902.8400000000 -0.2929639726
902.8500000000 -0.2713222547
902.8600000000 -0.2494367668
902.8700000000 -0.2273119803
902.8800000000 -0.2049524153
902.8900000000 -0.1823626390
902.9000000000 -0.1595472652
902.9100000000 -0.1365109531
902.9200000000 -0.1132584063
902.9300000000 -0.0897943724
902.9400000000 -0.0661236415
902.9500000000 -0.0422510452
902.9600000000 -0.0181814562
902.9700000000 0.0060802132
902.9800000000 0.0305290119
902.9900000000 0.0551599510
903.0000000000 0.0799680048
903.0100000000 0.1049481119
903.0200000000 0.1300951761
903.0300000000 0.1554040673
903.0400000000 0.1808696229
903.0500000000 0.2064866484
903.0600000000 0.2322499189
903.0700000000 0.2581541798
903.0800000000 0.2841941478
903.0900000000 0.3103645124
903.1000000000 0.3366599365
903.1100000000 0.3630750577
903.1200000000 0.3896044894
903.1300000000 0.4162428217
903.1400000000 0.4429846227
903.1500000000 0.4698244393
903.1600000000 0.4967567988
903.1700000000 0.5237762093
903.1800000000 0.5508771615
903.1900000000 0.5780541293
903.2000000000 0.6053015711
903.2100000000 0.6326139310
903.2200000000 0.6599856398
903.2300000000 0.6874111159
903.2400000000 0.7148847671
903.2500000000 0.7424009908
903.2600000000 0.7699541758
903.2700000000 0.7975387034
903.2800000000 0.8251489481
903.2900000000 0.8527792791
903.3000000000 0.8804240612
903.3100000000 0.9080776560
903.3200000000 0.9357344234
903.3300000000 0.9633887220
903.3400000000 0.9910349109
903.3500000000 1.0186673503
903.3600000000 1.0462804032
903.3700000000 1.0738684360
903.3800000000 1.1014258199
903.3900000000 1.1289469320
903.4000000000 1.1564261564
903.4100000000 1.1838578854
903.4200000000 1.2112365205
903.4300000000 1.2385564735
903.4400000000 1.2658121678
903.4500000000 1.2929980394
903.4600000000 1.3201085380
903.4700000000 1.3471381283
903.4800000000 1.3740812907
903.4900000000 1.4009325229
903.5000000000 1.4276863407
903.5100000000 1.4543372791
903.5200000000 1.4808798934
903.5300000000 1.5073087606
903.5400000000 1.5336184801
903.5500000000 1.5598036749
903.5600000000 1.5858589927
903.5700000000 1.6117791071
903.5800000000 1.6375587185
903.5900000000 1.6631925550
903.6000000000 1.6886753740
903.6100000000 1.7140019627
903.6200000000 1.7391671394
903.6300000000 1.7641657545
903.6400000000 1.7889926917
903.6500000000 1.8136428686
903.6600000000 1.8381112381
903.6700000000 1.8623927893
903.6800000000 1.8864825485
903.6900000000 1.9103755802
903.7000000000 1.9340669880
903.7100000000 1.9575519158
903.7200000000 1.9808255486
903.7300000000 2.0038831134
903.7400000000 2.0267198804
903.7500000000 2.0493311637
903.7600000000 2.0717123224
903.7700000000 2.0938587615
903.7800000000 2.1157659328
903.7900000000 2.1374293359
903.8000000000 2.1588445187
903.8100000000 2.1800070790
903.8200000000 2.2009126647
903.8300000000 2.2215569752
903.8400000000 2.2419357619
903.8500000000 2.2620448291
903.8600000000 2.2818800352
903.8700000000 2.3014372929
903.8800000000 2.3207125706
903.8900000000 2.3397018929
903.9000000000 2.3584013416
903.9100000000 2.3768070562
903.9200000000 2.3949152349
903.9300000000 2.4127221353
903.9400000000 2.4302240751
903.9500000000 2.4474174331
903.9600000000 2.4642986494
903.9700000000 2.4808642267
903.9800000000 2.4971107306
903.9900000000 2.5130347904
904.0000000000 2.5286330998
904.0100000000 2.5439024177
904.0200000000 2.5588395686
904.0300000000 2.5734414432
904.0400000000 2.5877049995
904.0500000000 2.6016272628
904.0600000000 2.6152053267
904.0700000000 2.6284363535
904.0800000000 2.6413175749
904.0900000000 2.6538462924
904.1000000000 2.6660198780
904.1100000000 2.6778357746
904.1200000000 2.6892914966
904.1300000000 2.7003846304
904.1400000000 2.7111128347
904.1500000000 2.7214738412
904.1600000000 2.7314654551
904.1700000000 2.7410855552
904.1800000000 2.7503320946
904.1900000000 2.7592031012
904.2000000000 2.7676966778
904.2100000000 2.7758110026
904.2200000000 2.7835443296
904.2300000000 2.7908949890
904.2400000000 2.7978613875
904.2500000000 2.8044420085
904.2600000000 2.8106354126
904.2700000000 2.8164402377
904.2800000000 2.8218551993
904.2900000000 2.8268790911
904.3000000000 2.8315107846
904.3100000000 2.8357492300
904.3200000000 2.8395934558
904.3300000000 2.8430425696
904.3400000000 2.8460957578
904.3500000000 2.8487522859
904.3600000000 2.8510114987
904.3700000000 2.8528728205
904.3800000000 2.8543357552
904.3900000000 2.8553998860
904.4000000000 2.8560648762
904.4100000000 2.8563304686
904.4200000000 2.8561964860
904.4300000000 2.8556628310
904.4400000000 2.8547294860
904.4500000000 2.8533965135
904.4600000000 2.8516640558
904.4700000000 2.8495323349
904.4800000000 2.8470016528
904.4900000000 2.8440723911
904.5000000000 2.8407450113
904.5100000000 2.8370200541
904.5200000000 2.8328981400
904.5300000000 2.8283799688
904.5400000000 2.8234663193
904.5500000000 2.8181580496
904.5600000000 2.8124560966
904.5700000000 2.8063614757
904.5800000000 2.7998752810
904.5900000000 2.7929986848
904.6000000000 2.7857329376
904.6100000000 2.7780793673
904.6200000000 2.7700393797
904.6300000000 2.7616144575
904.6400000000 2.7528061607
904.6500000000 2.7436161257
904.6600000000 2.7340460651
904.6700000000 2.7240977677
904.6800000000 2.7137730977
904.6900000000 2.7030739947
904.7000000000 2.6920024730
904.7100000000 2.6805606213
904.7200000000 2.6687506024
904.7300000000 2.6565746527
904.7400000000 2.6440350817
904.7500000000 2.6311342714
904.7600000000 2.6178746762
904.7700000000 2.6042588222
904.7800000000 2.5902893066
904.7900000000 2.5759687972
904.8000000000 2.5613000322
904.8100000000 2.5462858190
904.8200000000 2.5309290343
904.8300000000 2.5152326232
904.8400000000 2.4991995987
904.8500000000 2.4828330410
904.8600000000 2.4661360968
904.8700000000 2.4491119790
904.8800000000 2.4317639658
904.8900000000 2.4140954000
904.9000000000 2.3961096887
904.9100000000 2.3778103021
904.9200000000 2.3592007731
904.9300000000 2.3402846966
904.9400000000 2.3210657288
904.9500000000 2.3015475862
904.9600000000 2.2817340451
904.9700000000 2.2616289410
904.9800000000 2.2412361673
904.9900000000 2.2205596752
905.0000000000 2.1996034722
905.0100000000 2.1783716218
905.0200000000 2.1568682427
905.0300000000 2.1350975075
905.0400000000 2.1130636424
905.0500000000 2.0907709260
905.0600000000 2.0682236886
905.0700000000 2.0454263113
905.0800000000 2.0223832251
905.0900000000 1.9990989102
905.1000000000 1.9755778946
905.1100000000 1.9518247538
905.1200000000 1.9278441096
905.1300000000 1.9036406290
905.1400000000 1.8792190236
905.1500000000 1.8545840484
905.1600000000 1.8297405011
905.1700000000 1.8046932208
905.1800000000 1.7794470873
905.1900000000 1.7540070202
905.2000000000 1.7283779775
905.2100000000 1.7025649549
905.2200000000 1.6765729849
905.2300000000 1.6504071356
905.2400000000 1.6240725096
905.2500000000 1.5975742433
905.2600000000 1.5709175055
905.2700000000 1.5441074968
905.2800000000 1.5171494479
905.2900000000 1.4900486194
905.3000000000 1.4628103000
905.3100000000 1.4354398058
905.3200000000 1.4079424793
905.3300000000 1.3803236881
905.3400000000 1.3525888238
905.3500000000 1.3247433013
905.3600000000 1.2967925573
905.3700000000 1.2687420494
905.3800000000 1.2405972550
905.3900000000 1.2123636701
905.4000000000 1.1840468085
905.4100000000 1.1556522001
905.4200000000 1.1271853905
905.4300000000 1.0986519394
905.4400000000 1.0700574197
905.4500000000 1.0414074162
905.4600000000 1.0127075247
905.4700000000 0.9839633508
905.4800000000 0.9551805087
905.4900000000 0.9263646201
905.5000000000 0.8975213132
905.5100000000 0.8686562213
905.5200000000 0.8397749821
905.5300000000 0.8108832362
905.5400000000 0.7819866259
905.5500000000 0.7530907945
905.5600000000 0.7242013849
905.5700000000 0.6953240383
905.5800000000 0.6664643935
905.5900000000 0.6376280853
905.6000000000 0.6088207438
905.6100000000 0.5800479930
905.6200000000 0.5513154497
905.6300000000 0.5226287224
905.6400000000 0.4939934103
905.6500000000 0.4654151020
905.6600000000 0.4368993744
905.6700000000 0.4084517919
905.6800000000 0.3800779046
905.6900000000 0.3517832478
905.7000000000 0.3235733409
905.7100000000 0.2954536858
905.7200000000 0.2674297663
905.7300000000 0.2395070465
905.7400000000 0.2116909702
905.7500000000 0.1839869597
905.7600000000 0.1564004144
905.7700000000 0.1289367100
905.7800000000 0.1016011975
905.7900000000 0.0743992017
905.8000000000 0.0473360205
905.8100000000 0.0204169241
905.8200000000 -0.0063528470
905.8300000000 -0.0329680819
905.8400000000 -0.0594236013
905.8500000000 -0.0857142579
905.8600000000 -0.1118349377
905.8700000000 -0.1377805612
905.8800000000 -0.1635460840
905.8900000000 -0.1891264980
905.9000000000 -0.2145168325
905.9100000000 -0.2397121553
905.9200000000 -0.2647075732
905.9300000000 -0.2894982335
905.9400000000 -0.3140793247
905.9500000000 -0.3384460775
905.9600000000 -0.3625937658
905.9700000000 -0.3865177077
905.9800000000 -0.4102132664
905.9900000000 -0.4336758509
906.0000000000 -0.4569009174
906.0100000000 -0.4798839696
906.0200000000 -0.5026205603
906.0300000000 -0.5251062916
906.0400000000 -0.5473368164
906.0500000000 -0.5693078387
906.0600000000 -0.5910151149
906.0700000000 -0.6124544545
906.0800000000 -0.6336217209
906.0900000000 -0.6545128322
906.1000000000 -0.6751237622
906.1100000000 -0.6954505409
906.1200000000 -0.7154892556
906.1300000000 -0.7352360517
906.1400000000 -0.7546871331
906.1500000000 -0.7738387633
906.1600000000 -0.7926872659
906.1700000000 -0.8112290259
906.1800000000 -0.8294604894
906.1900000000 -0.8473781655
906.2000000000 -0.8649786261
906.2100000000 -0.8822585069
906.2200000000 -0.8992145083
906.2300000000 -0.9158433955
906.2400000000 -0.9321419998
906.2500000000 -0.9481072188
906.2600000000 -0.9637360172
906.2700000000 -0.9790254272
906.2800000000 -0.9939725494
906.2900000000 -1.0085745533
906.3000000000 -1.0228286777
906.3100000000 -1.0367322311
906.3200000000 -1.0502825930
906.3300000000 -1.0634772136
906.3400000000 -1.0763136146
906.3500000000 -1.0887893899
906.3600000000 -1.1009022058
906.3700000000 -1.1126498014
906.3800000000 -1.1240299897
906.3900000000 -1.1350406571
906.4000000000 -1.1456797645
906.4100000000 -1.1559453475
906.4200000000 -1.1658355168
906.4300000000 -1.1753484583
906.4400000000 -1.1844824342
906.4500000000 -1.1932357825
906.4600000000 -1.2016069180
906.4700000000 -1.2095943320
906.4800000000 -1.2171965932
906.4900000000 -1.2244123476
906.5000000000 -1.2312403190
906.5100000000 -1.2376793090
906.5200000000 -1.2437281975
906.5300000000 -1.2493859427
906.5400000000 -1.2546515816
906.5500000000 -1.2595242299
906.5600000000 -1.2640030821
906.5700000000 -1.2680874123
906.5800000000 -1.2717765735
906.5900000000 -1.2750699983
906.6000000000 -1.2779671988
906.6100000000 -1.2804677668
906.6200000000 -1.2825713736
906.6300000000 -1.2842777705
906.6400000000 -1.2855867887
906.6500000000 -1.2864983390
906.6600000000 -1.2870124123
906.6700000000 -1.2871290793
906.6800000000 -1.2868484905
906.6900000000 -1.2861708765
906.7000000000 -1.2850965473
906.7100000000 -1.2836258930
906.7200000000 -1.2817593832
906.7300000000 -1.2794975670
906.7400000000 -1.2768410730
906.7500000000 -1.2737906092
906.7600000000 -1.2703469627
906.7700000000 -1.2665109995
906.7800000000 -1.2622836648
906.7900000000 -1.2576659821
906.8000000000 -1.2526590535
906.8100000000 -1.2472640593
906.8200000000 -1.2414822579
906.8300000000 -1.2353149854
906.8400000000 -1.2287636552
906.8500000000 -1.2218297580
906.8600000000 -1.2145148616
906.8700000000 -1.2068206100
906.8800000000 -1.1987487237
906.8900000000 -1.1903009991
906.9000000000 -1.1814793079
906.9100000000 -1.1722855974
906.9200000000 -1.1627218892
906.9300000000 -1.1527902796
906.9400000000 -1.1424929386
906.9500000000 -1.1318321100
906.9600000000 -1.1208101104
906.9700000000 -1.1094293292
906.9800000000 -1.0976922277
906.9900000000 -1.0856013390
907.0000000000 -1.0731592673
907.0100000000 -1.0603686872
907.0200000000 -1.0472323437
907.0300000000 -1.0337530510
907.0400000000 -1.0199336924
907.0500000000 -1.0057772195
907.0600000000 -0.9912866518
907.0700000000 -0.9764650757
907.0800000000 -0.9613156443
907.0900000000 -0.9458415768
907.1000000000 -0.9300461573
907.1100000000 -0.9139327348
907.1200000000 -0.8975047220
907.1300000000 -0.8807655952
907.1400000000 -0.8637188929
907.1500000000 -0.8463682156
907.1600000000 -0.8287172250
907.1700000000 -0.8107696429
907.1800000000 -0.7925292512
907.1900000000 -0.7739998902
907.2000000000 -0.7551854587
907.2100000000 -0.7360899126
907.2200000000 -0.7167172644
907.2300000000 -0.6970715823
907.2400000000 -0.6771569896
907.2500000000 -0.6569776635
907.2600000000 -0.6365378345
907.2700000000 -0.6158417854
907.2800000000 -0.5948938509
907.2900000000 -0.5736984158
907.3000000000 -0.5522599153
907.3100000000 -0.5305828332
907.3200000000 -0.5086717012
907.3300000000 -0.4865310983
907.3400000000 -0.4641656497
907.3500000000 -0.4415800257
907.3600000000 -0.4187789410
907.3700000000 -0.3957671536
907.3800000000 -0.3725494640
907.3900000000 -0.3491307142
907.4000000000 -0.3255157866
907.4100000000 -0.3017096031
907.4200000000 -0.2777171240
907.4300000000 -0.2535433474
907.4400000000 -0.2291933077
907.4500000000 -0.2046720748
907.4600000000 -0.1799847533
907.4700000000 -0.1551364811
907.4800000000 -0.1301324286
907.4900000000 -0.1049777974
907.5000000000 -0.0796778198
907.5100000000 -0.0542377572
907.5200000000 -0.0286628993
907.5300000000 -0.0029585629
907.5400000000 0.0228699089
907.5500000000 0.0488171481
907.5600000000 0.0748777627
907.5700000000 0.1010463376
907.5800000000 0.1273174363
907.5900000000 0.1536856011
907.6000000000 0.1801453551
907.6100000000 0.2066912026
907.6200000000 0.2333176305
907.6300000000 0.2600191096
907.6400000000 0.2867900952
907.6500000000 0.3136250287
907.6600000000 0.3405183385
907.6700000000 0.3674644409
907.6800000000 0.3944577419
907.6900000000 0.4214926374
907.7000000000 0.4485635152
907.7100000000 0.4756647554
907.7200000000 0.5027907321
907.7300000000 0.5299358141
907.7400000000 0.5570943663
907.7500000000 0.5842607508
907.7600000000 0.6114293279
907.7700000000 0.6385944572
907.7800000000 0.6657504990
907.7900000000 0.6928918152
907.8000000000 0.7200127705
907.8100000000 0.7471077336
907.8200000000 0.7741710780
907.8300000000 0.8011971838
907.8400000000 0.8281804379
907.8500000000 0.8551152362
907.8600000000 0.8819959836
907.8700000000 0.9088170961
907.8800000000 0.9355730014
907.8900000000 0.9622581399
907.9000000000 0.9888669664
907.9100000000 1.0153939506
907.9200000000 1.0418335784
907.9300000000 1.0681803533
907.9400000000 1.0944287971
907.9500000000 1.1205734511
907.9600000000 1.1466088776
907.9700000000 1.1725296602
907.9800000000 1.1983304056
907.9900000000 1.2240057444
908.0000000000 1.2495503321
908.0100000000 1.2749588503
908.0200000000 1.3002260078
908.0300000000 1.3253465416
908.0400000000 1.3503152177
908.0500000000 1.3751268328
908.0600000000 1.3997762146
908.0700000000 1.4242582233
908.0800000000 1.4485677526
908.0900000000 1.4726997305
908.1000000000 1.4966491205
908.1100000000 1.5204109226
908.1200000000 1.5439801742
908.1300000000 1.5673519513
908.1400000000 1.5905213690
908.1500000000 1.6134835832
908.1600000000 1.6362337912
908.1700000000 1.6587672322
908.1800000000 1.6810791893
908.1900000000 1.7031649896
908.2000000000 1.7250200052
908.2100000000 1.7466396547
908.2200000000 1.7680194036
908.2300000000 1.7891547652
908.2400000000 1.8100413018
908.2500000000 1.8306746255
908.2600000000 1.8510503990
908.2700000000 1.8711643363
908.2800000000 1.8910122041
908.2900000000 1.9105898220
908.3000000000 1.9298930638
908.3100000000 1.9489178581
908.3200000000 1.9676601892
908.3300000000 1.9861160980
908.3400000000 2.0042816825
908.3500000000 2.0221530990
908.3600000000 2.0397265624
908.3700000000 2.0569983473
908.3800000000 2.0739647887
908.3900000000 2.0906222826
908.4000000000 2.1069672870
908.4100000000 2.1229963220
908.4200000000 2.1387059714
908.4300000000 2.1540928825
908.4400000000 2.1691537675
908.4500000000 2.1838854036
908.4600000000 2.1982846340
908.4700000000 2.2123483682
908.4800000000 2.2260735832
908.4900000000 2.2394573234
908.5000000000 2.2524967018
908.5100000000 2.2651889000
908.5200000000 2.2775311693
908.5300000000 2.2895208311
908.5400000000 2.3011552770
908.5500000000 2.3124319702
908.5600000000 2.3233484449
908.5700000000 2.3339023080
908.5800000000 2.3440912385
908.5900000000 2.3539129887
908.6000000000 2.3633653842
908.6100000000 2.3724463247
908.6200000000 2.3811537842
908.6300000000 2.3894858114
908.6400000000 2.3974405301
908.6500000000 2.4050161397
908.6600000000 2.4122109155
908.6700000000 2.4190232089
908.6800000000 2.4254514481
908.6900000000 2.4314941379
908.7000000000 2.4371498604
908.7100000000 2.4424172752
908.7200000000 2.4472951195
908.7300000000 2.4517822087
908.7400000000 2.4558774361
908.7500000000 2.4595797737
908.7600000000 2.4628882721
908.7700000000 2.4658020606
908.7800000000 2.4683203477
908.7900000000 2.4704424209
908.8000000000 2.4721676471
908.8100000000 2.4734954728
908.8200000000 2.4744254237
908.8300000000 2.4749571054
908.8400000000 2.4750902031
908.8500000000 2.4748244820
908.8600000000 2.4741597869
908.8700000000 2.4730960426
908.8800000000 2.4716332537
908.8900000000 2.4697715048
908.9000000000 2.4675109602
908.9100000000 2.4648518642
908.9200000000 2.4617945409
908.9300000000 2.4583393940
908.9400000000 2.4544869068
908.9500000000 2.4502376423
908.9600000000 2.4455922429
908.9700000000 2.4405514302
908.9800000000 2.4351160050
908.9900000000 2.4292868473
909.0000000000 2.4230649155
909.0100000000 2.4164512471
909.0200000000 2.4094469576
909.0300000000 2.4020532411
909.0400000000 2.3942713694
909.0500000000 2.3861026920
909.0600000000 2.3775486360
909.0700000000 2.3686107054
909.0800000000 2.3592904814
909.0900000000 2.3495896214
909.1000000000 2.3395098592
909.1100000000 2.3290530044
909.1200000000 2.3182209420
909.1300000000 2.3070156323
909.1400000000 2.2954391102
909.1500000000 2.2834934848
909.1600000000 2.2711809393
909.1700000000 2.2585037303
909.1800000000 2.2454641873
909.1900000000 2.2320647124
909.2000000000 2.2183077798
909.2100000000 2.2041959352
909.2200000000 2.1897317954
909.2300000000 2.1749180475
909.2400000000 2.1597574489
909.2500000000 2.1442528263
909.2600000000 2.1284070752
909.2700000000 2.1122231595
909.2800000000 2.0957041106
909.2900000000 2.0788530272
909.3000000000 2.0616730744
909.3100000000 2.0441674831
909.3200000000 2.0263395493
909.3300000000 2.0081926336
909.3400000000 1.9897301605
909.3500000000 1.9709556177
909.3600000000 1.9518725550
909.3700000000 1.9324845845
909.3800000000 1.9127953788
909.3900000000 1.8928086712
909.4000000000 1.8725282543
909.4100000000 1.8519579796
909.4200000000 1.8311017564
909.4300000000 1.8099635516
909.4400000000 1.7885473882
909.4500000000 1.7668573450
909.4600000000 1.7448975554
909.4700000000 1.7226722071
909.4800000000 1.7001855407
909.4900000000 1.6774418491
909.5000000000 1.6544454768
909.5100000000 1.6312008186
909.5200000000 1.6077123192
909.5300000000 1.5839844720
909.5400000000 1.5600218182
909.5500000000 1.5358289462
909.5600000000 1.5114104902
909.5700000000 1.4867711298
909.5800000000 1.4619155884
909.5900000000 1.4368486331
909.6000000000 1.4115750730
909.6100000000 1.3860997585
909.6200000000 1.3604275805
909.6300000000 1.3345634692
909.6400000000 1.3085123932
909.6500000000 1.2822793585
909.6600000000 1.2558694074
909.6700000000 1.2292876177
909.6800000000 1.2025391014
909.6900000000 1.1756290039
909.7000000000 1.1485625031
909.7100000000 1.1213448078
909.7200000000 1.0939811573
909.7300000000 1.0664768198
909.7400000000 1.0388370919
909.7500000000 1.0110672971
909.7600000000 0.9831727849
909.7700000000 0.9551589297
909.7800000000 0.9270311297
909.7900000000 0.8987948059
909.8000000000 0.8704554011
909.8100000000 0.8420183783
909.8200000000 0.8134892203
909.8300000000 0.7848734283
909.8400000000 0.7561765205
909.8500000000 0.7274040315
909.8600000000 0.6985615109
909.8700000000 0.6696545222
909.8800000000 0.6406886418
909.8900000000 0.6116694578
909.9000000000 0.5826025689
909.9100000000 0.5534935832
909.9200000000 0.5243481172
909.9300000000 0.4951717947
909.9400000000 0.4659702455
909.9500000000 0.4367491044
909.9600000000 0.4075140100
909.9700000000 0.3782706037
909.9800000000 0.3490245283
909.9900000000 0.3197814273
910.0000000000 0.2905469433
910.0100000000 0.2613267172
910.0200000000 0.2321263869
910.0300000000 0.2029515863
910.0400000000 0.1738079439
910.0500000000 0.1447010821
910.0600000000 0.1156366157
910.0700000000 0.0866201510
910.0800000000 0.0576572844
910.0900000000 0.0287536018
910.1000000000 -0.0000853231
910.1100000000 -0.0288539296
910.1200000000 -0.0575466713
910.1300000000 -0.0861580169
910.1400000000 -0.1146824516
910.1500000000 -0.1431144781
910.1600000000 -0.1714486178
910.1700000000 -0.1996794115
910.1800000000 -0.2278014213
910.1900000000 -0.2558092307
910.2000000000 -0.2836974465
910.2100000000 -0.3114606995
910.2200000000 -0.3390936455
910.2300000000 -0.3665909666
910.2400000000 -0.3939473722
910.2500000000 -0.4211576001
910.2600000000 -0.4482164172
910.2700000000 -0.4751186213
910.2800000000 -0.5018590411
910.2900000000 -0.5284325384
910.3000000000 -0.5548340081
910.3100000000 -0.5810583799
910.3200000000 -0.6071006190
910.3300000000 -0.6329557273
910.3400000000 -0.6586187442
910.3500000000 -0.6840847477
910.3600000000 -0.7093488554
910.3700000000 -0.7344062254
910.3800000000 -0.7592520575
910.3900000000 -0.7838815936
910.4000000000 -0.8082901196
910.4100000000 -0.8324729653
910.4200000000 -0.8564255061
910.4300000000 -0.8801431636
910.4400000000 -0.9036214064
910.4500000000 -0.9268557514
910.4600000000 -0.9498417643
910.4700000000 -0.9725750609
910.4800000000 -0.9950513074
910.4900000000 -1.0172662219
910.5000000000 -1.0392155749
910.5100000000 -1.0608951901
910.5200000000 -1.0823009455
910.5300000000 -1.1034287739
910.5400000000 -1.1242746641
910.5500000000 -1.1448346614
910.5600000000 -1.1651048684
910.5700000000 -1.1850814461
910.5800000000 -1.2047606143
910.5900000000 -1.2241386524
910.6000000000 -1.2432119004
910.6100000000 -1.2619767595
910.6200000000 -1.2804296926
910.6300000000 -1.2985672254
910.6400000000 -1.3163859469
910.6500000000 -1.3338825099
910.6600000000 -1.3510536321
910.6700000000 -1.3678960963
910.6800000000 -1.3844067515
910.6900000000 -1.4005825130
910.7000000000 -1.4164203636
910.7100000000 -1.4319173537
910.7200000000 -1.4470706022
910.7300000000 -1.4618772969
910.7400000000 -1.4763346953
910.7500000000 -1.4904401250
910.7600000000 -1.5041909840
910.7700000000 -1.5175847416
910.7800000000 -1.5306189388
910.7900000000 -1.5432911887
910.8000000000 -1.5555991771
910.8100000000 -1.5675406627
910.8200000000 -1.5791134780
910.8300000000 -1.5903155293
910.8400000000 -1.6011447974
910.8500000000 -1.6115993378
910.8600000000 -1.6216772813
910.8700000000 -1.6313768342
910.8800000000 -1.6406962786
910.8900000000 -1.6496339732
910.9000000000 -1.6581883531
910.9100000000 -1.6663579302
910.9200000000 -1.6741412937
910.9300000000 -1.6815371105
910.9400000000 -1.6885441249
910.9500000000 -1.6951611595
910.9600000000 -1.7013871149
910.9700000000 -1.7072209704
910.9800000000 -1.7126617838
910.9900000000 -1.7177086919
911.0000000000 -1.7223609105
911.0100000000 -1.7266177343
911.0200000000 -1.7304785378
911.0300000000 -1.7339427747
911.0400000000 -1.7370099783
911.0500000000 -1.7396797614
911.0600000000 -1.7419518168
911.0700000000 -1.7438259170
911.0800000000 -1.7453019142
911.0900000000 -1.7463797407
911.1000000000 -1.7470594085
911.1100000000 -1.7473410096
911.1200000000 -1.7472247158
911.1300000000 -1.7467107787
911.1400000000 -1.7457995298
911.1500000000 -1.7444913801
911.1600000000 -1.7427868204
911.1700000000 -1.7406864210
911.1800000000 -1.7381908315
911.1900000000 -1.7353007810
911.2000000000 -1.7320170775
911.2100000000 -1.7283406081
911.2200000000 -1.7242723388
911.2300000000 -1.7198133138
911.2400000000 -1.7149646562
911.2500000000 -1.7097275670
911.2600000000 -1.7041033250
911.2700000000 -1.6980932870
911.2800000000 -1.6916988869
911.2900000000 -1.6849216359
911.3000000000 -1.6777631218
911.3100000000 -1.6702250092
911.3200000000 -1.6623090385
911.3300000000 -1.6540170261
911.3400000000 -1.6453508639
911.3500000000 -1.6363125186
911.3600000000 -1.6269040319
911.3700000000 -1.6171275195
911.3800000000 -1.6069851709
911.3900000000 -1.5964792492
911.4000000000 -1.5856120903
911.4100000000 -1.5743861027
911.4200000000 -1.5628037666
911.4300000000 -1.5508676339
911.4400000000 -1.5385803275
911.4500000000 -1.5259445407
911.4600000000 -1.5129630366
911.4700000000 -1.4996386478
911.4800000000 -1.4859742756
911.4900000000 -1.4719728896
911.5000000000 -1.4576375269
911.5100000000 -1.4429712915
911.5200000000 -1.4279773541
911.5300000000 -1.4126589508
911.5400000000 -1.3970193830
911.5500000000 -1.3810620164
911.5600000000 -1.3647902806
911.5700000000 -1.3482076681
911.5800000000 -1.3313177339
911.5900000000 -1.3141240945
911.6000000000 -1.2966304275
911.6100000000 -1.2788404705
911.6200000000 -1.2607580208
911.6300000000 -1.2423869340
911.6400000000 -1.2237311239
911.6500000000 -1.2047945613
911.6600000000 -1.1855812735
911.6700000000 -1.1660953429
911.6800000000 -1.1463409071
911.6900000000 -1.1263221571
911.7000000000 -1.1060433373
911.7100000000 -1.0855087440
911.7200000000 -1.0647227250
911.7300000000 -1.0436896784
911.7400000000 -1.0224140519
911.7500000000 -1.0009003419
911.7600000000 -0.9791530926
911.7700000000 -0.9571768949
911.7800000000 -0.9349763857
911.7900000000 -0.9125562470
911.8000000000 -0.8899212047
911.8100000000 -0.8670760279
911.8200000000 -0.8440255278
911.8300000000 -0.8207745569
911.8400000000 -0.7973280078
911.8500000000 -0.7736908124
911.8600000000 -0.7498679409
911.8700000000 -0.7258644005
911.8800000000 -0.7016852350
911.8900000000 -0.6773355231
911.9000000000 -0.6528203781
911.9100000000 -0.6281449460
911.9200000000 -0.6033144054
911.9300000000 -0.5783339657
911.9400000000 -0.5532088667
911.9500000000 -0.5279443768
911.9600000000 -0.5025457928
911.9700000000 -0.4770184381
911.9800000000 -0.4513676621
911.9900000000 -0.4255988388
912.0000000000 -0.3997173661
912.0100000000 -0.3737286643
912.0200000000 -0.3476381754
912.0300000000 -0.3214513617
912.0400000000 -0.2951737048
912.0500000000 -0.2688107046
912.0600000000 -0.2423678782
912.0700000000 -0.2158507586
912.0800000000 -0.1892648937
912.0900000000 -0.1626158452
912.1000000000 -0.1359091877
912.1100000000 -0.1091505070
912.1200000000 -0.0823453996
912.1300000000 -0.0554994713
912.1400000000 -0.0286183359
912.1500000000 -0.0017076146
912.1600000000 0.0252270657
912.1700000000 0.0521800733
912.1800000000 0.0791457727
912.1900000000 0.1061185258
912.2000000000 0.1330926933
912.2100000000 0.1600626354
912.2200000000 0.1870227131
912.2300000000 0.2139672897
912.2400000000 0.2408907312
912.2500000000 0.2677874081
912.2600000000 0.2946516961
912.2700000000 0.3214779775
912.2800000000 0.3482606421
912.2900000000 0.3749940885
912.3000000000 0.4016727253
912.3100000000 0.4282909718
912.3200000000 0.4548432596
912.3300000000 0.4813240334
912.3400000000 0.5077277524
912.3500000000 0.5340488911
912.3600000000 0.5602819406
912.3700000000 0.5864214097
912.3800000000 0.6124618259
912.3900000000 0.6383977366
912.4000000000 0.6642237100
912.4100000000 0.6899343366
912.4200000000 0.7155242298
912.4300000000 0.7409880273
912.4400000000 0.7663203922
912.4500000000 0.7915160137
912.4600000000 0.8165696086
912.4700000000 0.8414759220
912.4800000000 0.8662297288
912.4900000000 0.8908258343
912.5000000000 0.9152590754
912.5100000000 0.9395243217
912.5200000000 0.9636164766
912.5300000000 0.9875304779
912.5400000000 1.0112612994
912.5500000000 1.0348039516
912.5600000000 1.0581534826
912.5700000000 1.0813049793
912.5800000000 1.1042535683
912.5900000000 1.1269944170
912.6000000000 1.1495227342
912.6100000000 1.1718337716
912.6200000000 1.1939228243
912.6300000000 1.2157852318
912.6400000000 1.2374163794
912.6500000000 1.2588116985
912.6600000000 1.2799666678
912.6700000000 1.3008768143
912.6800000000 1.3215377140
912.6900000000 1.3419449931
912.7000000000 1.3620943282
912.7100000000 1.3819814482
912.7200000000 1.4016021341
912.7300000000 1.4209522207
912.7400000000 1.4400275967
912.7500000000 1.4588242061
912.7600000000 1.4773380489
912.7700000000 1.4955651816
912.7800000000 1.5135017183
912.7900000000 1.5311438314
912.8000000000 1.5484877522
912.8100000000 1.5655297719
912.8200000000 1.5822662423
912.8300000000 1.5986935764
912.8400000000 1.6148082491
912.8500000000 1.6306067983
912.8600000000 1.6460858249
912.8700000000 1.6612419942
912.8800000000 1.6760720361
912.8900000000 1.6905727459
912.9000000000 1.7047409850
912.9100000000 1.7185736815
912.9200000000 1.7320678306
912.9300000000 1.7452204956
912.9400000000 1.7580288082
912.9500000000 1.7704899691
912.9600000000 1.7826012489
912.9700000000 1.7943599880
912.9800000000 1.8057635977
912.9900000000 1.8168095604
913.0000000000 1.8274954304
913.0100000000 1.8378188341
913.0200000000 1.8477774707
913.0300000000 1.8573691123
913.0400000000 1.8665916048
913.0500000000 1.8754428682
913.0600000000 1.8839208968
913.0700000000 1.8920237598
913.0800000000 1.8997496016
913.0900000000 1.9070966424
913.1000000000 1.9140631781
913.1100000000 1.9206475811
913.1200000000 1.9268483003
913.1300000000 1.9326638617
913.1400000000 1.9380928685
913.1500000000 1.9431340014
913.1600000000 1.9477860188
913.1700000000 1.9520477573
913.1800000000 1.9559181317
913.1900000000 1.9593961353
913.2000000000 1.9624808401
913.2100000000 1.9651713970
913.2200000000 1.9674670358
913.2300000000 1.9693670658
913.2400000000 1.9708708754
913.2500000000 1.9719779326
913.2600000000 1.9726877848
913.2700000000 1.9730000592
913.2800000000 1.9729144628
913.2900000000 1.9724307823
913.3000000000 1.9715488843
913.3100000000 1.9702687151
913.3200000000 1.9685903012
913.3300000000 1.9665137487
913.3400000000 1.9640392436
913.3500000000 1.9611670518
913.3600000000 1.9578975190
913.3700000000 1.9542310705
913.3800000000 1.9501682112
913.3900000000 1.9457095255
913.4000000000 1.9408556774
913.4100000000 1.9356074098
913.4200000000 1.9299655451
913.4300000000 1.9239309844
913.4400000000 1.9175047076
913.4500000000 1.9106877732
913.4600000000 1.9034813181
913.4700000000 1.8958865572
913.4800000000 1.8879047835
913.4900000000 1.8795373674
913.5000000000 1.8707857569
913.5100000000 1.8616514767
913.5200000000 1.8521361287
913.5300000000 1.8422413910
913.5400000000 1.8319690177
913.5500000000 1.8213208389
913.5600000000 1.8102987598
913.5700000000 1.7989047610
913.5800000000 1.7871408973
913.5900000000 1.7750092979
913.6000000000 1.7625121658
913.6100000000 1.7496517772
913.6200000000 1.7364304812
913.6300000000 1.7228506993
913.6400000000 1.7089149251
913.6500000000 1.6946257233
913.6600000000 1.6799857297
913.6700000000 1.6649976505
913.6800000000 1.6496642616
913.6900000000 1.6339884082
913.7000000000 1.6179730043
913.7100000000 1.6016210319
913.7200000000 1.5849355407
913.7300000000 1.5679196470
913.7400000000 1.5505765338
913.7500000000 1.5329094493
913.7600000000 1.5149217071
913.7700000000 1.4966166849
913.7800000000 1.4779978242
913.7900000000 1.4590686292
913.8000000000 1.4398326667
913.8100000000 1.4202935648
913.8200000000 1.4004550126
913.8300000000 1.3803207592
913.8400000000 1.3598946129
913.8500000000 1.3391804409
913.8600000000 1.3181821680
913.8700000000 1.2969037758
913.8800000000 1.2753493026
913.8900000000 1.2535228416
913.9000000000 1.2314285408
913.9100000000 1.2090706021
913.9200000000 1.1864532800
913.9300000000 1.1635808813
913.9400000000 1.1404577639
913.9500000000 1.1170883360
913.9600000000 1.0934770552
913.9700000000 1.0696284277
913.9800000000 1.0455470073
913.9900000000 1.0212373947
914.0000000000 0.9967042361
914.0100000000 0.9719522227
914.0200000000 0.9469860898
914.0300000000 0.9218106154
914.0400000000 0.8964306197
914.0500000000 0.8708509639
914.0600000000 0.8450765493
914.0700000000 0.8191123164
914.0800000000 0.7929632435
914.0900000000 0.7666343464
914.1000000000 0.7401306767
914.1100000000 0.7134573214
914.1200000000 0.6866194012
914.1300000000 0.6596220701
914.1400000000 0.6324705142
914.1500000000 0.6051699503
914.1600000000 0.5777256253
914.1700000000 0.5501428149
914.1800000000 0.5224268228
914.1900000000 0.4945829793
914.2000000000 0.4666166403
914.2100000000 0.4385331865
914.2200000000 0.4103380221
914.2300000000 0.3820365737
914.2400000000 0.3536342894
914.2500000000 0.3251366373
914.2600000000 0.2965491049
914.2700000000 0.2678771979
914.2800000000 0.2391264385
914.2900000000 0.2103023654
914.3000000000 0.1814105314
914.3100000000 0.1524565036
914.3200000000 0.1234458611
914.3300000000 0.0943841947
914.3400000000 0.0652771053
914.3500000000 0.0361302032
914.3600000000 0.0069491067
914.3700000000 -0.0222605593
914.3800000000 -0.0514931637
914.3900000000 -0.0807430710
914.4000000000 -0.1100046420
914.4100000000 -0.1392722352
914.4200000000 -0.1685402079
914.4300000000 -0.1978029170
914.4400000000 -0.2270547207
914.4500000000 -0.2562899791
914.4600000000 -0.2855030556
914.4700000000 -0.3146883182
914.4800000000 -0.3438401400
914.4900000000 -0.3729529011
914.5000000000 -0.4020209892
914.5100000000 -0.4310388010
914.5200000000 -0.4600007430
914.5300000000 -0.4889012331
914.5400000000 -0.5177347013
914.5500000000 -0.5464955909
914.5600000000 -0.5751783599
914.5700000000 -0.6037774817
914.5800000000 -0.6322874465
914.5900000000 -0.6607027623
914.6000000000 -0.6890179561
914.6100000000 -0.7172275746
914.6200000000 -0.7453261859
914.6300000000 -0.7733083802
914.6400000000 -0.8011687710
914.6500000000 -0.8289019960
914.6600000000 -0.8565027185
914.6700000000 -0.8839656283
914.6800000000 -0.9112854425
914.6900000000 -0.9384569072
914.7000000000 -0.9654747978
914.7100000000 -0.9923339208
914.7200000000 -1.0190291141
914.7300000000 -1.0455552486
914.7400000000 -1.0719072290
914.7500000000 -1.0980799948
914.7600000000 -1.1240685214
914.7700000000 -1.1498678210
914.7800000000 -1.1754729438
914.7900000000 -1.2008789787
914.8000000000 -1.2260810544
914.8100000000 -1.2510743408
914.8200000000 -1.2758540490
914.8300000000 -1.3004154334
914.8400000000 -1.3247537917
914.8500000000 -1.3488644664
914.8600000000 -1.3727428457
914.8700000000 -1.3963843641
914.8800000000 -1.4197845035
914.8900000000 -1.4429387943
914.9000000000 -1.4658428159
914.9100000000 -1.4884921979
914.9200000000 -1.5108826211
914.9300000000 -1.5330098177
914.9400000000 -1.5548695728
914.9500000000 -1.5764577252
914.9600000000 -1.5977701680
914.9700000000 -1.6188028492
914.9800000000 -1.6395517732
914.9900000000 -1.6600130010
915.0000000000 -1.6801826513
915.0100000000 -1.7000569011
915.0200000000 -1.7196319866
915.0300000000 -1.7389042039
915.0400000000 -1.7578699096
915.0500000000 -1.7765255220
915.0600000000 -1.7948675211
915.0700000000 -1.8128924500
915.0800000000 -1.8305969151
915.0900000000 -1.8479775871
915.1000000000 -1.8650312013
915.1100000000 -1.8817545589
915.1200000000 -1.8981445268
915.1300000000 -1.9141980389
915.1400000000 -1.9299120964
915.1500000000 -1.9452837685
915.1600000000 -1.9603101929
915.1700000000 -1.9749885766
915.1800000000 -1.9893161962
915.1900000000 -2.0032903983
915.2000000000 -2.0169086007
915.2100000000 -2.0301682922
915.2200000000 -2.0430670334
915.2300000000 -2.0556024574
915.2400000000 -2.0677722698
915.2500000000 -2.0795742495
915.2600000000 -2.0910062492
915.2700000000 -2.1020661954
915.2800000000 -2.1127520894
915.2900000000 -2.1230620072
915.3000000000 -2.1329941002
915.3100000000 -2.1425465955
915.3200000000 -2.1517177960
915.3300000000 -2.1605060812
915.3400000000 -2.1689099072
915.3500000000 -2.1769278070
915.3600000000 -2.1845583910
915.3700000000 -2.1918003471
915.3800000000 -2.1986524410
915.3900000000 -2.2051135166
915.4000000000 -2.2111824960
915.4100000000 -2.2168583799
915.4200000000 -2.2221402474
915.4300000000 -2.2270272571
915.4400000000 -2.2315186461
915.4500000000 -2.2356137310
915.4600000000 -2.2393119078
915.4700000000 -2.2426126518
915.4800000000 -2.2455155181
915.4900000000 -2.2480201412
915.5000000000 -2.2501262356
915.5100000000 -2.2518335956
915.5200000000 -2.2531420951
915.5300000000 -2.2540516882
915.5400000000 -2.2545624085
915.5500000000 -2.2546743699
915.5600000000 -2.2543877659
915.5700000000 -2.2537028697
915.5800000000 -2.2526200346
915.5900000000 -2.2511396932
915.6000000000 -2.2492623580
915.6100000000 -2.2469886209
915.6200000000 -2.2443191531
915.6300000000 -2.2412547051
915.6400000000 -2.2377961065
915.6500000000 -2.2339442658
915.6600000000 -2.2297001703
915.6700000000 -2.2250648857
915.6800000000 -2.2200395562
915.6900000000 -2.2146254040
915.7000000000 -2.2088237291
915.7100000000 -2.2026359093
915.7200000000 -2.1960633995
915.7300000000 -2.1891077317
915.7400000000 -2.1817705146
915.7500000000 -2.1740534334
915.7600000000 -2.1659582491
915.7700000000 -2.1574867988
915.7800000000 -2.1486409945
915.7900000000 -2.1394228235
915.8000000000 -2.1298343474
915.8100000000 -2.1198777020
915.8200000000 -2.1095550970
915.8300000000 -2.0988688151
915.8400000000 -2.0878212120
915.8500000000 -2.0764147156
915.8600000000 -2.0646518256
915.8700000000 -2.0525351133
915.8800000000 -2.0400672207
915.8900000000 -2.0272508599
915.9000000000 -2.0140888131
915.9100000000 -2.0005839314
915.9200000000 -1.9867391347
915.9300000000 -1.9725574110
915.9400000000 -1.9580418154
915.9500000000 -1.9431954703
915.9600000000 -1.9280215639
915.9700000000 -1.9125233501
915.9800000000 -1.8967041479
915.9900000000 -1.8805673403
916.0000000000 -1.8641163739
916.0100000000 -1.8473547582
916.0200000000 -1.8302860649
916.0300000000 -1.8129139272
916.0400000000 -1.7952420388
916.0500000000 -1.7772741537
916.0600000000 -1.7590140849
916.0700000000 -1.7404657040
916.0800000000 -1.7216329401
916.0900000000 -1.7025197794
916.1000000000 -1.6831302641
916.1100000000 -1.6634684917
916.1200000000 -1.6435386142
916.1300000000 -1.6233448373
916.1400000000 -1.6028914193
916.1500000000 -1.5821826705
916.1600000000 -1.5612229525
916.1700000000 -1.5400166768
916.1800000000 -1.5185683043
916.1900000000 -1.4968823444
916.2000000000 -1.4749633540
916.2100000000 -1.4528159365
916.2200000000 -1.4304447410
916.2300000000 -1.4078544615
916.2400000000 -1.3850498357
916.2500000000 -1.3620356440
916.2600000000 -1.3388167090
916.2700000000 -1.3153978939
916.2800000000 -1.2917841021
916.2900000000 -1.2679802760
916.3000000000 -1.2439913956
916.3100000000 -1.2198224784
916.3200000000 -1.1954785774
916.3300000000 -1.1709647809
916.3400000000 -1.1462862110
916.3500000000 -1.1214480226
916.3600000000 -1.0964554027
916.3700000000 -1.0713135690
916.3800000000 -1.0460277690
916.3900000000 -1.0206032790
916.4000000000 -0.9950454029
916.4100000000 -0.9693594713
916.4200000000 -0.9435508402
916.4300000000 -0.9176248903
916.4400000000 -0.8915870254
916.4500000000 -0.8654426719
916.4600000000 -0.8391972772
916.4700000000 -0.8128563091
916.4800000000 -0.7864252540
916.4900000000 -0.7599096167
916.5000000000 -0.7333149185
916.5100000000 -0.7066466965
916.5200000000 -0.6799105026
916.5300000000 -0.6531119018
916.5400000000 -0.6262564720
916.5500000000 -0.5993498018
916.5600000000 -0.5723974905
916.5700000000 -0.5454051459
916.5800000000 -0.5183783840
916.5900000000 -0.4913228276
916.6000000000 -0.4642441050
916.6100000000 -0.4371478489
916.6200000000 -0.4100396957
916.6300000000 -0.3829252838
916.6400000000 -0.3558102528
916.6500000000 -0.3287002423
916.6600000000 -0.3016008908
916.6700000000 -0.2745178344
916.6800000000 -0.2474567059
916.6900000000 -0.2204231335
916.7000000000 -0.1934227398
916.7100000000 -0.1664611406
916.7200000000 -0.1395439437
916.7300000000 -0.1126767480
916.7400000000 -0.0858651421
916.7500000000 -0.0591147034
916.7600000000 -0.0324309969
916.7700000000 -0.0058195741
916.7800000000 0.0207140283
916.7900000000 0.0471642891
916.8000000000 0.0735257041
916.8100000000 0.0997927871
916.8200000000 0.1259600708
916.8300000000 0.1520221082
916.8400000000 0.1779734734
916.8500000000 0.2038087628
916.8600000000 0.2295225966
916.8700000000 0.2551096189
916.8800000000 0.2805644999
916.8900000000 0.3058819361
916.9000000000 0.3310566519
916.9100000000 0.3560834003
916.9200000000 0.3809569642
916.9300000000 0.4056721573
916.9400000000 0.4302238253
916.9500000000 0.4546068468
916.9600000000 0.4788161343
916.9700000000 0.5028466352
916.9800000000 0.5266933332
916.9900000000 0.5503512486
917.0000000000 0.5738154400
917.0100000000 0.5970810048
917.0200000000 0.6201430806
917.0300000000 0.6429968456
917.0400000000 0.6656375203
917.0500000000 0.6880603677
917.0600000000 0.7102606950
917.0700000000 0.7322338538
917.0800000000 0.7539752416
917.0900000000 0.7754803025
917.1000000000 0.7967445281
917.1100000000 0.8177634584
917.1200000000 0.8385326829
917.1300000000 0.8590478411
917.1400000000 0.8793046237
917.1500000000 0.8992987733
917.1600000000 0.9190260854
917.1700000000 0.9384824090
917.1800000000 0.9576636478
917.1900000000 0.9765657607
917.2000000000 0.9951847625
917.2100000000 1.0135167253
917.2200000000 1.0315577786
917.2300000000 1.0493041106
917.2400000000 1.0667519686
917.2500000000 1.0838976599
917.2600000000 1.1007375526
917.2700000000 1.1172680762
917.2800000000 1.1334857225
917.2900000000 1.1493870460
917.3000000000 1.1649686649
917.3100000000 1.1802272618
917.3200000000 1.1951595838
917.3300000000 1.2097624440
917.3400000000 1.2240327215
917.3500000000 1.2379673622
917.3600000000 1.2515633797
917.3700000000 1.2648178553
917.3800000000 1.2777279391
917.3900000000 1.2902908506
917.4000000000 1.3025038788
917.4100000000 1.3143643830
917.4200000000 1.3258697935
917.4300000000 1.3370176119
917.4400000000 1.3478054116
917.4500000000 1.3582308384
917.4600000000 1.3682916109
917.4700000000 1.3779855209
917.4800000000 1.3873104340
917.4900000000 1.3962642900
917.5000000000 1.4048451030
917.5100000000 1.4130509624
917.5200000000 1.4208800326
917.5300000000 1.4283305540
917.5400000000 1.4354008429
917.5500000000 1.4420892921
917.5600000000 1.4483943708
917.5700000000 1.4543146257
917.5800000000 1.4598486805
917.5900000000 1.4649952367
917.6000000000 1.4697530733
917.6100000000 1.4741210478
917.6200000000 1.4780980959
917.6300000000 1.4816832317
917.6400000000 1.4848755481
917.6500000000 1.4876742172
917.6600000000 1.4900784897
917.6700000000 1.4920876960
917.6800000000 1.4937012456
917.6900000000 1.4949186276
917.7000000000 1.4957394105
917.7100000000 1.4961632429
917.7200000000 1.4961898526
917.7300000000 1.4958190478
917.7400000000 1.4950507161
917.7500000000 1.4938848251
917.7600000000 1.4923214223
917.7700000000 1.4903606351
917.7800000000 1.4880026707
917.7900000000 1.4852478161
917.8000000000 1.4820964381
917.8100000000 1.4785489829
917.8200000000 1.4746059768
917.8300000000 1.4702680250
917.8400000000 1.4655358125
917.8500000000 1.4604101032
917.8600000000 1.4548917403
917.8700000000 1.4489816458
917.8800000000 1.4426808203
917.8900000000 1.4359903432
917.9000000000 1.4289113718
917.9100000000 1.4214451419
917.9200000000 1.4135929667
917.9300000000 1.4053562371
917.9400000000 1.3967364215
917.9500000000 1.3877350650
917.9600000000 1.3783537895
917.9700000000 1.3685942931
917.9800000000 1.3584583500
917.9900000000 1.3479478102
918.0000000000 1.3370645987
918.0100000000 1.3258107156
918.0200000000 1.3141882353
918.0300000000 1.3021993066
918.0400000000 1.2898461515
918.0500000000 1.2771310655
918.0600000000 1.2640564169
918.0700000000 1.2506246460
918.0800000000 1.2368382651
918.0900000000 1.2226998575
918.1000000000 1.2082120777
918.1100000000 1.1933776500
918.1200000000 1.1781993686
918.1300000000 1.1626800967
918.1400000000 1.1468227661
918.1500000000 1.1306303766
918.1600000000 1.1141059953
918.1700000000 1.0972527560
918.1800000000 1.0800738587
918.1900000000 1.0625725689
918.2000000000 1.0447522166
918.2100000000 1.0266161965
918.2200000000 1.0081679662
918.2300000000 0.9894110464
918.2400000000 0.9703490199
918.2500000000 0.9509855307
918.2600000000 0.9313242834
918.2700000000 0.9113690426
918.2800000000 0.8911236320
918.2900000000 0.8705919336
918.3000000000 0.8497778870
918.3100000000 0.8286854885
918.3200000000 0.8073187907
918.3300000000 0.7856819010
918.3400000000 0.7637789814
918.3500000000 0.7416142472
918.3600000000 0.7191919666
918.3700000000 0.6965164595
918.3800000000 0.6735920968
918.3900000000 0.6504232994
918.4000000000 0.6270145374
918.4100000000 0.6033703293
918.4200000000 0.5794952410
918.4300000000 0.5553938846
918.4400000000 0.5310709180
918.4500000000 0.5065310437
918.4600000000 0.4817790078
918.4700000000 0.4568195991
918.4800000000 0.4316576482
918.4900000000 0.4062980266
918.5000000000 0.3807456454
918.5100000000 0.3550054547
918.5200000000 0.3290824424
918.5300000000 0.3029816331
918.5400000000 0.2767080875
918.5500000000 0.2502669009
918.5600000000 0.2236632024
918.5700000000 0.1969021540
918.5800000000 0.1699889493
918.5900000000 0.1429288128
918.6000000000 0.1157269983
918.6100000000 0.0883887886
918.6200000000 0.0609194937
918.6300000000 0.0333244502
918.6400000000 0.0056090200
918.6500000000 -0.0222214104
918.6600000000 -0.0501614315
918.6700000000 -0.0782056116
918.6800000000 -0.1063484980
918.6900000000 -0.1345846179
918.7000000000 -0.1629084795
918.7100000000 -0.1913145736
918.7200000000 -0.2197973740
918.7300000000 -0.2483513390
918.7400000000 -0.2769709125
918.7500000000 -0.3056505250
918.7600000000 -0.3343845949
918.7700000000 -0.3631675294
918.7800000000 -0.3919937257
918.7900000000 -0.4208575720
918.8000000000 -0.4497534491
918.8100000000 -0.4786757310
918.8200000000 -0.5076187861
918.8300000000 -0.5365769786
918.8400000000 -0.5655446695
918.8500000000 -0.5945162176
918.8600000000 -0.6234859808
918.8700000000 -0.6524483171
918.8800000000 -0.6813975859
918.8900000000 -0.7103281490
918.9000000000 -0.7392343716
918.9100000000 -0.7681106239
918.9200000000 -0.7969512816
918.9300000000 -0.8257507275
918.9400000000 -0.8545033525
918.9500000000 -0.8832035566
918.9600000000 -0.9118457502
918.9700000000 -0.9404243551
918.9800000000 -0.9689338056
918.9900000000 -0.9973685498
919.0000000000 -1.0257230505
919.0100000000 -1.0539917865
919.0200000000 -1.0821692533
919.0300000000 -1.1102499649
919.0400000000 -1.1382284543
919.0500000000 -1.1660992747
919.0600000000 -1.1938570009
919.0700000000 -1.2214962301
919.0800000000 -1.2490115831
919.0900000000 -1.2763977052
919.1000000000 -1.3036492676
919.1100000000 -1.3307609681
919.1200000000 -1.3577275325
919.1300000000 -1.3845437155
919.1400000000 -1.4112043016
919.1500000000 -1.4377041065
919.1600000000 -1.4640379777
919.1700000000 -1.4902007961
919.1800000000 -1.5161874763
919.1900000000 -1.5419929684
919.2000000000 -1.5676122583
919.2100000000 -1.5930403693
919.2200000000 -1.6182723628
919.2300000000 -1.6433033390
919.2400000000 -1.6681284387
919.2500000000 -1.6927428434
919.2600000000 -1.7171417768
919.2700000000 -1.7413205056
919.2800000000 -1.7652743403
919.2900000000 -1.7889986366
919.3000000000 -1.8124887958
919.3100000000 -1.8357402659
919.3200000000 -1.8587485427
919.3300000000 -1.8815091704
919.3400000000 -1.9040177429
919.3500000000 -1.9262699042
919.3600000000 -1.9482613497
919.3700000000 -1.9699878266
919.3800000000 -1.9914451352
919.3900000000 -2.0126291297
919.4000000000 -2.0335357187
919.4100000000 -2.0541608662
919.4200000000 -2.0745005925
919.4300000000 -2.0945509750
919.4400000000 -2.1143081487
919.4500000000 -2.1337683075
919.4600000000 -2.1529277043
919.4700000000 -2.1717826522
919.4800000000 -2.1903295254
919.4900000000 -2.2085647594
919.5000000000 -2.2264848519
919.5100000000 -2.2440863638
919.5200000000 -2.2613659196
919.5300000000 -2.2783202082
919.5400000000 -2.2949459833
919.5500000000 -2.3112400645
919.5600000000 -2.3271993376
919.5700000000 -2.3428207552
919.5800000000 -2.3581013377
919.5900000000 -2.3730381735
919.6000000000 -2.3876284196
919.6100000000 -2.4018693024
919.6200000000 -2.4157581182
919.6300000000 -2.4292922335
919.6400000000 -2.4424690859
919.6500000000 -2.4552861843
919.6600000000 -2.4677411096
919.6700000000 -2.4798315150
919.6800000000 -2.4915551267
919.6900000000 -2.5029097441
919.7000000000 -2.5138932406
919.7100000000 -2.5245035635
919.7200000000 -2.5347387349
919.7300000000 -2.5445968519
919.7400000000 -2.5540760869
919.7500000000 -2.5631746882
919.7600000000 -2.5718909801
919.7700000000 -2.5802233633
919.7800000000 -2.5881703153
919.7900000000 -2.5957303908
919.8000000000 -2.6029022217
919.8100000000 -2.6096845175
919.8200000000 -2.6160760658
919.8300000000 -2.6220757322
919.8400000000 -2.6276824605
919.8500000000 -2.6328952733
919.8600000000 -2.6377132720
919.8700000000 -2.6421356367
919.8800000000 -2.6461616269
919.8900000000 -2.6497905811
919.9000000000 -2.6530219174
919.9100000000 -2.6558551332
919.9200000000 -2.6582898057
919.9300000000 -2.6603255917
919.9400000000 -2.6619622278
919.9500000000 -2.6631995303
919.9600000000 -2.6640373956
919.9700000000 -2.6644757997
919.9800000000 -2.6645147987
919.9900000000 -2.6641545283
920.0000000000 -2.6633952043
920.0100000000 -2.6622371222
920.0200000000 -2.6606806572
920.0300000000 -2.6587262641
920.0400000000 -2.6563744775
920.0500000000 -2.6536259111
920.0600000000 -2.6504812584
920.0700000000 -2.6469412917
920.0800000000 -2.6430068625
920.0900000000 -2.6386789012
920.1000000000 -2.6339584167
920.1100000000 -2.6288464967
920.1200000000 -2.6233443070
920.1300000000 -2.6174530912
920.1400000000 -2.6111741712
920.1500000000 -2.6045089459
920.1600000000 -2.5974588917
920.1700000000 -2.5900255619
920.1800000000 -2.5822105864
920.1900000000 -2.5740156715
920.2000000000 -2.5654425992
920.2100000000 -2.5564932275
920.2200000000 -2.5471694892
920.2300000000 -2.5374733923
920.2400000000 -2.5274070189
920.2500000000 -2.5169725255
920.2600000000 -2.5061721418
920.2700000000 -2.4950081710
920.2800000000 -2.4834829886
920.2900000000 -2.4715990426
920.3000000000 -2.4593588527
920.3100000000 -2.4467650096
920.3200000000 -2.4338201748
920.3300000000 -2.4205270799
920.3400000000 -2.4068885263
920.3500000000 -2.3929073842
920.3600000000 -2.3785865924
920.3700000000 -2.3639291575
920.3800000000 -2.3489381534
920.3900000000 -2.3336167207
920.4000000000 -2.3179680660
920.4100000000 -2.3019954612
920.4200000000 -2.2857022431
920.4300000000 -2.2690918124
920.4400000000 -2.2521676332
920.4500000000 -2.2349332324
920.4600000000 -2.2173921988
920.4700000000 -2.1995481823
920.4800000000 -2.1814048936
920.4900000000 -2.1629661030
920.5000000000 -2.1442356399
920.5100000000 -2.1252173919
920.5200000000 -2.1059153041
920.5300000000 -2.0863333783
920.5400000000 -2.0664756720
920.5500000000 -2.0463462982
920.5600000000 -2.0259494236
920.5700000000 -2.0052892687
920.5800000000 -1.9843701065
920.5900000000 -1.9631962615
920.6000000000 -1.9417721093
920.6100000000 -1.9201020752
920.6200000000 -1.8981906338
920.6300000000 -1.8760423077
920.6400000000 -1.8536616668
920.6500000000 -1.8310533276
920.6600000000 -1.8082219516
920.6700000000 -1.7851722451
920.6800000000 -1.7619089579
920.6900000000 -1.7384368822
920.7000000000 -1.7147608520
920.7100000000 -1.6908857421
920.7200000000 -1.6668164666
920.7300000000 -1.6425579787
920.7400000000 -1.6181152690
920.7500000000 -1.5934933651
920.7600000000 -1.5686973299
920.7700000000 -1.5437322614
920.7800000000 -1.5186032910
920.7900000000 -1.4933155828
920.8000000000 -1.4678743325
920.8100000000 -1.4422847664
920.8200000000 -1.4165521401
920.8300000000 -1.3906817381
920.8400000000 -1.3646788717
920.8500000000 -1.3385488790
920.8600000000 -1.3122971231
920.8700000000 -1.2859289914
920.8800000000 -1.2594498943
920.8900000000 -1.2328652644
920.9000000000 -1.2061805550
920.9100000000 -1.1794012394
920.9200000000 -1.1525328096
920.9300000000 -1.1255807751
920.9400000000 -1.0985506620
920.9500000000 -1.0714480120
920.9600000000 -1.0442783809
920.9700000000 -1.0170473377
920.9800000000 -0.9897604636
920.9900000000 -0.9624233507
921.0000000000 -0.9350416009
921.0100000000 -0.9076208248
921.0200000000 -0.8801666408
921.0300000000 -0.8526846734
921.0400000000 -0.8251805527
921.0500000000 -0.7976599130
921.0600000000 -0.7701283916
921.0700000000 -0.7425916277
921.0800000000 -0.7150552613
921.0900000000 -0.6875249324
921.1000000000 -0.6600062791
921.1100000000 -0.6325049373
921.1200000000 -0.6050265388
921.1300000000 -0.5775767110
921.1400000000 -0.5501610750
921.1500000000 -0.5227852450
921.1600000000 -0.4954548268
921.1700000000 -0.4681754171
921.1800000000 -0.4409526020
921.1900000000 -0.4137919559
921.2000000000 -0.3866990406
921.2100000000 -0.3596794043
921.2200000000 -0.3327385798
921.2300000000 -0.3058820843
921.2400000000 -0.2791154177
921.2500000000 -0.2524440614
921.2600000000 -0.2258734780
921.2700000000 -0.1994091090
921.2800000000 -0.1730563750
921.2900000000 -0.1468206734
921.3000000000 -0.1207073784
921.3100000000 -0.0947218391
921.3200000000 -0.0688693788
921.3300000000 -0.0431552939
921.3400000000 -0.0175848529
921.3500000000 0.0078367049
921.3600000000 0.0331041701
921.3700000000 0.0582123647
921.3800000000 0.0831561426
921.3900000000 0.1079303910
921.4000000000 0.1325300314
921.4100000000 0.1569500206
921.4200000000 0.1811853514
921.4300000000 0.2052310541
921.4400000000 0.2290821973
921.4500000000 0.2527338886
921.4600000000 0.2761812761
921.4700000000 0.2994195489
921.4800000000 0.3224439384
921.4900000000 0.3452497190
921.5000000000 0.3678322094
921.5100000000 0.3901867730
921.5200000000 0.4123088194
921.5300000000 0.4341938050
921.5400000000 0.4558372338
921.5500000000 0.4772346588
921.5600000000 0.4983816824
921.5700000000 0.5192739572
921.5800000000 0.5399071876
921.5900000000 0.5602771298
921.6000000000 0.5803795932
921.6100000000 0.6002104410
921.6200000000 0.6197655913
921.6300000000 0.6390410175
921.6400000000 0.6580327493
921.6500000000 0.6767368737
921.6600000000 0.6951495355
921.6700000000 0.7132669383
921.6800000000 0.7310853450
921.6900000000 0.7486010787
921.7000000000 0.7658105236
921.7100000000 0.7827101254
921.7200000000 0.7992963921
921.7300000000 0.8155658951
921.7400000000 0.8315152691
921.7500000000 0.8471412136
921.7600000000 0.8624404930
921.7700000000 0.8774099376
921.7800000000 0.8920464439
921.7900000000 0.9063469754
921.8000000000 0.9203085635
921.8100000000 0.9339283074
921.8200000000 0.9472033754
921.8300000000 0.9601310049
921.8400000000 0.9727085035
921.8500000000 0.9849332490
921.8600000000 0.9968026903
921.8700000000 1.0083143477
921.8800000000 1.0194658136
921.8900000000 1.0302547527
921.9000000000 1.0406789028
921.9100000000 1.0507360750
921.9200000000 1.0604241543
921.9300000000 1.0697410998
921.9400000000 1.0786849453
921.9500000000 1.0872537999
921.9600000000 1.0954458479
921.9700000000 1.1032593493
921.9800000000 1.1106926405
921.9900000000 1.1177441343
922.0000000000 1.1244123201
922.0100000000 1.1306957647
922.0200000000 1.1365931122
922.0300000000 1.1421030842
922.0400000000 1.1472244804
922.0500000000 1.1519561786
922.0600000000 1.1562971349
922.0700000000 1.1602463842
922.0800000000 1.1638030399
922.0900000000 1.1669662946
922.1000000000 1.1697354200
922.1100000000 1.1721097669
922.1200000000 1.1740887657
922.1300000000 1.1756719263
922.1400000000 1.1768588380
922.1500000000 1.1776491700
922.1600000000 1.1780426713
922.1700000000 1.1780391705
922.1800000000 1.1776385763
922.1900000000 1.1768408770
922.2000000000 1.1756461411
922.2100000000 1.1740545167
922.2200000000 1.1720662317
922.2300000000 1.1696815939
922.2400000000 1.1669009909
922.2500000000 1.1637248898
922.2600000000 1.1601538373
922.2700000000 1.1561884595
922.2800000000 1.1518294618
922.2900000000 1.1470776288
922.3000000000 1.1419338242
922.3100000000 1.1363989905
922.3200000000 1.1304741487
922.3300000000 1.1241603985
922.3400000000 1.1174589176
922.3500000000 1.1103709618
922.3600000000 1.1028978646
922.3700000000 1.0950410370
922.3800000000 1.0868019673
922.3900000000 1.0781822205
922.4000000000 1.0691834382
922.4100000000 1.0598073384
922.4200000000 1.0500557149
922.4300000000 1.0399304370
922.4400000000 1.0294334493
922.4500000000 1.0185667710
922.4600000000 1.0073324959
922.4700000000 0.9957327915
922.4800000000 0.9837698991
922.4900000000 0.9714461329
922.5000000000 0.9587638797
922.5100000000 0.9457255984
922.5200000000 0.9323338197
922.5300000000 0.9185911453
922.5400000000 0.9045002476
922.5500000000 0.8900638690
922.5600000000 0.8752848213
922.5700000000 0.8601659855
922.5800000000 0.8447103109
922.5900000000 0.8289208145
922.6000000000 0.8128005806
922.6100000000 0.7963527600
922.6200000000 0.7795805694
922.6300000000 0.7624872910
922.6400000000 0.7450762712
922.6500000000 0.7273509209
922.6600000000 0.7093147138
922.6700000000 0.6909711866
922.6800000000 0.6723239375
922.6900000000 0.6533766261
922.7000000000 0.6341329723
922.7100000000 0.6145967556
922.7200000000 0.5947718147
922.7300000000 0.5746620462
922.7400000000 0.5542714041
922.7500000000 0.5336038989
922.7600000000 0.5126635971
922.7700000000 0.4914546200
922.7800000000 0.4699811429
922.7900000000 0.4482473947
922.8000000000 0.4262576564
922.8100000000 0.4040162608
922.8200000000 0.3815275914
922.8300000000 0.3587960814
922.8400000000 0.3358262131
922.8500000000 0.3126225168
922.8600000000 0.2891895698
922.8700000000 0.2655319958
922.8800000000 0.2416544638
922.8900000000 0.2175616870
922.9000000000 0.1932584221
922.9100000000 0.1687494683
922.9200000000 0.1440396663
922.9300000000 0.1191338971
922.9400000000 0.0940370816
922.9500000000 0.0687541791
922.9600000000 0.0432901863
922.9700000000 0.0176501367
922.9800000000 -0.0081609006
922.9900000000 -0.0341378223
923.0000000000 -0.0602754912
923.0100000000 -0.0865687378
923.0200000000 -0.1130123612
923.0300000000 -0.1396011301
923.0400000000 -0.1663297835
923.0500000000 -0.1931930326
923.0600000000 -0.2201855611
923.0700000000 -0.2473020264
923.0800000000 -0.2745370610
923.0900000000 -0.3018852733
923.1000000000 -0.3293412488
923.1100000000 -0.3568995511
923.1200000000 -0.3845547229
923.1300000000 -0.4123012874
923.1400000000 -0.4401337492
923.1500000000 -0.4680465953
923.1600000000 -0.4960342965
923.1700000000 -0.5240913082
923.1800000000 -0.5522120715
923.1900000000 -0.5803910149
923.2000000000 -0.6086225546
923.2100000000 -0.6369010961
923.2200000000 -0.6652210353
923.2300000000 -0.6935767593
923.2400000000 -0.7219626481
923.2500000000 -0.7503730753
923.2600000000 -0.7788024090
923.2700000000 -0.8072450137
923.2800000000 -0.8356952508
923.2900000000 -0.8641474797
923.3000000000 -0.8925960596
923.3100000000 -0.9210353497
923.3200000000 -0.9494597111
923.3300000000 -0.9778635076
923.3400000000 -1.0062411067
923.3500000000 -1.0345868811
923.3600000000 -1.0628952095
923.3700000000 -1.0911604779
923.3800000000 -1.1193770806
923.3900000000 -1.1475394214
923.4000000000 -1.1756419150
923.4100000000 -1.2036789874
923.4200000000 -1.2316450777
923.4300000000 -1.2595346390
923.4400000000 -1.2873421394
923.4500000000 -1.3150620632
923.4600000000 -1.3426889121
923.4700000000 -1.3702172060
923.4800000000 -1.3976414845
923.4900000000 -1.4249563077
923.5000000000 -1.4521562574
923.5100000000 -1.4792359382
923.5200000000 -1.5061899785
923.5300000000 -1.5330130316
923.5400000000 -1.5596997770
923.5500000000 -1.5862449210
923.5600000000 -1.6126431982
923.5700000000 -1.6388893724
923.5800000000 -1.6649782375
923.5900000000 -1.6909046189
923.6000000000 -1.7166633740
923.6100000000 -1.7422493938
923.6200000000 -1.7676576037
923.6300000000 -1.7928829643
923.6400000000 -1.8179204727
923.6500000000 -1.8427651635
923.6600000000 -1.8674121094
923.6700000000 -1.8918564228
923.6800000000 -1.9160932563
923.6900000000 -1.9401178040
923.7000000000 -1.9639253021
923.7100000000 -1.9875110301
923.7200000000 -2.0108703119
923.7300000000 -2.0339985163
923.7400000000 -2.0568910582
923.7500000000 -2.0795433996
923.7600000000 -2.1019510504
923.7700000000 -2.1241095692
923.7800000000 -2.1460145644
923.7900000000 -2.1676616948
923.8000000000 -2.1890466708
923.8100000000 -2.2101652551
923.8200000000 -2.2310132634
923.8300000000 -2.2515865656
923.8400000000 -2.2718810861
923.8500000000 -2.2918928053
923.8600000000 -2.3116177599
923.8700000000 -2.3310520437
923.8800000000 -2.3501918087
923.8900000000 -2.3690332656
923.9000000000 -2.3875726846
923.9100000000 -2.4058063963
923.9200000000 -2.4237307923
923.9300000000 -2.4413423260
923.9400000000 -2.4586375131
923.9500000000 -2.4756129326
923.9600000000 -2.4922652274
923.9700000000 -2.5085911048
923.9800000000 -2.5245873374
923.9900000000 -2.5402507634
924.0000000000 -2.5555782878
924.0100000000 -2.5705668824
924.0200000000 -2.5852135869
924.0300000000 -2.5995155092
924.0400000000 -2.6134698259
924.0500000000 -2.6270737834
924.0600000000 -2.6403246977
924.0700000000 -2.6532199556
924.0800000000 -2.6657570148
924.0900000000 -2.6779334046
924.1000000000 -2.6897467264
924.1100000000 -2.7011946540
924.1200000000 -2.7122749343
924.1300000000 -2.7229853877
924.1400000000 -2.7333239083
924.1500000000 -2.7432884647
924.1600000000 -2.7528771001
924.1700000000 -2.7620879328
924.1800000000 -2.7709191568
924.1900000000 -2.7793690416
924.2000000000 -2.7874359331
924.2100000000 -2.7951182537
924.2200000000 -2.8024145028
924.2300000000 -2.8093232566
924.2400000000 -2.8158431690
924.2500000000 -2.8219729714
924.2600000000 -2.8277114734
924.2700000000 -2.8330575626
924.2800000000 -2.8380102051
924.2900000000 -2.8425684455
924.3000000000 -2.8467314074
924.3100000000 -2.8504982933
924.3200000000 -2.8538683847
924.3300000000 -2.8568410427
924.3400000000 -2.8594157076
924.3500000000 -2.8615918992
924.3600000000 -2.8633692171
924.3700000000 -2.8647473405
924.3800000000 -2.8657260285
924.3900000000 -2.8663051197
924.4000000000 -2.8664845330
924.4100000000 -2.8662642668
924.4200000000 -2.8656443996
924.4300000000 -2.8646250896
924.4400000000 -2.8632065750
924.4500000000 -2.8613891735
924.4600000000 -2.8591732828
924.4700000000 -2.8565593800
924.4800000000 -2.8535480220
924.4900000000 -2.8501398449
924.5000000000 -2.8463355642
924.5100000000 -2.8421359745
924.5200000000 -2.8375419493
924.5300000000 -2.8325544412
924.5400000000 -2.8271744812
924.5500000000 -2.8214031788
924.5600000000 -2.8152417216
924.5700000000 -2.8086913753
924.5800000000 -2.8017534833
924.5900000000 -2.7944294663
924.6000000000 -2.7867208223
924.6100000000 -2.7786291260
924.6200000000 -2.7701560288
924.6300000000 -2.7613032582
924.6400000000 -2.7520726176
924.6500000000 -2.7424659859
924.6600000000 -2.7324853171
924.6700000000 -2.7221326398
924.6800000000 -2.7114100573
924.6900000000 -2.7003197463
924.7000000000 -2.6888639574
924.7100000000 -2.6770450140
924.7200000000 -2.6648653120
924.7300000000 -2.6523273195
924.7400000000 -2.6394335761
924.7500000000 -2.6261866924
924.7600000000 -2.6125893497
924.7700000000 -2.5986442992
924.7800000000 -2.5843543615
924.7900000000 -2.5697224263
924.8000000000 -2.5547514513
924.8100000000 -2.5394444620
924.8200000000 -2.5238045513
924.8300000000 -2.5078348781
924.8400000000 -2.4915386675
924.8500000000 -2.4749192098
924.8600000000 -2.4579798596
924.8700000000 -2.4407240355
924.8800000000 -2.4231552195
924.8900000000 -2.4052769557
924.9000000000 -2.3870928502
924.9100000000 -2.3686065702
924.9200000000 -2.3498218430
924.9300000000 -2.3307424558
924.9400000000 -2.3113722543
924.9500000000 -2.2917151425
924.9600000000 -2.2717750813
924.9700000000 -2.2515560885
924.9800000000 -2.2310622373
924.9900000000 -2.2102976557
925.0000000000 -2.1892665259
925.0100000000 -2.1679730832
925.0200000000 -2.1464216151
925.0300000000 -2.1246164607
925.0400000000 -2.1025620098
925.0500000000 -2.0802627016
925.0600000000 -2.0577230245
925.0700000000 -2.0349475145
925.0800000000 -2.0119407548
925.0900000000 -1.9887073747
925.1000000000 -1.9652520486
925.1100000000 -1.9415794952
925.1200000000 -1.9176944764
925.1300000000 -1.8936017965
925.1400000000 -1.8693063011
925.1500000000 -1.8448128764
925.1600000000 -1.8201264476
925.1700000000 -1.7952519789
925.1800000000 -1.7701944714
925.1900000000 -1.7449589629
925.2000000000 -1.7195505267
925.2100000000 -1.6939742703
925.2200000000 -1.6682353347
925.2300000000 -1.6423388931
925.2400000000 -1.6162901503
925.2500000000 -1.5900943411
925.2600000000 -1.5637567297
925.2700000000 -1.5372826083
925.2800000000 -1.5106772963
925.2900000000 -1.4839461392
925.3000000000 -1.4570945073
925.3100000000 -1.4301277949
925.3200000000 -1.4030514191
925.3300000000 -1.3758708187
925.3400000000 -1.3485914531
925.3500000000 -1.3212188012
925.3600000000 -1.2937583606
925.3700000000 -1.2662156459
925.3800000000 -1.2385961882
925.3900000000 -1.2109055334
925.4000000000 -1.1831492416
925.4100000000 -1.1553328860
925.4200000000 -1.1274620511
925.4300000000 -1.0995423326
925.4400000000 -1.0715793352
925.4500000000 -1.0435786724
925.4600000000 -1.0155459648
925.4700000000 -0.9874868392
925.4800000000 -0.9594069275
925.4900000000 -0.9313118654
925.5000000000 -0.9032072913
925.5100000000 -0.8750988455
925.5200000000 -0.8469921686
925.5300000000 -0.8188929006
925.5400000000 -0.7908066799
925.5500000000 -0.7627391418
925.5600000000 -0.7346959176
925.5700000000 -0.7066826337
925.5800000000 -0.6787049100
925.5900000000 -0.6507683591
925.6000000000 -0.6228785851
925.6100000000 -0.5950411823
925.6200000000 -0.5672617344
925.6300000000 -0.5395458131
925.6400000000 -0.5118989773
925.6500000000 -0.4843267714
925.6600000000 -0.4568347251
925.6700000000 -0.4294283512
925.6800000000 -0.4021131454
925.6900000000 -0.3748945849
925.7000000000 -0.3477781269
925.7100000000 -0.3207692083
925.7200000000 -0.2938732439
925.7300000000 -0.2670956256
925.7400000000 -0.2404417213
925.7500000000 -0.2139168741
925.7600000000 -0.1875264005
925.7700000000 -0.1612755902
925.7800000000 -0.1351697044
925.7900000000 -0.1092139750
925.8000000000 -0.0834136037
925.8100000000 -0.0577737605
925.8200000000 -0.0322995831
925.8300000000 -0.0069961759
925.8400000000 0.0181313916
925.8500000000 0.0430780851
925.8600000000 0.0678389070
925.8700000000 0.0924088971
925.8800000000 0.1167831338
925.8900000000 0.1409567351
925.9000000000 0.1649248594
925.9100000000 0.1886827065
925.9200000000 0.2122255187
925.9300000000 0.2355485818
925.9400000000 0.2586472258
925.9500000000 0.2815168258
925.9600000000 0.3041528034
925.9700000000 0.3265506271
925.9800000000 0.3487058136
925.9900000000 0.3706139282
926.0000000000 0.3922705863
926.0100000000 0.4136714539
926.0200000000 0.4348122486
926.0300000000 0.4556887402
926.0400000000 0.4762967519
926.0500000000 0.4966321611
926.0600000000 0.5166909000
926.0700000000 0.5364689565
926.0800000000 0.5559623751
926.0900000000 0.5751672577
926.1000000000 0.5940797642
926.1100000000 0.6126961134
926.1200000000 0.6310125838
926.1300000000 0.6490255143
926.1400000000 0.6667313049
926.1500000000 0.6841264174
926.1600000000 0.7012073763
926.1700000000 0.7179707691
926.1800000000 0.7344132474
926.1900000000 0.7505315275
926.2000000000 0.7663223908
926.2100000000 0.7817826847
926.2200000000 0.7969093230
926.2300000000 0.8116992870
926.2400000000 0.8261496253
926.2500000000 0.8402574552
926.2600000000 0.8540199629
926.2700000000 0.8674344040
926.2800000000 0.8804981041
926.2900000000 0.8932084596
926.3000000000 0.9055629379
926.3100000000 0.9175590779
926.3200000000 0.9291944907
926.3300000000 0.9404668602
926.3400000000 0.9513739430
926.3500000000 0.9619135693
926.3600000000 0.9720836435
926.3700000000 0.9818821440
926.3800000000 0.9913071242
926.3900000000 1.0003567126
926.4000000000 1.0090291131
926.4100000000 1.0173226057
926.4200000000 1.0252355465
926.4300000000 1.0327663681
926.4400000000 1.0399135802
926.4500000000 1.0466757695
926.4600000000 1.0530516002
926.4700000000 1.0590398142
926.4800000000 1.0646392314
926.4900000000 1.0698487501
926.5000000000 1.0746673467
926.5100000000 1.0790940764
926.5200000000 1.0831280734
926.5300000000 1.0867685506
926.5400000000 1.0900148002
926.5500000000 1.0928661938
926.5600000000 1.0953221823
926.5700000000 1.0973822962
926.5800000000 1.0990461456
926.5900000000 1.1003134203
926.6000000000 1.1011838900
926.6100000000 1.1016574041
926.6200000000 1.1017338918
926.6300000000 1.1014133622
926.6400000000 1.1006959045
926.6500000000 1.0995816874
926.6600000000 1.0980709597
926.6700000000 1.0961640496
926.6800000000 1.0938613655
926.6900000000 1.0911633949
926.7000000000 1.0880707051
926.7100000000 1.0845839428
926.7200000000 1.0807038339
926.7300000000 1.0764311835
926.7400000000 1.0717668755
926.7500000000 1.0667118729
926.7600000000 1.0612672168
926.7700000000 1.0554340272
926.7800000000 1.0492135020
926.7900000000 1.0426069171
926.8000000000 1.0356156259
926.8100000000 1.0282410594
926.8200000000 1.0204847257
926.8300000000 1.0123482095
926.8400000000 1.0038331722
926.8500000000 0.9949413512
926.8600000000 0.9856745598
926.8700000000 0.9760346868
926.8800000000 0.9660236959
926.8900000000 0.9556436255
926.9000000000 0.9448965884
926.9100000000 0.9337847711
926.9200000000 0.9223104335
926.9300000000 0.9104759086
926.9400000000 0.8982836016
926.9500000000 0.8857359900
926.9600000000 0.8728356226
926.9700000000 0.8595851191
926.9800000000 0.8459871700
926.9900000000 0.8320445354
927.0000000000 0.8177600449
927.0100000000 0.8031365969
927.0200000000 0.7881771580
927.0300000000 0.7728847623
927.0400000000 0.7572625113
927.0500000000 0.7413135725
927.0600000000 0.7250411792
927.0700000000 0.7084486300
927.0800000000 0.6915392879
927.0900000000 0.6743165795
927.1000000000 0.6567839947
927.1100000000 0.6389450857
927.1200000000 0.6208034664
927.1300000000 0.6023628115
927.1400000000 0.5836268561
927.1500000000 0.5645993948
927.1600000000 0.5452842807
927.1700000000 0.5256854249
927.1800000000 0.5058067958
927.1900000000 0.4856524179
927.2000000000 0.4652263715
927.2100000000 0.4445327915
927.2200000000 0.4235758666
927.2300000000 0.4023598388
927.2400000000 0.3808890020
927.2500000000 0.3591677016
927.2600000000 0.3372003337
927.2700000000 0.3149913435
927.2800000000 0.2925452254
927.2900000000 0.2698665212
927.3000000000 0.2469598199
927.3100000000 0.2238297562
927.3200000000 0.2004810100
927.3300000000 0.1769183054
927.3400000000 0.1531464093
927.3500000000 0.1291701312
927.3600000000 0.1049943216
927.3700000000 0.0806238712
927.3800000000 0.0560637102
927.3900000000 0.0313188070
927.4000000000 0.0063941673
927.4100000000 -0.0187051671
927.4200000000 -0.0439741188
927.4300000000 -0.0694075763
927.4400000000 -0.0950003949
927.4500000000 -0.1207473976
927.4600000000 -0.1466433764
927.4700000000 -0.1726830929
927.4800000000 -0.1988612798
927.4900000000 -0.2251726419
927.5000000000 -0.2516118568
927.5100000000 -0.2781735764
927.5200000000 -0.3048524277
927.5300000000 -0.3316430139
927.5400000000 -0.3585399156
927.5500000000 -0.3855376920
927.5600000000 -0.4126308815
927.5700000000 -0.4398140035
927.5800000000 -0.4670815587
927.5900000000 -0.4944280309
927.6000000000 -0.5218478877
927.6100000000 -0.5493355819
927.6200000000 -0.5768855523
927.6300000000 -0.6044922249
927.6400000000 -0.6321500143
927.6500000000 -0.6598533244
927.6600000000 -0.6875965497
927.6700000000 -0.7153740767
927.6800000000 -0.7431802846
927.6900000000 -0.7710095465
927.7000000000 -0.7988562309
927.7100000000 -0.8267147022
927.7200000000 -0.8545793225
927.7300000000 -0.8824444523
927.7400000000 -0.9103044516
927.7500000000 -0.9381536816
927.7600000000 -0.9659865048
927.7700000000 -0.9937972873
927.7800000000 -1.0215803991
927.7900000000 -1.0493302155
927.8000000000 -1.0770411183
927.8100000000 -1.1047074967
927.8200000000 -1.1323237489
927.8300000000 -1.1598842825
927.8400000000 -1.1873835163
927.8500000000 -1.2148158810
927.8600000000 -1.2421758206
927.8700000000 -1.2694577933
927.8800000000 -1.2966562725
927.8900000000 -1.3237657485
927.9000000000 -1.3507807288
927.9100000000 -1.3776957398
927.9200000000 -1.4045053276
927.9300000000 -1.4312040594
927.9400000000 -1.4577865240
927.9500000000 -1.4842473337
927.9600000000 -1.5105811245
927.9700000000 -1.5367825581
927.9800000000 -1.5628463220
927.9900000000 -1.5887671314
928.0000000000 -1.6145397298
928.0100000000 -1.6401588902
928.0200000000 -1.6656194161
928.0300000000 -1.6909161424
928.0400000000 -1.7160439370
928.0500000000 -1.7409977009
928.0600000000 -1.7657723702
928.0700000000 -1.7903629164
928.0800000000 -1.8147643477
928.0900000000 -1.8389717101
928.1000000000 -1.8629800882
928.1100000000 -1.8867846061
928.1200000000 -1.9103804288
928.1300000000 -1.9337627627
928.1400000000 -1.9569268568
928.1500000000 -1.9798680037
928.1600000000 -2.0025815402
928.1700000000 -2.0250628489
928.1800000000 -2.0473073583
928.1900000000 -2.0693105444
928.2000000000 -2.0910679313
928.2100000000 -2.1125750920
928.2200000000 -2.1338276495
928.2300000000 -2.1548212778
928.2400000000 -2.1755517022
928.2500000000 -2.1960147008
928.2600000000 -2.2162061051
928.2700000000 -2.2361218005
928.2800000000 -2.2557577278
928.2900000000 -2.2751098834
928.3000000000 -2.2941743205
928.3100000000 -2.3129471496
928.3200000000 -2.3314245396
928.3300000000 -2.3496027183
928.3400000000 -2.3674779732
928.3500000000 -2.3850466523
928.3600000000 -2.4023051650
928.3700000000 -2.4192499823
928.3800000000 -2.4358776383
928.3900000000 -2.4521847301
928.4000000000 -2.4681679188
928.4100000000 -2.4838239306
928.4200000000 -2.4991495566
928.4300000000 -2.5141416542
928.4400000000 -2.5287971473
928.4500000000 -2.5431130271
928.4600000000 -2.5570863525
928.4700000000 -2.5707142510
928.4800000000 -2.5839939192
928.4900000000 -2.5969226230
928.5000000000 -2.6094976986
928.5100000000 -2.6217165530
928.5200000000 -2.6335766640
928.5300000000 -2.6450755814
928.5400000000 -2.6562109272
928.5500000000 -2.6669803958
928.5600000000 -2.6773817548
928.5700000000 -2.6874128456
928.5800000000 -2.6970715833
928.5900000000 -2.7063559575
928.6000000000 -2.7152640328
928.6100000000 -2.7237939488
928.6200000000 -2.7319439206
928.6300000000 -2.7397122396
928.6400000000 -2.7470972731
928.6500000000 -2.7540974652
928.6600000000 -2.7607113369
928.6700000000 -2.7669374865
928.6800000000 -2.7727745895
928.6900000000 -2.7782213996
928.7000000000 -2.7832767481
928.7100000000 -2.7879395448
928.7200000000 -2.7922087779
928.7300000000 -2.7960835142
928.7400000000 -2.7995628995
928.7500000000 -2.8026461586
928.7600000000 -2.8053325953
928.7700000000 -2.8076215930
928.7800000000 -2.8095126143
928.7900000000 -2.8110052016
928.8000000000 -2.8120989766
928.8100000000 -2.8127936411
928.8200000000 -2.8130889765
928.8300000000 -2.8129848440
928.8400000000 -2.8124811847
928.8500000000 -2.8115780196
928.8600000000 -2.8102754495
928.8700000000 -2.8085736551
928.8800000000 -2.8064728969
928.8900000000 -2.8039735151
928.9000000000 -2.8010759296
928.9100000000 -2.7977806400
928.9200000000 -2.7940882253
928.9300000000 -2.7899993439
928.9400000000 -2.7855147334
928.9500000000 -2.7806352107
928.9600000000 -2.7753616715
928.9700000000 -2.7696950902
928.9800000000 -2.7636365199
928.9900000000 -2.7571870921
929.0000000000 -2.7503480162
929.0100000000 -2.7431205796
929.0200000000 -2.7355061476
929.0300000000 -2.7275061623
929.0400000000 -2.7191221434
929.0500000000 -2.7103556872
929.0600000000 -2.7012084661
929.0700000000 -2.6916822292
929.0800000000 -2.6817788009
929.0900000000 -2.6715000812
929.1000000000 -2.6608480450
929.1100000000 -2.6498247420
929.1200000000 -2.6384322958
929.1300000000 -2.6266729042
929.1400000000 -2.6145488378
929.1500000000 -2.6020624406
929.1600000000 -2.5892161288
929.1700000000 -2.5760123904
929.1800000000 -2.5624537850
929.1900000000 -2.5485429430
929.2000000000 -2.5342825654
929.2100000000 -2.5196754229
929.2200000000 -2.5047243554
929.2300000000 -2.4894322717
929.2400000000 -2.4738021486
929.2500000000 -2.4578370305
929.2600000000 -2.4415400289
929.2700000000 -2.4249143213
929.2800000000 -2.4079631510
929.2900000000 -2.3906898266
929.3000000000 -2.3730977205
929.3100000000 -2.3551902693
929.3200000000 -2.3369709723
929.3300000000 -2.3184433912
929.3400000000 -2.2996111493
929.3500000000 -2.2804779307
929.3600000000 -2.2610474795
929.3700000000 -2.2413235995
929.3800000000 -2.2213101529
929.3900000000 -2.2010110595
929.4000000000 -2.1804302965
929.4100000000 -2.1595718973
929.4200000000 -2.1384399505
929.4300000000 -2.1170385995
929.4400000000 -2.0953720415
929.4500000000 -2.0734445265
929.4600000000 -2.0512603567
929.4700000000 -2.0288238857
929.4800000000 -2.0061395170
929.4900000000 -1.9832117040
929.5000000000 -1.9600449484
929.5100000000 -1.9366437999
929.5200000000 -1.9130128546
929.5300000000 -1.8891567548
929.5400000000 -1.8650801873
929.5500000000 -1.8407878832
929.5600000000 -1.8162846166
929.5700000000 -1.7915752036
929.5800000000 -1.7666645013
929.5900000000 -1.7415574072
929.6000000000 -1.7162588576
929.6100000000 -1.6907738273
929.6200000000 -1.6651073280
929.6300000000 -1.6392644078
929.6400000000 -1.6132501497
929.6500000000 -1.5870696709
929.6600000000 -1.5607281219
929.6700000000 -1.5342306850
929.6800000000 -1.5075825737
929.6900000000 -1.4807890313
929.7000000000 -1.4538553303
929.7100000000 -1.4267867709
929.7200000000 -1.3995886800
929.7300000000 -1.3722664106
929.7400000000 -1.3448253400
929.7500000000 -1.3172708694
929.7600000000 -1.2896084222
929.7700000000 -1.2618434435
929.7800000000 -1.2339813986
929.7900000000 -1.2060277721
929.8000000000 -1.1779880666
929.8100000000 -1.1498678020
929.8200000000 -1.1216725138
929.8300000000 -1.0934077526
929.8400000000 -1.0650790825
929.8500000000 -1.0366920803
929.8600000000 -1.0082523342
929.8700000000 -0.9797654430
929.8800000000 -0.9512370143
929.8900000000 -0.9226726641
929.9000000000 -0.8940780155
929.9100000000 -0.8654586970
929.9200000000 -0.8368203422
929.9300000000 -0.8081685882
929.9400000000 -0.7795090746
929.9500000000 -0.7508474422
929.9600000000 -0.7221893322
929.9700000000 -0.6935403846
929.9800000000 -0.6649062376
929.9900000000 -0.6362925261
930.0000000000 -0.6077048808
930.0100000000 -0.5791489266
930.0200000000 -0.5506302823
930.0300000000 -0.5221545587
930.0400000000 -0.4937273579
930.0500000000 -0.4653542719
930.0600000000 -0.4370408818
930.0700000000 -0.4087927564
930.0800000000 -0.3806154512
930.0900000000 -0.3525145075
930.1000000000 -0.3244954507
930.1100000000 -0.2965637898
930.1200000000 -0.2687250160
930.1300000000 -0.2409846018
930.1400000000 -0.2133479994
930.1500000000 -0.1858206404
930.1600000000 -0.1584079339
930.1700000000 -0.1311152662
930.1800000000 -0.1039479988
930.1900000000 -0.0769114683
930.2000000000 -0.0500109847
930.2100000000 -0.0232518304
930.2200000000 0.0033607405
930.2300000000 0.0298215038
930.2400000000 0.0561252658
930.2500000000 0.0822668645
930.2600000000 0.1082411706
930.2700000000 0.1340430886
930.2800000000 0.1596675578
930.2900000000 0.1851095533
930.3000000000 0.2103640869
930.3100000000 0.2354262083
930.3200000000 0.2602910060
930.3300000000 0.2849536082
930.3400000000 0.3094091839
930.3500000000 0.3336529439
930.3600000000 0.3576801415
930.3700000000 0.3814860738
930.3800000000 0.4050660824
930.3900000000 0.4284155544
930.4000000000 0.4515299234
930.4100000000 0.4744046703
930.4200000000 0.4970353243
930.4300000000 0.5194174637
930.4400000000 0.5415467169
930.4500000000 0.5634187631
930.4600000000 0.5850293334
930.4700000000 0.6063742116
930.4800000000 0.6274492347
930.4900000000 0.6482502943
930.5000000000 0.6687733371
930.5100000000 0.6890143656
930.5200000000 0.7089694391
930.5300000000 0.7286346747
930.5400000000 0.7480062474
930.5500000000 0.7670803916
930.5600000000 0.7858534014
930.5700000000 0.8043216316
930.5800000000 0.8224814983
930.5900000000 0.8403294795
930.6000000000 0.8578621160
930.6100000000 0.8750760122
930.6200000000 0.8919678363
930.6300000000 0.9085343217
930.6400000000 0.9247722668
930.6500000000 0.9406785364
930.6600000000 0.9562500618
930.6700000000 0.9714838419
930.6800000000 0.9863769431
930.6900000000 1.0009265008
930.7000000000 1.0151297191
930.7100000000 1.0289838719
930.7200000000 1.0424863033
930.7300000000 1.0556344282
930.7400000000 1.0684257325
930.7500000000 1.0808577742
930.7600000000 1.0929281831
930.7700000000 1.1046346622
930.7800000000 1.1159749872
930.7900000000 1.1269470078
930.8000000000 1.1375486476
930.8100000000 1.1477779047
930.8200000000 1.1576328518
930.8300000000 1.1671116373
930.8400000000 1.1762124850
930.8500000000 1.1849336946
930.8600000000 1.1932736423
930.8700000000 1.2012307807
930.8800000000 1.2088036397
930.8900000000 1.2159908261
930.9000000000 1.2227910245
930.9100000000 1.2292029972
930.9200000000 1.2352255844
930.9300000000 1.2408577048
930.9400000000 1.2460983555
930.9500000000 1.2509466122
930.9600000000 1.2554016296
930.9700000000 1.2594626414
930.9800000000 1.2631289605
930.9900000000 1.2663999791
931.0000000000 1.2692751690
931.0100000000 1.2717540814
931.0200000000 1.2738363472
931.0300000000 1.2755216770
931.0400000000 1.2768098612
931.0500000000 1.2777007702
931.0600000000 1.2781943540
931.0700000000 1.2782906426
931.0800000000 1.2779897458
931.0900000000 1.2772918533
931.1000000000 1.2761972344
931.1100000000 1.2747062385
931.1200000000 1.2728192943
931.1300000000 1.2705369103
931.1400000000 1.2678596744
931.1500000000 1.2647882540
931.1600000000 1.2613233955
931.1700000000 1.2574659246
931.1800000000 1.2532167457
931.1900000000 1.2485768422
931.2000000000 1.2435472758
931.2100000000 1.2381291866
931.2200000000 1.2323237929
931.2300000000 1.2261323906
931.2400000000 1.2195563534
931.2500000000 1.2125971324
931.2600000000 1.2052562554
931.2700000000 1.1975353271
931.2800000000 1.1894360287
931.2900000000 1.1809601173
931.3000000000 1.1721094257
931.3100000000 1.1628858622
931.3200000000 1.1532914098
931.3300000000 1.1433281263
931.3400000000 1.1329981434
931.3500000000 1.1223036668
931.3600000000 1.1112469753
931.3700000000 1.0998304205
931.3800000000 1.0880564264
931.3900000000 1.0759274888
931.4000000000 1.0634461750
931.4100000000 1.0506151229
931.4200000000 1.0374370409
931.4300000000 1.0239147073
931.4400000000 1.0100509692
931.4500000000 0.9958487426
931.4600000000 0.9813110117
931.4700000000 0.9664408278
931.4800000000 0.9512413094
931.4900000000 0.9357156409
931.5000000000 0.9198670725
931.5100000000 0.9036989193
931.5200000000 0.8872145607
931.5300000000 0.8704174394
931.5400000000 0.8533110614
931.5500000000 0.8358989946
931.5600000000 0.8181848686
931.5700000000 0.8001723735
931.5800000000 0.7818652596
931.5900000000 0.7632673364
931.6000000000 0.7443824720
931.6100000000 0.7252145919
931.6200000000 0.7057676789
931.6300000000 0.6860457717
931.6400000000 0.6660529644
931.6500000000 0.6457934056
931.6600000000 0.6252712976
931.6700000000 0.6044908954
931.6800000000 0.5834565061
931.6900000000 0.5621724880
931.7000000000 0.5406432493
931.7100000000 0.5188732478
931.7200000000 0.4968669898
931.7300000000 0.4746290289
931.7400000000 0.4521639657
931.7500000000 0.4294764461
931.7600000000 0.4065711611
931.7700000000 0.3834528455
931.7800000000 0.3601262769
931.7900000000 0.3365962748
931.8000000000 0.3128676998
931.8100000000 0.2889454524
931.8200000000 0.2648344722
931.8300000000 0.2405397368
931.8400000000 0.2160662606
931.8500000000 0.1914190944
931.8600000000 0.1666033238
931.8700000000 0.1416240683
931.8800000000 0.1164864805
931.8900000000 0.0911957449
931.9000000000 0.0657570769
931.9100000000 0.0401757216
931.9200000000 0.0144569530
931.9300000000 -0.0113939271
931.9400000000 -0.0373715903
931.9500000000 -0.0634706827
931.9600000000 -0.0896858258
931.9700000000 -0.1160116176
931.9800000000 -0.1424426338
931.9900000000 -0.1689734288
932.0000000000 -0.1955985369
932.0100000000 -0.2223124731
932.0200000000 -0.2491097347
932.0300000000 -0.2759848020
932.0400000000 -0.3029321394
932.0500000000 -0.3299461967
932.0600000000 -0.3570214103
932.0700000000 -0.3841522040
932.0800000000 -0.4113329904
932.0900000000 -0.4385581717
932.1000000000 -0.4658221412
932.1100000000 -0.4931192843
932.1200000000 -0.5204439795
932.1300000000 -0.5477905994
932.1400000000 -0.5751535124
932.1500000000 -0.6025270832
932.1600000000 -0.6299056743
932.1700000000 -0.6572836469
932.1800000000 -0.6846553624
932.1900000000 -0.7120151831
932.2000000000 -0.7393574734
932.2100000000 -0.7666766013
932.2200000000 -0.7939669391
932.2300000000 -0.8212228648
932.2400000000 -0.8484387631
932.2500000000 -0.8756090265
932.2600000000 -0.9027280566
932.2700000000 -0.9297902650
932.2800000000 -0.9567900745
932.2900000000 -0.9837219203
932.3000000000 -1.0105802511
932.3100000000 -1.0373595301
932.3200000000 -1.0640542362
932.3300000000 -1.0906588651
932.3400000000 -1.1171679304
932.3500000000 -1.1435759646
932.3600000000 -1.1698775204
932.3700000000 -1.1960671718
932.3800000000 -1.2221395147
932.3900000000 -1.2480891687
932.4000000000 -1.2739107776
932.4100000000 -1.2995990109
932.4200000000 -1.3251485647
932.4300000000 -1.3505541624
932.4400000000 -1.3758105564
932.4500000000 -1.4009125288
932.4600000000 -1.4258548926
932.4700000000 -1.4506324923
932.4800000000 -1.4752402055
932.4900000000 -1.4996729438
932.5000000000 -1.5239256536
932.5100000000 -1.5479933171
932.5200000000 -1.5718709536
932.5300000000 -1.5955536204
932.5400000000 -1.6190364135
932.5500000000 -1.6423144691
932.5600000000 -1.6653829640
932.5700000000 -1.6882371170
932.5800000000 -1.7108721898
932.5900000000 -1.7332834877
932.6000000000 -1.7554663607
932.6100000000 -1.7774162046
932.6200000000 -1.7991284616
932.6300000000 -1.8205986216
932.6400000000 -1.8418222225
932.6500000000 -1.8627948518
932.6600000000 -1.8835121471
932.6700000000 -1.9039697970
932.6800000000 -1.9241635418
932.6900000000 -1.9440891750
932.7000000000 -1.9637425433
932.7100000000 -1.9831195480
932.7200000000 -2.0022161457
932.7300000000 -2.0210283488
932.7400000000 -2.0395522269
932.7500000000 -2.0577839071
932.7600000000 -2.0757195749
932.7700000000 -2.0933554750
932.7800000000 -2.1106879121
932.7900000000 -2.1277132515
932.8000000000 -2.1444279201
932.8100000000 -2.1608284067
932.8200000000 -2.1769112630
932.8300000000 -2.1926731044
932.8400000000 -2.2081106103
932.8500000000 -2.2232205251
932.8600000000 -2.2379996586
932.8700000000 -2.2524448869
932.8800000000 -2.2665531529
932.8900000000 -2.2803214667
932.9000000000 -2.2937469067
932.9100000000 -2.3068266196
932.9200000000 -2.3195578215
932.9300000000 -2.3319377982
932.9400000000 -2.3439639055
932.9500000000 -2.3556335704
932.9600000000 -2.3669442909
932.9700000000 -2.3778936370
932.9800000000 -2.3884792508
932.9900000000 -2.3986988474
933.0000000000 -2.4085502150
933.0100000000 -2.4180312156
933.0200000000 -2.4271397851
933.0300000000 -2.4358739341
933.0400000000 -2.4442317481
933.0500000000 -2.4522113879
933.0600000000 -2.4598110898
933.0700000000 -2.4670291664
933.0800000000 -2.4738640065
933.0900000000 -2.4803140756
933.1000000000 -2.4863779163
933.1100000000 -2.4920541483
933.1200000000 -2.4973414691
933.1300000000 -2.5022386538
933.1400000000 -2.5067445557
933.1500000000 -2.5108581065
933.1600000000 -2.5145783162
933.1700000000 -2.5179042736
933.1800000000 -2.5208351464
933.1900000000 -2.5233701816
933.2000000000 -2.5255087049
933.2100000000 -2.5272501219
933.2200000000 -2.5285939173
933.2300000000 -2.5295396556
933.2400000000 -2.5300869808
933.2500000000 -2.5302356167
933.2600000000 -2.5299853670
933.2700000000 -2.5293361150
933.2800000000 -2.5282878241
933.2900000000 -2.5268405374
933.3000000000 -2.5249943779
933.3100000000 -2.5227495485
933.3200000000 -2.5201063317
933.3300000000 -2.5170650899
933.3400000000 -2.5136262652
933.3500000000 -2.5097903791
933.3600000000 -2.5055580327
933.3700000000 -2.5009299063
933.3800000000 -2.4959067597
933.3900000000 -2.4904894314
933.4000000000 -2.4846788390
933.4100000000 -2.4784759789
933.4200000000 -2.4718819257
933.4300000000 -2.4648978326
933.4400000000 -2.4575249306
933.4500000000 -2.4497645288
933.4600000000 -2.4416180136
933.4700000000 -2.4330868489
933.4800000000 -2.4241725753
933.4900000000 -2.4148768103
933.5000000000 -2.4052012477
933.5100000000 -2.3951476573
933.5200000000 -2.3847178845
933.5300000000 -2.3739138500
933.5400000000 -2.3627375496
933.5500000000 -2.3511910533
933.5600000000 -2.3392765053
933.5700000000 -2.3269961235
933.5800000000 -2.3143521991
933.5900000000 -2.3013470958
933.6000000000 -2.2879832497
933.6100000000 -2.2742631689
933.6200000000 -2.2601894324
933.6300000000 -2.2457646903
933.6400000000 -2.2309916627
933.6500000000 -2.2158731396
933.6600000000 -2.2004119800
933.6700000000 -2.1846111116
933.6800000000 -2.1684735298
933.6900000000 -2.1520022977
933.7000000000 -2.1352005450
933.7100000000 -2.1180714675
933.7200000000 -2.1006183265
933.7300000000 -2.0828444484
933.7400000000 -2.0647532234
933.7500000000 -2.0463481054
933.7600000000 -2.0276326110
933.7700000000 -2.0086103191
933.7800000000 -1.9892848697
933.7900000000 -1.9696599637
933.8000000000 -1.9497393617
933.8100000000 -1.9295268836
933.8200000000 -1.9090264077
933.8300000000 -1.8882418697
933.8400000000 -1.8671772625
933.8500000000 -1.8458366346
933.8600000000 -1.8242240900
933.8700000000 -1.8023437870
933.8800000000 -1.7801999374
933.8900000000 -1.7577968059
933.9000000000 -1.7351387088
933.9100000000 -1.7122300136
933.9200000000 -1.6890751377
933.9300000000 -1.6656785481
933.9400000000 -1.6420447596
933.9500000000 -1.6181783350
933.9600000000 -1.5940838832
933.9700000000 -1.5697660589
933.9800000000 -1.5452295613
933.9900000000 -1.5204791335
934.0000000000 -1.4955195612
934.0100000000 -1.4703556721
934.0200000000 -1.4449923345
934.0300000000 -1.4194344567
934.0400000000 -1.3936869860
934.0500000000 -1.3677549073
934.0600000000 -1.3416432426
934.0700000000 -1.3153570497
934.0800000000 -1.2889014213
934.0900000000 -1.2622814840
934.1000000000 -1.2355023971
934.1100000000 -1.2085693518
934.1200000000 -1.1814875698
934.1300000000 -1.1542623030
934.1400000000 -1.1268988314
934.1500000000 -1.0994024628
934.1600000000 -1.0717785317
934.1700000000 -1.0440323978
934.1800000000 -1.0161694453
934.1900000000 -0.9881950817
934.2000000000 -0.9601147367
934.2100000000 -0.9319338610
934.2200000000 -0.9036579256
934.2300000000 -0.8752924202
934.2400000000 -0.8468428525
934.2500000000 -0.8183147468
934.2600000000 -0.7897136432
934.2700000000 -0.7610450961
934.2800000000 -0.7323146734
934.2900000000 -0.7035279554
934.3000000000 -0.6746905335
934.3100000000 -0.6458080090
934.3200000000 -0.6168859922
934.3300000000 -0.5879301014
934.3400000000 -0.5589459614
934.3500000000 -0.5299392024
934.3600000000 -0.5009154593
934.3700000000 -0.4718803702
934.3800000000 -0.4428395753
934.3900000000 -0.4137987158
934.4000000000 -0.3847634328
934.4100000000 -0.3557393664
934.4200000000 -0.3267321540
934.4300000000 -0.2977474297
934.4400000000 -0.2687908230
934.4500000000 -0.2398679575
934.4600000000 -0.2109844500
934.4700000000 -0.1821459094
934.4800000000 -0.1533579353
934.4900000000 -0.1246261170
934.5000000000 -0.0959560328
934.5100000000 -0.0673532480
934.5200000000 -0.0388233147
934.5300000000 -0.0103717700
934.5400000000 0.0179958645
934.5500000000 0.0462740845
934.5600000000 0.0744574036
934.5700000000 0.1025403544
934.5800000000 0.1305174899
934.5900000000 0.1583833844
934.6000000000 0.1861326346
934.6100000000 0.2137598606
934.6200000000 0.2412597072
934.6300000000 0.2686268449
934.6400000000 0.2958559707
934.6500000000 0.3229418096
934.6600000000 0.3498791154
934.6700000000 0.3766626716
934.6800000000 0.4032872928
934.6900000000 0.4297478256
934.7000000000 0.4560391496
934.7100000000 0.4821561783
934.7200000000 0.5080938603
934.7300000000 0.5338471804
934.7400000000 0.5594111604
934.7500000000 0.5847808600
934.7600000000 0.6099513783
934.7700000000 0.6349178540
934.7800000000 0.6596754673
934.7900000000 0.6842194401
934.8000000000 0.7085450371
934.8100000000 0.7326475673
934.8200000000 0.7565223842
934.8300000000 0.7801648871
934.8400000000 0.8035705221
934.8500000000 0.8267347829
934.8600000000 0.8496532115
934.8700000000 0.8723213996
934.8800000000 0.8947349888
934.8900000000 0.9168896722
934.9000000000 0.9387811947
934.9100000000 0.9604053542
934.9200000000 0.9817580021
934.9300000000 1.0028350446
934.9400000000 1.0236324431
934.9500000000 1.0441462152
934.9600000000 1.0643724354
934.9700000000 1.0843072361
934.9800000000 1.1039468082
934.9900000000 1.1232874017
935.0000000000 1.1423253269
935.0100000000 1.1610569548
935.0200000000 1.1794787177
935.0300000000 1.1975871105
935.0400000000 1.2153786907
935.0500000000 1.2328500796
935.0600000000 1.2499979628
935.0700000000 1.2668190907
935.0800000000 1.2833102796
935.0900000000 1.2994684116
935.1000000000 1.3152904362
935.1100000000 1.3307733699
935.1200000000 1.3459142976
935.1300000000 1.3607103729
935.1400000000 1.3751588183
935.1500000000 1.3892569264
935.1600000000 1.4030020600
935.1700000000 1.4163916529
935.1800000000 1.4294232101
935.1900000000 1.4420943086
935.2000000000 1.4544025976
935.2100000000 1.4663457995
935.2200000000 1.4779217095
935.2300000000 1.4891281970
935.2400000000 1.4999632052
935.2500000000 1.5104247521
935.2600000000 1.5205109305
935.2700000000 1.5302199087
935.2800000000 1.5395499307
935.2900000000 1.5484993165
935.3000000000 1.5570664625
935.3100000000 1.5652498418
935.3200000000 1.5730480048
935.3300000000 1.5804595788
935.3400000000 1.5874832691
935.3500000000 1.5941178586
935.3600000000 1.6003622083
935.3700000000 1.6062152578
935.3800000000 1.6116760248
935.3900000000 1.6167436062
935.4000000000 1.6214171776
935.4100000000 1.6256959936
935.4200000000 1.6295793882
935.4300000000 1.6330667746
935.4400000000 1.6361576457
935.4500000000 1.6388515738
935.4600000000 1.6411482110
935.4700000000 1.6430472890
935.4800000000 1.6445486194
935.4900000000 1.6456520937
935.5000000000 1.6463576830
935.5100000000 1.6466654385
935.5200000000 1.6465754912
935.5300000000 1.6460880518
935.5400000000 1.6452034109
935.5500000000 1.6439219388
935.5600000000 1.6422440855
935.5700000000 1.6401703804
935.5800000000 1.6377014324
935.5900000000 1.6348379298
935.6000000000 1.6315806401
935.6100000000 1.6279304097
935.6200000000 1.6238881640
935.6300000000 1.6194549070
935.6400000000 1.6146317212
935.6500000000 1.6094197674
935.6600000000 1.6038202844
935.6700000000 1.5978345887
935.6800000000 1.5914640744
935.6900000000 1.5847102127
935.7000000000 1.5775745521
935.7100000000 1.5700587172
935.7200000000 1.5621644094
935.7300000000 1.5538934056
935.7400000000 1.5452475588
935.7500000000 1.5362287968
935.7600000000 1.5268391224
935.7700000000 1.5170806129
935.7800000000 1.5069554196
935.7900000000 1.4964657673
935.8000000000 1.4856139541
935.8100000000 1.4744023507
935.8200000000 1.4628334000
935.8300000000 1.4509096166
935.8400000000 1.4386335864
935.8500000000 1.4260079660
935.8600000000 1.4130354820
935.8700000000 1.3997189307
935.8800000000 1.3860611777
935.8900000000 1.3720651567
935.9000000000 1.3577338695
935.9100000000 1.3430703852
935.9200000000 1.3280778394
935.9300000000 1.3127594340
935.9400000000 1.2971184362
935.9500000000 1.2811581778
935.9600000000 1.2648820550
935.9700000000 1.2482935270
935.9800000000 1.2313961160
935.9900000000 1.2141934061
936.0000000000 1.1966890427
936.0100000000 1.1788867318
936.0200000000 1.1607902390
936.0300000000 1.1424033892
936.0400000000 1.1237300655
936.0500000000 1.1047742084
936.0600000000 1.0855398152
936.0700000000 1.0660309391
936.0800000000 1.0462516884
936.0900000000 1.0262062257
936.1000000000 1.0058987670
936.1100000000 0.9853335809
936.1200000000 0.9645149878
936.1300000000 0.9434473589
936.1400000000 0.9221351153
936.1500000000 0.9005827275
936.1600000000 0.8787947138
936.1700000000 0.8567756403
936.1800000000 0.8345301190
936.1900000000 0.8120628077
936.2000000000 0.7893784086
936.2100000000 0.7664816675
936.2200000000 0.7433773728
936.2300000000 0.7200703547
936.2400000000 0.6965654839
936.2500000000 0.6728676710
936.2600000000 0.6489818653
936.2700000000 0.6249130539
936.2800000000 0.6006662605
936.2900000000 0.5762465446
936.3000000000 0.5516590006
936.3100000000 0.5269087563
936.3200000000 0.5020009725
936.3300000000 0.4769408414
936.3400000000 0.4517335860
936.3500000000 0.4263844586
936.3600000000 0.4008987403
936.3700000000 0.3752817393
936.3800000000 0.3495387905
936.3900000000 0.3236752540
936.4000000000 0.2976965141
936.4100000000 0.2716079782
936.4200000000 0.2454150758
936.4300000000 0.2191232575
936.4400000000 0.1927379936
936.4500000000 0.1662647734
936.4600000000 0.1397091037
936.4700000000 0.1130765079
936.4800000000 0.0863725250
936.4900000000 0.0596027083
936.5000000000 0.0327726243
936.5100000000 0.0058878517
936.5200000000 -0.0210460198
936.5300000000 -0.0480233907
936.5400000000 -0.0750386524
936.5500000000 -0.1020861892
936.5600000000 -0.1291603783
936.5700000000 -0.1562555919
936.5800000000 -0.1833661979
936.5900000000 -0.2104865608
936.6000000000 -0.2376110434
936.6100000000 -0.2647340075
936.6200000000 -0.2918498151
936.6300000000 -0.3189528297
936.6400000000 -0.3460374172
936.6500000000 -0.3730979472
936.6600000000 -0.4001287942
936.6700000000 -0.4271243384
936.6800000000 -0.4540789671
936.6900000000 -0.4809870759
936.7000000000 -0.5078430695
936.7100000000 -0.5346413630
936.7200000000 -0.5613763832
936.7300000000 -0.5880425694
936.7400000000 -0.6146343747
936.7500000000 -0.6411462671
936.7600000000 -0.6675727304
936.7700000000 -0.6939082658
936.7800000000 -0.7201473924
936.7900000000 -0.7462846487
936.8000000000 -0.7723145937
936.8100000000 -0.7982318076
936.8200000000 -0.8240308935
936.8300000000 -0.8497064779
936.8400000000 -0.8752532120
936.8500000000 -0.9006657729
936.8600000000 -0.9259388646
936.8700000000 -0.9510672190
936.8800000000 -0.9760455968
936.8900000000 -1.0008687890
936.9000000000 -1.0255316175
936.9100000000 -1.0500289364
936.9200000000 -1.0743556329
936.9300000000 -1.0985066284
936.9400000000 -1.1224768794
936.9500000000 -1.1462613787
936.9600000000 -1.1698551562
936.9700000000 -1.1932532803
936.9800000000 -1.2164508582
936.9900000000 -1.2394430375
937.0000000000 -1.2622250069
937.0100000000 -1.2847919972
937.0200000000 -1.3071392823
937.0300000000 -1.3292621800
937.0400000000 -1.3511560531
937.0500000000 -1.3728163105
937.0600000000 -1.3942384077
937.0700000000 -1.4154178479
937.0800000000 -1.4363501829
937.0900000000 -1.4570310142
937.1000000000 -1.4774559934
937.1100000000 -1.4976208238
937.1200000000 -1.5175212603
937.1300000000 -1.5371531113
937.1400000000 -1.5565122385
937.1500000000 -1.5755945587
937.1600000000 -1.5943960439
937.1700000000 -1.6129127225
937.1800000000 -1.6311406799
937.1900000000 -1.6490760593
937.2000000000 -1.6667150628
937.2100000000 -1.6840539516
937.2200000000 -1.7010890472
937.2300000000 -1.7178167319
937.2400000000 -1.7342334496
937.2500000000 -1.7503357067
937.2600000000 -1.7661200723
937.2700000000 -1.7815831796
937.2800000000 -1.7967217258
937.2900000000 -1.8115324734
937.3000000000 -1.8260122505
937.3100000000 -1.8401579517
937.3200000000 -1.8539665381
937.3300000000 -1.8674350390
937.3400000000 -1.8805605513
937.3500000000 -1.8933402409
937.3600000000 -1.9057713431
937.3700000000 -1.9178511630
937.3800000000 -1.9295770758
937.3900000000 -1.9409465282
937.4000000000 -1.9519570378
937.4100000000 -1.9626061945
937.4200000000 -1.9728916606
937.4300000000 -1.9828111710
937.4400000000 -1.9923625343
937.4500000000 -2.0015436327
937.4600000000 -2.0103524227
937.4700000000 -2.0187869353
937.4800000000 -2.0268452768
937.4900000000 -2.0345256285
937.5000000000 -2.0418262479
937.5100000000 -2.0487454681
937.5200000000 -2.0552816992
937.5300000000 -2.0614334277
937.5400000000 -2.0671992173
937.5500000000 -2.0725777090
937.5600000000 -2.0775676215
937.5700000000 -2.0821677515
937.5800000000 -2.0863769734
937.5900000000 -2.0901942406
937.6000000000 -2.0936185844
937.6100000000 -2.0966491155
937.6200000000 -2.0992850230
937.6300000000 -2.1015255754
937.6400000000 -2.1033701203
937.6500000000 -2.1048180850
937.6600000000 -2.1058689758
937.6700000000 -2.1065223791
937.6800000000 -2.1067779605
937.6900000000 -2.1066354658
937.7000000000 -2.1060947202
937.7100000000 -2.1051556290
937.7200000000 -2.1038181773
937.7300000000 -2.1020824300
937.7400000000 -2.0999485319
937.7500000000 -2.0974167075
937.7600000000 -2.0944872613
937.7700000000 -2.0911605772
937.7800000000 -2.0874371190
937.7900000000 -2.0833174299
937.8000000000 -2.0788021326
937.8100000000 -2.0738919290
937.8200000000 -2.0685876003
937.8300000000 -2.0628900067
937.8400000000 -2.0568000871
937.8500000000 -2.0503188592
937.8600000000 -2.0434474191
937.8700000000 -2.0361869410
937.8800000000 -2.0285386773
937.8900000000 -2.0205039580
937.9000000000 -2.0120841906
937.9100000000 -2.0032808599
937.9200000000 -1.9940955274
937.9300000000 -1.9845298314
937.9400000000 -1.9745854862
937.9500000000 -1.9642642822
937.9600000000 -1.9535680854
937.9700000000 -1.9424988367
937.9800000000 -1.9310585522
937.9900000000 -1.9192493219
938.0000000000 -1.9070733102
938.0100000000 -1.8945327548
938.0200000000 -1.8816299666
938.0300000000 -1.8683673289
938.0400000000 -1.8547472974
938.0500000000 -1.8407723993
938.0600000000 -1.8264452331
938.0700000000 -1.8117684678
938.0800000000 -1.7967448424
938.0900000000 -1.7813771657
938.1000000000 -1.7656683152
938.1100000000 -1.7496212370
938.1200000000 -1.7332389450
938.1300000000 -1.7165245201
938.1400000000 -1.6994811101
938.1500000000 -1.6821119285
938.1600000000 -1.6644202542
938.1700000000 -1.6464094308
938.1800000000 -1.6280828658
938.1900000000 -1.6094440302
938.2000000000 -1.5904964574
938.2100000000 -1.5712437427
938.2200000000 -1.5516895427
938.2300000000 -1.5318375744
938.2400000000 -1.5116916145
938.2500000000 -1.4912554986
938.2600000000 -1.4705331206
938.2700000000 -1.4495284317
938.2800000000 -1.4282454397
938.2900000000 -1.4066882082
938.3000000000 -1.3848608558
938.3100000000 -1.3627675553
938.3200000000 -1.3404125327
938.3300000000 -1.3178000667
938.3400000000 -1.2949344875
938.3500000000 -1.2718201759
938.3600000000 -1.2484615628
938.3700000000 -1.2248631281
938.3800000000 -1.2010293995
938.3900000000 -1.1769649521
938.4000000000 -1.1526744074
938.4100000000 -1.1281624318
938.4200000000 -1.1034337366
938.4300000000 -1.0784930763
938.4400000000 -1.0533452478
938.4500000000 -1.0279950898
938.4600000000 -1.0024474814
938.4700000000 -0.9767073414
938.4800000000 -0.9507796270
938.4900000000 -0.9246693333
938.5000000000 -0.8983814919
938.5100000000 -0.8719211699
938.5200000000 -0.8452934691
938.5300000000 -0.8185035249
938.5400000000 -0.7915565051
938.5500000000 -0.7644576091
938.5600000000 -0.7372120668
938.5700000000 -0.7098251374
938.5800000000 -0.6823021086
938.5900000000 -0.6546482952
938.6000000000 -0.6268690385
938.6100000000 -0.5989697046
938.6200000000 -0.5709556840
938.6300000000 -0.5428323901
938.6400000000 -0.5146052582
938.6500000000 -0.4862797445
938.6600000000 -0.4578613248
938.6700000000 -0.4293554937
938.6800000000 -0.4007677632
938.6900000000 -0.3721036619
938.7000000000 -0.3433687335
938.7100000000 -0.3145685361
938.7200000000 -0.2857086409
938.7300000000 -0.2567946309
938.7400000000 -0.2278321001
938.7500000000 -0.1988266523
938.7600000000 -0.1697838998
938.7700000000 -0.1407094625
938.7800000000 -0.1116089665
938.7900000000 -0.0824880434
938.8000000000 -0.0533523286
938.8100000000 -0.0242074607
938.8200000000 0.0049409198
938.8300000000 0.0340871719
938.8400000000 0.0632256549
938.8500000000 0.0923507296
938.8600000000 0.1214567594
938.8700000000 0.1505381118
938.8800000000 0.1795891589
938.8900000000 0.2086042791
938.9000000000 0.2375778577
938.9100000000 0.2665042886
938.9200000000 0.2953779750
938.9300000000 0.3241933307
938.9400000000 0.3529447812
938.9500000000 0.3816267646
938.9600000000 0.4102337331
938.9700000000 0.4387601539
938.9800000000 0.4672005103
938.9900000000 0.4955493029
939.0000000000 0.5238010504
939.0100000000 0.5519502912
939.0200000000 0.5799915841
939.0300000000 0.6079195097
939.0400000000 0.6357286709
939.0500000000 0.6634136949
939.0600000000 0.6909692333
939.0700000000 0.7183899640
939.0800000000 0.7456705917
939.0900000000 0.7728058493
939.1000000000 0.7997904986
939.1100000000 0.8266193319
939.1200000000 0.8532871724
939.1300000000 0.8797888757
939.1400000000 0.9061193307
939.1500000000 0.9322734606
939.1600000000 0.9582462238
939.1700000000 0.9840326153
939.1800000000 1.0096276672
939.1900000000 1.0350264499
939.2000000000 1.0602240735
939.2100000000 1.0852156879
939.2200000000 1.1099964847
939.2300000000 1.1345616974
939.2400000000 1.1589066030
939.2500000000 1.1830265225
939.2600000000 1.2069168219
939.2700000000 1.2305729132
939.2800000000 1.2539902556
939.2900000000 1.2771643559
939.3000000000 1.3000907697
939.3100000000 1.3227651021
939.3200000000 1.3451830090
939.3300000000 1.3673401974
939.3400000000 1.3892324267
939.3500000000 1.4108555094
939.3600000000 1.4322053118
939.3700000000 1.4532777550
939.3800000000 1.4740688158
939.3900000000 1.4945745273
939.4000000000 1.5147909797
939.4100000000 1.5347143213
939.4200000000 1.5543407591
939.4300000000 1.5736665595
939.4400000000 1.5926880492
939.4500000000 1.6114016160
939.4600000000 1.6298037091
939.4700000000 1.6478908404
939.4800000000 1.6656595849
939.4900000000 1.6831065812
939.5000000000 1.7002285326
939.5100000000 1.7170222072
939.5200000000 1.7334844394
939.5300000000 1.7496121295
939.5400000000 1.7654022451
939.5500000000 1.7808518215
939.5600000000 1.7959579620
939.5700000000 1.8107178390
939.5800000000 1.8251286940
939.5900000000 1.8391878387
939.6000000000 1.8528926551
939.6100000000 1.8662405963
939.6200000000 1.8792291869
939.6300000000 1.8918560234
939.6400000000 1.9041187749
939.6500000000 1.9160151835
939.6600000000 1.9275430645
939.6700000000 1.9387003073
939.6800000000 1.9494848755
939.6900000000 1.9598948072
939.7000000000 1.9699282158
939.7100000000 1.9795832901
939.7200000000 1.9888582945
939.7300000000 1.9977515698
939.7400000000 2.0062615333
939.7500000000 2.0143866790
939.7600000000 2.0221255779
939.7700000000 2.0294768787
939.7800000000 2.0364393075
939.7900000000 2.0430116685
939.8000000000 2.0491928440
939.8100000000 2.0549817945
939.8200000000 2.0603775595
939.8300000000 2.0653792568
939.8400000000 2.0699860837
939.8500000000 2.0741973161
939.8600000000 2.0780123095
939.8700000000 2.0814304986
939.8800000000 2.0844513979
939.8900000000 2.0870746012
939.9000000000 2.0892997821
939.9100000000 2.0911266940
939.9200000000 2.0925551701
939.9300000000 2.0935851232
939.9400000000 2.0942165464
939.9500000000 2.0944495123
939.9600000000 2.0942841734
939.9700000000 2.0937207621
939.9800000000 2.0927595905
939.9900000000 2.0914010504
940.0000000000 2.0896456132
940.0100000000 2.0874938299
940.0200000000 2.0849463309
940.0300000000 2.0820038258
940.0400000000 2.0786671035
940.0500000000 2.0749370316
940.0600000000 2.0708145568
940.0700000000 2.0663007043
940.0800000000 2.0613965778
940.0900000000 2.0561033590
940.1000000000 2.0504223078
940.1100000000 2.0443547616
940.1200000000 2.0379021354
940.1300000000 2.0310659213
940.1400000000 2.0238476881
940.1500000000 2.0162490814
940.1600000000 2.0082718227
940.1700000000 1.9999177097
940.1800000000 1.9911886154
940.1900000000 1.9820864879
940.2000000000 1.9726133501
940.2100000000 1.9627712993
940.2200000000 1.9525625065
940.2300000000 1.9419892164
940.2400000000 1.9310537466
940.2500000000 1.9197584872
940.2600000000 1.9081059006
940.2700000000 1.8960985205
940.2800000000 1.8837389518
940.2900000000 1.8710298701
940.3000000000 1.8579740208
940.3100000000 1.8445742188
940.3200000000 1.8308333480
940.3300000000 1.8167543605
940.3400000000 1.8023402762
940.3500000000 1.7875941822
940.3600000000 1.7725192319
940.3700000000 1.7571186448
940.3800000000 1.7413957054
940.3900000000 1.7253537630
940.4000000000 1.7089962305
940.4100000000 1.6923265844
940.4200000000 1.6753483633
940.4300000000 1.6580651679
940.4400000000 1.6404806599
940.4500000000 1.6225985613
940.4600000000 1.6044226537
940.4700000000 1.5859567776
940.4800000000 1.5672048315
940.4900000000 1.5481707713
940.5000000000 1.5288586092
940.5100000000 1.5092724134
940.5200000000 1.4894163066
940.5300000000 1.4692944658
940.5400000000 1.4489111212
940.5500000000 1.4282705552
940.5600000000 1.4073771019
940.5700000000 1.3862351459
940.5800000000 1.3648491216
940.5900000000 1.3432235124
940.6000000000 1.3213628493
940.6100000000 1.2992717106
940.6200000000 1.2769547209
940.6300000000 1.2544165497
940.6400000000 1.2316619110
940.6500000000 1.2086955620
940.6600000000 1.1855223022
940.6700000000 1.1621469727
940.6800000000 1.1385744550
940.6900000000 1.1148096700
940.7000000000 1.0908575771
940.7100000000 1.0667231732
940.7200000000 1.0424114916
940.7300000000 1.0179276012
940.7400000000 0.9932766052
940.7500000000 0.9684636403
940.7600000000 0.9434938758
940.7700000000 0.9183725119
940.7800000000 0.8931047796
940.7900000000 0.8676959388
940.8000000000 0.8421512779
940.8100000000 0.8164761122
940.8200000000 0.7906757833
940.8300000000 0.7647556578
940.8400000000 0.7387211260
940.8500000000 0.7125776014
940.8600000000 0.6863305190
940.8700000000 0.6599853346
940.8800000000 0.6335475236
940.8900000000 0.6070225799
940.9000000000 0.5804160147
940.9100000000 0.5537333555
940.9200000000 0.5269801452
940.9300000000 0.5001619405
940.9400000000 0.4732843110
940.9500000000 0.4463528385
940.9600000000 0.4193731151
940.9700000000 0.3923507428
940.9800000000 0.3652913319
940.9900000000 0.3382005000
941.0000000000 0.3110838711
941.0100000000 0.2839470742
941.0200000000 0.2567957422
941.0300000000 0.2296355109
941.0400000000 0.2024720177
941.0500000000 0.1753109009
941.0600000000 0.1481577977
941.0700000000 0.1210183441
941.0800000000 0.0938981729
941.0900000000 0.0668029133
941.1000000000 0.0397381892
941.1100000000 0.0127096182
941.1200000000 -0.0142771891
941.1300000000 -0.0412166309
941.1400000000 -0.0681031148
941.1500000000 -0.0949310591
941.1600000000 -0.1216948941
941.1700000000 -0.1483890628
941.1800000000 -0.1750080224
941.1900000000 -0.2015462453
941.2000000000 -0.2279982200
941.2100000000 -0.2543584526
941.2200000000 -0.2806214676
941.2300000000 -0.3067818090
941.2400000000 -0.3328340415
941.2500000000 -0.3587727517
941.2600000000 -0.3845925490
941.2700000000 -0.4102880665
941.2800000000 -0.4358539626
941.2900000000 -0.4612849218
941.3000000000 -0.4865756554
941.3100000000 -0.5117209033
941.3200000000 -0.5367154344
941.3300000000 -0.5615540481
941.3400000000 -0.5862315749
941.3500000000 -0.6107428780
941.3600000000 -0.6350828539
941.3700000000 -0.6592464334
941.3800000000 -0.6832285829
941.3900000000 -0.7070243052
941.4000000000 -0.7306286408
941.4100000000 -0.7540366683
941.4200000000 -0.7772435060
941.4300000000 -0.8002443126
941.4400000000 -0.8230342882
941.4500000000 -0.8456086752
941.4600000000 -0.8679627594
941.4700000000 -0.8900918707
941.4800000000 -0.9119913846
941.4900000000 -0.9336567222
941.5000000000 -0.9550833521
941.5100000000 -0.9762667906
941.5200000000 -0.9972026029
941.5300000000 -1.0178864041
941.5400000000 -1.0383138597
941.5500000000 -1.0584806868
941.5600000000 -1.0783826550
941.5700000000 -1.0980155867
941.5800000000 -1.1173753588
941.5900000000 -1.1364579028
941.6000000000 -1.1552592060
941.6100000000 -1.1737753120
941.6200000000 -1.1920023220
941.6300000000 -1.2099363950
941.6400000000 -1.2275737489
941.6500000000 -1.2449106612
941.6600000000 -1.2619434697
941.6700000000 -1.2786685735
941.6800000000 -1.2950824332
941.6900000000 -1.3111815721
941.7000000000 -1.3269625765
941.7100000000 -1.3424220968
941.7200000000 -1.3575568479
941.7300000000 -1.3723636099
941.7400000000 -1.3868392287
941.7500000000 -1.4009806168
941.7600000000 -1.4147847537
941.7700000000 -1.4282486868
941.7800000000 -1.4413695317
941.7900000000 -1.4541444729
941.8000000000 -1.4665707643
941.8100000000 -1.4786457299
941.8200000000 -1.4903667643
941.8300000000 -1.5017313330
941.8400000000 -1.5127369731
941.8500000000 -1.5233812940
941.8600000000 -1.5336619775
941.8700000000 -1.5435767782
941.8800000000 -1.5531235245
941.8900000000 -1.5623001185
941.9000000000 -1.5711045368
941.9100000000 -1.5795348305
941.9200000000 -1.5875891261
941.9300000000 -1.5952656252
941.9400000000 -1.6025626057
941.9500000000 -1.6094784214
941.9600000000 -1.6160115027
941.9700000000 -1.6221603569
941.9800000000 -1.6279235684
941.9900000000 -1.6332997991
942.0000000000 -1.6382877885
942.0100000000 -1.6428863541
942.0200000000 -1.6470943916
942.0300000000 -1.6509108751
942.0400000000 -1.6543348573
942.0500000000 -1.6573654697
942.0600000000 -1.6600019229
942.0700000000 -1.6622435064
942.0800000000 -1.6640895892
942.0900000000 -1.6655396197
942.1000000000 -1.6665931257
942.1100000000 -1.6672497146
942.1200000000 -1.6675090737
942.1300000000 -1.6673709698
942.1400000000 -1.6668352497
942.1500000000 -1.6659018399
942.1600000000 -1.6645707469
942.1700000000 -1.6628420569
942.1800000000 -1.6607159360
942.1900000000 -1.6581926301
942.2000000000 -1.6552724648
942.2100000000 -1.6519558455
942.2200000000 -1.6482432571
942.2300000000 -1.6441352640
942.2400000000 -1.6396325101
942.2500000000 -1.6347357183
942.2600000000 -1.6294456911
942.2700000000 -1.6237633095
942.2800000000 -1.6176895335
942.2900000000 -1.6112254016
942.3000000000 -1.6043720308
942.3100000000 -1.5971306161
942.3200000000 -1.5895024307
942.3300000000 -1.5814888250
942.3400000000 -1.5730912273
942.3500000000 -1.5643111427
942.3600000000 -1.5551501531
942.3700000000 -1.5456099171
942.3800000000 -1.5356921693
942.3900000000 -1.5253987201
942.4000000000 -1.5147314553
942.4100000000 -1.5036923361
942.4200000000 -1.4922833979
942.4300000000 -1.4805067508
942.4400000000 -1.4683645783
942.4500000000 -1.4558591378
942.4600000000 -1.4429927592
942.4700000000 -1.4297678453
942.4800000000 -1.4161868706
942.4900000000 -1.4022523812
942.5000000000 -1.3879669942
942.5100000000 -1.3733333973
942.5200000000 -1.3583543479
942.5300000000 -1.3430326730
942.5400000000 -1.3273712683
942.5500000000 -1.3113730978
942.5600000000 -1.2950411931
942.5700000000 -1.2783786529
942.5800000000 -1.2613886422
942.5900000000 -1.2440743919
942.6000000000 -1.2264391980
942.6100000000 -1.2084864209
942.6200000000 -1.1902194849
942.6300000000 -1.1716418773
942.6400000000 -1.1527571480
942.6500000000 -1.1335689083
942.6600000000 -1.1140808309
942.6700000000 -1.0942966484
942.6800000000 -1.0742201529
942.6900000000 -1.0538551955
942.7000000000 -1.0332056851
942.7100000000 -1.0122755876
942.7200000000 -0.9910689256
942.7300000000 -0.9695897772
942.7400000000 -0.9478422750
942.7500000000 -0.9258306060
942.7600000000 -0.9035590097
942.7700000000 -0.8810317785
942.7800000000 -0.8582532556
942.7900000000 -0.8352278351
942.8000000000 -0.8119599605
942.8100000000 -0.7884541242
942.8200000000 -0.7647148664
942.8300000000 -0.7407467742
942.8400000000 -0.7165544806
942.8500000000 -0.6921426639
942.8600000000 -0.6675160464
942.8700000000 -0.6426793937
942.8800000000 -0.6176375135
942.8900000000 -0.5923952549
942.9000000000 -0.5669575073
942.9100000000 -0.5413291993
942.9200000000 -0.5155152979
942.9300000000 -0.4895208077
942.9400000000 -0.4633507692
942.9500000000 -0.4370102585
942.9600000000 -0.4105043859
942.9700000000 -0.3838382952
942.9800000000 -0.3570171621
942.9900000000 -0.3300461939
943.0000000000 -0.3029306277
943.0100000000 -0.2756757301
943.0200000000 -0.2482867954
943.0300000000 -0.2207691452
943.0400000000 -0.1931281270
943.0500000000 -0.1653691129
943.0600000000 -0.1374974992
943.0700000000 -0.1095187045
943.0800000000 -0.0814381695
943.0900000000 -0.0532613549
943.1000000000 -0.0249937412
943.1100000000 0.0033591728
943.1200000000 0.0317918712
943.1300000000 0.0602988218
943.1400000000 0.0888744776
943.1500000000 0.1175132774
943.1600000000 0.1462096474
943.1700000000 0.1749580021
943.1800000000 0.2037527455
943.1900000000 0.2325882719
943.2000000000 0.2614589675
943.2100000000 0.2903592114
943.2200000000 0.3192833764
943.2300000000 0.3482258305
943.2400000000 0.3771809379
943.2500000000 0.4061430601
943.2600000000 0.4351065569
943.2700000000 0.4640657881
943.2800000000 0.4930151137
943.2900000000 0.5219488959
943.3000000000 0.5508614998
943.3100000000 0.5797472946
943.3200000000 0.6086006546
943.3300000000 0.6374159606
943.3400000000 0.6661876010
943.3500000000 0.6949099726
943.3600000000 0.7235774819
943.3700000000 0.7521845466
943.3800000000 0.7807255960
943.3900000000 0.8091950727
943.4000000000 0.8375874334
943.4100000000 0.8658971502
943.4200000000 0.8941187117
943.4300000000 0.9222466238
943.4400000000 0.9502754113
943.4500000000 0.9781996184
943.4600000000 1.0060138105
943.4700000000 1.0337125747
943.4800000000 1.0612905211
943.4900000000 1.0887422840
943.5000000000 1.1160625227
943.5100000000 1.1432459228
943.5200000000 1.1702871971
943.5300000000 1.1971810871
943.5400000000 1.2239223632
943.5500000000 1.2505058266
943.5600000000 1.2769263099
943.5700000000 1.3031786782
943.5800000000 1.3292578302
943.5900000000 1.3551586992
943.6000000000 1.3808762540
943.6100000000 1.4064055002
943.6200000000 1.4317414807
943.6300000000 1.4568792773
943.6400000000 1.4818140113
943.6500000000 1.5065408445
943.6600000000 1.5310549803
943.6700000000 1.5553516645
943.6800000000 1.5794261865
943.6900000000 1.6032738800
943.7000000000 1.6268901241
943.7100000000 1.6502703440
943.7200000000 1.6734100123
943.7300000000 1.6963046494
943.7400000000 1.7189498250
943.7500000000 1.7413411585
943.7600000000 1.7634743199
943.7700000000 1.7853450311
943.7800000000 1.8069490662
943.7900000000 1.8282822529
943.8000000000 1.8493404729
943.8100000000 1.8701196627
943.8200000000 1.8906158150
943.8300000000 1.9108249787
943.8400000000 1.9307432603
943.8500000000 1.9503668245
943.8600000000 1.9696918949
943.8700000000 1.9887147546
943.8800000000 2.0074317474
943.8900000000 2.0258392782
943.9000000000 2.0439338138
943.9100000000 2.0617118834
943.9200000000 2.0791700799
943.9300000000 2.0963050597
943.9400000000 2.1131135443
943.9500000000 2.1295923202
943.9600000000 2.1457382400
943.9700000000 2.1615482229
943.9800000000 2.1770192551
943.9900000000 2.1921483907
944.0000000000 2.2069327525
944.0100000000 2.2213695318
944.0200000000 2.2354559896
944.0300000000 2.2491894572
944.0400000000 2.2625673362
944.0500000000 2.2755870996
944.0600000000 2.2882462918
944.0700000000 2.3005425295
944.0800000000 2.3124735020
944.0900000000 2.3240369716
944.1000000000 2.3352307742
944.1100000000 2.3460528197
944.1200000000 2.3565010922
944.1300000000 2.3665736508
944.1400000000 2.3762686296
944.1500000000 2.3855842383
944.1600000000 2.3945187626
944.1700000000 2.4030705643
944.1800000000 2.4112380819
944.1900000000 2.4190198306
944.2000000000 2.4264144030
944.2100000000 2.4334204691
944.2200000000 2.4400367766
944.2300000000 2.4462621512
944.2400000000 2.4520954968
944.2500000000 2.4575357958
944.2600000000 2.4625821091
944.2700000000 2.4672335767
944.2800000000 2.4714894173
944.2900000000 2.4753489289
944.3000000000 2.4788114889
944.3100000000 2.4818765540
944.3200000000 2.4845436604
944.3300000000 2.4868124240
944.3400000000 2.4886825405
944.3500000000 2.4901537851
944.3600000000 2.4912260130
944.3700000000 2.4918991592
944.3800000000 2.4921732387
944.3900000000 2.4920483460
944.4000000000 2.4915246557
944.4100000000 2.4906024222
944.4200000000 2.4892819795
944.4300000000 2.4875637413
944.4400000000 2.4854482009
944.4500000000 2.4829359313
944.4600000000 2.4800275845
944.4700000000 2.4767238921
944.4800000000 2.4730256646
944.4900000000 2.4689337914
944.5000000000 2.4644492409
944.5100000000 2.4595730597
944.5200000000 2.4543063731
944.5300000000 2.4486503844
944.5400000000 2.4426063747
944.5500000000 2.4361757028
944.5600000000 2.4293598049
944.5700000000 2.4221601943
944.5800000000 2.4145784608
944.5900000000 2.4066162711
944.6000000000 2.3982753675
944.6100000000 2.3895575684
944.6200000000 2.3804647675
944.6300000000 2.3709989336
944.6400000000 2.3611621100
944.6500000000 2.3509564142
944.6600000000 2.3403840376
944.6700000000 2.3294472450
944.6800000000 2.3181483738
944.6900000000 2.3064898342
944.7000000000 2.2944741080
944.7100000000 2.2821037486
944.7200000000 2.2693813805
944.7300000000 2.2563096983
944.7400000000 2.2428914666
944.7500000000 2.2291295193
944.7600000000 2.2150267592
944.7700000000 2.2005861569
944.7800000000 2.1858107510
944.7900000000 2.1707036466
944.8000000000 2.1552680155
944.8100000000 2.1395070950
944.8200000000 2.1234241876
944.8300000000 2.1070226599
944.8400000000 2.0903059426
944.8500000000 2.0732775290
944.8600000000 2.0559409752
944.8700000000 2.0382998983
944.8800000000 2.0203579769
944.8900000000 2.0021189494
944.9000000000 1.9835866136
944.9100000000 1.9647648259
944.9200000000 1.9456575009
944.9300000000 1.9262686098
944.9400000000 1.9066021803
944.9500000000 1.8866622957
944.9600000000 1.8664530938
944.9700000000 1.8459787661
944.9800000000 1.8252435573
944.9900000000 1.8042517642
945.0000000000 1.7830077346
945.0100000000 1.7615158672
945.0200000000 1.7397806097
945.0300000000 1.7178064587
945.0400000000 1.6955979585
945.0500000000 1.6731597000
945.0600000000 1.6504963204
945.0700000000 1.6276125014
945.0800000000 1.6045129690
945.0900000000 1.5812024923
945.1000000000 1.5576858822
945.1100000000 1.5339679911
945.1200000000 1.5100537114
945.1300000000 1.4859479747
945.1400000000 1.4616557509
945.1500000000 1.4371820470
945.1600000000 1.4125319062
945.1700000000 1.3877104070
945.1800000000 1.3627226620
945.1900000000 1.3375738170
945.2000000000 1.3122690499
945.2100000000 1.2868135696
945.2200000000 1.2612126151
945.2300000000 1.2354714545
945.2400000000 1.2095953835
945.2500000000 1.1835897251
945.2600000000 1.1574598277
945.2700000000 1.1312110648
945.2800000000 1.1048488331
945.2900000000 1.0783785523
945.3000000000 1.0518056634
945.3100000000 1.0251356277
945.3200000000 0.9983739259
945.3300000000 0.9715260569
945.3400000000 0.9445975366
945.3500000000 0.9175938971
945.3600000000 0.8905206850
945.3700000000 0.8633834611
945.3800000000 0.8361877985
945.3900000000 0.8089392821
945.4000000000 0.7816435069
945.4100000000 0.7543060775
945.4200000000 0.7269326065
945.4300000000 0.6995287136
945.4400000000 0.6721000243
945.4500000000 0.6446521690
945.4600000000 0.6171907818
945.4700000000 0.5897214992
945.4800000000 0.5622499591
945.4900000000 0.5347817998
945.5000000000 0.5073226585
945.5100000000 0.4798781707
945.5200000000 0.4524539686
945.5300000000 0.4250556801
945.5400000000 0.3976889278
945.5500000000 0.3703593278
945.5600000000 0.3430724884
945.5700000000 0.3158340095
945.5800000000 0.2886494807
945.5900000000 0.2615244809
945.6000000000 0.2344645766
945.6100000000 0.2074753213
945.6200000000 0.1805622541
945.6300000000 0.1537308984
945.6400000000 0.1269867615
945.6500000000 0.1003353325
945.6600000000 0.0737820820
945.6700000000 0.0473324607
945.6800000000 0.0209918984
945.6900000000 -0.0052341974
945.7000000000 -0.0313404420
945.7100000000 -0.0573214754
945.7200000000 -0.0831719623
945.7300000000 -0.1088865942
945.7400000000 -0.1344600900
945.7500000000 -0.1598871968
945.7600000000 -0.1851626917
945.7700000000 -0.2102813818
945.7800000000 -0.2352381065
945.7900000000 -0.2600277372
945.8000000000 -0.2846451796
945.8100000000 -0.3090853737
945.8200000000 -0.3333432955
945.8300000000 -0.3574139574
945.8400000000 -0.3812924099
945.8500000000 -0.4049737421
945.8600000000 -0.4284530827
945.8700000000 -0.4517256013
945.8800000000 -0.4747865090
945.8900000000 -0.4976310595
945.9000000000 -0.5202545504
945.9100000000 -0.5426523233
945.9200000000 -0.5648197657
945.9300000000 -0.5867523112
945.9400000000 -0.6084454408
945.9500000000 -0.6298946838
945.9600000000 -0.6510956183
945.9700000000 -0.6720438728
945.9800000000 -0.6927351262
945.9900000000 -0.7131651095
946.0000000000 -0.7333296060
946.0100000000 -0.7532244527
946.0200000000 -0.7728455406
946.0300000000 -0.7921888160
946.0400000000 -0.8112502809
946.0500000000 -0.8300259942
946.0600000000 -0.8485120722
946.0700000000 -0.8667046893
946.0800000000 -0.8846000793
946.0900000000 -0.9021945355
946.1000000000 -0.9194844118
946.1100000000 -0.9364661235
946.1200000000 -0.9531361476
946.1300000000 -0.9694910241
946.1400000000 -0.9855273562
946.1500000000 -1.0012418113
946.1600000000 -1.0166311213
946.1700000000 -1.0316920838
946.1800000000 -1.0464215622
946.1900000000 -1.0608164866
946.2000000000 -1.0748738545
946.2100000000 -1.0885907312
946.2200000000 -1.1019642504
946.2300000000 -1.1149916150
946.2400000000 -1.1276700973
946.2500000000 -1.1399970399
946.2600000000 -1.1519698560
946.2700000000 -1.1635860302
946.2800000000 -1.1748431185
946.2900000000 -1.1857387493
946.3000000000 -1.1962706236
946.3100000000 -1.2064365157
946.3200000000 -1.2162342731
946.3300000000 -1.2256618178
946.3400000000 -1.2347171458
946.3500000000 -1.2433983281
946.3600000000 -1.2517035110
946.3700000000 -1.2596309164
946.3800000000 -1.2671788419
946.3900000000 -1.2743456617
946.4000000000 -1.2811298263
946.4100000000 -1.2875298634
946.4200000000 -1.2935443777
946.4300000000 -1.2991720517
946.4400000000 -1.3044116453
946.4500000000 -1.3092619967
946.4600000000 -1.3137220221
946.4700000000 -1.3177907164
946.4800000000 -1.3214671530
946.4900000000 -1.3247504842
946.5000000000 -1.3276399413
946.5100000000 -1.3301348350
946.5200000000 -1.3322345549
946.5300000000 -1.3339385703
946.5400000000 -1.3352464301
946.5500000000 -1.3361577626
946.5600000000 -1.3366722759
946.5700000000 -1.3367897581
946.5800000000 -1.3365100768
946.5900000000 -1.3358331795
946.6000000000 -1.3347590936
946.6100000000 -1.3332879264
946.6200000000 -1.3314198649
946.6300000000 -1.3291551760
946.6400000000 -1.3264942062
946.6500000000 -1.3234373817
946.6600000000 -1.3199852084
946.6700000000 -1.3161382715
946.6800000000 -1.3118972356
946.6900000000 -1.3072628446
946.7000000000 -1.3022359214
946.7100000000 -1.2968173678
946.7200000000 -1.2910081644
946.7300000000 -1.2848093702
946.7400000000 -1.2782221227
946.7500000000 -1.2712476374
946.7600000000 -1.2638872077
946.7700000000 -1.2561422043
946.7800000000 -1.2480140757
946.7900000000 -1.2395043470
946.8000000000 -1.2306146203
946.8100000000 -1.2213465739
946.8200000000 -1.2117019623
946.8300000000 -1.2016826156
946.8400000000 -1.1912904394
946.8500000000 -1.1805274140
946.8600000000 -1.1693955946
946.8700000000 -1.1578971102
946.8800000000 -1.1460341637
946.8900000000 -1.1338090314
946.9000000000 -1.1212240622
946.9100000000 -1.1082816775
946.9200000000 -1.0949843705
946.9300000000 -1.0813347058
946.9400000000 -1.0673353188
946.9500000000 -1.0529889154
946.9600000000 -1.0382982710
946.9700000000 -1.0232662306
946.9800000000 -1.0078957075
946.9900000000 -0.9921896832
947.0000000000 -0.9761512068
947.0100000000 -0.9597833942
947.0200000000 -0.9430894274
947.0300000000 -0.9260725541
947.0400000000 -0.9087360871
947.0500000000 -0.8910834033
947.0600000000 -0.8731179432
947.0700000000 -0.8548432103
947.0800000000 -0.8362627703
947.0900000000 -0.8173802505
947.1000000000 -0.7981993389
947.1100000000 -0.7787237834
947.1200000000 -0.7589573913
947.1300000000 -0.7389040286
947.1400000000 -0.7185676187
947.1500000000 -0.6979521423
947.1600000000 -0.6770616359
947.1700000000 -0.6559001918
947.1800000000 -0.6344719565
947.1900000000 -0.6127811302
947.2000000000 -0.5908319662
947.2100000000 -0.5686287696
947.2200000000 -0.5461758968
947.2300000000 -0.5234777542
947.2400000000 -0.5005387979
947.2500000000 -0.4773635324
947.2600000000 -0.4539565096
947.2700000000 -0.4303223284
947.2800000000 -0.4064656333
947.2900000000 -0.3823911135
947.3000000000 -0.3581035022
947.3100000000 -0.3336075757
947.3200000000 -0.3089081520
947.3300000000 -0.2840100903
947.3400000000 -0.2589182897
947.3500000000 -0.2336376885
947.3600000000 -0.2081732629
947.3700000000 -0.1825300265
947.3800000000 -0.1567130285
947.3900000000 -0.1307273535
947.4000000000 -0.1045781200
947.4100000000 -0.0782704795
947.4200000000 -0.0518096156
947.4300000000 -0.0252007427
947.4400000000 0.0015508950
947.4500000000 0.0284400242
947.4600000000 0.0554613440
947.4700000000 0.0826095267
947.4800000000 0.1098792190
947.4900000000 0.1372650430
947.5000000000 0.1647615974
947.5100000000 0.1923634583
947.5200000000 0.2200651805
947.5300000000 0.2478612988
947.5400000000 0.2757463286
947.5500000000 0.3037147673
947.5600000000 0.3317610955
947.5700000000 0.3598797778
947.5800000000 0.3880652642
947.5900000000 0.4163119910
947.6000000000 0.4446143820
947.6100000000 0.4729668498
947.6200000000 0.5013637966
947.6300000000 0.5297996154
947.6400000000 0.5582686914
947.6500000000 0.5867654026
947.6600000000 0.6152841216
947.6700000000 0.6438192162
947.6800000000 0.6723650506
947.6900000000 0.7009159867
947.7000000000 0.7294663854
947.7100000000 0.7580106071
947.7200000000 0.7865430135
947.7300000000 0.8150579683
947.7400000000 0.8435498386
947.7500000000 0.8720129958
947.7600000000 0.9004418170
947.7700000000 0.9288306857
947.7800000000 0.9571739935
947.7900000000 0.9854661407
947.8000000000 1.0137015378
947.8100000000 1.0418746062
947.8200000000 1.0699797799
947.8300000000 1.0980115061
947.8400000000 1.1259642466
947.8500000000 1.1538324786
947.8600000000 1.1816106965
947.8700000000 1.2092934120
947.8800000000 1.2368751560
947.8900000000 1.2643504794
947.9000000000 1.2917139542
947.9100000000 1.3189601747
947.9200000000 1.3460837583
947.9300000000 1.3730793469
947.9400000000 1.3999416079
947.9500000000 1.4266652349
947.9600000000 1.4532449496
947.9700000000 1.4796755019
947.9800000000 1.5059516714
947.9900000000 1.5320682688
948.0000000000 1.5580201363
948.0100000000 1.5838021488
948.0200000000 1.6094092153
948.0300000000 1.6348362795
948.0400000000 1.6600783210
948.0500000000 1.6851303564
948.0600000000 1.7099874399
948.0700000000 1.7346446648
948.0800000000 1.7590971643
948.0900000000 1.7833401121
948.1000000000 1.8073687241
948.1100000000 1.8311782586
948.1200000000 1.8547640179
948.1300000000 1.8781213487
948.1400000000 1.9012456435
948.1500000000 1.9241323411
948.1600000000 1.9467769278
948.1700000000 1.9691749383
948.1800000000 1.9913219564
948.1900000000 2.0132136160
948.2000000000 2.0348456022
948.2100000000 2.0562136516
948.2200000000 2.0773135538
948.2300000000 2.0981411516
948.2400000000 2.1186923427
948.2500000000 2.1389630794
948.2600000000 2.1589493704
948.2700000000 2.1786472812
948.2800000000 2.1980529346
948.2900000000 2.2171625121
948.3000000000 2.2359722542
948.3100000000 2.2544784614
948.3200000000 2.2726774945
948.3300000000 2.2905657761
948.3400000000 2.3081397907
948.3500000000 2.3253960855
948.3600000000 2.3423312713
948.3700000000 2.3589420230
948.3800000000 2.3752250804
948.3900000000 2.3911772486
948.4000000000 2.4067953991
948.4100000000 2.4220764699
948.4200000000 2.4370174664
948.4300000000 2.4516154622
948.4400000000 2.4658675991
948.4500000000 2.4797710882
948.4600000000 2.4933232103
948.4700000000 2.5065213164
948.4800000000 2.5193628283
948.4900000000 2.5318452388
948.5000000000 2.5439661129
948.5100000000 2.5557230875
948.5200000000 2.5671138726
948.5300000000 2.5781362510
948.5400000000 2.5887880794
948.5500000000 2.5990672884
948.5600000000 2.6089718834
948.5700000000 2.6184999442
948.5800000000 2.6276496264
948.5900000000 2.6364191608
948.6000000000 2.6448068544
948.6100000000 2.6528110906
948.6200000000 2.6604303293
948.6300000000 2.6676631074
948.6400000000 2.6745080391
948.6500000000 2.6809638162
948.6600000000 2.6870292081
948.6700000000 2.6927030625
948.6800000000 2.6979843051
948.6900000000 2.7028719404
948.7000000000 2.7073650514
948.7100000000 2.7114627999
948.7200000000 2.7151644270
948.7300000000 2.7184692528
948.7400000000 2.7213766767
948.7500000000 2.7238861777
948.7600000000 2.7259973143
948.7700000000 2.7277097246
948.7800000000 2.7290231265
948.7900000000 2.7299373175
948.8000000000 2.7304521753
948.8100000000 2.7305676569
948.8200000000 2.7302837996
948.8300000000 2.7296007203
948.8400000000 2.7285186157
948.8500000000 2.7270377626
948.8600000000 2.7251585171
948.8700000000 2.7228813151
948.8800000000 2.7202066722
948.8900000000 2.7171351834
948.9000000000 2.7136675228
948.9100000000 2.7098044441
948.9200000000 2.7055467797
948.9300000000 2.7008954411
948.9400000000 2.6958514184
948.9500000000 2.6904157804
948.9600000000 2.6845896738
948.9700000000 2.6783743237
948.9800000000 2.6717710330
948.9900000000 2.6647811819
949.0000000000 2.6574062281
949.0100000000 2.6496477063
949.0200000000 2.6415072277
949.0300000000 2.6329864799
949.0400000000 2.6240872268
949.0500000000 2.6148113075
949.0600000000 2.6051606367
949.0700000000 2.5951372040
949.0800000000 2.5847430733
949.0900000000 2.5739803828
949.1000000000 2.5628513443
949.1100000000 2.5513582428
949.1200000000 2.5395034361
949.1300000000 2.5272893544
949.1400000000 2.5147184993
949.1500000000 2.5017934443
949.1600000000 2.4885168331
949.1700000000 2.4748913801
949.1800000000 2.4609198692
949.1900000000 2.4466051535
949.2000000000 2.4319501547
949.2100000000 2.4169578624
949.2200000000 2.4016313338
949.2300000000 2.3859736926
949.2400000000 2.3699881288
949.2500000000 2.3536778981
949.2600000000 2.3370463209
949.2700000000 2.3200967816
949.2800000000 2.3028327284
949.2900000000 2.2852576723
949.3000000000 2.2673751863
949.3100000000 2.2491889049
949.3200000000 2.2307025233
949.3300000000 2.2119197965
949.3400000000 2.1928445389
949.3500000000 2.1734806231
949.3600000000 2.1538319795
949.3700000000 2.1339025952
949.3800000000 2.1136965136
949.3900000000 2.0932178332
949.4000000000 2.0724707068
949.4100000000 2.0514593410
949.4200000000 2.0301879951
949.4300000000 2.0086609802
949.4400000000 1.9868826585
949.4500000000 1.9648574424
949.4600000000 1.9425897935
949.4700000000 1.9200842217
949.4800000000 1.8973452846
949.4900000000 1.8743775861
949.5000000000 1.8511857760
949.5100000000 1.8277745485
949.5200000000 1.8041486418
949.5300000000 1.7803128368
949.5400000000 1.7562719563
949.5500000000 1.7320308640
949.5600000000 1.7075944634
949.5700000000 1.6829676971
949.5800000000 1.6581555454
949.5900000000 1.6331630258
949.6000000000 1.6079951915
949.6100000000 1.5826571309
949.6200000000 1.5571539659
949.6300000000 1.5314908515
949.6400000000 1.5056729747
949.6500000000 1.4797055530
949.6600000000 1.4535938339
949.6700000000 1.4273430933
949.6800000000 1.4009586350
949.6900000000 1.3744457892
949.7000000000 1.3478099119
949.7100000000 1.3210563831
949.7200000000 1.2941906066
949.7300000000 1.2672180081
949.7400000000 1.2401440347
949.7500000000 1.2129741535
949.7600000000 1.1857138507
949.7700000000 1.1583686303
949.7800000000 1.1309440130
949.7900000000 1.1034455355
949.8000000000 1.0758787488
949.8100000000 1.0482492174
949.8200000000 1.0205625183
949.8300000000 0.9928242394
949.8400000000 0.9650399791
949.8500000000 0.9372153446
949.8600000000 0.9093559510
949.8700000000 0.8814674199
949.8800000000 0.8535553790
949.8900000000 0.8256254600
949.9000000000 0.7976832981
949.9100000000 0.7697345309
949.9200000000 0.7417847969
949.9300000000 0.7138397347
949.9400000000 0.6859049815
949.9500000000 0.6579861724
949.9600000000 0.6300889390
949.9700000000 0.6022189083
949.9800000000 0.5743817018
949.9900000000 0.5465829339
950.0000000000 0.5188282113
950.0100000000 0.4911231314
950.0200000000 0.4634732818
950.0300000000 0.4358842383
950.0400000000 0.4083615646
950.0500000000 0.3809108108
950.0600000000 0.3535375122
950.0700000000 0.3262471886
950.0800000000 0.2990453428
950.0900000000 0.2719374594
950.1000000000 0.2449290044
950.1100000000 0.2180254231
950.1200000000 0.1912321400
950.1300000000 0.1645545570
950.1400000000 0.1379980525
950.1500000000 0.1115679807
950.1600000000 0.0852696699
950.1700000000 0.0591084219
950.1800000000 0.0330895108
950.1900000000 0.0072181818
950.2000000000 -0.0185003496
950.2100000000 -0.0440608989
950.2200000000 -0.0694583133
950.2300000000 -0.0946874731
950.2400000000 -0.1197432926
950.2500000000 -0.1446207210
950.2600000000 -0.1693147434
950.2700000000 -0.1938203823
950.2800000000 -0.2181326978
950.2900000000 -0.2422467891
950.3000000000 -0.2661577955
950.3100000000 -0.2898608971
950.3200000000 -0.3133513161
950.3300000000 -0.3366243174
950.3400000000 -0.3596752098
950.3500000000 -0.3824993469
950.3600000000 -0.4050921279
950.3700000000 -0.4274489988
950.3800000000 -0.4495654529
950.3900000000 -0.4714370321
950.4000000000 -0.4930593277
950.4100000000 -0.5144279810
950.4200000000 -0.5355386846
950.4300000000 -0.5563871828
950.4400000000 -0.5769692730
950.4500000000 -0.5972808060
950.4600000000 -0.6173176873
950.4700000000 -0.6370758776
950.4800000000 -0.6565513937
950.4900000000 -0.6757403092
950.5000000000 -0.6946387557
950.5100000000 -0.7132429229
950.5200000000 -0.7315490601
950.5300000000 -0.7495534764
950.5400000000 -0.7672525416
950.5500000000 -0.7846426870
950.5600000000 -0.8017204062
950.5700000000 -0.8184822554
950.5800000000 -0.8349248546
950.5900000000 -0.8510448880
950.6000000000 -0.8668391046
950.6100000000 -0.8823043191
950.6200000000 -0.8974374124
950.6300000000 -0.9122353321
950.6400000000 -0.9266950933
950.6500000000 -0.9408137791
950.6600000000 -0.9545885414
950.6700000000 -0.9680166011
950.6800000000 -0.9810952488
950.6900000000 -0.9938218456
950.7000000000 -1.0061938233
950.7100000000 -1.0182086850
950.7200000000 -1.0298640057
950.7300000000 -1.0411574328
950.7400000000 -1.0520866863
950.7500000000 -1.0626495596
950.7600000000 -1.0728439197
950.7700000000 -1.0826677079
950.7800000000 -1.0921189398
950.7900000000 -1.1011957060
950.8000000000 -1.1098961726
950.8100000000 -1.1182185812
950.8200000000 -1.1261612493
950.8300000000 -1.1337225712
950.8400000000 -1.1409010174
950.8500000000 -1.1476951358
950.8600000000 -1.1541035514
950.8700000000 -1.1601249668
950.8800000000 -1.1657581624
950.8900000000 -1.1710019967
950.9000000000 -1.1758554065
950.9100000000 -1.1803174072
950.9200000000 -1.1843870927
950.9300000000 -1.1880636360
950.9400000000 -1.1913462891
950.9500000000 -1.1942343832
950.9600000000 -1.1967273287
950.9700000000 -1.1988246158
950.9800000000 -1.2005258139
950.9900000000 -1.2018305723
951.0000000000 -1.2027386198
951.0100000000 -1.2032497653
951.0200000000 -1.2033638972
951.0300000000 -1.2030809839
951.0400000000 -1.2024010736
951.0500000000 -1.2013242942
951.0600000000 -1.1998508537
951.0700000000 -1.1979810396
951.0800000000 -1.1957152193
951.0900000000 -1.1930538396
951.1000000000 -1.1899974271
951.1100000000 -1.1865465877
951.1200000000 -1.1827020066
951.1300000000 -1.1784644482
951.1400000000 -1.1738347560
951.1500000000 -1.1688138522
951.1600000000 -1.1634027379
951.1700000000 -1.1576024925
951.1800000000 -1.1514142737
951.1900000000 -1.1448393171
951.2000000000 -1.1378789363
951.2100000000 -1.1305345223
951.2200000000 -1.1228075434
951.2300000000 -1.1146995446
951.2400000000 -1.1062121478
951.2500000000 -1.0973470511
951.2600000000 -1.0881060285
951.2700000000 -1.0784909298
951.2800000000 -1.0685036799
951.2900000000 -1.0581462784
951.3000000000 -1.0474207996
951.3100000000 -1.0363293918
951.3200000000 -1.0248742767
951.3300000000 -1.0130577495
951.3400000000 -1.0008821776
951.3500000000 -0.9883500012
951.3600000000 -0.9754637318
951.3700000000 -0.9622259523
951.3800000000 -0.9486393163
951.3900000000 -0.9347065475
951.4000000000 -0.9204304394
951.4100000000 -0.9058138543
951.4200000000 -0.8908597234
951.4300000000 -0.8755710454
951.4400000000 -0.8599508866
951.4500000000 -0.8440023797
951.4600000000 -0.8277287239
951.4700000000 -0.8111331834
951.4800000000 -0.7942190874
951.4900000000 -0.7769898291
951.5000000000 -0.7594488652
951.5100000000 -0.7415997151
951.5200000000 -0.7234459602
951.5300000000 -0.7049912433
951.5400000000 -0.6862392676
951.5500000000 -0.6671937962
951.5600000000 -0.6478586515
951.5700000000 -0.6282377139
951.5800000000 -0.6083349214
951.5900000000 -0.5881542689
951.6000000000 -0.5676998072
951.6100000000 -0.5469756420
951.6200000000 -0.5259859335
951.6300000000 -0.5047348955
951.6400000000 -0.4832267942
951.6500000000 -0.4614659477
951.6600000000 -0.4394567248
951.6700000000 -0.4172035447
951.6800000000 -0.3947108755
951.6900000000 -0.3719832335
951.7000000000 -0.3490251824
951.7100000000 -0.3258413325
951.7200000000 -0.3024363394
951.7300000000 -0.2788149033
951.7400000000 -0.2549817681
951.7500000000 -0.2309417203
951.7600000000 -0.2066995883
951.7700000000 -0.1822602409
951.7800000000 -0.1576285870
951.7900000000 -0.1328095741
951.8000000000 -0.1078081876
951.8100000000 -0.0826294497
951.8200000000 -0.0572784183
951.8300000000 -0.0317601861
951.8400000000 -0.0060798797
951.8500000000 0.0197573419
951.8600000000 0.0457462876
951.8700000000 0.0718817359
951.8800000000 0.0981584358
951.8900000000 0.1245711073
951.9000000000 0.1511144435
951.9100000000 0.1777831106
951.9200000000 0.2045717497
951.9300000000 0.2314749774
951.9400000000 0.2584873874
951.9500000000 0.2856035510
951.9600000000 0.3128180185
951.9700000000 0.3401253205
951.9800000000 0.3675199685
951.9900000000 0.3949964563
952.0000000000 0.4225492611
952.0100000000 0.4501728447
952.0200000000 0.4778616542
952.0300000000 0.5056101236
952.0400000000 0.5334126748
952.0500000000 0.5612637182
952.0600000000 0.5891576547
952.0700000000 0.6170888762
952.0800000000 0.6450517669
952.0900000000 0.6730407043
952.1000000000 0.7010500606
952.1100000000 0.7290742037
952.1200000000 0.7571074983
952.1300000000 0.7851443068
952.1400000000 0.8131789910
952.1500000000 0.8412059126
952.1600000000 0.8692194349
952.1700000000 0.8972139235
952.1800000000 0.9251837475
952.1900000000 0.9531232810
952.2000000000 0.9810269037
952.2100000000 1.0088890022
952.2200000000 1.0367039716
952.2300000000 1.0644662158
952.2400000000 1.0921701493
952.2500000000 1.1198101979
952.2600000000 1.1473808000
952.2700000000 1.1748764079
952.2800000000 1.2022914884
952.2900000000 1.2296205244
952.3000000000 1.2568580159
952.3100000000 1.2839984808
952.3200000000 1.3110364563
952.3300000000 1.3379665001
952.3400000000 1.3647831912
952.3500000000 1.3914811309
952.3600000000 1.4180549444
952.3700000000 1.4444992813
952.3800000000 1.4708088172
952.3900000000 1.4969782542
952.4000000000 1.5230023225
952.4100000000 1.5488757811
952.4200000000 1.5745934190
952.4300000000 1.6001500562
952.4400000000 1.6255405448
952.4500000000 1.6507597699
952.4600000000 1.6758026508
952.4700000000 1.7006641418
952.4800000000 1.7253392336
952.4900000000 1.7498229537
952.5000000000 1.7741103681
952.5100000000 1.7981965816
952.5200000000 1.8220767393
952.5300000000 1.8457460274
952.5400000000 1.8691996741
952.5500000000 1.8924329505
952.5600000000 1.9154411719
952.5700000000 1.9382196983
952.5800000000 1.9607639357
952.5900000000 1.9830693365
952.6000000000 2.0051314013
952.6100000000 2.0269456787
952.6200000000 2.0485077672
952.6300000000 2.0698133154
952.6400000000 2.0908580231
952.6500000000 2.1116376423
952.6600000000 2.1321479779
952.6700000000 2.1523848884
952.6800000000 2.1723442871
952.6900000000 2.1920221427
952.7000000000 2.2114144799
952.7100000000 2.2305173807
952.7200000000 2.2493269847
952.7300000000 2.2678394903
952.7400000000 2.2860511549
952.7500000000 2.3039582964
952.7600000000 2.3215572932
952.7700000000 2.3388445854
952.7800000000 2.3558166754
952.7900000000 2.3724701286
952.8000000000 2.3888015738
952.8100000000 2.4048077044
952.8200000000 2.4204852788
952.8300000000 2.4358311209
952.8400000000 2.4508421210
952.8500000000 2.4655152363
952.8600000000 2.4798474914
952.8700000000 2.4938359792
952.8800000000 2.5074778612
952.8900000000 2.5207703681
952.9000000000 2.5337108006
952.9100000000 2.5462965296
952.9200000000 2.5585249971
952.9300000000 2.5703937161
952.9400000000 2.5819002720
952.9500000000 2.5930423224
952.9600000000 2.6038175975
952.9700000000 2.6142239012
952.9800000000 2.6242591109
952.9900000000 2.6339211783
953.0000000000 2.6432081297
953.0100000000 2.6521180663
953.0200000000 2.6606491647
953.0300000000 2.6687996773
953.0400000000 2.6765679325
953.0500000000 2.6839523351
953.0600000000 2.6909513668
953.0700000000 2.6975635861
953.0800000000 2.7037876289
953.0900000000 2.7096222090
953.1000000000 2.7150661176
953.1100000000 2.7201182244
953.1200000000 2.7247774771
953.1300000000 2.7290429022
953.1400000000 2.7329136049
953.1500000000 2.7363887692
953.1600000000 2.7394676582
953.1700000000 2.7421496143
953.1800000000 2.7444340593
953.1900000000 2.7463204944
953.2000000000 2.7478085003
953.2100000000 2.7488977376
953.2200000000 2.7495879463
953.2300000000 2.7498789465
953.2400000000 2.7497706380
953.2500000000 2.7492630003
953.2600000000 2.7483560930
953.2700000000 2.7470500553
953.2800000000 2.7453451063
953.2900000000 2.7432415449
953.3000000000 2.7407397496
953.3100000000 2.7378401786
953.3200000000 2.7345433697
953.3300000000 2.7308499399
953.3400000000 2.7267605857
953.3500000000 2.7222760827
953.3600000000 2.7173972855
953.3700000000 2.7121251274
953.3800000000 2.7064606207
953.3900000000 2.7004048558
953.4000000000 2.6939590014
953.4100000000 2.6871243044
953.4200000000 2.6799020891
953.4300000000 2.6722937575
953.4400000000 2.6643007889
953.4500000000 2.6559247391
953.4600000000 2.6471672410
953.4700000000 2.6380300032
953.4800000000 2.6285148108
953.4900000000 2.6186235240
953.5000000000 2.6083580783
953.5100000000 2.5977204842
953.5200000000 2.5867128264
953.5300000000 2.5753372635
953.5400000000 2.5635960280
953.5500000000 2.5514914250
953.5600000000 2.5390258327
953.5700000000 2.5262017011
953.5800000000 2.5130215521
953.5900000000 2.4994879788
953.6000000000 2.4856036445
953.6100000000 2.4713712833
953.6200000000 2.4567936982
953.6300000000 2.4418737616
953.6400000000 2.4266144142
953.6500000000 2.4110186646
953.6600000000 2.3950895884
953.6700000000 2.3788303281
953.6800000000 2.3622440921
953.6900000000 2.3453341540
953.7000000000 2.3281038521
953.7100000000 2.3105565890
953.7200000000 2.2926958304
953.7300000000 2.2745251045
953.7400000000 2.2560480017
953.7500000000 2.2372681735
953.7600000000 2.2181893318
953.7700000000 2.1988152484
953.7800000000 2.1791497539
953.7900000000 2.1591967373
953.8000000000 2.1389601448
953.8100000000 2.1184439795
953.8200000000 2.0976523001
953.8300000000 2.0765892204
953.8400000000 2.0552589085
953.8500000000 2.0336655858
953.8600000000 2.0118135260
953.8700000000 1.9897070548
953.8800000000 1.9673505486
953.8900000000 1.9447484335
953.9000000000 1.9219051849
953.9100000000 1.8988253262
953.9200000000 1.8755134280
953.9300000000 1.8519741072
953.9400000000 1.8282120262
953.9500000000 1.8042318917
953.9600000000 1.7800384541
953.9700000000 1.7556365060
953.9800000000 1.7310308820
953.9900000000 1.7062264570
954.0000000000 1.6812281458
954.0100000000 1.6560409016
954.0200000000 1.6306697155
954.0300000000 1.6051196150
954.0400000000 1.5793956636
954.0500000000 1.5535029591
954.0600000000 1.5274466332
954.0700000000 1.5012318499
954.0800000000 1.4748638051
954.0900000000 1.4483477249
954.1000000000 1.4216888650
954.1100000000 1.3948925095
954.1200000000 1.3679639698
954.1300000000 1.3409085838
954.1400000000 1.3137317144
954.1500000000 1.2864387486
954.1600000000 1.2590350967
954.1700000000 1.2315261907
954.1800000000 1.2039174838
954.1900000000 1.1762144486
954.2000000000 1.1484225768
954.2100000000 1.1205473775
954.2200000000 1.0925943762
954.2300000000 1.0645691139
954.2400000000 1.0364771460
954.2500000000 1.0083240408
954.2600000000 0.9801153789
954.2700000000 0.9518567515
954.2800000000 0.9235537600
954.2900000000 0.8952120142
954.3000000000 0.8668371314
954.3100000000 0.8384347357
954.3200000000 0.8100104561
954.3300000000 0.7815699261
954.3400000000 0.7531187819
954.3500000000 0.7246626619
954.3600000000 0.6962072052
954.3700000000 0.6677580505
954.3800000000 0.6393208351
954.3900000000 0.6109011936
954.4000000000 0.5825047570
954.4100000000 0.5541371513
954.4200000000 0.5258039966
954.4300000000 0.4975109058
954.4400000000 0.4692634836
954.4500000000 0.4410673254
954.4600000000 0.4129280159
954.4700000000 0.3848511284
954.4800000000 0.3568422235
954.4900000000 0.3289068477
954.5000000000 0.3010505328
954.5100000000 0.2732787944
954.5200000000 0.2455971309
954.5300000000 0.2180110227
954.5400000000 0.1905259304
954.5500000000 0.1631472946
954.5600000000 0.1358805339
954.5700000000 0.1087310446
954.5800000000 0.0817041991
954.5900000000 0.0548053450
954.6000000000 0.0280398042
954.6100000000 0.0014128714
954.6200000000 -0.0250701865
954.6300000000 -0.0514041318
954.6400000000 -0.0775837567
954.6500000000 -0.1036038848
954.6600000000 -0.1294593717
954.6700000000 -0.1551451063
954.6800000000 -0.1806560118
954.6900000000 -0.2059870465
954.7000000000 -0.2311332052
954.7100000000 -0.2560895197
954.7200000000 -0.2808510603
954.7300000000 -0.3054129365
954.7400000000 -0.3297702979
954.7500000000 -0.3539183356
954.7600000000 -0.3778522827
954.7700000000 -0.4015674153
954.7800000000 -0.4250590538
954.7900000000 -0.4483225636
954.8000000000 -0.4713533560
954.8100000000 -0.4941468890
954.8200000000 -0.5166986687
954.8300000000 -0.5390042496
954.8400000000 -0.5610592360
954.8500000000 -0.5828592825
954.8600000000 -0.6044000950
954.8700000000 -0.6256774317
954.8800000000 -0.6466871037
954.8900000000 -0.6674249761
954.9000000000 -0.6878869687
954.9100000000 -0.7080690567
954.9200000000 -0.7279672717
954.9300000000 -0.7475777025
954.9400000000 -0.7668964956
954.9500000000 -0.7859198563
954.9600000000 -0.8046440495
954.9700000000 -0.8230654000
954.9799999999 -0.8411802936
954.9899999999 -0.8589851780
954.9999999999 -0.8764765629
955.0099999999 -0.8936510213
955.0199999999 -0.9105051898
955.0299999999 -0.9270357696
955.0399999999 -0.9432395269
955.0499999999 -0.9591132935
955.0599999999 -0.9746539677
955.0699999999 -0.9898585148
955.0799999999 -1.0047239676
955.0899999999 -1.0192474273
955.0999999999 -1.0334260636
955.1099999999 -1.0472571158
955.1199999999 -1.0607378928
955.1299999999 -1.0738657741
955.1399999999 -1.0866382103
955.1499999999 -1.0990527232
955.1599999999 -1.1111069068
955.1699999999 -1.1227984273
955.1799999999 -1.1341250240
955.1899999999 -1.1450845096
955.1999999999 -1.1556747704
955.2099999999 -1.1658937671
955.2199999999 -1.1757395350
955.2299999999 -1.1852101845
955.2399999999 -1.1943039013
955.2499999999 -1.2030189469
955.2599999999 -1.2113536589
955.2699999999 -1.2193064514
955.2799999999 -1.2268758154
955.2899999999 -1.2340603187
955.2999999999 -1.2408586067
955.3099999999 -1.2472694024
955.3199999999 -1.2532915065
955.3299999999 -1.2589237981
955.3399999999 -1.2641652344
955.3499999999 -1.2690148515
955.3599999999 -1.2734717639
955.3699999999 -1.2775351651
955.3799999999 -1.2812043281
955.3899999999 -1.2844786045
955.3999999999 -1.2873574258
955.4099999999 -1.2898403027
955.4199999999 -1.2919268257
955.4299999999 -1.2936166647
955.4399999999 -1.2949095695
955.4499999999 -1.2958053697
955.4599999999 -1.2963039747
955.4699999999 -1.2964053736
955.4799999999 -1.2961096356
955.4899999999 -1.2954169094
955.4999999999 -1.2943274238
955.5099999999 -1.2928414871
955.5199999999 -1.2909594874
955.5299999999 -1.2886818924
955.5399999999 -1.2860092494
955.5499999999 -1.2829421850
955.5599999999 -1.2794814050
955.5699999999 -1.2756276944
955.5799999999 -1.2713819173
955.5899999999 -1.2667450165
955.5999999999 -1.2617180133
955.6099999999 -1.2563020077
955.6199999999 -1.2504981776
955.6299999999 -1.2443077790
955.6399999999 -1.2377321456
955.6499999999 -1.2307726885
955.6599999999 -1.2234308959
955.6699999999 -1.2157083329
955.6799999999 -1.2076066413
955.6899999999 -1.1991275388
955.6999999999 -1.1902728191
955.7099999999 -1.1810443516
955.7199999999 -1.1714440804
955.7299999999 -1.1614740248
955.7399999999 -1.1511362782
955.7499999999 -1.1404330078
955.7599999999 -1.1293664546
955.7699999999 -1.1179389322
955.7799999999 -1.1061528273
955.7899999999 -1.0940105981
955.7999999999 -1.0815147750
955.8099999999 -1.0686679589
955.8199999999 -1.0554728218
955.8299999999 -1.0419321052
955.8399999999 -1.0280486206
955.8499999999 -1.0138252480
955.8599999999 -0.9992649360
955.8699999999 -0.9843707008
955.8799999999 -0.9691456258
955.8899999999 -0.9535928609
955.8999999999 -0.9377156219
955.9099999999 -0.9215171899
955.9199999999 -0.9050009105
955.9299999999 -0.8881701933
955.9399999999 -0.8710285110
955.9499999999 -0.8535793990
955.9599999999 -0.8358264545
955.9699999999 -0.8177733356
955.9799999999 -0.7994237611
955.9899999999 -0.7807815091
955.9999999999 -0.7618504169
956.0099999999 -0.7426343796
956.0199999999 -0.7231373498
956.0299999999 -0.7033633366
956.0399999999 -0.6833164047
956.0499999999 -0.6630006739
956.0599999999 -0.6424203179
956.0699999999 -0.6215795638
956.0799999999 -0.6004826910
956.0899999999 -0.5791340304
956.0999999999 -0.5575379637
956.1099999999 -0.5356989222
956.1199999999 -0.5136213864
956.1299999999 -0.4913098845
956.1399999999 -0.4687689919
956.1499999999 -0.4460033303
956.1599999999 -0.4230175665
956.1699999999 -0.3998164116
956.1799999999 -0.3764046201
956.1899999999 -0.3527869891
956.1999999999 -0.3289683569
956.2099999999 -0.3049536025
956.2199999999 -0.2807476441
956.2299999999 -0.2563554387
956.2399999999 -0.2317819807
956.2499999999 -0.2070323012
956.2599999999 -0.1821114665
956.2699999999 -0.1570245777
956.2799999999 -0.1317767691
956.2899999999 -0.1063732078
956.2999999999 -0.0808190919
956.3099999999 -0.0551196503
956.3199999999 -0.0292801408
956.3299999999 -0.0033058497
956.3399999999 0.0227979095
956.3499999999 0.0490257972
956.3599999999 0.0753724488
956.3699999999 0.1018324755
956.3799999999 0.1284004659
956.3899999999 0.1550709864
956.3999999999 0.1818385830
956.4099999999 0.2086977819
956.4199999999 0.2356430907
956.4299999999 0.2626689998
956.4399999999 0.2897699828
956.4499999999 0.3169404986
956.4599999999 0.3441749917
956.4699999999 0.3714678935
956.4799999999 0.3988136238
956.4899999999 0.4262065913
956.4999999999 0.4536411954
956.5099999999 0.4811118267
956.5199999999 0.5086128685
956.5299999999 0.5361386978
956.5399999999 0.5636836865
956.5499999999 0.5912422025
956.5599999999 0.6188086106
956.5699999999 0.6463772742
956.5799999999 0.6739425557
956.5899999999 0.7014988184
956.5999999999 0.7290404268
956.6099999999 0.7565617484
956.6199999999 0.7840571546
956.6299999999 0.8115210219
956.6399999999 0.8389477326
956.6499999999 0.8663316767
956.6599999999 0.8936672523
956.6699999999 0.9209488672
956.6799999999 0.9481709397
956.6899999999 0.9753278999
956.6999999999 1.0024141910
956.7099999999 1.0294242698
956.7199999999 1.0563526085
956.7299999999 1.0831936955
956.7399999999 1.1099420364
956.7499999999 1.1365921552
956.7599999999 1.1631385957
956.7699999999 1.1895759219
956.7799999999 1.2158987197
956.7899999999 1.2421015980
956.7999999999 1.2681791893
956.8099999999 1.2941261510
956.8199999999 1.3199371668
956.8299999999 1.3456069472
956.8399999999 1.3711302311
956.8499999999 1.3965017863
956.8599999999 1.4217164112
956.8699999999 1.4467689353
956.8799999999 1.4716542203
956.8899999999 1.4963671616
956.8999999999 1.5209026886
956.9099999999 1.5452557665
956.9199999999 1.5694213965
956.9299999999 1.5933946175
956.9399999999 1.6171705068
956.9499999999 1.6407441809
956.9599999999 1.6641107969
956.9699999999 1.6872655531
956.9799999999 1.7102036901
956.9899999999 1.7329204918
956.9999999999 1.7554112864
957.0099999999 1.7776714472
957.0199999999 1.7996963934
957.0299999999 1.8214815914
957.0399999999 1.8430225555
957.0499999999 1.8643148486
957.0599999999 1.8853540835
957.0699999999 1.9061359235
957.0799999999 1.9266560834
957.0899999999 1.9469103301
957.0999999999 1.9668944838
957.1099999999 1.9866044188
957.1199999999 2.0060360639
957.1299999999 2.0251854039
957.1399999999 2.0440484797
957.1499999999 2.0626213897
957.1599999999 2.0809002901
957.1699999999 2.0988813960
957.1799999999 2.1165609821
957.1899999999 2.1339353831
957.1999999999 2.1510009952
957.2099999999 2.1677542759
957.2199999999 2.1841917454
957.2299999999 2.2003099869
957.2399999999 2.2161056477
957.2499999999 2.2315754393
957.2599999999 2.2467161385
957.2699999999 2.2615245881
957.2799999999 2.2759976970
957.2899999999 2.2901324416
957.2999999999 2.3039258655
957.3099999999 2.3173750809
957.3199999999 2.3304772688
957.3299999999 2.3432296795
957.3399999999 2.3556296334
957.3499999999 2.3676745213
957.3599999999 2.3793618052
957.3699999999 2.3906890184
957.3799999999 2.4016537664
957.3899999999 2.4122537271
957.3999999999 2.4224866516
957.4099999999 2.4323503640
957.4199999999 2.4418427628
957.4299999999 2.4509618204
957.4399999999 2.4597055840
957.4499999999 2.4680721759
957.4599999999 2.4760597939
957.4699999999 2.4836667116
957.4799999999 2.4908912787
957.4899999999 2.4977319215
957.4999999999 2.5041871431
957.5099999999 2.5102555237
957.5199999999 2.5159357208
957.5299999999 2.5212264698
957.5399999999 2.5261265838
957.5499999999 2.5306349541
957.5599999999 2.5347505506
957.5699999999 2.5384724216
957.5799999999 2.5417996941
957.5899999999 2.5447315743
957.5999999999 2.5472673473
957.6099999999 2.5494063776
957.6199999999 2.5511481091
957.6299999999 2.5524920651
957.6399999999 2.5534378485
957.6499999999 2.5539851420
957.6599999999 2.5541337080
957.6699999999 2.5538833885
957.6799999999 2.5532341056
957.6899999999 2.5521858610
957.6999999999 2.5507387364
957.7099999999 2.5488928933
957.7199999999 2.5466485729
957.7299999999 2.5440060962
957.7399999999 2.5409658639
957.7499999999 2.5375283562
957.7599999999 2.5336941328
957.7699999999 2.5294638330
957.7799999999 2.5248381751
957.7899999999 2.5198179567
957.7999999999 2.5144040541
957.8099999999 2.5085974227
957.8199999999 2.5023990964
957.8299999999 2.4958101872
957.8399999999 2.4888318857
957.8499999999 2.4814654600
957.8599999999 2.4737122563
957.8699999999 2.4655736978
957.8799999999 2.4570512850
957.8899999999 2.4481465951
957.8999999999 2.4388612821
957.9099999999 2.4291970758
957.9199999999 2.4191557819
957.9299999999 2.4087392817
957.9399999999 2.3979495315
957.9499999999 2.3867885622
957.9599999999 2.3752584791
957.9699999999 2.3633614614
957.9799999999 2.3510997614
957.9899999999 2.3384757048
957.9999999999 2.3254916895
958.0099999999 2.3121501856
958.0199999999 2.2984537345
958.0299999999 2.2844049490
958.0399999999 2.2700065119
958.0499999999 2.2552611764
958.0599999999 2.2401717648
958.0699999999 2.2247411685
958.0799999999 2.2089723468
958.0899999999 2.1928683271
958.0999999999 2.1764322035
958.1099999999 2.1596671367
958.1199999999 2.1425763532
958.1299999999 2.1251631446
958.1399999999 2.1074308672
958.1499999999 2.0893829408
958.1599999999 2.0710228485
958.1699999999 2.0523541359
958.1799999999 2.0333804104
958.1899999999 2.0141053401
958.1999999999 1.9945326536
958.2099999999 1.9746661391
958.2199999999 1.9545096433
958.2299999999 1.9340670712
958.2399999999 1.9133423847
958.2499999999 1.8923396025
958.2599999999 1.8710627984
958.2699999999 1.8495161016
958.2799999999 1.8277036948
958.2899999999 1.8056298140
958.2999999999 1.7832987474
958.3099999999 1.7607148348
958.3199999999 1.7378824665
958.3299999999 1.7148060823
958.3399999999 1.6914901709
958.3499999999 1.6679392689
958.3599999999 1.6441579599
958.3699999999 1.6201508734
958.3799999999 1.5959226843
958.3899999999 1.5714781114
958.3999999999 1.5468219168
958.4099999999 1.5219589051
958.4199999999 1.4968939220
958.4299999999 1.4716318537
958.4399999999 1.4461776256
958.4499999999 1.4205362016
958.4599999999 1.3947125831
958.4699999999 1.3687118076
958.4799999999 1.3425389483
958.4899999999 1.3161991125
958.4999999999 1.2896974411
958.5099999999 1.2630391070
958.5199999999 1.2362293146
958.5299999999 1.2092732985
958.5399999999 1.1821763223
958.5499999999 1.1549436781
958.5599999999 1.1275806846
958.5699999999 1.1000926868
958.5799999999 1.0724850546
958.5899999999 1.0447631816
958.5999999999 1.0169324843
958.6099999999 0.9889984009
958.6199999999 0.9609663901
958.6299999999 0.9328419300
958.6399999999 0.9046305174
958.6499999999 0.8763376662
958.6599999999 0.8479689065
958.6699999999 0.8195297834
958.6799999999 0.7910258563
958.6899999999 0.7624626970
958.6999999999 0.7338458894
958.7099999999 0.7051810278
958.7199999999 0.6764737162
958.7299999999 0.6477295668
958.7399999999 0.6189541992
958.7499999999 0.5901532389
958.7599999999 0.5613323167
958.7699999999 0.5324970670
958.7799999999 0.5036531271
958.7899999999 0.4748061358
958.7999999999 0.4459617325
958.8099999999 0.4171255558
958.8199999999 0.3883032427
958.8299999999 0.3595004271
958.8399999999 0.3307227390
958.8499999999 0.3019758032
958.8599999999 0.2732652381
958.8699999999 0.2445966548
958.8799999999 0.2159756558
958.8899999999 0.1874078338
958.8999999999 0.1588987711
958.9099999999 0.1304540376
958.9199999999 0.1020791906
958.9299999999 0.0737797728
958.9399999999 0.0455613121
958.9499999999 0.0174293198
958.9599999999 -0.0106107103
958.9699999999 -0.0385533029
958.9799999999 -0.0663930022
958.9899999999 -0.0941243735
958.9999999999 -0.1217420037
959.0099999999 -0.1492405027
959.0199999999 -0.1766145045
959.0299999999 -0.2038586679
959.0399999999 -0.2309676783
959.0499999999 -0.2579362480
959.0599999999 -0.2847591176
959.0699999999 -0.3114310573
959.0799999999 -0.3379468673
959.0899999999 -0.3643013796
959.0999999999 -0.3904894584
959.1099999999 -0.4165060016
959.1199999999 -0.4423459415
959.1299999999 -0.4680042459
959.1399999999 -0.4934759193
959.1499999999 -0.5187560035
959.1599999999 -0.5438395791
959.1699999999 -0.5687217660
959.1799999999 -0.5933977248
959.1899999999 -0.6178626575
959.1999999999 -0.6421118085
959.2099999999 -0.6661404656
959.2199999999 -0.6899439608
959.2299999999 -0.7135176718
959.2399999999 -0.7368570219
959.2499999999 -0.7599574820
959.2599999999 -0.7828145708
959.2699999999 -0.8054238560
959.2799999999 -0.8277809549
959.2899999999 -0.8498815358
959.2999999999 -0.8717213183
959.3099999999 -0.8932960746
959.3199999999 -0.9146016300
959.3299999999 -0.9356338640
959.3399999999 -0.9563887110
959.3499999999 -0.9768621611
959.3599999999 -0.9970502609
959.3699999999 -1.0169491145
959.3799999999 -1.0365548840
959.3899999999 -1.0558637903
959.3999999999 -1.0748721141
959.4099999999 -1.0935761964
959.4199999999 -1.1119724394
959.4299999999 -1.1300573070
959.4399999999 -1.1478273257
959.4499999999 -1.1652790854
959.4599999999 -1.1824092396
959.4699999999 -1.1992145068
959.4799999999 -1.2156916705
959.4899999999 -1.2318375800
959.4999999999 -1.2476491515
959.5099999999 -1.2631233681
959.5199999999 -1.2782572806
959.5299999999 -1.2930480083
959.5399999999 -1.3074927394
959.5499999999 -1.3215887315
959.5599999999 -1.3353333123
959.5699999999 -1.3487238801
959.5799999999 -1.3617579042
959.5899999999 -1.3744329257
959.5999999999 -1.3867465575
959.6099999999 -1.3986964852
959.6199999999 -1.4102804677
959.6299999999 -1.4214963369
959.6399999999 -1.4323419989
959.6499999999 -1.4428154343
959.6599999999 -1.4529146980
959.6699999999 -1.4626379205
959.6799999999 -1.4719833075
959.6899999999 -1.4809491406
959.6999999999 -1.4895337777
959.7099999999 -1.4977356533
959.7199999999 -1.5055532786
959.7299999999 -1.5129852420
959.7399999999 -1.5200302095
959.7499999999 -1.5266869244
959.7599999999 -1.5329542085
959.7699999999 -1.5388309612
959.7799999999 -1.5443161609
959.7899999999 -1.5494088642
959.7999999999 -1.5541082066
959.8099999999 -1.5584134027
959.8199999999 -1.5623237461
959.8299999999 -1.5658386097
959.8399999999 -1.5689574458
959.8499999999 -1.5716797864
959.8599999999 -1.5740052427
959.8699999999 -1.5759335060
959.8799999999 -1.5774643471
959.8899999999 -1.5785976167
959.8999999999 -1.5793332452
959.9099999999 -1.5796712429
959.9199999999 -1.5796117001
959.9299999999 -1.5791547865
959.9399999999 -1.5783007520
959.9499999999 -1.5770499260
959.9599999999 -1.5754027177
959.9699999999 -1.5733596156
959.9799999999 -1.5709211881
959.9899999999 -1.5680880826
959.9999999999 -1.5648610259
960.0099999999 -1.5612408239
960.0199999999 -1.5572283614
960.0299999999 -1.5528246019
960.0399999999 -1.5480305875
960.0499999999 -1.5428474387
960.0599999999 -1.5372763541
960.0699999999 -1.5313186101
960.0799999999 -1.5249755609
960.0899999999 -1.5182486378
960.0999999999 -1.5111393493
960.1099999999 -1.5036492808
960.1199999999 -1.4957800939
960.1299999999 -1.4875335265
960.1399999999 -1.4789113922
960.1499999999 -1.4699155799
960.1599999999 -1.4605480538
960.1699999999 -1.4508108524
960.1799999999 -1.4407060886
960.1899999999 -1.4302359491
960.1999999999 -1.4194026939
960.2099999999 -1.4082086558
960.2199999999 -1.3966562403
960.2299999999 -1.3847479247
960.2399999999 -1.3724862577
960.2499999999 -1.3598738590
960.2599999999 -1.3469134188
960.2699999999 -1.3336076970
960.2799999999 -1.3199595230
960.2899999999 -1.3059717948
960.2999999999 -1.2916474787
960.3099999999 -1.2769896086
960.3199999999 -1.2620012852
960.3299999999 -1.2466856757
960.3399999999 -1.2310460130
960.3499999999 -1.2150855951
960.3599999999 -1.1988077843
960.3699999999 -1.1822160066
960.3799999999 -1.1653137512
960.3899999999 -1.1481045695
960.3999999999 -1.1305920747
960.4099999999 -1.1127799408
960.4199999999 -1.0946719019
960.4299999999 -1.0762717516
960.4399999999 -1.0575833421
960.4499999999 -1.0386105837
960.4599999999 -1.0193574436
960.4699999999 -0.9998279453
960.4799999999 -0.9800261679
960.4899999999 -0.9599562450
960.4999999999 -0.9396223644
960.5099999999 -0.9190287665
960.5199999999 -0.8981797442
960.5299999999 -0.8770796416
960.5399999999 -0.8557328530
960.5499999999 -0.8341438227
960.5599999999 -0.8123170431
960.5699999999 -0.7902570550
960.5799999999 -0.7679684454
960.5899999999 -0.7454558477
960.5999999999 -0.7227239402
960.6099999999 -0.6997774450
960.6199999999 -0.6766211275
960.6299999999 -0.6532597955
960.6399999999 -0.6296982975
960.6499999999 -0.6059415225
960.6599999999 -0.5819943989
960.6699999999 -0.5578618929
960.6799999999 -0.5335490083
960.6899999999 -0.5090607852
960.6999999999 -0.4844022986
960.7099999999 -0.4595786580
960.7199999999 -0.4345950060
960.7299999999 -0.4094565174
960.7399999999 -0.3841683982
960.7499999999 -0.3587358843
960.7599999999 -0.3331642407
960.7699999999 -0.3074587605
960.7799999999 -0.2816247636
960.7899999999 -0.2556675958
960.7999999999 -0.2295926276
960.8099999999 -0.2034052532
960.8199999999 -0.1771108896
960.8299999999 -0.1507149752
960.8399999999 -0.1242229688
960.8499999999 -0.0976403486
960.8599999999 -0.0709726110
960.8699999999 -0.0442252697
960.8799999999 -0.0174038542
960.8899999999 0.0094860908
960.8999999999 0.0364390070
960.9099999999 0.0634493233
960.9199999999 0.0905114571
960.9299999999 0.1176198151
960.9399999999 0.1447687949
960.9499999999 0.1719527859
960.9599999999 0.1991661701
960.9699999999 0.2264033237
960.9799999999 0.2536586183
960.9899999999 0.2809264214
960.9999999999 0.3082010982
961.0099999999 0.3354770122
961.0199999999 0.3627485267
961.0299999999 0.3900100059
961.0399999999 0.4172558157
961.0499999999 0.4444803254
961.0599999999 0.4716779082
961.0699999999 0.4988429428
961.0799999999 0.5259698141
961.0899999999 0.5530529150
961.0999999999 0.5800866466
961.1099999999 0.6070654203
961.1199999999 0.6339836582
961.1299999999 0.6608357944
961.1399999999 0.6876162763
961.1499999999 0.7143195656
961.1599999999 0.7409401394
961.1699999999 0.7674724912
961.1799999999 0.7939111322
961.1899999999 0.8202505925
961.1999999999 0.8464854216
961.2099999999 0.8726101903
961.2199999999 0.8986194911
961.2299999999 0.9245079399
961.2399999999 0.9502701764
961.2499999999 0.9759008658
961.2599999999 1.0013946996
961.2699999999 1.0267463964
961.2799999999 1.0519507035
961.2899999999 1.0770023976
961.2999999999 1.1018962860
961.3099999999 1.1266272074
961.3199999999 1.1511900332
961.3299999999 1.1755796686
961.3399999999 1.1997910531
961.3499999999 1.2238191622
961.3599999999 1.2476590079
961.3699999999 1.2713056400
961.3799999999 1.2947541467
961.3899999999 1.3179996563
961.3999999999 1.3410373374
961.4099999999 1.3638624003
961.4199999999 1.3864700978
961.4299999999 1.4088557264
961.4399999999 1.4310146268
961.4499999999 1.4529421854
961.4599999999 1.4746338345
961.4699999999 1.4960850542
961.4799999999 1.5172913722
961.4899999999 1.5382483655
961.4999999999 1.5589516611
961.5099999999 1.5793969366
961.5199999999 1.5995799213
961.5299999999 1.6194963973
961.5399999999 1.6391421996
961.5499999999 1.6585132179
961.5599999999 1.6776053966
961.5699999999 1.6964147361
961.5799999999 1.7149372933
961.5899999999 1.7331691827
961.5999999999 1.7511065769
961.6099999999 1.7687457076
961.6199999999 1.7860828662
961.6299999999 1.8031144044
961.6399999999 1.8198367355
961.6499999999 1.8362463343
961.6599999999 1.8523397386
961.6699999999 1.8681135494
961.6799999999 1.8835644317
961.6899999999 1.8986891151
961.6999999999 1.9134843947
961.7099999999 1.9279471316
961.7199999999 1.9420742534
961.7299999999 1.9558627549
961.7399999999 1.9693096990
961.7499999999 1.9824122167
961.7599999999 1.9951675082
961.7699999999 2.0075728431
961.7799999999 2.0196255614
961.7899999999 2.0313230734
961.7999999999 2.0426628608
961.8099999999 2.0536424769
961.8199999999 2.0642595470
961.8299999999 2.0745117694
961.8399999999 2.0843969151
961.8499999999 2.0939128289
961.8599999999 2.1030574294
961.8699999999 2.1118287099
961.8799999999 2.1202247381
961.8899999999 2.1282436571
961.8999999999 2.1358836856
961.9099999999 2.1431431181
961.9199999999 2.1500203253
961.9299999999 2.1565137547
961.9399999999 2.1626219306
961.9499999999 2.1683434544
961.9599999999 2.1736770050
961.9699999999 2.1786213392
961.9799999999 2.1831752915
961.9899999999 2.1873377749
961.9999999999 2.1911077806
962.0099999999 2.1944843787
962.0199999999 2.1974667179
962.0299999999 2.2000540260
962.0399999999 2.2022456099
962.0499999999 2.2040408559
962.0599999999 2.2054392296
962.0699999999 2.2064402762
962.0799999999 2.2070436204
962.0899999999 2.2072489668
962.0999999999 2.2070560995
962.1099999999 2.2064648825
962.1199999999 2.2054752598
962.1299999999 2.2040872550
962.1399999999 2.2023009715
962.1499999999 2.2001165927
962.1599999999 2.1975343816
962.1699999999 2.1945546810
962.1799999999 2.1911779135
962.1899999999 2.1874045809
962.1999999999 2.1832352647
962.2099999999 2.1786706258
962.2199999999 2.1737114043
962.2299999999 2.1683584191
962.2399999999 2.1626125684
962.2499999999 2.1564748288
962.2599999999 2.1499462556
962.2699999999 2.1430279824
962.2799999999 2.1357212209
962.2899999999 2.1280272605
962.2999999999 2.1199474685
962.3099999999 2.1114832891
962.3199999999 2.1026362439
962.3299999999 2.0934079309
962.3399999999 2.0838000249
962.3499999999 2.0738142764
962.3599999999 2.0634525118
962.3699999999 2.0527166327
962.3799999999 2.0416086159
962.3899999999 2.0301305125
962.3999999999 2.0182844480
962.4099999999 2.0060726215
962.4199999999 1.9934973055
962.4299999999 1.9805608452
962.4399999999 1.9672656582
962.4499999999 1.9536142340
962.4599999999 1.9396091337
962.4699999999 1.9252529888
962.4799999999 1.9105485017
962.4899999999 1.8954984441
962.4999999999 1.8801056573
962.5099999999 1.8643730512
962.5199999999 1.8483036036
962.5299999999 1.8319003600
962.5399999999 1.8151664328
962.5499999999 1.7981050005
962.5599999999 1.7807193074
962.5699999999 1.7630126626
962.5799999999 1.7449884398
962.5899999999 1.7266500760
962.5999999999 1.7080010714
962.6099999999 1.6890449882
962.6199999999 1.6697854505
962.6299999999 1.6502261428
962.6399999999 1.6303708099
962.6499999999 1.6102232560
962.6599999999 1.5897873436
962.6699999999 1.5690669931
962.6799999999 1.5480661820
962.6899999999 1.5267889439
962.6999999999 1.5052393677
962.7099999999 1.4834215971
962.7199999999 1.4613398292
962.7299999999 1.4389983144
962.7399999999 1.4164013549
962.7499999999 1.3935533041
962.7599999999 1.3704585658
962.7699999999 1.3471215931
962.7799999999 1.3235468877
962.7899999999 1.2997389990
962.7999999999 1.2757025230
962.8099999999 1.2514421017
962.8199999999 1.2269624216
962.8299999999 1.2022682136
962.8399999999 1.1773642513
962.8499999999 1.1522553503
962.8599999999 1.1269463673
962.8699999999 1.1014421992
962.8799999999 1.0757477819
962.8899999999 1.0498680895
962.8999999999 1.0238081331
962.9099999999 0.9975729599
962.9199999999 0.9711676524
962.9299999999 0.9445973271
962.9399999999 0.9178671333
962.9499999999 0.8909822528
962.9599999999 0.8639478979
962.9699999999 0.8367693112
962.9799999999 0.8094517641
962.9899999999 0.7820005557
962.9999999999 0.7544210120
963.0099999999 0.7267184848
963.0199999999 0.6988983502
963.0299999999 0.6709660083
963.0399999999 0.6429268812
963.0499999999 0.6147864128
963.0599999999 0.5865500670
963.0699999999 0.5582233271
963.0799999999 0.5298116943
963.0899999999 0.5013206871
963.0999999999 0.4727558396
963.1099999999 0.4441227007
963.1199999999 0.4154268332
963.1299999999 0.3866738122
963.1399999999 0.3578692245
963.1499999999 0.3290186668
963.1599999999 0.3001277455
963.1699999999 0.2712020747
963.1799999999 0.2422472757
963.1899999999 0.2132689753
963.1999999999 0.1842728053
963.2099999999 0.1552644009
963.2199999999 0.1262493999
963.2299999999 0.0972334411
963.2399999999 0.0682221638
963.2499999999 0.0392212061
963.2599999999 0.0102362041
963.2699999999 -0.0187272093
963.2799999999 -0.0476634055
963.2899999999 -0.0765667615
963.2999999999 -0.1054316608
963.3099999999 -0.1342524947
963.3199999999 -0.1630236633
963.3299999999 -0.1917395767
963.3399999999 -0.2203946561
963.3499999999 -0.2489833349
963.3599999999 -0.2775000599
963.3699999999 -0.3059392922
963.3799999999 -0.3342955086
963.3899999999 -0.3625632024
963.3999999999 -0.3907368849
963.4099999999 -0.4188110860
963.4199999999 -0.4467803557
963.4299999999 -0.4746392651
963.4399999999 -0.5023824074
963.4499999999 -0.5300043989
963.4599999999 -0.5574998804
963.4699999999 -0.5848635179
963.4799999999 -0.6120900041
963.4899999999 -0.6391740589
963.4999999999 -0.6661104310
963.5099999999 -0.6928938986
963.5199999999 -0.7195192706
963.5299999999 -0.7459813877
963.5399999999 -0.7722751233
963.5499999999 -0.7983953844
963.5599999999 -0.8243371130
963.5699999999 -0.8500952869
963.5799999999 -0.8756649206
963.5899999999 -0.9010410664
963.5999999999 -0.9262188156
963.6099999999 -0.9511932991
963.6199999999 -0.9759596887
963.6299999999 -1.0005131977
963.6399999999 -1.0248490824
963.6499999999 -1.0489626425
963.6599999999 -1.0728492225
963.6699999999 -1.0965042121
963.6799999999 -1.1199230478
963.6899999999 -1.1431012132
963.6999999999 -1.1660342403
963.7099999999 -1.1887177103
963.7199999999 -1.2111472541
963.7299999999 -1.2333185541
963.7399999999 -1.2552273439
963.7499999999 -1.2768694101
963.7599999999 -1.2982405927
963.7699999999 -1.3193367860
963.7799999999 -1.3401539393
963.7899999999 -1.3606880582
963.7999999999 -1.3809352048
963.8099999999 -1.4008914987
963.8199999999 -1.4205531179
963.8299999999 -1.4399162996
963.8399999999 -1.4589773407
963.8499999999 -1.4777325986
963.8599999999 -1.4961784923
963.8699999999 -1.5143115026
963.8799999999 -1.5321281731
963.8899999999 -1.5496251108
963.8999999999 -1.5667989868
963.9099999999 -1.5836465371
963.9199999999 -1.6001645630
963.9299999999 -1.6163499318
963.9399999999 -1.6321995778
963.9499999999 -1.6477105022
963.9599999999 -1.6628797746
963.9699999999 -1.6777045326
963.9799999999 -1.6921819832
963.9899999999 -1.7063094029
963.9999999999 -1.7200841385
964.0099999999 -1.7335036074
964.0199999999 -1.7465652983
964.0299999999 -1.7592667715
964.0399999999 -1.7716056597
964.0499999999 -1.7835796682
964.0599999999 -1.7951865755
964.0699999999 -1.8064242336
964.0799999999 -1.8172905686
964.0899999999 -1.8277835812
964.0999999999 -1.8379013466
964.1099999999 -1.8476420155
964.1199999999 -1.8570038142
964.1299999999 -1.8659850448
964.1399999999 -1.8745840858
964.1499999999 -1.8827993924
964.1599999999 -1.8906294965
964.1699999999 -1.8980730076
964.1799999999 -1.9051286123
964.1899999999 -1.9117950751
964.1999999999 -1.9180712388
964.2099999999 -1.9239560240
964.2199999999 -1.9294484301
964.2299999999 -1.9345475349
964.2399999999 -1.9392524954
964.2499999999 -1.9435625472
964.2599999999 -1.9474770054
964.2699999999 -1.9509952643
964.2799999999 -1.9541167976
964.2899999999 -1.9568411585
964.2999999999 -1.9591679799
964.3099999999 -1.9610969744
964.3199999999 -1.9626279343
964.3299999999 -1.9637607317
964.3399999999 -1.9644953186
964.3499999999 -1.9648317267
964.3599999999 -1.9647700676
964.3699999999 -1.9643105328
964.3799999999 -1.9634533934
964.3899999999 -1.9621990002
964.3999999999 -1.9605477838
964.4099999999 -1.9585002542
964.4199999999 -1.9560570009
964.4299999999 -1.9532186927
964.4399999999 -1.9499860777
964.4499999999 -1.9463599830
964.4599999999 -1.9423413144
964.4699999999 -1.9379310567
964.4799999999 -1.9331302729
964.4899999999 -1.9279401046
964.4999999999 -1.9223617712
964.5099999999 -1.9163965699
964.5199999999 -1.9100458757
964.5299999999 -1.9033111406
964.5399999999 -1.8961938938
964.5499999999 -1.8886957411
964.5599999999 -1.8808183646
964.5699999999 -1.8725635224
964.5799999999 -1.8639330484
964.5899999999 -1.8549288517
964.5999999999 -1.8455529163
964.6099999999 -1.8358073007
964.6199999999 -1.8256941377
964.6299999999 -1.8152156335
964.6399999999 -1.8043740677
964.6499999999 -1.7931717926
964.6599999999 -1.7816112328
964.6699999999 -1.7696948848
964.6799999999 -1.7574253164
964.6899999999 -1.7448051661
964.6999999999 -1.7318371427
964.7099999999 -1.7185240249
964.7199999999 -1.7048686602
964.7299999999 -1.6908739651
964.7399999999 -1.6765429240
964.7499999999 -1.6618785884
964.7599999999 -1.6468840771
964.7699999999 -1.6315625747
964.7799999999 -1.6159173316
964.7899999999 -1.5999516628
964.7999999999 -1.5836689478
964.8099999999 -1.5670726295
964.8199999999 -1.5501662136
964.8299999999 -1.5329532682
964.8399999999 -1.5154374225
964.8499999999 -1.4976223667
964.8599999999 -1.4795118507
964.8699999999 -1.4611096838
964.8799999999 -1.4424197338
964.8899999999 -1.4234459259
964.8999999999 -1.4041922425
964.9099999999 -1.3846627219
964.9199999999 -1.3648614577
964.9299999999 -1.3447925981
964.9399999999 -1.3244603446
964.9499999999 -1.3038689519
964.9599999999 -1.2830227263
964.9699999999 -1.2619260253
964.9799999999 -1.2405832566
964.9899999999 -1.2189988772
964.9999999999 -1.1971773925
965.0099999999 -1.1751233553
965.0199999999 -1.1528413653
965.0299999999 -1.1303360675
965.0399999999 -1.1076121519
965.0499999999 -1.0846743522
965.0599999999 -1.0615274451
965.0699999999 -1.0381762489
965.0799999999 -1.0146256230
965.0899999999 -0.9908804669
965.0999999999 -0.9669457188
965.1099999999 -0.9428263551
965.1199999999 -0.9185273890
965.1299999999 -0.8940538698
965.1399999999 -0.8694108818
965.1499999999 -0.8446035430
965.1599999999 -0.8196370047
965.1699999999 -0.7945164497
965.1799999999 -0.7692470920
965.1899999999 -0.7438341751
965.1999999999 -0.7182829714
965.2099999999 -0.6925987809
965.2199999999 -0.6667869305
965.2299999999 -0.6408527722
965.2399999999 -0.6148016829
965.2499999999 -0.5886390627
965.2599999999 -0.5623703341
965.2699999999 -0.5360009408
965.2799999999 -0.5095363467
965.2899999999 -0.4829820346
965.2999999999 -0.4563435055
965.3099999999 -0.4296262769
965.3199999999 -0.4028358825
965.3299999999 -0.3759778702
965.3399999999 -0.3490578017
965.3499999999 -0.3220812509
965.3599999999 -0.2950538032
965.3699999999 -0.2679810540
965.3799999999 -0.2408686078
965.3899999999 -0.2137220770
965.3999999999 -0.1865470808
965.4099999999 -0.1593492442
965.4199999999 -0.1321341964
965.4299999999 -0.1049075704
965.4399999999 -0.0776750012
965.4499999999 -0.0504421251
965.4599999999 -0.0232145784
965.4699999999 0.0040020037
965.4799999999 0.0312019884
965.4899999999 0.0583797461
965.4999999999 0.0855296517
965.5099999999 0.1126460859
965.5199999999 0.1397234358
965.5299999999 0.1667560969
965.5399999999 0.1937384731
965.5499999999 0.2206649790
965.5599999999 0.2475300400
965.5699999999 0.2743280942
965.5799999999 0.3010535929
965.5899999999 0.3277010023
965.5999999999 0.3542648039
965.6099999999 0.3807394964
965.6199999999 0.4071195961
965.6299999999 0.4333996386
965.6399999999 0.4595741794
965.6499999999 0.4856377953
965.6599999999 0.5115850853
965.6699999999 0.5374106719
965.6799999999 0.5631092018
965.6899999999 0.5886753476
965.6999999999 0.6141038083
965.7099999999 0.6393893103
965.7199999999 0.6645266092
965.7299999999 0.6895104899
965.7399999999 0.7143357685
965.7499999999 0.7389972928
965.7599999999 0.7634899433
965.7699999999 0.7878086346
965.7799999999 0.8119483162
965.7899999999 0.8359039736
965.7999999999 0.8596706292
965.8099999999 0.8832433432
965.8199999999 0.9066172150
965.8299999999 0.9297873837
965.8399999999 0.9527490294
965.8499999999 0.9754973741
965.8599999999 0.9980276824
965.8699999999 1.0203352630
965.8799999999 1.0424154690
965.8899999999 1.0642636993
965.8999999999 1.0858753995
965.9099999999 1.1072460623
965.9199999999 1.1283712291
965.9299999999 1.1492464905
965.9399999999 1.1698674872
965.9499999999 1.1902299110
965.9599999999 1.2103295055
965.9699999999 1.2301620671
965.9799999999 1.2497234460
965.9899999999 1.2690095465
965.9999999999 1.2880163282
966.0099999999 1.3067398071
966.0199999999 1.3251760556
966.0299999999 1.3433212040
966.0399999999 1.3611714410
966.0499999999 1.3787230145
966.0599999999 1.3959722322
966.0699999999 1.4129154627
966.0799999999 1.4295491358
966.0899999999 1.4458697436
966.0999999999 1.4618738408
966.1099999999 1.4775580459
966.1199999999 1.4929190414
966.1299999999 1.5079535746
966.1399999999 1.5226584587
966.1499999999 1.5370305725
966.1599999999 1.5510668620
966.1699999999 1.5647643405
966.1799999999 1.5781200892
966.1899999999 1.5911312579
966.1999999999 1.6037950655
966.2099999999 1.6161088009
966.2199999999 1.6280698229
966.2299999999 1.6396755611
966.2399999999 1.6509235167
966.2499999999 1.6618112624
966.2599999999 1.6723364433
966.2699999999 1.6824967773
966.2799999999 1.6922900553
966.2899999999 1.7017141422
966.2999999999 1.7107669766
966.3099999999 1.7194465720
966.3199999999 1.7277510165
966.3299999999 1.7356784736
966.3399999999 1.7432271823
966.3499999999 1.7503954579
966.3599999999 1.7571816918
966.3699999999 1.7635843521
966.3799999999 1.7696019839
966.3899999999 1.7752332097
966.3999999999 1.7804767292
966.4099999999 1.7853313202
966.4199999999 1.7897958385
966.4299999999 1.7938692181
966.4399999999 1.7975504714
966.4499999999 1.8008386898
966.4599999999 1.8037330432
966.4699999999 1.8062327808
966.4799999999 1.8083372309
966.4899999999 1.8100458010
966.4999999999 1.8113579783
966.5099999999 1.8122733293
966.5199999999 1.8127915004
966.5299999999 1.8129122173
966.5399999999 1.8126352858
966.5499999999 1.8119605915
966.5599999999 1.8108880995
966.5699999999 1.8094178551
966.5799999999 1.8075499832
966.5899999999 1.8052846885
966.5999999999 1.8026222556
966.6099999999 1.7995630486
966.6199999999 1.7961075114
966.6299999999 1.7922561674
966.6399999999 1.7880096192
966.6499999999 1.7833685490
966.6599999999 1.7783337181
966.6699999999 1.7729059668
966.6799999999 1.7670862141
966.6899999999 1.7608754580
966.6999999999 1.7542747746
966.7099999999 1.7472853185
966.7199999999 1.7399083223
966.7299999999 1.7321450962
966.7399999999 1.7239970281
966.7499999999 1.7154655831
966.7599999999 1.7065523031
966.7699999999 1.6972588069
966.7799999999 1.6875867893
966.7899999999 1.6775380212
966.7999999999 1.6671143493
966.8099999999 1.6563176952
966.8199999999 1.6451500556
966.8299999999 1.6336135015
966.8399999999 1.6217101781
966.8499999999 1.6094423041
966.8599999999 1.5968121714
966.8699999999 1.5838221447
966.8799999999 1.5704746607
966.8899999999 1.5567722281
966.8999999999 1.5427174267
966.9099999999 1.5283129071
966.9199999999 1.5135613899
966.9299999999 1.4984656657
966.9399999999 1.4830285939
966.9499999999 1.4672531026
966.9599999999 1.4511421876
966.9699999999 1.4346989123
966.9799999999 1.4179264067
966.9899999999 1.4008278667
966.9999999999 1.3834065541
967.0099999999 1.3656657950
967.0199999999 1.3476089799
967.0299999999 1.3292395628
967.0399999999 1.3105610602
967.0499999999 1.2915770509
967.0599999999 1.2722911750
967.0699999999 1.2527071331
967.0799999999 1.2328286856
967.0899999999 1.2126596523
967.0999999999 1.1922039110
967.1099999999 1.1714653972
967.1199999999 1.1504481034
967.1299999999 1.1291560777
967.1399999999 1.1075934237
967.1499999999 1.0857642990
967.1599999999 1.0636729150
967.1699999999 1.0413235357
967.1799999999 1.0187204768
967.1899999999 0.9958681051
967.1999999999 0.9727708373
967.2099999999 0.9494331393
967.2199999999 0.9258595256
967.2299999999 0.9020545576
967.2399999999 0.8780228436
967.2499999999 0.8537690372
967.2599999999 0.8292978366
967.2699999999 0.8046139838
967.2799999999 0.7797222635
967.2899999999 0.7546275022
967.2999999999 0.7293345670
967.3099999999 0.7038483649
967.3199999999 0.6781738420
967.3299999999 0.6523159818
967.3399999999 0.6262798051
967.3499999999 0.6000703681
967.3599999999 0.5736927621
967.3699999999 0.5471521122
967.3799999999 0.5204535761
967.3899999999 0.4936023435
967.3999999999 0.4666036346
967.4099999999 0.4394626993
967.4199999999 0.4121848162
967.4299999999 0.3847752913
967.4399999999 0.3572394571
967.4499999999 0.3295826717
967.4599999999 0.3018103173
967.4699999999 0.2739277996
967.4799999999 0.2459405462
967.4899999999 0.2178540060
967.4999999999 0.1896736478
967.5099999999 0.1614049593
967.5199999999 0.1330534461
967.5299999999 0.1046246304
967.5399999999 0.0761240501
967.5499999999 0.0475572574
967.5599999999 0.0189298179
967.5699999999 -0.0097526904
967.5799999999 -0.0384846784
967.5899999999 -0.0672605471
967.5999999999 -0.0960746886
967.6099999999 -0.1249214871
967.6199999999 -0.1537953203
967.6299999999 -0.1826905603
967.6399999999 -0.2116015749
967.6499999999 -0.2405227285
967.6599999999 -0.2694483836
967.6699999999 -0.2983729014
967.6799999999 -0.3272906435
967.6899999999 -0.3561959727
967.6999999999 -0.3850832541
967.7099999999 -0.4139468564
967.7199999999 -0.4427811530
967.7299999999 -0.4715805229
967.7399999999 -0.5003393522
967.7499999999 -0.5290520350
967.7599999999 -0.5577129744
967.7699999999 -0.5863165840
967.7799999999 -0.6148572887
967.7899999999 -0.6433295259
967.7999999999 -0.6717277465
967.8099999999 -0.7000464165
967.8199999999 -0.7282800174
967.8299999999 -0.7564230478
967.8399999999 -0.7844700245
967.8499999999 -0.8124154832
967.8599999999 -0.8402539799
967.8699999999 -0.8679800922
967.8799999999 -0.8955884199
967.8899999999 -0.9230735863
967.8999999999 -0.9504302395
967.9099999999 -0.9776530530
967.9199999999 -1.0047367273
967.9299999999 -1.0316759905
967.9399999999 -1.0584655997
967.9499999999 -1.0851003417
967.9599999999 -1.1115750345
967.9699999999 -1.1378845279
967.9799999999 -1.1640237049
967.9899999999 -1.1899874824
967.9999999999 -1.2157708123
968.0099999999 -1.2413686828
968.0199999999 -1.2667761191
968.0299999999 -1.2919881844
968.0399999999 -1.3169999809
968.0499999999 -1.3418066512
968.0599999999 -1.3664033786
968.0699999999 -1.3907853884
968.0799999999 -1.4149479491
968.0899999999 -1.4388863727
968.0999999999 -1.4625960166
968.1099999999 -1.4860722833
968.1199999999 -1.5093106225
968.1299999999 -1.5323065313
968.1399999999 -1.5550555554
968.1499999999 -1.5775532897
968.1599999999 -1.5997953795
968.1699999999 -1.6217775213
968.1799999999 -1.6434954636
968.1899999999 -1.6649450077
968.1999999999 -1.6861220086
968.2099999999 -1.7070223759
968.2199999999 -1.7276420746
968.2299999999 -1.7479771258
968.2399999999 -1.7680236075
968.2499999999 -1.7877776555
968.2599999999 -1.8072354642
968.2699999999 -1.8263932873
968.2799999999 -1.8452474384
968.2899999999 -1.8637942920
968.2999999999 -1.8820302840
968.3099999999 -1.8999519126
968.3199999999 -1.9175557389
968.3299999999 -1.9348383876
968.3399999999 -1.9517965478
968.3499999999 -1.9684269733
968.3599999999 -1.9847264837
968.3699999999 -2.0006919648
968.3799999999 -2.0163203693
968.3899999999 -2.0316087172
968.3999999999 -2.0465540968
968.4099999999 -2.0611536649
968.4199999999 -2.0754046477
968.4299999999 -2.0893043408
968.4399999999 -2.1028501106
968.4499999999 -2.1160393940
968.4599999999 -2.1288696995
968.4699999999 -2.1413386073
968.4799999999 -2.1534437699
968.4899999999 -2.1651829129
968.4999999999 -2.1765538348
968.5099999999 -2.1875544082
968.5199999999 -2.1981825795
968.5299999999 -2.2084363699
968.5399999999 -2.2183138754
968.5499999999 -2.2278132674
968.5599999999 -2.2369327929
968.5699999999 -2.2456707752
968.5799999999 -2.2540256137
968.5899999999 -2.2619957846
968.5999999999 -2.2695798412
968.6099999999 -2.2767764140
968.6199999999 -2.2835842110
968.6299999999 -2.2900020184
968.6399999999 -2.2960286999
968.6499999999 -2.3016631981
968.6599999999 -2.3069045337
968.6699999999 -2.3117518062
968.6799999999 -2.3162041941
968.6899999999 -2.3202609549
968.6999999999 -2.3239214254
968.7099999999 -2.3271850214
968.7199999999 -2.3300512386
968.7299999999 -2.3325196520
968.7399999999 -2.3345899163
968.7499999999 -2.3362617659
968.7599999999 -2.3375350150
968.7699999999 -2.3384095575
968.7799999999 -2.3388853672
968.7899999999 -2.3389624977
968.7999999999 -2.3386410826
968.8099999999 -2.3379213349
968.8199999999 -2.3368035476
968.8299999999 -2.3352880935
968.8399999999 -2.3333754247
968.8499999999 -2.3310660731
968.8599999999 -2.3283606498
968.8699999999 -2.3252598454
968.8799999999 -2.3217644295
968.8899999999 -2.3178752506
968.8999999999 -2.3135932364
968.9099999999 -2.3089193928
968.9199999999 -2.3038548044
968.9299999999 -2.2984006341
968.9399999999 -2.2925581225
968.9499999999 -2.2863285882
968.9599999999 -2.2797134270
968.9699999999 -2.2727141123
968.9799999999 -2.2653321940
968.9899999999 -2.2575692988
968.9999999999 -2.2494271295
969.0099999999 -2.2409074652
969.0199999999 -2.2320121600
969.0299999999 -2.2227431437
969.0399999999 -2.2131024205
969.0499999999 -2.2030920694
969.0599999999 -2.1927142430
969.0699999999 -2.1819711677
969.0799999999 -2.1708651429
969.0899999999 -2.1593985408
969.0999999999 -2.1475738054
969.1099999999 -2.1353934529
969.1199999999 -2.1228600703
969.1299999999 -2.1099763152
969.1399999999 -2.0967449157
969.1499999999 -2.0831686692
969.1599999999 -2.0692504421
969.1699999999 -2.0549931693
969.1799999999 -2.0403998537
969.1899999999 -2.0254735651
969.1999999999 -2.0102174402
969.2099999999 -1.9946346817
969.2199999999 -1.9787285576
969.2299999999 -1.9625024006
969.2399999999 -1.9459596074
969.2499999999 -1.9291036381
969.2599999999 -1.9119380155
969.2699999999 -1.8944663242
969.2799999999 -1.8766922103
969.2899999999 -1.8586193802
969.2999999999 -1.8402516001
969.3099999999 -1.8215926952
969.3199999999 -1.8026465490
969.3299999999 -1.7834171024
969.3399999999 -1.7639083531
969.3499999999 -1.7441243543
969.3599999999 -1.7240692148
969.3699999999 -1.7037470972
969.3799999999 -1.6831622176
969.3899999999 -1.6623188448
969.3999999999 -1.6412212992
969.4099999999 -1.6198739519
969.4199999999 -1.5982812241
969.4299999999 -1.5764475861
969.4399999999 -1.5543775562
969.4499999999 -1.5320757001
969.4599999999 -1.5095466299
969.4699999999 -1.4867950029
969.4799999999 -1.4638255212
969.4899999999 -1.4406429300
969.4999999999 -1.4172520176
969.5099999999 -1.3936576135
969.5199999999 -1.3698645882
969.5299999999 -1.3458778516
969.5399999999 -1.3217023526
969.5499999999 -1.2973430776
969.5599999999 -1.2728050496
969.5699999999 -1.2480933278
969.5799999999 -1.2232130054
969.5899999999 -1.1981692099
969.5999999999 -1.1729671010
969.6099999999 -1.1476118703
969.6199999999 -1.1221087396
969.6299999999 -1.0964629607
969.6399999999 -1.0706798135
969.6499999999 -1.0447646054
969.6599999999 -1.0187226702
969.6699999999 -0.9925593669
969.6799999999 -0.9662800787
969.6899999999 -0.9398902119
969.6999999999 -0.9133951949
969.7099999999 -0.8868004771
969.7199999999 -0.8601115275
969.7299999999 -0.8333338341
969.7399999999 -0.8064729025
969.7499999999 -0.7795342547
969.7599999999 -0.7525234284
969.7699999999 -0.7254459753
969.7799999999 -0.6983074607
969.7899999999 -0.6711134616
969.7999999999 -0.6438695664
969.8099999999 -0.6165813730
969.8199999999 -0.5892544882
969.8299999999 -0.5618945265
969.8399999999 -0.5345071088
969.8499999999 -0.5070978612
969.8599999999 -0.4796724144
969.8699999999 -0.4522364018
969.8799999999 -0.4247954591
969.8899999999 -0.3973552227
969.8999999999 -0.3699213286
969.9099999999 -0.3424994118
969.9199999999 -0.3150951042
969.9299999999 -0.2877140345
969.9399999999 -0.2603618262
969.9499999999 -0.2330440973
969.9599999999 -0.2057664583
969.9699999999 -0.1785345118
969.9799999999 -0.1513538510
969.9899999999 -0.1242300588
969.9999999999 -0.0971687063
970.0099999999 -0.0701753522
970.0199999999 -0.0432555411
970.0299999999 -0.0164148032
970.0399999999 0.0103413479
970.0499999999 0.0370074151
970.0599999999 0.0635779200
970.0699999999 0.0900474033
970.0799999999 0.1164104261
970.0899999999 0.1426615709
970.0999999999 0.1687954430
970.1099999999 0.1948066712
970.1199999999 0.2206899091
970.1299999999 0.2464398361
970.1399999999 0.2720511584
970.1499999999 0.2975186103
970.1599999999 0.3228369550
970.1699999999 0.3480009856
970.1799999999 0.3730055266
970.1899999999 0.3978454344
970.1999999999 0.4225155986
970.2099999999 0.4470109430
970.2199999999 0.4713264266
970.2299999999 0.4954570446
970.2399999999 0.5193978295
970.2499999999 0.5431438518
970.2599999999 0.5666902215
970.2699999999 0.5900320885
970.2799999999 0.6131646441
970.2899999999 0.6360831214
970.2999999999 0.6587827969
970.3099999999 0.6812589909
970.3199999999 0.7035070688
970.3299999999 0.7255224418
970.3399999999 0.7473005680
970.3499999999 0.7688369531
970.3599999999 0.7901271514
970.3699999999 0.8111667669
970.3799999999 0.8319514538
970.3899999999 0.8524769178
970.3999999999 0.8727389164
970.4099999999 0.8927332603
970.4199999999 0.9124558140
970.4299999999 0.9319024966
970.4399999999 0.9510692827
970.4499999999 0.9699522031
970.4599999999 0.9885473458
970.4699999999 1.0068508565
970.4799999999 1.0248589397
970.4899999999 1.0425678590
970.4999999999 1.0599739385
970.5099999999 1.0770735628
970.5199999999 1.0938631786
970.5299999999 1.1103392943
970.5399999999 1.1264984817
970.5499999999 1.1423373763
970.5599999999 1.1578526779
970.5699999999 1.1730411512
970.5799999999 1.1878996267
970.5899999999 1.2024250014
970.5999999999 1.2166142389
970.6099999999 1.2304643706
970.6199999999 1.2439724959
970.6299999999 1.2571357831
970.6399999999 1.2699514695
970.6499999999 1.2824168627
970.6599999999 1.2945293402
970.6699999999 1.3062863508
970.6799999999 1.3176854144
970.6899999999 1.3287241232
970.6999999999 1.3394001415
970.7099999999 1.3497112066
970.7199999999 1.3596551291
970.7299999999 1.3692297934
970.7399999999 1.3784331580
970.7499999999 1.3872632562
970.7599999999 1.3957181961
970.7699999999 1.4037961613
970.7799999999 1.4114954111
970.7899999999 1.4188142808
970.7999999999 1.4257511823
970.8099999999 1.4323046041
970.8199999999 1.4384731118
970.8299999999 1.4442553483
970.8399999999 1.4496500342
970.8499999999 1.4546559680
970.8599999999 1.4592720260
970.8699999999 1.4634971632
970.8799999999 1.4673304129
970.8899999999 1.4707708871
970.8999999999 1.4738177771
970.9099999999 1.4764703527
970.9199999999 1.4787279634
970.9299999999 1.4805900378
970.9399999999 1.4820560841
970.9499999999 1.4831256899
970.9599999999 1.4837985225
970.9699999999 1.4840743291
970.9799999999 1.4839529364
970.9899999999 1.4834342510
970.9999999999 1.4825182595
971.0099999999 1.4812050280
971.0199999999 1.4794947026
971.0299999999 1.4773875092
971.0399999999 1.4748837534
971.0499999999 1.4719838203
971.0599999999 1.4686881749
971.0699999999 1.4649973614
971.0799999999 1.4609120037
971.0899999999 1.4564328047
971.0999999999 1.4515605466
971.1099999999 1.4462960905
971.1199999999 1.4406403763
971.1299999999 1.4345944225
971.1399999999 1.4281593261
971.1499999999 1.4213362621
971.1599999999 1.4141264836
971.1699999999 1.4065313214
971.1799999999 1.3985521837
971.1899999999 1.3901905557
971.1999999999 1.3814479998
971.2099999999 1.3723261547
971.2199999999 1.3628267352
971.2299999999 1.3529515323
971.2399999999 1.3427024122
971.2499999999 1.3320813165
971.2599999999 1.3210902612
971.2699999999 1.3097313370
971.2799999999 1.2980067084
971.2899999999 1.2859186133
971.2999999999 1.2734693627
971.3099999999 1.2606613401
971.3199999999 1.2474970014
971.3299999999 1.2339788737
971.3399999999 1.2201095554
971.3499999999 1.2058917155
971.3599999999 1.1913280931
971.3699999999 1.1764214965
971.3799999999 1.1611748033
971.3899999999 1.1455909593
971.3999999999 1.1296729780
971.4099999999 1.1134239401
971.4199999999 1.0968469929
971.4299999999 1.0799453495
971.4399999999 1.0627222885
971.4499999999 1.0451811529
971.4599999999 1.0273253496
971.4699999999 1.0091583490
971.4799999999 0.9906836838
971.4899999999 0.9719049488
971.4999999999 0.9528257997
971.5099999999 0.9334499527
971.5199999999 0.9137811838
971.5299999999 0.8938233276
971.5399999999 0.8735802771
971.5499999999 0.8530559825
971.5599999999 0.8322544506
971.5699999999 0.8111797440
971.5799999999 0.7898359801
971.5899999999 0.7682273307
971.5999999999 0.7463580205
971.6099999999 0.7242323269
971.6199999999 0.7018545788
971.6299999999 0.6792291559
971.6399999999 0.6563604874
971.6499999999 0.6332530519
971.6599999999 0.6099113757
971.6699999999 0.5863400324
971.6799999999 0.5625436417
971.6899999999 0.5385268688
971.6999999999 0.5142944229
971.7099999999 0.4898510571
971.7199999999 0.4652015665
971.7299999999 0.4403507879
971.7399999999 0.4153035987
971.7499999999 0.3900649158
971.7599999999 0.3646396945
971.7699999999 0.3390329280
971.7799999999 0.3132496457
971.7899999999 0.2872949128
971.7999999999 0.2611738290
971.8099999999 0.2348915276
971.8199999999 0.2084531742
971.8299999999 0.1818639660
971.8399999999 0.1551291307
971.8499999999 0.1282539251
971.8599999999 0.1012436345
971.8699999999 0.0741035716
971.8799999999 0.0468390750
971.8899999999 0.0194555085
971.8999999999 -0.0080417399
971.9099999999 -0.0356472593
971.9199999999 -0.0633556171
971.9299999999 -0.0911613596
971.9399999999 -0.1190590137
971.9499999999 -0.1470430875
971.9599999999 -0.1751080716
971.9699999999 -0.2032484404
971.9799999999 -0.2314586527
971.9899999999 -0.2597331535
971.9999999999 -0.2880663743
972.0099999999 -0.3164527351
972.0199999999 -0.3448866448
972.0299999999 -0.3733625025
972.0399999999 -0.4018746991
972.0499999999 -0.4304176176
972.0599999999 -0.4589856349
972.0699999999 -0.4875731227
972.0799999999 -0.5161744486
972.0899999999 -0.5447839773
972.0999999999 -0.5733960714
972.1099999999 -0.6020050931
972.1199999999 -0.6306054051
972.1299999999 -0.6591913714
972.1399999999 -0.6877573588
972.1499999999 -0.7162977380
972.1599999999 -0.7448068847
972.1699999999 -0.7732791805
972.1799999999 -0.8017090143
972.1899999999 -0.8300907834
972.1999999999 -0.8584188945
972.2099999999 -0.8866877649
972.2199999999 -0.9148918236
972.2299999999 -0.9430255124
972.2399999999 -0.9710832871
972.2499999999 -0.9990596184
972.2599999999 -1.0269489932
972.2699999999 -1.0547459159
972.2799999999 -1.0824449088
972.2899999999 -1.1100405141
972.2999999999 -1.1375272942
972.3099999999 -1.1648998334
972.3199999999 -1.1921527387
972.3299999999 -1.2192806407
972.3399999999 -1.2462781951
972.3499999999 -1.2731400835
972.3599999999 -1.2998610144
972.3699999999 -1.3264357246
972.3799999999 -1.3528589798
972.3899999999 -1.3791255761
972.3999999999 -1.4052303407
972.4099999999 -1.4311681332
972.4199999999 -1.4569338462
972.4299999999 -1.4825224070
972.4399999999 -1.5079287780
972.4499999999 -1.5331479581
972.4599999999 -1.5581749833
972.4699999999 -1.5830049283
972.4799999999 -1.6076329068
972.4899999999 -1.6320540731
972.4999999999 -1.6562636225
972.5099999999 -1.6802567927
972.5199999999 -1.7040288648
972.5299999999 -1.7275751636
972.5399999999 -1.7508910594
972.5499999999 -1.7739719682
972.5599999999 -1.7968133533
972.5699999999 -1.8194107254
972.5799999999 -1.8417596443
972.5899999999 -1.8638557192
972.5999999999 -1.8856946101
972.6099999999 -1.9072720279
972.6199999999 -1.9285837363
972.6299999999 -1.9496255518
972.6399999999 -1.9703933447
972.6499999999 -1.9908830404
972.6599999999 -2.0110906195
972.6699999999 -2.0310121194
972.6799999999 -2.0506436344
972.6899999999 -2.0699813167
972.6999999999 -2.0890213774
972.7099999999 -2.1077600870
972.7199999999 -2.1261937764
972.7299999999 -2.1443188373
972.7399999999 -2.1621317230
972.7499999999 -2.1796289495
972.7599999999 -2.1968070957
972.7699999999 -2.2136628043
972.7799999999 -2.2301927826
972.7899999999 -2.2463938029
972.7999999999 -2.2622627032
972.8099999999 -2.2777963882
972.8199999999 -2.2929918293
972.8299999999 -2.3078460657
972.8399999999 -2.3223562048
972.8499999999 -2.3365194228
972.8599999999 -2.3503329653
972.8699999999 -2.3637941477
972.8799999999 -2.3769003561
972.8899999999 -2.3896490474
972.8999999999 -2.4020377500
972.9099999999 -2.4140640644
972.9199999999 -2.4257256635
972.9299999999 -2.4370202931
972.9399999999 -2.4479457724
972.9499999999 -2.4584999946
972.9599999999 -2.4686809269
972.9699999999 -2.4784866114
972.9799999999 -2.4879151650
972.9899999999 -2.4969647802
972.9999999999 -2.5056337252
973.0099999999 -2.5139203445
973.0199999999 -2.5218230588
973.0299999999 -2.5293403659
973.0399999999 -2.5364708404
973.0499999999 -2.5432131345
973.0599999999 -2.5495659778
973.0699999999 -2.5555281781
973.0799999999 -2.5610986210
973.0899999999 -2.5662762707
973.0999999999 -2.5710601699
973.1099999999 -2.5754494401
973.1199999999 -2.5794432816
973.1299999999 -2.5830409740
973.1399999999 -2.5862418759
973.1499999999 -2.5890454254
973.1599999999 -2.5914511402
973.1699999999 -2.5934586173
973.1799999999 -2.5950675336
973.1899999999 -2.5962776456
973.1999999999 -2.5970887896
973.2099999999 -2.5975008817
973.2199999999 -2.5975139178
973.2299999999 -2.5971279737
973.2399999999 -2.5963432049
973.2499999999 -2.5951598467
973.2599999999 -2.5935782142
973.2699999999 -2.5915987021
973.2799999999 -2.5892217847
973.2899999999 -2.5864480157
973.2999999999 -2.5832780284
973.3099999999 -2.5797125352
973.3199999999 -2.5757523276
973.3299999999 -2.5713982760
973.3399999999 -2.5666513297
973.3499999999 -2.5615125166
973.3599999999 -2.5559829428
973.3699999999 -2.5500637927
973.3799999999 -2.5437563287
973.3899999999 -2.5370618906
973.3999999999 -2.5299818957
973.4099999999 -2.5225178387
973.4199999999 -2.5146712906
973.4299999999 -2.5064438994
973.4399999999 -2.4978373889
973.4499999999 -2.4888535589
973.4599999999 -2.4794942845
973.4699999999 -2.4697615162
973.4799999999 -2.4596572789
973.4899999999 -2.4491836719
973.4999999999 -2.4383428682
973.5099999999 -2.4271371146
973.5199999999 -2.4155687306
973.5299999999 -2.4036401081
973.5399999999 -2.3913537114
973.5499999999 -2.3787120760
973.5599999999 -2.3657178087
973.5699999999 -2.3523735866
973.5799999999 -2.3386821569
973.5899999999 -2.3246463362
973.5999999999 -2.3102690099
973.6099999999 -2.2955531316
973.6199999999 -2.2805017229
973.6299999999 -2.2651178722
973.6399999999 -2.2494047344
973.6499999999 -2.2333655302
973.6599999999 -2.2170035458
973.6699999999 -2.2003221314
973.6799999999 -2.1833247014
973.6899999999 -2.1660147333
973.6999999999 -2.1483957671
973.7099999999 -2.1304714045
973.7199999999 -2.1122453082
973.7299999999 -2.0937212013
973.7399999999 -2.0749028664
973.7499999999 -2.0557941449
973.7599999999 -2.0363989362
973.7699999999 -2.0167211970
973.7799999999 -1.9967649405
973.7899999999 -1.9765342354
973.7999999999 -1.9560332053
973.8099999999 -1.9352660278
973.8199999999 -1.9142369337
973.8299999999 -1.8929502062
973.8399999999 -1.8714101797
973.8499999999 -1.8496212394
973.8599999999 -1.8275878201
973.8699999999 -1.8053144056
973.8799999999 -1.7828055275
973.8899999999 -1.7600657643
973.8999999999 -1.7370997407
973.9099999999 -1.7139121267
973.9199999999 -1.6905076363
973.9299999999 -1.6668910269
973.9399999999 -1.6430670983
973.9499999999 -1.6190406916
973.9599999999 -1.5948166882
973.9699999999 -1.5704000090
973.9799999999 -1.5457956135
973.9899999999 -1.5210084984
973.9999999999 -1.4960436970
974.0099999999 -1.4709062778
974.0199999999 -1.4456013440
974.0299999999 -1.4201340320
974.0399999999 -1.3945095106
974.0499999999 -1.3687329800
974.0599999999 -1.3428096706
974.0699999999 -1.3167448420
974.0799999999 -1.2905437821
974.0899999999 -1.2642118057
974.0999999999 -1.2377542539
974.1099999999 -1.2111764927
974.1199999999 -1.1844839119
974.1299999999 -1.1576819242
974.1399999999 -1.1307759641
974.1499999999 -1.1037714865
974.1599999999 -1.0766739662
974.1699999999 -1.0494888963
974.1799999999 -1.0222217871
974.1899999999 -0.9948781654
974.1999999999 -0.9674635730
974.2099999999 -0.9399835658
974.2199999999 -0.9124437125
974.2299999999 -0.8848495937
974.2399999999 -0.8572068007
974.2499999999 -0.8295209343
974.2599999999 -0.8017976038
974.2699999999 -0.7740424256
974.2799999999 -0.7462610227
974.2899999999 -0.7184590227
974.2999999999 -0.6906420574
974.3099999999 -0.6628157614
974.3199999999 -0.6349857708
974.3299999999 -0.6071577225
974.3399999999 -0.5793372525
974.3499999999 -0.5515299953
974.3599999999 -0.5237415826
974.3699999999 -0.4959776418
974.3799999999 -0.4682437956
974.3899999999 -0.4405456601
974.3999999999 -0.4128888443
974.4099999999 -0.3852789487
974.4199999999 -0.3577215639
974.4299999999 -0.3302222702
974.4399999999 -0.3027866357
974.4499999999 -0.2754202158
974.4599999999 -0.2481285515
974.4699999999 -0.2209171690
974.4799999999 -0.1937915779
974.4899999999 -0.1667572705
974.4999999999 -0.1398197206
974.5099999999 -0.1129843824
974.5199999999 -0.0862566895
974.5299999999 -0.0596420534
974.5399999999 -0.0331458632
974.5499999999 -0.0067734836
974.5599999999 0.0194697454
974.5699999999 0.0455785101
974.5799999999 0.0715475238
974.5899999999 0.0973715283
974.5999999999 0.1230452942
974.6099999999 0.1485636230
974.6199999999 0.1739213471
974.6299999999 0.1991133315
974.6399999999 0.2241344746
974.6499999999 0.2489797094
974.6599999999 0.2736440041
974.6699999999 0.2981223636
974.6799999999 0.3224098302
974.6899999999 0.3465014846
974.6999999999 0.3703924471
974.7099999999 0.3940778784
974.7199999999 0.4175529806
974.7299999999 0.4408129982
974.7399999999 0.4638532189
974.7499999999 0.4866689748
974.7599999999 0.5092556433
974.7699999999 0.5316086476
974.7799999999 0.5537234584
974.7899999999 0.5755955939
974.7999999999 0.5972206216
974.8099999999 0.6185941584
974.8199999999 0.6397118719
974.8299999999 0.6605694814
974.8399999999 0.6811627584
974.8499999999 0.7014875275
974.8599999999 0.7215396675
974.8699999999 0.7413151121
974.8799999999 0.7608098505
974.8899999999 0.7800199285
974.8999999999 0.7989414492
974.9099999999 0.8175705737
974.9199999999 0.8359035219
974.9299999999 0.8539365733
974.9399999999 0.8716660679
974.9499999999 0.8890884066
974.9599999999 0.9062000521
974.9699999999 0.9229975296
974.9799999999 0.9394774275
974.9899999999 0.9556363981
974.9999999999 0.9714711583
975.0099999999 0.9869784901
975.0199999999 1.0021552414
975.0299999999 1.0169983265
975.0399999999 1.0315047271
975.0499999999 1.0456714923
975.0599999999 1.0594957395
975.0699999999 1.0729746553
975.0799999999 1.0861054953
975.0899999999 1.0988855854
975.0999999999 1.1113123220
975.1099999999 1.1233831724
975.1199999999 1.1350956756
975.1299999999 1.1464474426
975.1399999999 1.1574361570
975.1499999999 1.1680595753
975.1599999999 1.1783155274
975.1699999999 1.1882019173
975.1799999999 1.1977167230
975.1899999999 1.2068579976
975.1999999999 1.2156238688
975.2099999999 1.2240125402
975.2199999999 1.2320222911
975.2299999999 1.2396514769
975.2399999999 1.2468985295
975.2499999999 1.2537619577
975.2599999999 1.2602403475
975.2699999999 1.2663323621
975.2799999999 1.2720367426
975.2899999999 1.2773523077
975.2999999999 1.2822779547
975.3099999999 1.2868126588
975.3199999999 1.2909554743
975.3299999999 1.2947055338
975.3399999999 1.2980620492
975.3499999999 1.3010243113
975.3599999999 1.3035916902
975.3699999999 1.3057636356
975.3799999999 1.3075396762
975.3899999999 1.3089194209
975.3999999999 1.3099025576
975.4099999999 1.3104888546
975.4199999999 1.3106781594
975.4299999999 1.3104703996
975.4399999999 1.3098655826
975.4499999999 1.3088637955
975.4599999999 1.3074652053
975.4699999999 1.3056700588
975.4799999999 1.3034786823
975.4899999999 1.3008914820
975.4999999999 1.2979089435
975.5099999999 1.2945316319
975.5199999999 1.2907601918
975.5299999999 1.2865953469
975.5399999999 1.2820378998
975.5499999999 1.2770887325
975.5599999999 1.2717488052
975.5699999999 1.2660191571
975.5799999999 1.2599009055
975.5899999999 1.2533952458
975.5999999999 1.2465034514
975.6099999999 1.2392268734
975.6199999999 1.2315669400
975.6299999999 1.2235251566
975.6399999999 1.2151031054
975.6499999999 1.2063024450
975.6599999999 1.1971249102
975.6699999999 1.1875723114
975.6799999999 1.1776465345
975.6899999999 1.1673495406
975.6999999999 1.1566833651
975.7099999999 1.1456501178
975.7199999999 1.1342519824
975.7299999999 1.1224912157
975.7399999999 1.1103701477
975.7499999999 1.0978911807
975.7599999999 1.0850567889
975.7699999999 1.0718695182
975.7799999999 1.0583319851
975.7899999999 1.0444468768
975.7999999999 1.0302169505
975.8099999999 1.0156450323
975.8199999999 1.0007340176
975.8299999999 0.9854868695
975.8399999999 0.9699066191
975.8499999999 0.9539963643
975.8599999999 0.9377592694
975.8699999999 0.9211985644
975.8799999999 0.9043175444
975.8899999999 0.8871195690
975.8999999999 0.8696080615
975.9099999999 0.8517865083
975.9199999999 0.8336584581
975.9299999999 0.8152275213
975.9399999999 0.7964973693
975.9499999999 0.7774717335
975.9599999999 0.7581544050
975.9699999999 0.7385492334
975.9799999999 0.7186601263
975.9899999999 0.6984910485
975.9999999999 0.6780460209
976.0099999999 0.6573291202
976.0199999999 0.6363444778
976.0299999999 0.6150962787
976.0399999999 0.5935887612
976.0499999999 0.5718262158
976.0599999999 0.5498129842
976.0699999999 0.5275534588
976.0799999999 0.5050520812
976.0899999999 0.4823133421
976.0999999999 0.4593417798
976.1099999999 0.4361419794
976.1199999999 0.4127185722
976.1299999999 0.3890762344
976.1399999999 0.3652196863
976.1499999999 0.3411536913
976.1599999999 0.3168830551
976.1699999999 0.2924126246
976.1799999999 0.2677472870
976.1899999999 0.2428919688
976.1999999999 0.2178516346
976.2099999999 0.1926312865
976.2199999999 0.1672359629
976.2299999999 0.1416707373
976.2399999999 0.1159407178
976.2499999999 0.0900510454
976.2599999999 0.0640068934
976.2699999999 0.0378134665
976.2799999999 0.0114759993
976.2899999999 -0.0150002444
976.2999999999 -0.0416099729
976.3099999999 -0.0683478674
976.3199999999 -0.0952085833
976.3299999999 -0.1221867510
976.3399999999 -0.1492769773
976.3499999999 -0.1764738464
976.3599999999 -0.2037719206
976.3699999999 -0.2311657421
976.3799999999 -0.2586498334
976.3899999999 -0.2862186989
976.3999999999 -0.3138668255
976.4099999999 -0.3415886844
976.4199999999 -0.3693787315
976.4299999999 -0.3972314089
976.4399999999 -0.4251411461
976.4499999999 -0.4531023608
976.4599999999 -0.4811094602
976.4699999999 -0.5091568420
976.4799999999 -0.5372388959
976.4899999999 -0.5653500041
976.4999999999 -0.5934845430
976.5099999999 -0.6216368840
976.5199999999 -0.6498013948
976.5299999999 -0.6779724405
976.5399999999 -0.7061443843
976.5499999999 -0.7343115897
976.5599999999 -0.7624684202
976.5699999999 -0.7906092418
976.5799999999 -0.8187284231
976.5899999999 -0.8468203370
976.5999999999 -0.8748793616
976.6099999999 -0.9028998816
976.6199999999 -0.9308762888
976.6299999999 -0.9588029841
976.6399999999 -0.9866743777
976.6499999999 -1.0144848912
976.6599999999 -1.0422289578
976.6699999999 -1.0699010239
976.6799999999 -1.0974955502
976.6899999999 -1.1250070128
976.6999999999 -1.1524299041
976.7099999999 -1.1797587342
976.7199999999 -1.2069880317
976.7299999999 -1.2341123451
976.7399999999 -1.2611262436
976.7499999999 -1.2880243185
976.7599999999 -1.3148011839
976.7699999999 -1.3414514783
976.7799999999 -1.3679698651
976.7899999999 -1.3943510341
976.7999999999 -1.4205897023
976.8099999999 -1.4466806151
976.8199999999 -1.4726185475
976.8299999999 -1.4983983046
976.8399999999 -1.5240147233
976.8499999999 -1.5494626729
976.8599999999 -1.5747370565
976.8699999999 -1.5998328116
976.8799999999 -1.6247449112
976.8899999999 -1.6494683651
976.8999999999 -1.6739982208
976.9099999999 -1.6983295642
976.9199999999 -1.7224575209
976.9299999999 -1.7463772571
976.9399999999 -1.7700839805
976.9499999999 -1.7935729413
976.9599999999 -1.8168394332
976.9699999999 -1.8398787942
976.9799999999 -1.8626864078
976.9899999999 -1.8852577036
976.9999999999 -1.9075881585
977.0099999999 -1.9296732973
977.0199999999 -1.9515086941
977.0299999999 -1.9730899726
977.0399999999 -1.9944128073
977.0499999999 -2.0154729244
977.0599999999 -2.0362661025
977.0699999999 -2.0567881735
977.0799999999 -2.0770350235
977.0899999999 -2.0970025935
977.0999999999 -2.1166868805
977.1099999999 -2.1360839378
977.1199999999 -2.1551898762
977.1299999999 -2.1740008649
977.1399999999 -2.1925131317
977.1499999999 -2.2107229642
977.1599999999 -2.2286267105
977.1699999999 -2.2462207798
977.1799999999 -2.2635016432
977.1899999999 -2.2804658344
977.1999999999 -2.2971099505
977.2099999999 -2.3134306522
977.2199999999 -2.3294246654
977.2299999999 -2.3450887808
977.2399999999 -2.3604198553
977.2499999999 -2.3754148123
977.2599999999 -2.3900706423
977.2699999999 -2.4043844039
977.2799999999 -2.4183532237
977.2899999999 -2.4319742975
977.2999999999 -2.4452448905
977.3099999999 -2.4581623381
977.3199999999 -2.4707240460
977.3299999999 -2.4829274915
977.3399999999 -2.4947702231
977.3499999999 -2.5062498616
977.3599999999 -2.5173641004
977.3699999999 -2.5281107059
977.3799999999 -2.5384875181
977.3899999999 -2.5484924509
977.3999999999 -2.5581234924
977.4099999999 -2.5673787058
977.4199999999 -2.5762562291
977.4299999999 -2.5847542760
977.4399999999 -2.5928711361
977.4499999999 -2.6006051751
977.4599999999 -2.6079548354
977.4699999999 -2.6149186363
977.4799999999 -2.6214951739
977.4899999999 -2.6276831222
977.4999999999 -2.6334812326
977.5099999999 -2.6388883347
977.5199999999 -2.6439033360
977.5299999999 -2.6485252227
977.5399999999 -2.6527530594
977.5499999999 -2.6565859896
977.5599999999 -2.6600232358
977.5699999999 -2.6630640996
977.5799999999 -2.6657079618
977.5899999999 -2.6679542828
977.5999999999 -2.6698026022
977.6099999999 -2.6712525395
977.6199999999 -2.6723037936
977.6299999999 -2.6729561435
977.6399999999 -2.6732094474
977.6499999999 -2.6730636440
977.6599999999 -2.6725187512
977.6699999999 -2.6715748672
977.6799999999 -2.6702321695
977.6899999999 -2.6684909159
977.6999999999 -2.6663514435
977.7099999999 -2.6638141692
977.7199999999 -2.6608795895
977.7299999999 -2.6575482802
977.7399999999 -2.6538208966
977.7499999999 -2.6496981731
977.7599999999 -2.6451809232
977.7699999999 -2.6402700393
977.7799999999 -2.6349664926
977.7899999999 -2.6292713327
977.7999999999 -2.6231856875
977.8099999999 -2.6167107631
977.8199999999 -2.6098478435
977.8299999999 -2.6025982900
977.8399999999 -2.5949635416
977.8499999999 -2.5869451140
977.8599999999 -2.5785445998
977.8699999999 -2.5697636680
977.8799999999 -2.5606040636
977.8899999999 -2.5510676074
977.8999999999 -2.5411561955
977.9099999999 -2.5308717989
977.9199999999 -2.5202164634
977.9299999999 -2.5091923087
977.9399999999 -2.4978015286
977.9499999999 -2.4860463897
977.9599999999 -2.4739292320
977.9699999999 -2.4614524675
977.9799999999 -2.4486185802
977.9899999999 -2.4354301256
977.9999999999 -2.4218897299
978.0099999999 -2.4080000899
978.0199999999 -2.3937639721
978.0299999999 -2.3791842121
978.0399999999 -2.3642637145
978.0499999999 -2.3490054518
978.0599999999 -2.3334124641
978.0699999999 -2.3174878584
978.0799999999 -2.3012348080
978.0899999999 -2.2846565518
978.0999999999 -2.2677563939
978.1099999999 -2.2505377023
978.1199999999 -2.2330039092
978.1299999999 -2.2151585093
978.1399999999 -2.1970050600
978.1499999999 -2.1785471799
978.1599999999 -2.1597885487
978.1699999999 -2.1407329060
978.1799999999 -2.1213840508
978.1899999999 -2.1017458409
978.1999999999 -2.0818221915
978.2099999999 -2.0616170753
978.2199999999 -2.0411345209
978.2299999999 -2.0203786123
978.2399999999 -1.9993534884
978.2499999999 -1.9780633416
978.2599999999 -1.9565124175
978.2699999999 -1.9347050134
978.2799999999 -1.9126454781
978.2899999999 -1.8903382108
978.2999999999 -1.8677876600
978.3099999999 -1.8449983228
978.3199999999 -1.8219747441
978.3299999999 -1.7987215154
978.3399999999 -1.7752432742
978.3499999999 -1.7515447028
978.3599999999 -1.7276305275
978.3699999999 -1.7035055176
978.3799999999 -1.6791744846
978.3899999999 -1.6546422809
978.3999999999 -1.6299137993
978.4099999999 -1.6049939714
978.4199999999 -1.5798877674
978.4299999999 -1.5546001942
978.4399999999 -1.5291362953
978.4499999999 -1.5035011490
978.4599999999 -1.4776998679
978.4699999999 -1.4517375977
978.4799999999 -1.4256195163
978.4899999999 -1.3993508323
978.4999999999 -1.3729367847
978.5099999999 -1.3463826411
978.5199999999 -1.3196936971
978.5299999999 -1.2928752754
978.5399999999 -1.2659327239
978.5499999999 -1.2388714158
978.5599999999 -1.2116967474
978.5699999999 -1.1844141379
978.5799999999 -1.1570290278
978.5899999999 -1.1295468778
978.5999999999 -1.1019731680
978.6099999999 -1.0743133968
978.6199999999 -1.0465730795
978.6299999999 -1.0187577472
978.6399999999 -0.9908729461
978.6499999999 -0.9629242361
978.6599999999 -0.9349171895
978.6699999999 -0.9068573903
978.6799999999 -0.8787504328
978.6899999999 -0.8506019206
978.6999999999 -0.8224174654
978.7099999999 -0.7942026859
978.7199999999 -0.7659632067
978.7299999999 -0.7377046572
978.7399999999 -0.7094326702
978.7499999999 -0.6811528813
978.7599999999 -0.6528709274
978.7699999999 -0.6245924453
978.7799999999 -0.5963230714
978.7899999999 -0.5680684398
978.7999999999 -0.5398341814
978.8099999999 -0.5116259230
978.8199999999 -0.4834492858
978.8299999999 -0.4553098847
978.8399999999 -0.4272133266
978.8499999999 -0.3991652100
978.8599999999 -0.3711711231
978.8699999999 -0.3432366433
978.8799999999 -0.3153673359
978.8899999999 -0.2875687528
978.8999999999 -0.2598464316
978.9099999999 -0.2322058942
978.9199999999 -0.2046526463
978.9299999999 -0.1771921756
978.9399999999 -0.1498299510
978.9499999999 -0.1225714217
978.9599999999 -0.0954220157
978.9699999999 -0.0683871391
978.9799999999 -0.0414721748
978.9899999999 -0.0146824812
978.9999999999 0.0119766082
979.0099999999 0.0384997865
979.0199999999 0.0648817743
979.0299999999 0.0911173206
979.0399999999 0.1172012040
979.0499999999 0.1431282337
979.0599999999 0.1688932505
979.0699999999 0.1944911279
979.0799999999 0.2199167733
979.0899999999 0.2451651285
979.0999999999 0.2702311713
979.1099999999 0.2951099161
979.1199999999 0.3197964151
979.1299999999 0.3442857593
979.1399999999 0.3685730793
979.1499999999 0.3926535466
979.1599999999 0.4165223741
979.1699999999 0.4401748175
979.1799999999 0.4636061761
979.1899999999 0.4868117938
979.1999999999 0.5097870596
979.2099999999 0.5325274092
979.2199999999 0.5550283256
979.2299999999 0.5772853398
979.2399999999 0.5992940321
979.2499999999 0.6210500327
979.2599999999 0.6425490226
979.2699999999 0.6637867346
979.2799999999 0.6847589540
979.2899999999 0.7054615197
979.2999999999 0.7258903248
979.3099999999 0.7460413172
979.3199999999 0.7659105012
979.3299999999 0.7854939373
979.3399999999 0.8047877439
979.3499999999 0.8237880973
979.3599999999 0.8424912332
979.3699999999 0.8608934467
979.3799999999 0.8789910938
979.3899999999 0.8967805915
979.3999999999 0.9142584189
979.4099999999 0.9314211177
979.4199999999 0.9482652931
979.4299999999 0.9647876141
979.4399999999 0.9809848149
979.4499999999 0.9968536945
979.4599999999 1.0123911184
979.4699999999 1.0275940184
979.4799999999 1.0424593939
979.4899999999 1.0569843119
979.4999999999 1.0711659079
979.5099999999 1.0850013865
979.5199999999 1.0984880220
979.5299999999 1.1116231585
979.5399999999 1.1244042110
979.5499999999 1.1368286657
979.5599999999 1.1488940805
979.5699999999 1.1605980853
979.5799999999 1.1719383829
979.5899999999 1.1829127490
979.5999999999 1.1935190329
979.6099999999 1.2037551581
979.6199999999 1.2136191223
979.6299999999 1.2231089980
979.6399999999 1.2322229329
979.6499999999 1.2409591505
979.6599999999 1.2493159500
979.6699999999 1.2572917068
979.6799999999 1.2648848731
979.6899999999 1.2720939779
979.6999999999 1.2789176274
979.7099999999 1.2853545052
979.7199999999 1.2914033728
979.7299999999 1.2970630695
979.7399999999 1.3023325130
979.7499999999 1.3072106993
979.7599999999 1.3116967031
979.7699999999 1.3157896780
979.7799999999 1.3194888563
979.7899999999 1.3227935499
979.7999999999 1.3257031495
979.8099999999 1.3282171256
979.8199999999 1.3303350279
979.8299999999 1.3320564860
979.8399999999 1.3333812089
979.8499999999 1.3343089856
979.8599999999 1.3348396846
979.8699999999 1.3349732544
979.8799999999 1.3347097232
979.8899999999 1.3340491992
979.8999999999 1.3329918701
979.9099999999 1.3315380035
979.9199999999 1.3296879468
979.9299999999 1.3274421268
979.9399999999 1.3248010500
979.9499999999 1.3217653023
979.9599999999 1.3183355488
979.9699999999 1.3145125340
979.9799999999 1.3102970813
979.9899999999 1.3056900930
979.9999999999 1.3006925501
980.0099999999 1.2953055120
980.0199999999 1.2895301165
980.0299999999 1.2833675794
980.0399999999 1.2768191943
980.0499999999 1.2698863325
980.0599999999 1.2625704423
980.0699999999 1.2548730492
980.0799999999 1.2467957553
980.0899999999 1.2383402390
980.0999999999 1.2295082548
980.1099999999 1.2203016329
980.1199999999 1.2107222787
980.1299999999 1.2007721726
980.1399999999 1.1904533695
980.1499999999 1.1797679982
980.1599999999 1.1687182617
980.1699999999 1.1573064356
980.1799999999 1.1455348688
980.1899999999 1.1334059823
980.1999999999 1.1209222688
980.2099999999 1.1080862927
980.2199999999 1.0949006887
980.2299999999 1.0813681623
980.2399999999 1.0674914883
980.2499999999 1.0532735111
980.2599999999 1.0387171434
980.2699999999 1.0238253660
980.2799999999 1.0086012273
980.2899999999 0.9930478422
980.2999999999 0.9771683921
980.3099999999 0.9609661239
980.3199999999 0.9444443493
980.3299999999 0.9276064442
980.3399999999 0.9104558484
980.3499999999 0.8929960641
980.3599999999 0.8752306560
980.3699999999 0.8571632503
980.3799999999 0.8387975336
980.3899999999 0.8201372529
980.3999999999 0.8011862141
980.4099999999 0.7819482818
980.4199999999 0.7624273782
980.4299999999 0.7426274825
980.4399999999 0.7225526299
980.4499999999 0.7022069110
980.4599999999 0.6815944708
980.4699999999 0.6607195081
980.4799999999 0.6395862744
980.4899999999 0.6181990733
980.4999999999 0.5965622592
980.5099999999 0.5746802371
980.5199999999 0.5525574612
980.5299999999 0.5301984340
980.5399999999 0.5076077057
980.5499999999 0.4847898732
980.5599999999 0.4617495790
980.5699999999 0.4384915103
980.5799999999 0.4150203984
980.5899999999 0.3913410173
980.5999999999 0.3674581829
980.6099999999 0.3433767522
980.6199999999 0.3191016222
980.6299999999 0.2946377288
980.6399999999 0.2699900461
980.6499999999 0.2451635851
980.6599999999 0.2201633927
980.6699999999 0.1949945511
980.6799999999 0.1696621763
980.6899999999 0.1441714173
980.6999999999 0.1185274551
980.7099999999 0.0927355015
980.7199999999 0.0668007982
980.7299999999 0.0407286158
980.7399999999 0.0145242523
980.7499999999 -0.0118069671
980.7599999999 -0.0382596921
980.7699999999 -0.0648285475
980.7799999999 -0.0915081349
980.7899999999 -0.1182930333
980.7999999999 -0.1451778005
980.8099999999 -0.1721569741
980.8199999999 -0.1992250727
980.8299999999 -0.2263765967
980.8399999999 -0.2536060297
980.8499999999 -0.2809078395
980.8599999999 -0.3082764792
980.8699999999 -0.3357063883
980.8799999999 -0.3631919940
980.8899999999 -0.3907277119
980.8999999999 -0.4183079475
980.9099999999 -0.4459270974
980.9199999999 -0.4735795498
980.9299999999 -0.5012596863
980.9399999999 -0.5289618829
980.9499999999 -0.5566805107
980.9599999999 -0.5844099376
980.9699999999 -0.6121445290
980.9799999999 -0.6398786491
980.9899999999 -0.6676066621
980.9999999999 -0.6953229331
981.0099999999 -0.7230218297
981.0199999999 -0.7506977224
981.0299999999 -0.7783449864
981.0399999999 -0.8059580025
981.0499999999 -0.8335311580
981.0599999999 -0.8610588480
981.0699999999 -0.8885354769
981.0799999999 -0.9159554587
981.0899999999 -0.9433132190
981.0999999999 -0.9706031954
981.1099999999 -0.9978198390
981.1199999999 -1.0249576156
981.1299999999 -1.0520110063
981.1399999999 -1.0789745093
981.1499999999 -1.1058426405
981.1599999999 -1.1326099346
981.1699999999 -1.1592709466
981.1799999999 -1.1858202526
981.1899999999 -1.2122524508
981.1999999999 -1.2385621627
981.2099999999 -1.2647440343
981.2199999999 -1.2907927370
981.2299999999 -1.3167029688
981.2399999999 -1.3424694552
981.2499999999 -1.3680869504
981.2599999999 -1.3935502382
981.2699999999 -1.4188541334
981.2799999999 -1.4439934823
981.2899999999 -1.4689631642
981.2999999999 -1.4937580922
981.3099999999 -1.5183732143
981.3199999999 -1.5428035142
981.3299999999 -1.5670440128
981.3399999999 -1.5910897686
981.3499999999 -1.6149358792
981.3599999999 -1.6385774819
981.3699999999 -1.6620097548
981.3799999999 -1.6852279181
981.3899999999 -1.7082272343
981.3999999999 -1.7310030101
981.4099999999 -1.7535505964
981.4199999999 -1.7758653901
981.4299999999 -1.7979428342
981.4399999999 -1.8197784195
981.4499999999 -1.8413676849
981.4599999999 -1.8627062185
981.4699999999 -1.8837896586
981.4799999999 -1.9046136945
981.4899999999 -1.9251740673
981.4999999999 -1.9454665707
981.5099999999 -1.9654870521
981.5199999999 -1.9852314132
981.5299999999 -2.0046956108
981.5399999999 -2.0238756580
981.5499999999 -2.0427676243
981.5599999999 -2.0613676372
981.5699999999 -2.0796718822
981.5799999999 -2.0976766043
981.5899999999 -2.1153781080
981.5999999999 -2.1327727587
981.6099999999 -2.1498569832
981.6199999999 -2.1666272701
981.6299999999 -2.1830801710
981.6399999999 -2.1992123009
981.6499999999 -2.2150203390
981.6599999999 -2.2305010293
981.6699999999 -2.2456511811
981.6799999999 -2.2604676701
981.6899999999 -2.2749474385
981.6999999999 -2.2890874959
981.7099999999 -2.3028849200
981.7199999999 -2.3163368568
981.7299999999 -2.3294405216
981.7399999999 -2.3421931992
981.7499999999 -2.3545922448
981.7599999999 -2.3666350842
981.7699999999 -2.3783192144
981.7799999999 -2.3896422043
981.7899999999 -2.4006016950
981.7999999999 -2.4111954003
981.8099999999 -2.4214211072
981.8199999999 -2.4312766763
981.8299999999 -2.4407600422
981.8399999999 -2.4498692141
981.8499999999 -2.4586022759
981.8599999999 -2.4669573870
981.8699999999 -2.4749327820
981.8799999999 -2.4825267719
981.8899999999 -2.4897377437
981.8999999999 -2.4965641613
981.9099999999 -2.5030045652
981.9199999999 -2.5090575736
981.9299999999 -2.5147218817
981.9399999999 -2.5199962629
981.9499999999 -2.5248795683
981.9599999999 -2.5293707274
981.9699999999 -2.5334687482
981.9799999999 -2.5371727174
981.9899999999 -2.5404818003
981.9999999999 -2.5433952415
982.0099999999 -2.5459123645
982.0199999999 -2.5480325723
982.0299999999 -2.5497553474
982.0399999999 -2.5510802515
982.0499999999 -2.5520069261
982.0599999999 -2.5525350926
982.0699999999 -2.5526645517
982.0799999999 -2.5523951841
982.0899999999 -2.5517269505
982.0999999999 -2.5506598911
982.1099999999 -2.5491941261
982.1199999999 -2.5473298554
982.1299999999 -2.5450673585
982.1399999999 -2.5424069950
982.1499999999 -2.5393492036
982.1599999999 -2.5358945029
982.1699999999 -2.5320434909
982.1799999999 -2.5277968446
982.1899999999 -2.5231553205
982.1999999999 -2.5181197539
982.2099999999 -2.5126910591
982.2199999999 -2.5068702290
982.2299999999 -2.5006583349
982.2399999999 -2.4940565265
982.2499999999 -2.4870660314
982.2599999999 -2.4796881549
982.2699999999 -2.4719242801
982.2799999999 -2.4637758670
982.2899999999 -2.4552444528
982.2999999999 -2.4463316512
982.3099999999 -2.4370391522
982.3199999999 -2.4273687219
982.3299999999 -2.4173222019
982.3399999999 -2.4069015091
982.3499999999 -2.3961086353
982.3599999999 -2.3849456466
982.3699999999 -2.3734146833
982.3799999999 -2.3615179593
982.3899999999 -2.3492577618
982.3999999999 -2.3366364504
982.4099999999 -2.3236564573
982.4199999999 -2.3103202863
982.4299999999 -2.2966305124
982.4399999999 -2.2825897814
982.4499999999 -2.2682008093
982.4599999999 -2.2534663818
982.4699999999 -2.2383893538
982.4799999999 -2.2229726486
982.4899999999 -2.2072192574
982.4999999999 -2.1911322388
982.5099999999 -2.1747147184
982.5199999999 -2.1579698874
982.5299999999 -2.1409010030
982.5399999999 -2.1235113869
982.5499999999 -2.1058044250
982.5599999999 -2.0877835667
982.5699999999 -2.0694523242
982.5799999999 -2.0508142718
982.5899999999 -2.0318730452
982.5999999999 -2.0126323406
982.6099999999 -1.9930959141
982.6199999999 -1.9732675810
982.6299999999 -1.9531512151
982.6399999999 -1.9327507477
982.6499999999 -1.9120701667
982.6599999999 -1.8911135163
982.6699999999 -1.8698848958
982.6799999999 -1.8483884589
982.6899999999 -1.8266284128
982.6999999999 -1.8046090174
982.7099999999 -1.7823345846
982.7199999999 -1.7598094770
982.7299999999 -1.7370381075
982.7399999999 -1.7140249383
982.7499999999 -1.6907744797
982.7599999999 -1.6672912896
982.7699999999 -1.6435799724
982.7799999999 -1.6196451781
982.7899999999 -1.5954916012
982.7999999999 -1.5711239801
982.8099999999 -1.5465470958
982.8199999999 -1.5217657713
982.8299999999 -1.4967848704
982.8399999999 -1.4716092966
982.8499999999 -1.4462439925
982.8599999999 -1.4206939384
982.8699999999 -1.3949641516
982.8799999999 -1.3690596853
982.8899999999 -1.3429856276
982.8999999999 -1.3167471003
982.9099999999 -1.2903492581
982.9199999999 -1.2637972877
982.9299999999 -1.2370964062
982.9399999999 -1.2102518608
982.9499999999 -1.1832689270
982.9599999999 -1.1561529080
982.9699999999 -1.1289091338
982.9799999999 -1.1015429594
982.9899999999 -1.0740597647
982.9999999999 -1.0464649524
983.0099999999 -1.0187639480
983.0199999999 -0.9909621976
983.0299999999 -0.9630651678
983.0399999999 -0.9350783438
983.0499999999 -0.9070072289
983.0599999999 -0.8788573431
983.0699999999 -0.8506342219
983.0799999999 -0.8223434156
983.0899999999 -0.7939904877
983.0999999999 -0.7655810141
983.1099999999 -0.7371205820
983.1199999999 -0.7086147885
983.1299999999 -0.6800692396
983.1399999999 -0.6514895495
983.1499999999 -0.6228813386
983.1599999999 -0.5942502332
983.1699999999 -0.5656018641
983.1799999999 -0.5369418651
983.1899999999 -0.5082758725
983.1999999999 -0.4796095235
983.2099999999 -0.4509484552
983.2199999999 -0.4222983037
983.2299999999 -0.3936647025
983.2399999999 -0.3650532819
983.2499999999 -0.3364696673
983.2599999999 -0.3079194788
983.2699999999 -0.2794083292
983.2799999999 -0.2509418238
983.2899999999 -0.2225255583
983.2999999999 -0.1941651187
983.3099999999 -0.1658660792
983.3199999999 -0.1376340019
983.3299999999 -0.1094744351
983.3399999999 -0.0813929127
983.3499999999 -0.0533949524
983.3599999999 -0.0254860554
983.3699999999 0.0023282953
983.3799999999 0.0300426357
983.3899999999 0.0576515221
983.3999999999 0.0851495321
983.4099999999 0.1125312655
983.4199999999 0.1397913456
983.4299999999 0.1669244204
983.4399999999 0.1939251634
983.4499999999 0.2207882746
983.4599999999 0.2475084819
983.4699999999 0.2740805421
983.4799999999 0.3004992417
983.4899999999 0.3267593980
983.4999999999 0.3528558603
983.5099999999 0.3787835111
983.5199999999 0.4045372664
983.5299999999 0.4301120776
983.5399999999 0.4555029321
983.5499999999 0.4807048540
983.5599999999 0.5057129057
983.5699999999 0.5305221885
983.5799999999 0.5551278437
983.5899999999 0.5795250537
983.5999999999 0.6037090426
983.6099999999 0.6276750775
983.6199999999 0.6514184694
983.6299999999 0.6749345739
983.6399999999 0.6982187924
983.6499999999 0.7212665730
983.6599999999 0.7440734113
983.6699999999 0.7666348512
983.6799999999 0.7889464862
983.6899999999 0.8110039597
983.6999999999 0.8328029665
983.7099999999 0.8543392532
983.7199999999 0.8756086192
983.7299999999 0.8966069175
983.7399999999 0.9173300558
983.7499999999 0.9377739969
983.7599999999 0.9579347597
983.7699999999 0.9778084202
983.7799999999 0.9973911119
983.7899999999 1.0166790268
983.7999999999 1.0356684163
983.8099999999 1.0543555916
983.8199999999 1.0727369247
983.8299999999 1.0908088491
983.8399999999 1.1085678603
983.8499999999 1.1260105168
983.8599999999 1.1431334407
983.8699999999 1.1599333182
983.8799999999 1.1764069005
983.8899999999 1.1925510043
983.8999999999 1.2083625126
983.9099999999 1.2238383751
983.9199999999 1.2389756089
983.9299999999 1.2537712992
983.9399999999 1.2682225997
983.9499999999 1.2823267335
983.9599999999 1.2960809933
983.9699999999 1.3094827420
983.9799999999 1.3225294134
983.9899999999 1.3352185125
983.9999999999 1.3475476164
984.0099999999 1.3595143743
984.0199999999 1.3711165081
984.0299999999 1.3823518131
984.0399999999 1.3932181582
984.0499999999 1.4037134864
984.0599999999 1.4138358152
984.0699999999 1.4235832372
984.0799999999 1.4329539199
984.0899999999 1.4419461069
984.0999999999 1.4505581175
984.1099999999 1.4587883475
984.1199999999 1.4666352693
984.1299999999 1.4740974323
984.1399999999 1.4811734632
984.1499999999 1.4878620663
984.1599999999 1.4941620234
984.1699999999 1.5000721949
984.1799999999 1.5055915188
984.1899999999 1.5107190122
984.1999999999 1.5154537704
984.2099999999 1.5197949680
984.2199999999 1.5237418582
984.2299999999 1.5272937738
984.2399999999 1.5304501266
984.2499999999 1.5332104079
984.2599999999 1.5355741886
984.2699999999 1.5375411193
984.2799999999 1.5391109300
984.2899999999 1.5402834308
984.2999999999 1.5410585113
984.3099999999 1.5414361411
984.3199999999 1.5414163694
984.3299999999 1.5409993254
984.3399999999 1.5401852180
984.3499999999 1.5389743358
984.3599999999 1.5373670471
984.3699999999 1.5353637998
984.3799999999 1.5329651212
984.3899999999 1.5301716183
984.3999999999 1.5269839770
984.4099999999 1.5234029627
984.4199999999 1.5194294194
984.4299999999 1.5150642703
984.4399999999 1.5103085171
984.4499999999 1.5051632398
984.4599999999 1.4996295967
984.4699999999 1.4937088242
984.4799999999 1.4874022362
984.4899999999 1.4807112244
984.4999999999 1.4736372574
984.5099999999 1.4661818809
984.5199999999 1.4583467169
984.5299999999 1.4501334640
984.5399999999 1.4415438966
984.5499999999 1.4325798645
984.5599999999 1.4232432930
984.5699999999 1.4135361820
984.5799999999 1.4034606058
984.5899999999 1.3930187127
984.5999999999 1.3822127248
984.6099999999 1.3710449369
984.6199999999 1.3595177169
984.6299999999 1.3476335044
984.6399999999 1.3353948112
984.6499999999 1.3228042198
984.6599999999 1.3098643838
984.6699999999 1.2965780266
984.6799999999 1.2829479414
984.6899999999 1.2689769903
984.6999999999 1.2546681039
984.7099999999 1.2400242808
984.7199999999 1.2250485865
984.7299999999 1.2097441537
984.7399999999 1.1941141806
984.7499999999 1.1781619310
984.7599999999 1.1618907336
984.7699999999 1.1453039808
984.7799999999 1.1284051286
984.7899999999 1.1111976957
984.7999999999 1.0936852627
984.8099999999 1.0758714716
984.8199999999 1.0577600246
984.8299999999 1.0393546840
984.8399999999 1.0206592712
984.8499999999 1.0016776655
984.8599999999 0.9824138040
984.8699999999 0.9628716803
984.8799999999 0.9430553442
984.8899999999 0.9229689002
984.8999999999 0.9026165073
984.9099999999 0.8820023780
984.9199999999 0.8611307771
984.9299999999 0.8400060214
984.9399999999 0.8186324784
984.9499999999 0.7970145657
984.9599999999 0.7751567499
984.9699999999 0.7530635459
984.9799999999 0.7307395158
984.9899999999 0.7081892682
984.9999999999 0.6854174570
985.0099999999 0.6624287809
985.0199999999 0.6392279819
985.0299999999 0.6158198448
985.0399999999 0.5922091960
985.0499999999 0.5684009026
985.0599999999 0.5443998716
985.0699999999 0.5202110485
985.0799999999 0.4958394166
985.0899999999 0.4712899962
985.0999999999 0.4465678431
985.1099999999 0.4216780479
985.1199999999 0.3966257349
985.1299999999 0.3714160612
985.1399999999 0.3460542154
985.1499999999 0.3205454167
985.1599999999 0.2948949141
985.1699999999 0.2691079849
985.1799999999 0.2431899339
985.1899999999 0.2171460922
985.1999999999 0.1909818165
985.2099999999 0.1647024875
985.2199999999 0.1383135090
985.2299999999 0.1118203073
985.2399999999 0.0852283291
985.2499999999 0.0585430416
985.2599999999 0.0317699304
985.2699999999 0.0049144989
985.2799999999 -0.0220177328
985.2899999999 -0.0490212291
985.2999999999 -0.0760904402
985.3099999999 -0.1032198028
985.3199999999 -0.1304037417
985.3299999999 -0.1576366703
985.3399999999 -0.1849129923
985.3499999999 -0.2122271027
985.3599999999 -0.2395733887
985.3699999999 -0.2669462309
985.3799999999 -0.2943400046
985.3899999999 -0.3217490807
985.3999999999 -0.3491678270
985.4099999999 -0.3765906092
985.4199999999 -0.4040117922
985.4299999999 -0.4314257411
985.4399999999 -0.4588268223
985.4499999999 -0.4862094046
985.4599999999 -0.5135678607
985.4699999999 -0.5408965678
985.4799999999 -0.5681899090
985.4899999999 -0.5954422745
985.4999999999 -0.6226480624
985.5099999999 -0.6498016804
985.5199999999 -0.6768975463
985.5299999999 -0.7039300893
985.5399999999 -0.7308937516
985.5499999999 -0.7577829887
985.5599999999 -0.7845922712
985.5699999999 -0.8113160855
985.5799999999 -0.8379489351
985.5899999999 -0.8644853416
985.5999999999 -0.8909198458
985.6099999999 -0.9172470091
985.6199999999 -0.9434614141
985.6299999999 -0.9695576659
985.6399999999 -0.9955303932
985.6499999999 -1.0213742496
985.6599999999 -1.0470839142
985.6699999999 -1.0726540930
985.6799999999 -1.0980795199
985.6899999999 -1.1233549577
985.6999999999 -1.1484751991
985.7099999999 -1.1734350681
985.7199999999 -1.1982294205
985.7299999999 -1.2228531453
985.7399999999 -1.2473011656
985.7499999999 -1.2715684396
985.7599999999 -1.2956499617
985.7699999999 -1.3195407635
985.7799999999 -1.3432359147
985.7899999999 -1.3667305241
985.7999999999 -1.3900197408
985.8099999999 -1.4130987547
985.8199999999 -1.4359627979
985.8299999999 -1.4586071457
985.8399999999 -1.4810271170
985.8499999999 -1.5032180760
985.8599999999 -1.5251754323
985.8699999999 -1.5468946427
985.8799999999 -1.5683712113
985.8899999999 -1.5896006909
985.8999999999 -1.6105786838
985.9099999999 -1.6313008426
985.9199999999 -1.6517628711
985.9299999999 -1.6719605251
985.9399999999 -1.6918896136
985.9499999999 -1.7115459989
985.9599999999 -1.7309255984
985.9699999999 -1.7500243845
985.9799999999 -1.7688383861
985.9899999999 -1.7873636889
985.9999999999 -1.8055964365
986.0099999999 -1.8235328312
986.0199999999 -1.8411691344
986.0299999999 -1.8585016677
986.0399999999 -1.8755268136
986.0499999999 -1.8922410160
986.0599999999 -1.9086407812
986.0699999999 -1.9247226783
986.0799999999 -1.9404833402
986.0899999999 -1.9559194641
986.0999999999 -1.9710278121
986.1099999999 -1.9858052121
986.1199999999 -2.0002485580
986.1299999999 -2.0143548109
986.1399999999 -2.0281209992
986.1499999999 -2.0415442196
986.1599999999 -2.0546216373
986.1699999999 -2.0673504867
986.1799999999 -2.0797280723
986.1899999999 -2.0917517686
986.1999999999 -2.1034190214
986.2099999999 -2.1147273474
986.2199999999 -2.1256743355
986.2299999999 -2.1362576469
986.2399999999 -2.1464750157
986.2499999999 -2.1563242491
986.2599999999 -2.1658032282
986.2699999999 -2.1749099083
986.2799999999 -2.1836423191
986.2899999999 -2.1919985654
986.2999999999 -2.1999768272
986.3099999999 -2.2075753604
986.3199999999 -2.2147924968
986.3299999999 -2.2216266446
986.3399999999 -2.2280762889
986.3499999999 -2.2341399917
986.3599999999 -2.2398163921
986.3699999999 -2.2451042071
986.3799999999 -2.2500022314
986.3899999999 -2.2545093377
986.3999999999 -2.2586244772
986.4099999999 -2.2623466794
986.4199999999 -2.2656750527
986.4299999999 -2.2686087842
986.4399999999 -2.2711471402
986.4499999999 -2.2732894661
986.4599999999 -2.2750351867
986.4699999999 -2.2763838063
986.4799999999 -2.2773349085
986.4899999999 -2.2778881568
986.4999999999 -2.2780432943
986.5099999999 -2.2778001439
986.5199999999 -2.2771586081
986.5299999999 -2.2761186693
986.5399999999 -2.2746803898
986.5499999999 -2.2728439117
986.5599999999 -2.2706094568
986.5699999999 -2.2679773264
986.5799999999 -2.2649479020
986.5899999999 -2.2615216441
986.5999999999 -2.2576990931
986.6099999999 -2.2534808686
986.6199999999 -2.2488676695
986.6299999999 -2.2438602739
986.6399999999 -2.2384595388
986.6499999999 -2.2326663999
986.6599999999 -2.2264818716
986.6699999999 -2.2199070468
986.6799999999 -2.2129430965
986.6899999999 -2.2055912696
986.6999999999 -2.1978528926
986.7099999999 -2.1897293698
986.7199999999 -2.1812221823
986.7299999999 -2.1723328883
986.7399999999 -2.1630631222
986.7499999999 -2.1534145951
986.7599999999 -2.1433890936
986.7699999999 -2.1329884799
986.7799999999 -2.1222146914
986.7899999999 -2.1110697403
986.7999999999 -2.0995557130
986.8099999999 -2.0876747700
986.8199999999 -2.0754291451
986.8299999999 -2.0628211454
986.8399999999 -2.0498531504
986.8499999999 -2.0365276117
986.8599999999 -2.0228470527
986.8699999999 -2.0088140678
986.8799999999 -1.9944313219
986.8899999999 -1.9797015502
986.8999999999 -1.9646275573
986.9099999999 -1.9492122166
986.9199999999 -1.9334584700
986.9299999999 -1.9173693274
986.9399999999 -1.9009478655
986.9499999999 -1.8841972277
986.9599999999 -1.8671206236
986.9699999999 -1.8497213277
986.9799999999 -1.8320026794
986.9899999999 -1.8139680819
986.9999999999 -1.7956210018
987.0099999999 -1.7769649682
987.0199999999 -1.7580035723
987.0299999999 -1.7387404661
987.0399999999 -1.7191793624
987.0499999999 -1.6993240334
987.0599999999 -1.6791783104
987.0699999999 -1.6587460828
987.0799999999 -1.6380312974
987.0899999999 -1.6170379576
987.0999999999 -1.5957701225
987.1099999999 -1.5742319063
987.1199999999 -1.5524274774
987.1299999999 -1.5303610573
987.1399999999 -1.5080369201
987.1499999999 -1.4854593915
987.1599999999 -1.4626328480
987.1699999999 -1.4395617158
987.1799999999 -1.4162504704
987.1899999999 -1.3927036350
987.1999999999 -1.3689257802
987.2099999999 -1.3449215229
987.2199999999 -1.3206955251
987.2299999999 -1.2962524935
987.2399999999 -1.2715971781
987.2499999999 -1.2467343714
987.2599999999 -1.2216689074
987.2699999999 -1.1964056608
987.2799999999 -1.1709495458
987.2899999999 -1.1453055153
987.2999999999 -1.1194785597
987.3099999999 -1.0934737062
987.3199999999 -1.0672960174
987.3299999999 -1.0409505908
987.3399999999 -1.0144425570
987.3499999999 -0.9877770796
987.3599999999 -0.9609593536
987.3699999999 -0.9339946042
987.3799999999 -0.9068880864
987.3899999999 -0.8796450834
987.3999999999 -0.8522709057
987.4099999999 -0.8247708900
987.4199999999 -0.7971503983
987.4299999999 -0.7694148166
987.4399999999 -0.7415695540
987.4499999999 -0.7136200416
987.4599999999 -0.6855717311
987.4699999999 -0.6574300941
987.4799999999 -0.6292006210
987.4899999999 -0.6008888196
987.4999999999 -0.5725002141
987.5099999999 -0.5440403442
987.5199999999 -0.5155147638
987.5299999999 -0.4869290398
987.5399999999 -0.4582887512
987.5499999999 -0.4295994880
987.5599999999 -0.4008668498
987.5699999999 -0.3720964448
987.5799999999 -0.3432938891
987.5899999999 -0.3144648046
987.5999999999 -0.2856148191
987.6099999999 -0.2567495640
987.6199999999 -0.2278746740
987.6299999999 -0.1989957857
987.6399999999 -0.1701185364
987.6499999999 -0.1412485629
987.6599999999 -0.1123915007
987.6699999999 -0.0835529826
987.6799999999 -0.0547386374
987.6899999999 -0.0259540894
987.6999999999 0.0027950434
987.7099999999 0.0315031501
987.7199999999 0.0601646280
987.7299999999 0.0887738837
987.7399999999 0.1173253347
987.7499999999 0.1458134097
987.7599999999 0.1742325504
987.7699999999 0.2025772123
987.7799999999 0.2308418658
987.7899999999 0.2590209976
987.7999999999 0.2871091115
987.8099999999 0.3151007294
987.8199999999 0.3429903928
987.8299999999 0.3707726636
987.8399999999 0.3984421254
987.8499999999 0.4259933844
987.8599999999 0.4534210703
987.8699999999 0.4807198381
987.8799999999 0.5078843682
987.8899999999 0.5349093683
987.8999999999 0.5617895740
987.9099999999 0.5885197500
987.9199999999 0.6150946910
987.9299999999 0.6415092230
987.9399999999 0.6677582041
987.9499999999 0.6938365259
987.9599999999 0.7197391139
987.9699999999 0.7454609290
987.9799999999 0.7709969685
987.9899999999 0.7963422670
987.9999999999 0.8214918971
988.0099999999 0.8464409709
988.0199999999 0.8711846408
988.0299999999 0.8957181003
988.0399999999 0.9200365851
988.0499999999 0.9441353741
988.0599999999 0.9680097903
988.0699999999 0.9916552015
988.0799999999 1.0150670218
988.0899999999 1.0382407119
988.0999999999 1.0611717804
988.1099999999 1.0838557846
988.1199999999 1.1062883314
988.1299999999 1.1284650780
988.1399999999 1.1503817330
988.1499999999 1.1720340573
988.1599999999 1.1934178646
988.1699999999 1.2145290228
988.1799999999 1.2353634542
988.1899999999 1.2559171368
988.1999999999 1.2761861047
988.2099999999 1.2961664495
988.2199999999 1.3158543203
988.2299999999 1.3352459251
988.2399999999 1.3543375314
988.2499999999 1.3731254666
988.2599999999 1.3916061194
988.2699999999 1.4097759398
988.2799999999 1.4276314403
988.2899999999 1.4451691965
988.2999999999 1.4623858476
988.3099999999 1.4792780974
988.3199999999 1.4958427147
988.3299999999 1.5120765339
988.3399999999 1.5279764559
988.3499999999 1.5435394486
988.3599999999 1.5587625473
988.3699999999 1.5736428556
988.3799999999 1.5881775460
988.3899999999 1.6023638601
988.3999999999 1.6161991094
988.4099999999 1.6296806760
988.4199999999 1.6428060128
988.4299999999 1.6555726441
988.4399999999 1.6679781663
988.4499999999 1.6800202481
988.4599999999 1.6916966313
988.4699999999 1.7030051307
988.4799999999 1.7139436353
988.4899999999 1.7245101080
988.4999999999 1.7347025864
988.5099999999 1.7445191833
988.5199999999 1.7539580865
988.5299999999 1.7630175600
988.5399999999 1.7716959436
988.5499999999 1.7799916537
988.5599999999 1.7879031832
988.5699999999 1.7954291024
988.5799999999 1.8025680588
988.5899999999 1.8093187773
988.5999999999 1.8156800610
988.6099999999 1.8216507909
988.6199999999 1.8272299264
988.6299999999 1.8324165054
988.6399999999 1.8372096446
988.6499999999 1.8416085396
988.6599999999 1.8456124649
988.6699999999 1.8492207745
988.6799999999 1.8524329015
988.6899999999 1.8552483586
988.6999999999 1.8576667379
988.7099999999 1.8596877115
988.7199999999 1.8613110306
988.7299999999 1.8625365268
988.7399999999 1.8633641110
988.7499999999 1.8637937741
988.7599999999 1.8638255869
988.7699999999 1.8634596998
988.7799999999 1.8626963429
988.7899999999 1.8615358264
988.7999999999 1.8599785398
988.8099999999 1.8580249522
988.8199999999 1.8556756123
988.8299999999 1.8529311482
988.8399999999 1.8497922670
988.8499999999 1.8462597551
988.8599999999 1.8423344779
988.8699999999 1.8380173794
988.8799999999 1.8333094822
988.8899999999 1.8282118874
988.8999999999 1.8227257741
988.9099999999 1.8168523994
988.9199999999 1.8105930980
988.9299999999 1.8039492822
988.9399999999 1.7969224411
988.9499999999 1.7895141408
988.9599999999 1.7817260239
988.9699999999 1.7735598091
988.9799999999 1.7650172910
988.9899999999 1.7561003395
988.9999999999 1.7468108998
989.0099999999 1.7371509917
989.0199999999 1.7271227094
989.0299999999 1.7167282206
989.0399999999 1.7059697670
989.0499999999 1.6948496628
989.0599999999 1.6833702950
989.0699999999 1.6715341226
989.0799999999 1.6593436761
989.0899999999 1.6468015570
989.0999999999 1.6339104375
989.1099999999 1.6206730596
989.1199999999 1.6070922348
989.1299999999 1.5931708435
989.1399999999 1.5789118344
989.1499999999 1.5643182239
989.1599999999 1.5493930954
989.1699999999 1.5341395988
989.1799999999 1.5185609502
989.1899999999 1.5026604303
989.1999999999 1.4864413848
989.2099999999 1.4699072231
989.2199999999 1.4530614178
989.2299999999 1.4359075040
989.2399999999 1.4184490787
989.2499999999 1.4006897997
989.2599999999 1.3826333854
989.2699999999 1.3642836137
989.2799999999 1.3456443212
989.2899999999 1.3267194026
989.2999999999 1.3075128101
989.3099999999 1.2880285522
989.3199999999 1.2682706929
989.3299999999 1.2482433515
989.3399999999 1.2279507009
989.3499999999 1.2073969674
989.3599999999 1.1865864297
989.3699999999 1.1655234180
989.3799999999 1.1442123130
989.3899999999 1.1226575452
989.3999999999 1.1008635940
989.4099999999 1.0788349866
989.4199999999 1.0565762976
989.4299999999 1.0340921474
989.4399999999 1.0113872017
989.4499999999 0.9884661706
989.4599999999 0.9653338073
989.4699999999 0.9419949076
989.4799999999 0.9184543086
989.4899999999 0.8947168879
989.4999999999 0.8707875624
989.5099999999 0.8466712877
989.5199999999 0.8223730567
989.5299999999 0.7978978990
989.5399999999 0.7732508795
989.5499999999 0.7484370975
989.5599999999 0.7234616860
989.5699999999 0.6983298102
989.5799999999 0.6730466666
989.5899999999 0.6476174823
989.5999999999 0.6220475135
989.6099999999 0.5963420446
989.6199999999 0.5705063873
989.6299999999 0.5445458793
989.6399999999 0.5184658832
989.6499999999 0.4922717860
989.6599999999 0.4659689971
989.6699999999 0.4395629479
989.6799999999 0.4130590905
989.6899999999 0.3864628965
989.6999999999 0.3597798563
989.7099999999 0.3330154773
989.7199999999 0.3061752836
989.7299999999 0.2792648142
989.7399999999 0.2522896222
989.7499999999 0.2252552740
989.7599999999 0.1981673475
989.7699999999 0.1710314314
989.7799999999 0.1438531242
989.7899999999 0.1166380327
989.7999999999 0.0893917711
989.8099999999 0.0621199601
989.8199999999 0.0348282251
989.8299999999 0.0075221958
989.8399999999 -0.0197924954
989.8499999999 -0.0471102143
989.8599999999 -0.0744253261
989.8699999999 -0.1017321966
989.8799999999 -0.1290251931
989.8899999999 -0.1562986859
989.8999999999 -0.1835470490
989.9099999999 -0.2107646617
989.9199999999 -0.2379459091
989.9299999999 -0.2650851841
989.9399999999 -0.2921768876
989.9499999999 -0.3192154302
989.9599999999 -0.3461952332
989.9699999999 -0.3731107297
989.9799999999 -0.3999563656
989.9899999999 -0.4267266008
989.9999999999 -0.4534159106
990.0099999999 -0.4800187862
990.0199999999 -0.5065297363
990.0299999999 -0.5329432880
990.0399999999 -0.5592539880
990.0499999999 -0.5854564035
990.0599999999 -0.6115451237
990.0699999999 -0.6375147603
990.0799999999 -0.6633599490
990.0899999999 -0.6890753505
990.0999999999 -0.7146556515
990.1099999999 -0.7400955659
990.1199999999 -0.7653898355
990.1299999999 -0.7905332316
990.1399999999 -0.8155205556
990.1499999999 -0.8403466403
990.1599999999 -0.8650063507
990.1699999999 -0.8894945854
990.1799999999 -0.9138062772
990.1899999999 -0.9379363944
990.1999999999 -0.9618799416
990.2099999999 -0.9856319611
990.2199999999 -1.0091875332
990.2299999999 -1.0325417780
990.2399999999 -1.0556898557
990.2499999999 -1.0786269681
990.2599999999 -1.1013483591
990.2699999999 -1.1238493160
990.2799999999 -1.1461251702
990.2899999999 -1.1681712983
990.2999999999 -1.1899831231
990.3099999999 -1.2115561142
990.3199999999 -1.2328857893
990.3299999999 -1.2539677146
990.3399999999 -1.2747975064
990.3499999999 -1.2953708312
990.3599999999 -1.3156834071
990.3699999999 -1.3357310046
990.3799999999 -1.3555094472
990.3899999999 -1.3750146123
990.3999999999 -1.3942424324
990.4099999999 -1.4131888954
990.4199999999 -1.4318500456
990.4299999999 -1.4502219848
990.4399999999 -1.4683008725
990.4499999999 -1.4860829272
990.4599999999 -1.5035644267
990.4699999999 -1.5207417093
990.4799999999 -1.5376111743
990.4899999999 -1.5541692825
990.4999999999 -1.5704125575
990.5099999999 -1.5863375857
990.5199999999 -1.6019410177
990.5299999999 -1.6172195682
990.5399999999 -1.6321700174
990.5499999999 -1.6467892112
990.5599999999 -1.6610740617
990.5699999999 -1.6750215484
990.5799999999 -1.6886287184
990.5899999999 -1.7018926868
990.5999999999 -1.7148106379
990.6099999999 -1.7273798251
990.6199999999 -1.7395975720
990.6299999999 -1.7514612724
990.6399999999 -1.7629683914
990.6499999999 -1.7741164654
990.6599999999 -1.7849031030
990.6699999999 -1.7953259851
990.6799999999 -1.8053828657
990.6899999999 -1.8150715722
990.6999999999 -1.8243900058
990.7099999999 -1.8333361419
990.7199999999 -1.8419080306
990.7299999999 -1.8501037973
990.7399999999 -1.8579216425
990.7499999999 -1.8653598427
990.7599999999 -1.8724167504
990.7699999999 -1.8790907948
990.7799999999 -1.8853804817
990.7899999999 -1.8912843941
990.7999999999 -1.8968011922
990.8099999999 -1.9019296141
990.8199999999 -1.9066684756
990.8299999999 -1.9110166707
990.8399999999 -1.9149731718
990.8499999999 -1.9185370298
990.8599999999 -1.9217073743
990.8699999999 -1.9244834141
990.8799999999 -1.9268644367
990.8899999999 -1.9288498091
990.8999999999 -1.9304389777
990.9099999999 -1.9316314680
990.9199999999 -1.9324268855
990.9299999999 -1.9328249151
990.9399999999 -1.9328253214
990.9499999999 -1.9324279489
990.9599999999 -1.9316327219
990.9699999999 -1.9304396442
990.9799999999 -1.9288487997
990.9899999999 -1.9268603520
990.9999999999 -1.9244745445
991.0099999999 -1.9216917001
991.0199999999 -1.9185122216
991.0299999999 -1.9149365912
991.0399999999 -1.9109653706
991.0499999999 -1.9065992008
991.0599999999 -1.9018388022
991.0699999999 -1.8966849740
991.0799999999 -1.8911385945
991.0899999999 -1.8852006208
991.0999999999 -1.8788720884
991.1099999999 -1.8721541111
991.1199999999 -1.8650478811
991.1299999999 -1.8575546681
991.1399999999 -1.8496758197
991.1499999999 -1.8414127608
991.1599999999 -1.8327669932
991.1699999999 -1.8237400958
991.1799999999 -1.8143337237
991.1899999999 -1.8045496081
991.1999999999 -1.7943895561
991.2099999999 -1.7838554502
991.2199999999 -1.7729492478
991.2299999999 -1.7616729811
991.2399999999 -1.7500287566
991.2499999999 -1.7380187543
991.2599999999 -1.7256452279
991.2699999999 -1.7129105037
991.2799999999 -1.6998169809
991.2899999999 -1.6863671303
991.2999999999 -1.6725634942
991.3099999999 -1.6584086862
991.3199999999 -1.6439053899
991.3299999999 -1.6290563593
991.3399999999 -1.6138644172
991.3499999999 -1.5983324557
991.3599999999 -1.5824634348
991.3699999999 -1.5662603823
991.3799999999 -1.5497263929
991.3899999999 -1.5328646277
991.3999999999 -1.5156783136
991.4099999999 -1.4981707426
991.4199999999 -1.4803452712
991.4299999999 -1.4622053195
991.4399999999 -1.4437543710
991.4499999999 -1.4249959713
991.4599999999 -1.4059337279
991.4699999999 -1.3865713091
991.4799999999 -1.3669124435
991.4899999999 -1.3469609192
991.4999999999 -1.3267205830
991.5099999999 -1.3061953396
991.5199999999 -1.2853891510
991.5299999999 -1.2643060354
991.5399999999 -1.2429500667
991.5499999999 -1.2213253735
991.5599999999 -1.1994361383
991.5699999999 -1.1772865967
991.5799999999 -1.1548810366
991.5899999999 -1.1322237973
991.5999999999 -1.1093192683
991.6099999999 -1.0861718891
991.6199999999 -1.0627861478
991.6299999999 -1.0391665803
991.6399999999 -1.0153177694
991.6499999999 -0.9912443441
991.6599999999 -0.9669509782
991.6699999999 -0.9424423898
991.6799999999 -0.9177233403
991.6899999999 -0.8927986331
991.6999999999 -0.8676731132
991.7099999999 -0.8423516655
991.7199999999 -0.8168392145
991.7299999999 -0.7911407231
991.7399999999 -0.7652611913
991.7499999999 -0.7392056557
991.7599999999 -0.7129791882
991.7699999999 -0.6865868947
991.7799999999 -0.6600339148
991.7899999999 -0.6333254202
991.7999999999 -0.6064666139
991.8099999999 -0.5794627288
991.8199999999 -0.5523190274
991.8299999999 -0.5250407999
991.8399999999 -0.4976333638
991.8499999999 -0.4701020622
991.8599999999 -0.4424522635
991.8699999999 -0.4146893597
991.8799999999 -0.3868187654
991.8899999999 -0.3588459172
991.8999999999 -0.3307762718
991.9099999999 -0.3026153058
991.9199999999 -0.2743685138
991.9299999999 -0.2460414079
991.9399999999 -0.2176395163
991.9499999999 -0.1891683821
991.9599999999 -0.1606335626
991.9699999999 -0.1320406276
991.9799999999 -0.1033951590
991.9899999999 -0.0747027489
991.9999999999 -0.0459689990
992.0099999999 -0.0171995195
992.0199999999 0.0116000723
992.0299999999 0.0404241532
992.0399999999 0.0692670947
992.0499999999 0.0981232647
992.0599999999 0.1269870282
992.0699999999 0.1558527489
992.0799999999 0.1847147898
992.0899999999 0.2135675147
992.0999999999 0.2424052892
992.1099999999 0.2712224817
992.1199999999 0.3000134650
992.1299999999 0.3287726168
992.1399999999 0.3574943212
992.1499999999 0.3861729698
992.1599999999 0.4148029628
992.1699999999 0.4433787100
992.1799999999 0.4718946321
992.1899999999 0.5003451617
992.1999999999 0.5287247445
992.2099999999 0.5570278402
992.2199999999 0.5852489241
992.2299999999 0.6133824876
992.2399999999 0.6414230396
992.2499999999 0.6693651078
992.2599999999 0.6972032395
992.2699999999 0.7249320026
992.2799999999 0.7525459871
992.2899999999 0.7800398058
992.2999999999 0.8074080957
992.3099999999 0.8346455187
992.3199999999 0.8617467631
992.3299999999 0.8887065443
992.3399999999 0.9155196059
992.3499999999 0.9421807212
992.3599999999 0.9686846936
992.3699999999 0.9950263580
992.3799999999 1.0212005818
992.3899999999 1.0472022661
992.3999999999 1.0730263462
992.4099999999 1.0986677932
992.4199999999 1.1241216147
992.4299999999 1.1493828557
992.4399999999 1.1744466000
992.4499999999 1.1993079707
992.4599999999 1.2239621316
992.4699999999 1.2484042879
992.4799999999 1.2726296872
992.4899999999 1.2966336207
992.4999999999 1.3204114236
992.5099999999 1.3439584766
992.5199999999 1.3672702066
992.5299999999 1.3903420876
992.5399999999 1.4131696416
992.5499999999 1.4357484395
992.5599999999 1.4580741020
992.5699999999 1.4801423006
992.5799999999 1.5019487583
992.5899999999 1.5234892504
992.5999999999 1.5447596056
992.6099999999 1.5657557066
992.6199999999 1.5864734912
992.6299999999 1.6069089527
992.6399999999 1.6270581410
992.6499999999 1.6469171635
992.6599999999 1.6664821856
992.6699999999 1.6857494315
992.6799999999 1.7047151850
992.6899999999 1.7233757906
992.6999999999 1.7417276535
992.7099999999 1.7597672411
992.7199999999 1.7774910830
992.7299999999 1.7948957724
992.7399999999 1.8119779661
992.7499999999 1.8287343856
992.7599999999 1.8451618178
992.7699999999 1.8612571153
992.7799999999 1.8770171972
992.7899999999 1.8924390500
992.7999999999 1.9075197276
992.8099999999 1.9222563525
992.8199999999 1.9366461160
992.8299999999 1.9506862789
992.8399999999 1.9643741720
992.8499999999 1.9777071967
992.8599999999 1.9906828253
992.8699999999 2.0032986021
992.8799999999 2.0155521430
992.8899999999 2.0274411368
992.8999999999 2.0389633451
992.9099999999 2.0501166031
992.9199999999 2.0608988198
992.9299999999 2.0713079786
992.9399999999 2.0813421377
992.9499999999 2.0909994302
992.9599999999 2.1002780649
992.9699999999 2.1091763262
992.9799999999 2.1176925750
992.9899999999 2.1258252485
992.9999999999 2.1335728607
993.0099999999 2.1409340029
993.0199999999 2.1479073438
993.0299999999 2.1544916295
993.0399999999 2.1606856845
993.0499999999 2.1664884109
993.0599999999 2.1718987898
993.0699999999 2.1769158804
993.0799999999 2.1815388208
993.0899999999 2.1857668282
993.0999999999 2.1895991988
993.1099999999 2.1930353081
993.1199999999 2.1960746108
993.1299999999 2.1987166414
993.1399999999 2.2009610135
993.1499999999 2.2028074209
993.1599999999 2.2042556368
993.1699999999 2.2053055141
993.1799999999 2.2059569856
993.1899999999 2.2062100641
993.1999999999 2.2060648417
993.2099999999 2.2055214908
993.2199999999 2.2045802632
993.2299999999 2.2032414906
993.2399999999 2.2015055841
993.2499999999 2.1993730346
993.2599999999 2.1968444124
993.2699999999 2.1939203668
993.2799999999 2.1906016268
993.2899999999 2.1868890001
993.2999999999 2.1827833735
993.3099999999 2.1782857123
993.3199999999 2.1733970606
993.3299999999 2.1681185405
993.3399999999 2.1624513523
993.3499999999 2.1563967744
993.3599999999 2.1499561624
993.3699999999 2.1431309494
993.3799999999 2.1359226456
993.3899999999 2.1283328378
993.3999999999 2.1203631893
993.4099999999 2.1120154393
993.4199999999 2.1032914029
993.4299999999 2.0941929705
993.4399999999 2.0847221075
993.4499999999 2.0748808539
993.4599999999 2.0646713239
993.4699999999 2.0540957053
993.4799999999 2.0431562593
993.4899999999 2.0318553201
993.4999999999 2.0201952942
993.5099999999 2.0081786598
993.5199999999 1.9958079669
993.5299999999 1.9830858360
993.5399999999 1.9700149583
993.5499999999 1.9565980948
993.5599999999 1.9428380755
993.5699999999 1.9287377994
993.5799999999 1.9143002335
993.5899999999 1.8995284125
993.5999999999 1.8844254378
993.6099999999 1.8689944772
993.6199999999 1.8532387643
993.6299999999 1.8371615975
993.6399999999 1.8207663398
993.6499999999 1.8040564176
993.6599999999 1.7870353205
993.6699999999 1.7697066005
993.6799999999 1.7520738710
993.6899999999 1.7341408062
993.6999999999 1.7159111406
993.7099999999 1.6973886680
993.7199999999 1.6785772409
993.7299999999 1.6594807696
993.7399999999 1.6401032213
993.7499999999 1.6204486197
993.7599999999 1.6005210438
993.7699999999 1.5803246274
993.7799999999 1.5598635578
993.7899999999 1.5391420758
993.7999999999 1.5181644737
993.8099999999 1.4969350955
993.8199999999 1.4754583353
993.8299999999 1.4537386371
993.8399999999 1.4317804931
993.8499999999 1.4095884433
993.8599999999 1.3871670748
993.8699999999 1.3645210202
993.8799999999 1.3416549573
993.8899999999 1.3185736078
993.8999999999 1.2952817365
993.9099999999 1.2717841503
993.9199999999 1.2480856974
993.9299999999 1.2241912659
993.9399999999 1.2001057834
993.9499999999 1.1758342154
993.9599999999 1.1513815648
993.9699999999 1.1267528708
993.9799999999 1.1019532075
993.9899999999 1.0769876836
993.9999999999 1.0518614405
994.0099999999 1.0265796521
994.0199999999 1.0011475231
994.0299999999 0.9755702885
994.0399999999 0.9498532122
994.0499999999 0.9240015859
994.0599999999 0.8980207284
994.0699999999 0.8719159841
994.0799999999 0.8456927223
994.0899999999 0.8193563360
994.0999999999 0.7929122406
994.1099999999 0.7663658732
994.1199999999 0.7397226910
994.1299999999 0.7129881709
994.1399999999 0.6861678078
994.1499999999 0.6592671136
994.1599999999 0.6322916165
994.1699999999 0.6052468593
994.1799999999 0.5781383989
994.1899999999 0.5509718045
994.1999999999 0.5237526571
994.2099999999 0.4964865482
994.2199999999 0.4691790784
994.2299999999 0.4418358567
994.2399999999 0.4144624989
994.2499999999 0.3870646269
994.2599999999 0.3596478676
994.2699999999 0.3322178512
994.2799999999 0.3047802108
994.2899999999 0.2773405806
994.2999999999 0.2499045955
994.3099999999 0.2224778891
994.3199999999 0.1950660934
994.3299999999 0.1676748372
994.3399999999 0.1403097450
994.3499999999 0.1129764360
994.3599999999 0.0856805230
994.3699999999 0.0584276111
994.3799999999 0.0312232966
994.3899999999 0.0040731662
994.3999999999 -0.0230172046
994.4099999999 -0.0500422522
994.4199999999 -0.0769964264
994.4299999999 -0.1038741913
994.4399999999 -0.1306700262
994.4499999999 -0.1573784271
994.4599999999 -0.1839939076
994.4699999999 -0.2105110002
994.4799999999 -0.2369242569
994.4899999999 -0.2632282509
994.4999999999 -0.2894175774
994.5099999999 -0.3154868545
994.5199999999 -0.3414307247
994.5299999999 -0.3672438555
994.5399999999 -0.3929209410
994.5499999999 -0.4184567026
994.5599999999 -0.4438458900
994.5699999999 -0.4690832825
994.5799999999 -0.4941636900
994.5899999999 -0.5190819539
994.5999999999 -0.5438329483
994.6099999999 -0.5684115808
994.6199999999 -0.5928127937
994.6299999999 -0.6170315652
994.6399999999 -0.6410629100
994.6499999999 -0.6649018804
994.6599999999 -0.6885435677
994.6699999999 -0.7119831024
994.6799999999 -0.7352156561
994.6899999999 -0.7582364418
994.6999999999 -0.7810407150
994.7099999999 -0.8036237748
994.7199999999 -0.8259809649
994.7299999999 -0.8481076741
994.7399999999 -0.8699993378
994.7499999999 -0.8916514386
994.7599999999 -0.9130595070
994.7699999999 -0.9342191227
994.7799999999 -0.9551259156
994.7899999999 -0.9757755659
994.7999999999 -0.9961638057
994.8099999999 -1.0162864198
994.8199999999 -1.0361392461
994.8299999999 -1.0557181769
994.8399999999 -1.0750191593
994.8499999999 -1.0940381964
994.8599999999 -1.1127713481
994.8699999999 -1.1312147314
994.8799999999 -1.1493645217
994.8899999999 -1.1672169534
994.8999999999 -1.1847683205
994.9099999999 -1.2020149776
994.9199999999 -1.2189533405
994.9299999999 -1.2355798868
994.9399999999 -1.2518911570
994.9499999999 -1.2678837546
994.9599999999 -1.2835543474
994.9699999999 -1.2988996676
994.9799999999 -1.3139165130
994.9899999999 -1.3286017471
994.9999999999 -1.3429523003
995.0099999999 -1.3569651701
995.0199999999 -1.3706374216
995.0299999999 -1.3839661887
995.0399999999 -1.3969486740
995.0499999999 -1.4095821498
995.0599999999 -1.4218639583
995.0699999999 -1.4337915125
995.0799999999 -1.4453622966
995.0899999999 -1.4565738662
995.0999999999 -1.4674238493
995.1099999999 -1.4779099463
995.1199999999 -1.4880299309
995.1299999999 -1.4977816501
995.1399999999 -1.5071630250
995.1499999999 -1.5161720511
995.1599999999 -1.5248067984
995.1699999999 -1.5330654125
995.1799999999 -1.5409461141
995.1899999999 -1.5484472001
995.1999999999 -1.5555670435
995.2099999999 -1.5623040939
995.2199999999 -1.5686568776
995.2299999999 -1.5746239984
995.2399999999 -1.5802041372
995.2499999999 -1.5853960529
995.2599999999 -1.5901985821
995.2699999999 -1.5946106398
995.2799999999 -1.5986312192
995.2899999999 -1.6022593924
995.2999999999 -1.6054943100
995.3099999999 -1.6083352018
995.3199999999 -1.6107813765
995.3299999999 -1.6128322223
995.3399999999 -1.6144872066
995.3499999999 -1.6157458764
995.3599999999 -1.6166078582
995.3699999999 -1.6170728582
995.3799999999 -1.6171406623
995.3899999999 -1.6168111362
995.3999999999 -1.6160842253
995.4099999999 -1.6149599550
995.4199999999 -1.6134384302
995.4299999999 -1.6115198358
995.4399999999 -1.6092044363
995.4499999999 -1.6064925760
995.4599999999 -1.6033846786
995.4699999999 -1.5998812477
995.4799999999 -1.5959828660
995.4899999999 -1.5916901956
995.4999999999 -1.5870039777
995.5099999999 -1.5819250328
995.5199999999 -1.5764542601
995.5299999999 -1.5705926373
995.5399999999 -1.5643412208
995.5499999999 -1.5577011453
995.5599999999 -1.5506736235
995.5699999999 -1.5432599459
995.5799999999 -1.5354614804
995.5899999999 -1.5272796725
995.5999999999 -1.5187160445
995.6099999999 -1.5097721952
995.6199999999 -1.5004498001
995.6299999999 -1.4907506106
995.6399999999 -1.4806764535
995.6499999999 -1.4702292314
995.6599999999 -1.4594109215
995.6699999999 -1.4482235756
995.6799999999 -1.4366693195
995.6899999999 -1.4247503529
995.6999999999 -1.4124689487
995.7099999999 -1.3998274525
995.7199999999 -1.3868282822
995.7299999999 -1.3734739278
995.7399999999 -1.3597669503
995.7499999999 -1.3457099817
995.7599999999 -1.3313057244
995.7699999999 -1.3165569503
995.7799999999 -1.3014665007
995.7899999999 -1.2860372855
995.7999999999 -1.2702722827
995.8099999999 -1.2541745375
995.8199999999 -1.2377471622
995.8299999999 -1.2209933354
995.8399999999 -1.2039163009
995.8499999999 -1.1865193677
995.8599999999 -1.1688059092
995.8699999999 -1.1507793620
995.8799999999 -1.1324432259
995.8899999999 -1.1138010629
995.8999999999 -1.0948564962
995.9099999999 -1.0756132102
995.9199999999 -1.0560749490
995.9299999999 -1.0362455160
995.9399999999 -1.0161287732
995.9499999999 -0.9957286404
995.9599999999 -0.9750490941
995.9699999999 -0.9540941672
995.9799999999 -0.9328679479
995.9899999999 -0.9113745788
995.9999999999 -0.8896182562
996.0099999999 -0.8676032295
996.0199999999 -0.8453337998
996.0299999999 -0.8228143194
996.0399999999 -0.8000491911
996.0499999999 -0.7770428669
996.0599999999 -0.7537998471
996.0699999999 -0.7303246800
996.0799999999 -0.7066219602
996.0899999999 -0.6826963283
996.0999999999 -0.6585524697
996.1099999999 -0.6341951136
996.1199999999 -0.6096290321
996.1299999999 -0.5848590395
996.1399999999 -0.5598899908
996.1499999999 -0.5347267813
996.1599999999 -0.5093743453
996.1699999999 -0.4838376551
996.1799999999 -0.4581217201
996.1899999999 -0.4322315859
996.1999999999 -0.4061723329
996.2099999999 -0.3799490759
996.2199999999 -0.3535669623
996.2299999999 -0.3270311718
996.2399999999 -0.3003469149
996.2499999999 -0.2735194322
996.2599999999 -0.2465539927
996.2699999999 -0.2194558938
996.2799999999 -0.1922304591
996.2899999999 -0.1648830382
996.2999999999 -0.1374190051
996.3099999999 -0.1098437575
996.3199999999 -0.0821627153
996.3299999999 -0.0543813199
996.3399999999 -0.0265050331
996.3499999999 0.0014606646
996.3599999999 0.0295102741
996.3699999999 0.0576382797
996.3799999999 0.0858391497
996.3899999999 0.1141073377
996.3999999999 0.1424372837
996.4099999999 0.1708234151
996.4199999999 0.1992601479
996.4299999999 0.2277418879
996.4399999999 0.2562630316
996.4499999999 0.2848179678
996.4599999999 0.3134010778
996.4699999999 0.3420067378
996.4799999999 0.3706293187
996.4899999999 0.3992631884
996.4999999999 0.4279027121
996.5099999999 0.4565422537
996.5199999999 0.4851761772
996.5299999999 0.5137988474
996.5399999999 0.5424046312
996.5499999999 0.5709878989
996.5599999999 0.5995430250
996.5699999999 0.6280643897
996.5799999999 0.6565463796
996.5899999999 0.6849833893
996.5999999999 0.7133698221
996.6099999999 0.7417000914
996.6199999999 0.7699686216
996.6299999999 0.7981698495
996.6399999999 0.8262982251
996.6499999999 0.8543482131
996.6599999999 0.8823142934
996.6699999999 0.9101909630
996.6799999999 0.9379727364
996.6899999999 0.9656541472
996.6999999999 0.9932297486
996.7099999999 1.0206941154
996.7199999999 1.0480418442
996.7299999999 1.0752675549
996.7399999999 1.1023658918
996.7499999999 1.1293315247
996.7599999999 1.1561591495
996.7699999999 1.1828434900
996.7799999999 1.2093792984
996.7899999999 1.2357613566
996.7999999999 1.2619844772
996.8099999999 1.2880435044
996.8199999999 1.3139333154
996.8299999999 1.3396488210
996.8399999999 1.3651849668
996.8499999999 1.3905367343
996.8599999999 1.4156991418
996.8699999999 1.4406672454
996.8799999999 1.4654361400
996.8899999999 1.4900009604
996.8999999999 1.5143568821
996.9099999999 1.5384991223
996.9199999999 1.5624229410
996.9299999999 1.5861236418
996.9399999999 1.6095965727
996.9499999999 1.6328371277
996.9599999999 1.6558407468
996.9699999999 1.6786029175
996.9799999999 1.7011191757
996.9899999999 1.7233851063
996.9999999999 1.7453963442
997.0099999999 1.7671485754
997.0199999999 1.7886375376
997.0299999999 1.8098590211
997.0399999999 1.8308088699
997.0499999999 1.8514829819
997.0599999999 1.8718773105
997.0699999999 1.8919878649
997.0799999999 1.9118107111
997.0899999999 1.9313419727
997.0999999999 1.9505778315
997.1099999999 1.9695145284
997.1199999999 1.9881483641
997.1299999999 2.0064757000
997.1399999999 2.0244929588
997.1499999999 2.0421966251
997.1599999999 2.0595832463
997.1699999999 2.0766494333
997.1799999999 2.0933918609
997.1899999999 2.1098072688
997.1999999999 2.1258924622
997.2099999999 2.1416443122
997.2199999999 2.1570597566
997.2299999999 2.1721358006
997.2399999999 2.1868695173
997.2499999999 2.2012580482
997.2599999999 2.2152986039
997.2699999999 2.2289884647
997.2799999999 2.2423249809
997.2899999999 2.2553055736
997.2999999999 2.2679277351
997.3099999999 2.2801890295
997.3199999999 2.2920870929
997.3299999999 2.3036196343
997.3399999999 2.3147844357
997.3499999999 2.3255793528
997.3599999999 2.3360023151
997.3699999999 2.3460513267
997.3799999999 2.3557244666
997.3899999999 2.3650198887
997.3999999999 2.3739358229
997.4099999999 2.3824705747
997.4199999999 2.3906225260
997.4299999999 2.3983901353
997.4399999999 2.4057719380
997.4499999999 2.4127665468
997.4599999999 2.4193726517
997.4699999999 2.4255890206
997.4799999999 2.4314144992
997.4899999999 2.4368480117
997.4999999999 2.4418885604
997.5099999999 2.4465352267
997.5199999999 2.4507871703
997.5299999999 2.4546436302
997.5399999999 2.4581039245
997.5499999999 2.4611674506
997.5599999999 2.4638336852
997.5699999999 2.4661021845
997.5799999999 2.4679725845
997.5899999999 2.4694446005
997.5999999999 2.4705180280
997.6099999999 2.4711927418
997.6199999999 2.4714686969
997.6299999999 2.4713459276
997.6399999999 2.4708245486
997.6499999999 2.4699047538
997.6599999999 2.4685868172
997.6699999999 2.4668710923
997.6799999999 2.4647580123
997.6899999999 2.4622480898
997.6999999999 2.4593419169
997.7099999999 2.4560401651
997.7199999999 2.4523435847
997.7299999999 2.4482530055
997.7399999999 2.4437693357
997.7499999999 2.4388935624
997.7599999999 2.4336267511
997.7699999999 2.4279700456
997.7799999999 2.4219246676
997.7899999999 2.4154919166
997.7999999999 2.4086731698
997.8099999999 2.4014698814
997.8199999999 2.3938835826
997.8299999999 2.3859158814
997.8399999999 2.3775684618
997.8499999999 2.3688430842
997.8599999999 2.3597415842
997.8699999999 2.3502658729
997.8799999999 2.3404179363
997.8899999999 2.3301998346
997.8999999999 2.3196137025
997.9099999999 2.3086617479
997.9199999999 2.2973462521
997.9299999999 2.2856695692
997.9399999999 2.2736341254
997.9499999999 2.2612424187
997.9599999999 2.2484970185
997.9699999999 2.2354005648
997.9799999999 2.2219557680
997.9899999999 2.2081654080
997.9999999999 2.1940323339
998.0099999999 2.1795594634
998.0199999999 2.1647497821
998.0299999999 2.1496063431
998.0399999999 2.1341322661
998.0499999999 2.1183307369
998.0599999999 2.1022050071
998.0699999999 2.0857583929
998.0799999999 2.0689942746
998.0899999999 2.0519160962
998.0999999999 2.0345273644
998.1099999999 2.0168316480
998.1199999999 1.9988325774
998.1299999999 1.9805338432
998.1399999999 1.9619391964
998.1499999999 1.9430524470
998.1599999999 1.9238774632
998.1699999999 1.9044181712
998.1799999999 1.8846785538
998.1899999999 1.8646626499
998.1999999999 1.8443745536
998.2099999999 1.8238184135
998.2199999999 1.8029984317
998.2299999999 1.7819188630
998.2399999999 1.7605840143
998.2499999999 1.7389982434
998.2599999999 1.7171659580
998.2699999999 1.6950916155
998.2799999999 1.6727797213
998.2899999999 1.6502348286
998.2999999999 1.6274615369
998.3099999999 1.6044644914
998.3199999999 1.5812483820
998.3299999999 1.5578179424
998.3399999999 1.5341779491
998.3499999999 1.5103332204
998.3599999999 1.4862886156
998.3699999999 1.4620490337
998.3799999999 1.4376194129
998.3899999999 1.4130047291
998.3999999999 1.3882099953
998.4099999999 1.3632402604
998.4199999999 1.3381006082
998.4299999999 1.3127961564
998.4399999999 1.2873320556
998.4499999999 1.2617134882
998.4599999999 1.2359456674
998.4699999999 1.2100338364
998.4799999999 1.1839832667
998.4899999999 1.1577992578
998.4999999999 1.1314871356
998.5099999999 1.1050522516
998.5199999999 1.0784999817
998.5299999999 1.0518357252
998.5399999999 1.0250649038
998.5499999999 0.9981929601
998.5599999999 0.9712253572
998.5699999999 0.9441675768
998.5799999999 0.9170251189
998.5899999999 0.8898035001
998.5999999999 0.8625082527
998.6099999999 0.8351449236
998.6199999999 0.8077190734
998.6299999999 0.7802362748
998.6399999999 0.7527021119
998.6499999999 0.7251221788
998.6599999999 0.6975020787
998.6699999999 0.6698474227
998.6799999999 0.6421638288
998.6899999999 0.6144569202
998.6999999999 0.5867323251
998.7099999999 0.5589956748
998.7199999999 0.5312526029
998.7299999999 0.5035087442
998.7399999999 0.4757697334
998.7499999999 0.4480412041
998.7599999999 0.4203287876
998.7699999999 0.3926381118
998.7799999999 0.3649748001
998.7899999999 0.3373444703
998.7999999999 0.3097527334
998.8099999999 0.2822051924
998.8199999999 0.2547074413
998.8299999999 0.2272650640
998.8399999999 0.1998836332
998.8499999999 0.1725687090
998.8599999999 0.1453258382
998.8699999999 0.1181605528
998.8799999999 0.0910783693
998.8899999999 0.0640847873
998.8999999999 0.0371852882
998.9099999999 0.0103853348
998.9199999999 -0.0163096306
998.9299999999 -0.0428941866
998.9399999999 -0.0693629344
998.9499999999 -0.0957104984
998.9599999999 -0.1219315275
998.9699999999 -0.1480206962
998.9799999999 -0.1739727055
998.9899999999 -0.1997822842
998.9999999999 -0.2254441897
999.0099999999 -0.2509532093
999.0199999999 -0.2763041611
999.0299999999 -0.3014918949
999.0399999999 -0.3265112935
999.0499999999 -0.3513572738
999.0599999999 -0.3760247874
999.0699999999 -0.4005088219
999.0799999999 -0.4248044019
999.0899999999 -0.4489065900
999.0999999999 -0.4728104876
999.1099999999 -0.4965112362
999.1199999999 -0.5200040180
999.1299999999 -0.5432840573
999.1399999999 -0.5663466210
999.1499999999 -0.5891870200
999.1599999999 -0.6118006097
999.1699999999 -0.6341827913
999.1799999999 -0.6563290125
999.1899999999 -0.6782347685
999.1999999999 -0.6998956029
999.2099999999 -0.7213071084
999.2199999999 -0.7424649282
999.2299999999 -0.7633647562
999.2399999999 -0.7840023385
999.2499999999 -0.8043734736
999.2599999999 -0.8244740140
999.2699999999 -0.8442998663
999.2799999999 -0.8638469924
999.2899999999 -0.8831114105
999.2999999999 -0.9020891953
999.3099999999 -0.9207764794
999.3199999999 -0.9391694537
999.3299999999 -0.9572643683
999.3399999999 -0.9750575333
999.3499999999 -0.9925453194
999.3599999999 -1.0097241586
999.3699999999 -1.0265905453
999.3799999999 -1.0431410365
999.3899999999 -1.0593722526
999.3999999999 -1.0752808786
999.4099999999 -1.0908636639
999.4199999999 -1.1061174237
999.4299999999 -1.1210390392
999.4399999999 -1.1356254584
999.4499999999 -1.1498736967
999.4599999999 -1.1637808375
999.4699999999 -1.1773440326
999.4799999999 -1.1905605032
999.4899999999 -1.2034275400
999.4999999999 -1.2159425040
999.5099999999 -1.2281028269
999.5199999999 -1.2399060118
999.5299999999 -1.2513496334
999.5399999999 -1.2624313388
999.5499999999 -1.2731488479
999.5599999999 -1.2834999536
999.5699999999 -1.2934825226
999.5799999999 -1.3030944955
999.5899999999 -1.3123338876
999.5999999999 -1.3211987888
999.6099999999 -1.3296873646
999.6199999999 -1.3377978558
999.6299999999 -1.3455285794
999.6399999999 -1.3528779285
999.6499999999 -1.3598443732
999.6599999999 -1.3664264601
999.6699999999 -1.3726228133
999.6799999999 -1.3784321345
999.6899999999 -1.3838532029
999.6999999999 -1.3888848759
999.7099999999 -1.3935260892
999.7199999999 -1.3977758567
999.7299999999 -1.4016332712
999.7399999999 -1.4050975043
999.7499999999 -1.4081678065
999.7599999999 -1.4108435076
999.7699999999 -1.4131240166
999.7799999999 -1.4150088220
999.7899999999 -1.4164974916
999.7999999999 -1.4175896730
999.8099999999 -1.4182850934
999.8199999999 -1.4185835598
999.8299999999 -1.4184849588
999.8399999999 -1.4179892570
999.8499999999 -1.4170965005
999.8599999999 -1.4158068156
999.8699999999 -1.4141204080
999.8799999999 -1.4120375632
999.8899999999 -1.4095586464
999.8999999999 -1.4066841025
999.9099999999 -1.4034144557
999.9199999999 -1.3997503096
999.9299999999 -1.3956923472
999.9399999999 -1.3912413307
999.9499999999 -1.3863981010
999.9599999999 -1.3811635781
999.9699999999 -1.3755387603
999.9799999999 -1.3695247248
999.9899999999 -1.3631226266
999.9999999999 -1.3563336988
