900.0000000000 1.9999995000
900.0100000000 1.9999980000
900.0200000000 1.9999954998
900.0300000000 1.9999919985
900.0400000000 1.9999874951
900.0500000000 1.9999819882
900.0600000000 1.9999754758
900.0700000000 1.9999679557
900.0800000000 1.9999594252
900.0900000000 1.9999498811
900.1000000000 1.9999393201
900.1100000000 1.9999277382
900.1200000000 1.9999151313
900.1300000000 1.9999014946
900.1400000000 1.9998868232
900.1500000000 1.9998711116
900.1600000000 1.9998543539
900.1700000000 1.9998365440
900.1800000000 1.9998176752
900.1900000000 1.9997977407
900.2000000000 1.9997767330
900.2100000000 1.9997546444
900.2200000000 1.9997314667
900.2300000000 1.9997071915
900.2400000000 1.9996818099
900.2500000000 1.9996553127
900.2600000000 1.9996276901
900.2700000000 1.9995989322
900.2800000000 1.9995690287
900.2900000000 1.9995379687
900.3000000000 1.9995057413
900.3100000000 1.9994723349
900.3200000000 1.9994377377
900.3300000000 1.9994019375
900.3400000000 1.9993649219
900.3500000000 1.9993266779
900.3600000000 1.9992871922
900.3700000000 1.9992464514
900.3800000000 1.9992044414
900.3900000000 1.9991611480
900.4000000000 1.9991165567
900.4100000000 1.9990706523
900.4200000000 1.9990234198
900.4300000000 1.9989748435
900.4400000000 1.9989249074
900.4500000000 1.9988735953
900.4600000000 1.9988208907
900.4700000000 1.9987667766
900.4800000000 1.9987112358
900.4900000000 1.9986542509
900.5000000000 1.9985958041
900.5100000000 1.9985358771
900.5200000000 1.9984744517
900.5300000000 1.9984115091
900.5400000000 1.9983470303
900.5500000000 1.9982809961
900.5600000000 1.9982133868
900.5700000000 1.9981441826
900.5800000000 1.9980733635
900.5900000000 1.9980009091
900.6000000000 1.9979267986
900.6100000000 1.9978510112
900.6200000000 1.9977735257
900.6300000000 1.9976943207
900.6400000000 1.9976133746
900.6500000000 1.9975306653
900.6600000000 1.9974461708
900.6700000000 1.9973598687
900.6800000000 1.9972717364
900.6900000000 1.9971817510
900.7000000000 1.9970898894
900.7100000000 1.9969961284
900.7200000000 1.9969004446
900.7300000000 1.9968028141
900.7400000000 1.9967032131
900.7500000000 1.9966016175
900.7600000000 1.9964980030
900.7700000000 1.9963923451
900.7800000000 1.9962846193
900.7900000000 1.9961748006
900.8000000000 1.9960628641
900.8100000000 1.9959487845
900.8200000000 1.9958325366
900.8300000000 1.9957140949
900.8400000000 1.9955934337
900.8500000000 1.9954705273
900.8600000000 1.9953453497
900.8700000000 1.9952178749
900.8800000000 1.9950880767
900.8900000000 1.9949559287
900.9000000000 1.9948214046
900.9100000000 1.9946844778
900.9200000000 1.9945451217
900.9300000000 1.9944033095
900.9400000000 1.9942590143
900.9500000000 1.9941122093
900.9600000000 1.9939628673
900.9700000000 1.9938109614
900.9800000000 1.9936564642
900.9900000000 1.9934993486
901.0000000000 1.9933395873
901.0100000000 1.9931771528
901.0200000000 1.9930120178
901.0300000000 1.9928441548
901.0400000000 1.9926735363
901.0500000000 1.9925001346
901.0600000000 1.9923239224
901.0700000000 1.9921448719
901.0800000000 1.9919629555
901.0900000000 1.9917781457
901.1000000000 1.9915904147
901.1100000000 1.9913997350
901.1200000000 1.9912060789
901.1300000000 1.9910094188
901.1400000000 1.9908097271
901.1500000000 1.9906069762
901.1600000000 1.9904011386
901.1700000000 1.9901921867
901.1800000000 1.9899800930
901.1900000000 1.9897648301
901.2000000000 1.9895463707
901.2100000000 1.9893246874
901.2200000000 1.9890997528
901.2300000000 1.9888715399
901.2400000000 1.9886400215
901.2500000000 1.9884051705
901.2600000000 1.9881669599
901.2700000000 1.9879253629
901.2800000000 1.9876803528
901.2900000000 1.9874319027
901.3000000000 1.9871799862
901.3100000000 1.9869245767
901.3200000000 1.9866656480
901.3300000000 1.9864031738
901.3400000000 1.9861371279
901.3500000000 1.9858674845
901.3600000000 1.9855942177
901.3700000000 1.9853173018
901.3800000000 1.9850367114
901.3900000000 1.9847524209
901.4000000000 1.9844644052
901.4100000000 1.9841726393
901.4200000000 1.9838770982
901.4300000000 1.9835777573
901.4400000000 1.9832745921
901.4500000000 1.9829675781
901.4600000000 1.9826566913
901.4700000000 1.9823419077
901.4800000000 1.9820232035
901.4900000000 1.9817005552
901.5000000000 1.9813739395
901.5100000000 1.9810433332
901.5200000000 1.9807087134
901.5300000000 1.9803700576
901.5400000000 1.9800273432
901.5500000000 1.9796805480
901.5600000000 1.9793296500
901.5700000000 1.9789746276
901.5800000000 1.9786154592
901.5900000000 1.9782521237
901.6000000000 1.9778846000
901.6100000000 1.9775128675
901.6200000000 1.9771369058
901.6300000000 1.9767566946
901.6400000000 1.9763722140
901.6500000000 1.9759834445
901.6600000000 1.9755903667
901.6700000000 1.9751929617
901.6800000000 1.9747912105
901.6900000000 1.9743850948
901.7000000000 1.9739745965
901.7100000000 1.9735596976
901.7200000000 1.9731403806
901.7300000000 1.9727166283
901.7400000000 1.9722884238
901.7500000000 1.9718557504
901.7600000000 1.9714185919
901.7700000000 1.9709769323
901.7800000000 1.9705307560
901.7900000000 1.9700800476
901.8000000000 1.9696247923
901.8100000000 1.9691649754
901.8200000000 1.9687005826
901.8300000000 1.9682315999
901.8400000000 1.9677580138
901.8500000000 1.9672798110
901.8600000000 1.9667969787
901.8700000000 1.9663095043
901.8800000000 1.9658173755
901.8900000000 1.9653205807
901.9000000000 1.9648191084
901.9100000000 1.9643129474
901.9200000000 1.9638020871
901.9300000000 1.9632865171
901.9400000000 1.9627662275
901.9500000000 1.9622412086
901.9600000000 1.9617114512
901.9700000000 1.9611769465
901.9800000000 1.9606376860
901.9900000000 1.9600936617
902.0000000000 1.9595448659
902.0100000000 1.9589912913
902.0200000000 1.9584329309
902.0300000000 1.9578697783
902.0400000000 1.9573018273
902.0500000000 1.9567290723
902.0600000000 1.9561515077
902.0700000000 1.9555691288
902.0800000000 1.9549819309
902.0900000000 1.9543899100
902.1000000000 1.9537930623
902.1100000000 1.9531913844
902.1200000000 1.9525848734
902.1300000000 1.9519735267
902.1400000000 1.9513573423
902.1500000000 1.9507363184
902.1600000000 1.9501104536
902.1700000000 1.9494797471
902.1800000000 1.9488441983
902.1900000000 1.9482038072
902.2000000000 1.9475585739
902.2100000000 1.9469084993
902.2200000000 1.9462535844
902.2300000000 1.9455938307
902.2400000000 1.9449292402
902.2500000000 1.9442598152
902.2600000000 1.9435855585
902.2700000000 1.9429064731
902.2800000000 1.9422225626
902.2900000000 1.9415338310
902.3000000000 1.9408402826
902.3100000000 1.9401419223
902.3200000000 1.9394387550
902.3300000000 1.9387307865
902.3400000000 1.9380180227
902.3500000000 1.9373004699
902.3600000000 1.9365781349
902.3700000000 1.9358510249
902.3800000000 1.9351191475
902.3900000000 1.9343825105
902.4000000000 1.9336411225
902.4100000000 1.9328949920
902.4200000000 1.9321441283
902.4300000000 1.9313885408
902.4400000000 1.9306282396
902.4500000000 1.9298632348
902.4600000000 1.9290935373
902.4700000000 1.9283191580
902.4800000000 1.9275401084
902.4900000000 1.9267564004
902.5000000000 1.9259680461
902.5100000000 1.9251750582
902.5200000000 1.9243774496
902.5300000000 1.9235752336
902.5400000000 1.9227684240
902.5500000000 1.9219570347
902.5600000000 1.9211410803
902.5700000000 1.9203205755
902.5800000000 1.9194955355
902.5900000000 1.9186659757
902.6000000000 1.9178319120
902.6100000000 1.9169933606
902.6200000000 1.9161503380
902.6300000000 1.9153028612
902.6400000000 1.9144509474
902.6500000000 1.9135946140
902.6600000000 1.9127338792
902.6700000000 1.9118687610
902.6800000000 1.9109992780
902.6900000000 1.9101254491
902.7000000000 1.9092472935
902.7100000000 1.9083648308
902.7200000000 1.9074780807
902.7300000000 1.9065870634
902.7400000000 1.9056917993
902.7500000000 1.9047923093
902.7600000000 1.9038886143
902.7700000000 1.9029807356
902.7800000000 1.9020686949
902.7900000000 1.9011525142
902.8000000000 1.9002322156
902.8100000000 1.8993078215
902.8200000000 1.8983793548
902.8300000000 1.8974468385
902.8400000000 1.8965102957
902.8500000000 1.8955697502
902.8600000000 1.8946252256
902.8700000000 1.8936767461
902.8800000000 1.8927243358
902.8900000000 1.8917680194
902.9000000000 1.8908078217
902.9100000000 1.8898437676
902.9200000000 1.8888758824
902.9300000000 1.8879041915
902.9400000000 1.8869287206
902.9500000000 1.8859494957
902.9600000000 1.8849665428
902.9700000000 1.8839798882
902.9800000000 1.8829895584
902.9900000000 1.8819955802
903.0000000000 1.8809979805
903.0100000000 1.8799967862
903.0200000000 1.8789920247
903.0300000000 1.8779837234
903.0400000000 1.8769719099
903.0500000000 1.8759566119
903.0600000000 1.8749378574
903.0700000000 1.8739156745
903.0800000000 1.8728900913
903.0900000000 1.8718611362
903.1000000000 1.8708288377
903.1100000000 1.8697932245
903.1200000000 1.8687543253
903.1300000000 1.8677121690
903.1400000000 1.8666667846
903.1500000000 1.8656182011
903.1600000000 1.8645664479
903.1700000000 1.8635115541
903.1800000000 1.8624535492
903.1900000000 1.8613924627
903.2000000000 1.8603283241
903.2100000000 1.8592611631
903.2200000000 1.8581910094
903.2300000000 1.8571178928
903.2400000000 1.8560418431
903.2500000000 1.8549628903
903.2600000000 1.8538810642
903.2700000000 1.8527963948
903.2800000000 1.8517089122
903.2900000000 1.8506186464
903.3000000000 1.8495256275
903.3100000000 1.8484298856
903.3200000000 1.8473314508
903.3300000000 1.8462303532
903.3400000000 1.8451266229
903.3500000000 1.8440202901
903.3600000000 1.8429113849
903.3700000000 1.8417999374
903.3800000000 1.8406859776
903.3900000000 1.8395695356
903.4000000000 1.8384506414
903.4100000000 1.8373293250
903.4200000000 1.8362056164
903.4300000000 1.8350795453
903.4400000000 1.8339511418
903.4500000000 1.8328204354
903.4600000000 1.8316874561
903.4700000000 1.8305522333
903.4800000000 1.8294147966
903.4900000000 1.8282751756
903.5000000000 1.8271333996
903.5100000000 1.8259894980
903.5200000000 1.8248434999
903.5300000000 1.8236954344
903.5400000000 1.8225453305
903.5500000000 1.8213932171
903.5600000000 1.8202391229
903.5700000000 1.8190830766
903.5800000000 1.8179251067
903.5900000000 1.8167652414
903.6000000000 1.8156035091
903.6100000000 1.8144399378
903.6200000000 1.8132745554
903.6300000000 1.8121073896
903.6400000000 1.8109384682
903.6500000000 1.8097678183
903.6600000000 1.8085954675
903.6700000000 1.8074214426
903.6800000000 1.8062457706
903.6900000000 1.8050684782
903.7000000000 1.8038895919
903.7100000000 1.8027091381
903.7200000000 1.8015271427
903.7300000000 1.8003436318
903.7400000000 1.7991586309
903.7500000000 1.7979721656
903.7600000000 1.7967842611
903.7700000000 1.7955949424
903.7800000000 1.7944042343
903.7900000000 1.7932121614
903.8000000000 1.7920187479
903.8100000000 1.7908240179
903.8200000000 1.7896279952
903.8300000000 1.7884307034
903.8400000000 1.7872321658
903.8500000000 1.7860324054
903.8600000000 1.7848314449
903.8700000000 1.7836293069
903.8800000000 1.7824260135
903.8900000000 1.7812215868
903.9000000000 1.7800160483
903.9100000000 1.7788094195
903.9200000000 1.7776017213
903.9300000000 1.7763929746
903.9400000000 1.7751831999
903.9500000000 1.7739724174
903.9600000000 1.7727606468
903.9700000000 1.7715479078
903.9800000000 1.7703342196
903.9900000000 1.7691196011
904.0000000000 1.7679040710
904.0100000000 1.7666876475
904.0200000000 1.7654703486
904.0300000000 1.7642521919
904.0400000000 1.7630331946
904.0500000000 1.7618133739
904.0600000000 1.7605927461
904.0700000000 1.7593713278
904.0800000000 1.7581491346
904.0900000000 1.7569261824
904.1000000000 1.7557024861
904.1100000000 1.7544780608
904.1200000000 1.7532529210
904.1300000000 1.7520270808
904.1400000000 1.7508005540
904.1500000000 1.7495733540
904.1600000000 1.7483454939
904.1700000000 1.7471169864
904.1800000000 1.7458878438
904.1900000000 1.7446580781
904.2000000000 1.7434277009
904.2100000000 1.7421967233
904.2200000000 1.7409651562
904.2300000000 1.7397330101
904.2400000000 1.7385002949
904.2500000000 1.7372670204
904.2600000000 1.7360331959
904.2700000000 1.7347988303
904.2800000000 1.7335639321
904.2900000000 1.7323285094
904.3000000000 1.7310925700
904.3100000000 1.7298561212
904.3200000000 1.7286191700
904.3300000000 1.7273817230
904.3400000000 1.7261437863
904.3500000000 1.7249053657
904.3600000000 1.7236664665
904.3700000000 1.7224270939
904.3800000000 1.7211872522
904.3900000000 1.7199469459
904.4000000000 1.7187061785
904.4100000000 1.7174649536
904.4200000000 1.7162232741
904.4300000000 1.7149811425
904.4400000000 1.7137385612
904.4500000000 1.7124955319
904.4600000000 1.7112520560
904.4700000000 1.7100081345
904.4800000000 1.7087637680
904.4900000000 1.7075189566
904.5000000000 1.7062737003
904.5100000000 1.7050279984
904.5200000000 1.7037818499
904.5300000000 1.7025352534
904.5400000000 1.7012882072
904.5500000000 1.7000407091
904.5600000000 1.6987927565
904.5700000000 1.6975443464
904.5800000000 1.6962954755
904.5900000000 1.6950461400
904.6000000000 1.6937963358
904.6100000000 1.6925460584
904.6200000000 1.6912953029
904.6300000000 1.6900440640
904.6400000000 1.6887923359
904.6500000000 1.6875401126
904.6600000000 1.6862873878
904.6700000000 1.6850341545
904.6800000000 1.6837804055
904.6900000000 1.6825261333
904.7000000000 1.6812713300
904.7100000000 1.6800159871
904.7200000000 1.6787600960
904.7300000000 1.6775036478
904.7400000000 1.6762466328
904.7500000000 1.6749890414
904.7600000000 1.6737308633
904.7700000000 1.6724720882
904.7800000000 1.6712127051
904.7900000000 1.6699527028
904.8000000000 1.6686920698
904.8100000000 1.6674307941
904.8200000000 1.6661688635
904.8300000000 1.6649062654
904.8400000000 1.6636429868
904.8500000000 1.6623790146
904.8600000000 1.6611143350
904.8700000000 1.6598489342
904.8800000000 1.6585827980
904.8900000000 1.6573159116
904.9000000000 1.6560482602
904.9100000000 1.6547798287
904.9200000000 1.6535106015
904.9300000000 1.6522405627
904.9400000000 1.6509696962
904.9500000000 1.6496979855
904.9600000000 1.6484254140
904.9700000000 1.6471519646
904.9800000000 1.6458776200
904.9900000000 1.6446023625
905.0000000000 1.6433261742
905.0100000000 1.6420490371
905.0200000000 1.6407709326
905.0300000000 1.6394918421
905.0400000000 1.6382117465
905.0500000000 1.6369306266
905.0600000000 1.6356484630
905.0700000000 1.6343652358
905.0800000000 1.6330809251
905.0900000000 1.6317955107
905.1000000000 1.6305089719
905.1100000000 1.6292212882
905.1200000000 1.6279324386
905.1300000000 1.6266424019
905.1400000000 1.6253511568
905.1500000000 1.6240586815
905.1600000000 1.6227649543
905.1700000000 1.6214699532
905.1800000000 1.6201736560
905.1900000000 1.6188760402
905.2000000000 1.6175770831
905.2100000000 1.6162767621
905.2200000000 1.6149750541
905.2300000000 1.6136719359
905.2400000000 1.6123673843
905.2500000000 1.6110613757
905.2600000000 1.6097538865
905.2700000000 1.6084448929
905.2800000000 1.6071343708
905.2900000000 1.6058222963
905.3000000000 1.6045086449
905.3100000000 1.6031933925
905.3200000000 1.6018765143
905.3300000000 1.6005579859
905.3400000000 1.5992377825
905.3500000000 1.5979158791
905.3600000000 1.5965922509
905.3700000000 1.5952668726
905.3800000000 1.5939397193
905.3900000000 1.5926107655
905.4000000000 1.5912799860
905.4100000000 1.5899473553
905.4200000000 1.5886128479
905.4300000000 1.5872764382
905.4400000000 1.5859381007
905.4500000000 1.5845978095
905.4600000000 1.5832555390
905.4700000000 1.5819112634
905.4800000000 1.5805649569
905.4900000000 1.5792165935
905.5000000000 1.5778661474
905.5100000000 1.5765135926
905.5200000000 1.5751589033
905.5300000000 1.5738020535
905.5400000000 1.5724430171
905.5500000000 1.5710817684
905.5600000000 1.5697182812
905.5700000000 1.5683525297
905.5800000000 1.5669844880
905.5900000000 1.5656141301
905.6000000000 1.5642414302
905.6100000000 1.5628663624
905.6200000000 1.5614889010
905.6300000000 1.5601090201
905.6400000000 1.5587266940
905.6500000000 1.5573418972
905.6600000000 1.5559546041
905.6700000000 1.5545647890
905.6800000000 1.5531724266
905.6900000000 1.5517774914
905.7000000000 1.5503799583
905.7100000000 1.5489798019
905.7200000000 1.5475769973
905.7300000000 1.5461715194
905.7400000000 1.5447633432
905.7500000000 1.5433524441
905.7600000000 1.5419387974
905.7700000000 1.5405223785
905.7800000000 1.5391031630
905.7900000000 1.5376811266
905.8000000000 1.5362562452
905.8100000000 1.5348284948
905.8200000000 1.5333978515
905.8300000000 1.5319642917
905.8400000000 1.5305277918
905.8500000000 1.5290883284
905.8600000000 1.5276458784
905.8700000000 1.5262004187
905.8800000000 1.5247519265
905.8900000000 1.5233003791
905.9000000000 1.5218457541
905.9100000000 1.5203880293
905.9200000000 1.5189271824
905.9300000000 1.5174631917
905.9400000000 1.5159960356
905.9500000000 1.5145256925
905.9600000000 1.5130521414
905.9700000000 1.5115753611
905.9800000000 1.5100953310
905.9900000000 1.5086120304
906.0000000000 1.5071254392
906.0100000000 1.5056355373
906.0200000000 1.5041423049
906.0300000000 1.5026457224
906.0400000000 1.5011457706
906.0500000000 1.4996424305
906.0600000000 1.4981356832
906.0700000000 1.4966255104
906.0800000000 1.4951118938
906.0900000000 1.4935948154
906.1000000000 1.4920742577
906.1100000000 1.4905502032
906.1200000000 1.4890226350
906.1300000000 1.4874915361
906.1400000000 1.4859568902
906.1500000000 1.4844186811
906.1600000000 1.4828768928
906.1700000000 1.4813315099
906.1800000000 1.4797825171
906.1900000000 1.4782298995
906.2000000000 1.4766736424
906.2100000000 1.4751137316
906.2200000000 1.4735501532
906.2300000000 1.4719828934
906.2400000000 1.4704119391
906.2500000000 1.4688372772
906.2600000000 1.4672588952
906.2700000000 1.4656767808
906.2800000000 1.4640909220
906.2900000000 1.4625013073
906.3000000000 1.4609079255
906.3100000000 1.4593107658
906.3200000000 1.4577098175
906.3300000000 1.4561050706
906.3400000000 1.4544965152
906.3500000000 1.4528841420
906.3600000000 1.4512679419
906.3700000000 1.4496479063
906.3800000000 1.4480240268
906.3900000000 1.4463962954
906.4000000000 1.4447647047
906.4100000000 1.4431292475
906.4200000000 1.4414899170
906.4300000000 1.4398467066
906.4400000000 1.4381996106
906.4500000000 1.4365486231
906.4600000000 1.4348937389
906.4700000000 1.4332349533
906.4800000000 1.4315722616
906.4900000000 1.4299056599
906.5000000000 1.4282351444
906.5100000000 1.4265607118
906.5200000000 1.4248823593
906.5300000000 1.4232000844
906.5400000000 1.4215138850
906.5500000000 1.4198237593
906.5600000000 1.4181297061
906.5700000000 1.4164317244
906.5800000000 1.4147298139
906.5900000000 1.4130239743
906.6000000000 1.4113142061
906.6100000000 1.4096005099
906.6200000000 1.4078828868
906.6300000000 1.4061613384
906.6400000000 1.4044358666
906.6500000000 1.4027064738
906.6600000000 1.4009731626
906.6700000000 1.3992359363
906.6800000000 1.3974947983
906.6900000000 1.3957497527
906.7000000000 1.3940008037
906.7100000000 1.3922479562
906.7200000000 1.3904912154
906.7300000000 1.3887305867
906.7400000000 1.3869660762
906.7500000000 1.3851976902
906.7600000000 1.3834254356
906.7700000000 1.3816493194
906.7800000000 1.3798693494
906.7900000000 1.3780855334
906.8000000000 1.3762978798
906.8100000000 1.3745063974
906.8200000000 1.3727110954
906.8300000000 1.3709119833
906.8400000000 1.3691090711
906.8500000000 1.3673023691
906.8600000000 1.3654918881
906.8700000000 1.3636776392
906.8800000000 1.3618596338
906.8900000000 1.3600378839
906.9000000000 1.3582124018
906.9100000000 1.3563832001
906.9200000000 1.3545502919
906.9300000000 1.3527136905
906.9400000000 1.3508734099
906.9500000000 1.3490294640
906.9600000000 1.3471818675
906.9700000000 1.3453306352
906.9800000000 1.3434757825
906.9900000000 1.3416173249
907.0000000000 1.3397552784
907.0100000000 1.3378896595
907.0200000000 1.3360204848
907.0300000000 1.3341477713
907.0400000000 1.3322715364
907.0500000000 1.3303917980
907.0600000000 1.3285085741
907.0700000000 1.3266218831
907.0800000000 1.3247317439
907.0900000000 1.3228381755
907.1000000000 1.3209411973
907.1100000000 1.3190408293
907.1200000000 1.3171370913
907.1300000000 1.3152300039
907.1400000000 1.3133195878
907.1500000000 1.3114058640
907.1600000000 1.3094888538
907.1700000000 1.3075685791
907.1800000000 1.3056450616
907.1900000000 1.3037183237
907.2000000000 1.3017883879
907.2100000000 1.2998552772
907.2200000000 1.2979190145
907.2300000000 1.2959796234
907.2400000000 1.2940371275
907.2500000000 1.2920915509
907.2600000000 1.2901429177
907.2700000000 1.2881912525
907.2800000000 1.2862365800
907.2900000000 1.2842789253
907.3000000000 1.2823183136
907.3100000000 1.2803547706
907.3200000000 1.2783883219
907.3300000000 1.2764189936
907.3400000000 1.2744468120
907.3500000000 1.2724718034
907.3600000000 1.2704939947
907.3700000000 1.2685134127
907.3800000000 1.2665300847
907.3900000000 1.2645440379
907.4000000000 1.2625552999
907.4100000000 1.2605638984
907.4200000000 1.2585698615
907.4300000000 1.2565732173
907.4400000000 1.2545739941
907.4500000000 1.2525722205
907.4600000000 1.2505679250
907.4700000000 1.2485611367
907.4800000000 1.2465518845
907.4900000000 1.2445401975
907.5000000000 1.2425261053
907.5100000000 1.2405096372
907.5200000000 1.2384908228
907.5300000000 1.2364696921
907.5400000000 1.2344462748
907.5500000000 1.2324206010
907.5600000000 1.2303927010
907.5700000000 1.2283626048
907.5800000000 1.2263303431
907.5900000000 1.2242959462
907.6000000000 1.2222594447
907.6100000000 1.2202208694
907.6200000000 1.2181802510
907.6300000000 1.2161376205
907.6400000000 1.2140930087
907.6500000000 1.2120464467
907.6600000000 1.2099979655
907.6700000000 1.2079475964
907.6800000000 1.2058953704
907.6900000000 1.2038413190
907.7000000000 1.2017854734
907.7100000000 1.1997278649
907.7200000000 1.1976685249
907.7300000000 1.1956074848
907.7400000000 1.1935447760
907.7500000000 1.1914804300
907.7600000000 1.1894144783
907.7700000000 1.1873469522
907.7800000000 1.1852778833
907.7900000000 1.1832073030
907.8000000000 1.1811352427
907.8100000000 1.1790617339
907.8200000000 1.1769868080
907.8300000000 1.1749104963
907.8400000000 1.1728328301
907.8500000000 1.1707538408
907.8600000000 1.1686735596
907.8700000000 1.1665920177
907.8800000000 1.1645092463
907.8900000000 1.1624252763
907.9000000000 1.1603401389
907.9100000000 1.1582538649
907.9200000000 1.1561664853
907.9300000000 1.1540780307
907.9400000000 1.1519885318
907.9500000000 1.1498980193
907.9600000000 1.1478065236
907.9700000000 1.1457140751
907.9800000000 1.1436207040
907.9900000000 1.1415264404
908.0000000000 1.1394313145
908.0100000000 1.1373353560
908.0200000000 1.1352385948
908.0300000000 1.1331410603
908.0400000000 1.1310427822
908.0500000000 1.1289437897
908.0600000000 1.1268441120
908.0700000000 1.1247437780
908.0800000000 1.1226428166
908.0900000000 1.1205412564
908.1000000000 1.1184391260
908.1100000000 1.1163364537
908.1200000000 1.1142332674
908.1300000000 1.1121295953
908.1400000000 1.1100254650
908.1500000000 1.1079209039
908.1600000000 1.1058159395
908.1700000000 1.1037105989
908.1800000000 1.1016049089
908.1900000000 1.0994988962
908.2000000000 1.0973925872
908.2100000000 1.0952860082
908.2200000000 1.0931791851
908.2300000000 1.0910721436
908.2400000000 1.0889649094
908.2500000000 1.0868575075
908.2600000000 1.0847499630
908.2700000000 1.0826423007
908.2800000000 1.0805345449
908.2900000000 1.0784267199
908.3000000000 1.0763188497
908.3100000000 1.0742109578
908.3200000000 1.0721030678
908.3300000000 1.0699952026
908.3400000000 1.0678873851
908.3500000000 1.0657796377
908.3600000000 1.0636719829
908.3700000000 1.0615644423
908.3800000000 1.0594570378
908.3900000000 1.0573497905
908.4000000000 1.0552427216
908.4100000000 1.0531358517
908.4200000000 1.0510292011
908.4300000000 1.0489227900
908.4400000000 1.0468166381
908.4500000000 1.0447107648
908.4600000000 1.0426051891
908.4700000000 1.0404999299
908.4800000000 1.0383950054
908.4900000000 1.0362904339
908.5000000000 1.0341862330
908.5100000000 1.0320824201
908.5200000000 1.0299790123
908.5300000000 1.0278760262
908.5400000000 1.0257734781
908.5500000000 1.0236713840
908.5600000000 1.0215697596
908.5700000000 1.0194686201
908.5800000000 1.0173679803
908.5900000000 1.0152678549
908.6000000000 1.0131682579
908.6100000000 1.0110692031
908.6200000000 1.0089707040
908.6300000000 1.0068727736
908.6400000000 1.0047754245
908.6500000000 1.0026786690
908.6600000000 1.0005825190
908.6700000000 0.9984869861
908.6800000000 0.9963920813
908.6900000000 0.9942978154
908.7000000000 0.9922041989
908.7100000000 0.9901112415
908.7200000000 0.9880189530
908.7300000000 0.9859273425
908.7400000000 0.9838364188
908.7500000000 0.9817461903
908.7600000000 0.9796566650
908.7700000000 0.9775678506
908.7800000000 0.9754797542
908.7900000000 0.9733923828
908.8000000000 0.9713057426
908.8100000000 0.9692198397
908.8200000000 0.9671346798
908.8300000000 0.9650502680
908.8400000000 0.9629666092
908.8500000000 0.9608837079
908.8600000000 0.9588015680
908.8700000000 0.9567201931
908.8800000000 0.9546395866
908.8900000000 0.9525597511
908.9000000000 0.9504806892
908.9100000000 0.9484024029
908.9200000000 0.9463248936
908.9300000000 0.9442481628
908.9400000000 0.9421722112
908.9500000000 0.9400970392
908.9600000000 0.9380226469
908.9700000000 0.9359490338
908.9800000000 0.9338761992
908.9900000000 0.9318041420
909.0000000000 0.9297328605
909.0100000000 0.9276623528
909.0200000000 0.9255926165
909.0300000000 0.9235236490
909.0400000000 0.9214554470
909.0500000000 0.9193880070
909.0600000000 0.9173213252
909.0700000000 0.9152553972
909.0800000000 0.9131902183
909.0900000000 0.9111257834
909.1000000000 0.9090620872
909.1100000000 0.9069991237
909.1200000000 0.9049368867
909.1300000000 0.9028753697
909.1400000000 0.9008145657
909.1500000000 0.8987544673
909.1600000000 0.8966950669
909.1700000000 0.8946363563
909.1800000000 0.8925783271
909.1900000000 0.8905209705
909.2000000000 0.8884642774
909.2100000000 0.8864082381
909.2200000000 0.8843528428
909.2300000000 0.8822980813
909.2400000000 0.8802439430
909.2500000000 0.8781904169
909.2600000000 0.8761374918
909.2700000000 0.8740851559
909.2800000000 0.8720333975
909.2900000000 0.8699822040
909.3000000000 0.8679315630
909.3100000000 0.8658814614
909.3200000000 0.8638318860
909.3300000000 0.8617828230
909.3400000000 0.8597342587
909.3500000000 0.8576861787
909.3600000000 0.8556385684
909.3700000000 0.8535914130
909.3800000000 0.8515446973
909.3900000000 0.8494984058
909.4000000000 0.8474525227
909.4100000000 0.8454070320
909.4200000000 0.8433619172
909.4300000000 0.8413171617
909.4400000000 0.8392727485
909.4500000000 0.8372286605
909.4600000000 0.8351848802
909.4700000000 0.8331413897
909.4800000000 0.8310981710
909.4900000000 0.8290552059
909.5000000000 0.8270124758
909.5100000000 0.8249699618
909.5200000000 0.8229276450
909.5300000000 0.8208855060
909.5400000000 0.8188435253
909.5500000000 0.8168016831
909.5600000000 0.8147599594
909.5700000000 0.8127183339
909.5800000000 0.8106767863
909.5900000000 0.8086352958
909.6000000000 0.8065938416
909.6100000000 0.8045524025
909.6200000000 0.8025109573
909.6300000000 0.8004694845
909.6400000000 0.7984279624
909.6500000000 0.7963863692
909.6600000000 0.7943446827
909.6700000000 0.7923028808
909.6800000000 0.7902609410
909.6900000000 0.7882188409
909.7000000000 0.7861765576
909.7100000000 0.7841340683
909.7200000000 0.7820913499
909.7300000000 0.7800483793
909.7400000000 0.7780051332
909.7500000000 0.7759615880
909.7600000000 0.7739177202
909.7700000000 0.7718735062
909.7800000000 0.7698289219
909.7900000000 0.7677839436
909.8000000000 0.7657385472
909.8100000000 0.7636927085
909.8200000000 0.7616464032
909.8300000000 0.7595996070
909.8400000000 0.7575522956
909.8500000000 0.7555044443
909.8600000000 0.7534560286
909.8700000000 0.7514070238
909.8800000000 0.7493574053
909.8900000000 0.7473071482
909.9000000000 0.7452562277
909.9100000000 0.7432046190
909.9200000000 0.7411522972
909.9300000000 0.7390992372
909.9400000000 0.7370454141
909.9500000000 0.7349908029
909.9600000000 0.7329353786
909.9700000000 0.7308791161
909.9800000000 0.7288219905
909.9900000000 0.7267639766
910.0000000000 0.7247050494
910.0100000000 0.7226451840
910.0200000000 0.7205843552
910.0300000000 0.7185225381
910.0400000000 0.7164597077
910.0500000000 0.7143958391
910.0600000000 0.7123309074
910.0700000000 0.7102648878
910.0800000000 0.7081977554
910.0900000000 0.7061294856
910.1000000000 0.7040600535
910.1100000000 0.7019894347
910.1200000000 0.6999176046
910.1300000000 0.6978445387
910.1400000000 0.6957702126
910.1500000000 0.6936946020
910.1600000000 0.6916176828
910.1700000000 0.6895394308
910.1800000000 0.6874598221
910.1900000000 0.6853788327
910.2000000000 0.6832964390
910.2100000000 0.6812126172
910.2200000000 0.6791273438
910.2300000000 0.6770405956
910.2400000000 0.6749523491
910.2500000000 0.6728625814
910.2600000000 0.6707712695
910.2700000000 0.6686783905
910.2800000000 0.6665839219
910.2900000000 0.6644878412
910.3000000000 0.6623901260
910.3100000000 0.6602907542
910.3200000000 0.6581897040
910.3300000000 0.6560869535
910.3400000000 0.6539824811
910.3500000000 0.6518762656
910.3600000000 0.6497682856
910.3700000000 0.6476585203
910.3800000000 0.6455469488
910.3900000000 0.6434335507
910.4000000000 0.6413183056
910.4100000000 0.6392011933
910.4200000000 0.6370821941
910.4300000000 0.6349612883
910.4400000000 0.6328384564
910.4500000000 0.6307136794
910.4600000000 0.6285869382
910.4700000000 0.6264582144
910.4800000000 0.6243274894
910.4900000000 0.6221947450
910.5000000000 0.6200599635
910.5100000000 0.6179231273
910.5200000000 0.6157842189
910.5300000000 0.6136432213
910.5400000000 0.6115001178
910.5500000000 0.6093548919
910.5600000000 0.6072075273
910.5700000000 0.6050580082
910.5800000000 0.6029063189
910.5900000000 0.6007524442
910.6000000000 0.5985963691
910.6100000000 0.5964380787
910.6200000000 0.5942775589
910.6300000000 0.5921147954
910.6400000000 0.5899497747
910.6500000000 0.5877824831
910.6600000000 0.5856129077
910.6700000000 0.5834410357
910.6800000000 0.5812668546
910.6900000000 0.5790903524
910.7000000000 0.5769115173
910.7100000000 0.5747303378
910.7200000000 0.5725468029
910.7300000000 0.5703609020
910.7400000000 0.5681726245
910.7500000000 0.5659819606
910.7600000000 0.5637889004
910.7700000000 0.5615934349
910.7800000000 0.5593955549
910.7900000000 0.5571952519
910.8000000000 0.5549925177
910.8100000000 0.5527873445
910.8200000000 0.5505797248
910.8300000000 0.5483696515
910.8400000000 0.5461571178
910.8500000000 0.5439421175
910.8600000000 0.5417246446
910.8700000000 0.5395046934
910.8800000000 0.5372822589
910.8900000000 0.5350573361
910.9000000000 0.5328299206
910.9100000000 0.5306000084
910.9200000000 0.5283675959
910.9300000000 0.5261326798
910.9400000000 0.5238952571
910.9500000000 0.5216553255
910.9600000000 0.5194128829
910.9700000000 0.5171679275
910.9800000000 0.5149204582
910.9900000000 0.5126704739
911.0000000000 0.5104179742
911.0100000000 0.5081629590
911.0200000000 0.5059054286
911.0300000000 0.5036453837
911.0400000000 0.5013828255
911.0500000000 0.4991177554
911.0600000000 0.4968501754
911.0700000000 0.4945800877
911.0800000000 0.4923074951
911.0900000000 0.4900324008
911.1000000000 0.4877548081
911.1100000000 0.4854747211
911.1200000000 0.4831921441
911.1300000000 0.4809070818
911.1400000000 0.4786195394
911.1500000000 0.4763295223
911.1600000000 0.4740370366
911.1700000000 0.4717420885
911.1800000000 0.4694446848
911.1900000000 0.4671448327
911.2000000000 0.4648425396
911.2100000000 0.4625378135
911.2200000000 0.4602306628
911.2300000000 0.4579210961
911.2400000000 0.4556091227
911.2500000000 0.4532947519
911.2600000000 0.4509779938
911.2700000000 0.4486588585
911.2800000000 0.4463373570
911.2900000000 0.4440135001
911.3000000000 0.4416872993
911.3100000000 0.4393587666
911.3200000000 0.4370279142
911.3300000000 0.4346947546
911.3400000000 0.4323593009
911.3500000000 0.4300215664
911.3600000000 0.4276815650
911.3700000000 0.4253393107
911.3800000000 0.4229948181
911.3900000000 0.4206481020
911.4000000000 0.4182991776
911.4100000000 0.4159480606
911.4200000000 0.4135947669
911.4300000000 0.4112393129
911.4400000000 0.4088817152
911.4500000000 0.4065219908
911.4600000000 0.4041601573
911.4700000000 0.4017962323
911.4800000000 0.3994302338
911.4900000000 0.3970621804
911.5000000000 0.3946920909
911.5100000000 0.3923199842
911.5200000000 0.3899458799
911.5300000000 0.3875697978
911.5400000000 0.3851917579
911.5500000000 0.3828117806
911.5600000000 0.3804298868
911.5700000000 0.3780460975
911.5800000000 0.3756604341
911.5900000000 0.3732729183
911.6000000000 0.3708835720
911.6100000000 0.3684924177
911.6200000000 0.3660994778
911.6300000000 0.3637047753
911.6400000000 0.3613083333
911.6500000000 0.3589101754
911.6600000000 0.3565103254
911.6700000000 0.3541088072
911.6800000000 0.3517056452
911.6900000000 0.3493008639
911.7000000000 0.3468944883
911.7100000000 0.3444865434
911.7200000000 0.3420770546
911.7300000000 0.3396660476
911.7400000000 0.3372535483
911.7500000000 0.3348395827
911.7600000000 0.3324241772
911.7700000000 0.3300073585
911.7800000000 0.3275891533
911.7900000000 0.3251695888
911.8000000000 0.3227486922
911.8100000000 0.3203264910
911.8200000000 0.3179030129
911.8300000000 0.3154782859
911.8400000000 0.3130523381
911.8500000000 0.3106251977
911.8600000000 0.3081968934
911.8700000000 0.3057674538
911.8800000000 0.3033369078
911.8900000000 0.3009052845
911.9000000000 0.2984726130
911.9100000000 0.2960389229
911.9200000000 0.2936042436
911.9300000000 0.2911686049
911.9400000000 0.2887320366
911.9500000000 0.2862945688
911.9600000000 0.2838562316
911.9700000000 0.2814170554
911.9800000000 0.2789770705
911.9900000000 0.2765363074
912.0000000000 0.2740947970
912.0100000000 0.2716525699
912.0200000000 0.2692096570
912.0300000000 0.2667660893
912.0400000000 0.2643218979
912.0500000000 0.2618771141
912.0600000000 0.2594317689
912.0700000000 0.2569858939
912.0800000000 0.2545395205
912.0900000000 0.2520926800
912.1000000000 0.2496454042
912.1100000000 0.2471977245
912.1200000000 0.2447496727
912.1300000000 0.2423012804
912.1400000000 0.2398525795
912.1500000000 0.2374036018
912.1600000000 0.2349543789
912.1700000000 0.2325049429
912.1800000000 0.2300553254
912.1900000000 0.2276055586
912.2000000000 0.2251556741
912.2100000000 0.2227057039
912.2200000000 0.2202556798
912.2300000000 0.2178056338
912.2400000000 0.2153555977
912.2500000000 0.2129056033
912.2600000000 0.2104556825
912.2700000000 0.2080058669
912.2800000000 0.2055561884
912.2900000000 0.2031066785
912.3000000000 0.2006573691
912.3100000000 0.1982082915
912.3200000000 0.1957594775
912.3300000000 0.1933109583
912.3400000000 0.1908627654
912.3500000000 0.1884149302
912.3600000000 0.1859674837
912.3700000000 0.1835204573
912.3800000000 0.1810738818
912.3900000000 0.1786277882
912.4000000000 0.1761822074
912.4100000000 0.1737371701
912.4200000000 0.1712927068
912.4300000000 0.1688488481
912.4400000000 0.1664056244
912.4500000000 0.1639630657
912.4600000000 0.1615212023
912.4700000000 0.1590800640
912.4800000000 0.1566396807
912.4900000000 0.1542000819
912.5000000000 0.1517612972
912.5100000000 0.1493233558
912.5200000000 0.1468862870
912.5300000000 0.1444501195
912.5400000000 0.1420148824
912.5500000000 0.1395806041
912.5600000000 0.1371473130
912.5700000000 0.1347150374
912.5800000000 0.1322838052
912.5900000000 0.1298536444
912.6000000000 0.1274245824
912.6100000000 0.1249966467
912.6200000000 0.1225698644
912.6300000000 0.1201442624
912.6400000000 0.1177198676
912.6500000000 0.1152967062
912.6600000000 0.1128748047
912.6700000000 0.1104541889
912.6800000000 0.1080348846
912.6900000000 0.1056169173
912.7000000000 0.1032003123
912.7100000000 0.1007850944
912.7200000000 0.0983712885
912.7300000000 0.0959589189
912.7400000000 0.0935480099
912.7500000000 0.0911385853
912.7600000000 0.0887306687
912.7700000000 0.0863242834
912.7800000000 0.0839194525
912.7900000000 0.0815161987
912.8000000000 0.0791145444
912.8100000000 0.0767145118
912.8200000000 0.0743161227
912.8300000000 0.0719193986
912.8400000000 0.0695243607
912.8500000000 0.0671310300
912.8600000000 0.0647394269
912.8700000000 0.0623495718
912.8800000000 0.0599614846
912.8900000000 0.0575751848
912.9000000000 0.0551906917
912.9100000000 0.0528080243
912.9200000000 0.0504272011
912.9300000000 0.0480482403
912.9400000000 0.0456711599
912.9500000000 0.0432959773
912.9600000000 0.0409227099
912.9700000000 0.0385513744
912.9800000000 0.0361819873
912.9900000000 0.0338145647
913.0000000000 0.0314491225
913.0100000000 0.0290856759
913.0200000000 0.0267242401
913.0300000000 0.0243648296
913.0400000000 0.0220074589
913.0500000000 0.0196521417
913.0600000000 0.0172988917
913.0700000000 0.0149477220
913.0800000000 0.0125986454
913.0900000000 0.0102516743
913.1000000000 0.0079068207
913.1100000000 0.0055640962
913.1200000000 0.0032235121
913.1300000000 0.0008850793
913.1400000000 -0.0014511918
913.1500000000 -0.0037852911
913.1600000000 -0.0061172090
913.1700000000 -0.0084469360
913.1800000000 -0.0107744634
913.1900000000 -0.0130997826
913.2000000000 -0.0154228855
913.2100000000 -0.0177437645
913.2200000000 -0.0200624121
913.2300000000 -0.0223788216
913.2400000000 -0.0246929863
913.2500000000 -0.0270049003
913.2600000000 -0.0293145577
913.2700000000 -0.0316219533
913.2800000000 -0.0339270822
913.2900000000 -0.0362299399
913.3000000000 -0.0385305223
913.3100000000 -0.0408288257
913.3200000000 -0.0431248468
913.3300000000 -0.0454185827
913.3400000000 -0.0477100310
913.3500000000 -0.0499991896
913.3600000000 -0.0522860568
913.3700000000 -0.0545706312
913.3800000000 -0.0568529122
913.3900000000 -0.0591328991
913.4000000000 -0.0614105919
913.4100000000 -0.0636859910
913.4200000000 -0.0659590971
913.4300000000 -0.0682299112
913.4400000000 -0.0704984350
913.4500000000 -0.0727646703
913.4600000000 -0.0750286195
913.4700000000 -0.0772902853
913.4800000000 -0.0795496707
913.4900000000 -0.0818067793
913.5000000000 -0.0840616150
913.5100000000 -0.0863141821
913.5200000000 -0.0885644851
913.5300000000 -0.0908125293
913.5400000000 -0.0930583199
913.5500000000 -0.0953018628
913.5600000000 -0.0975431642
913.5700000000 -0.0997822307
913.5800000000 -0.1020190693
913.5900000000 -0.1042536872
913.6000000000 -0.1064860922
913.6100000000 -0.1087162923
913.6200000000 -0.1109442960
913.6300000000 -0.1131701121
913.6400000000 -0.1153937497
913.6500000000 -0.1176152184
913.6600000000 -0.1198345281
913.6700000000 -0.1220516890
913.6800000000 -0.1242667116
913.6900000000 -0.1264796070
913.7000000000 -0.1286903865
913.7100000000 -0.1308990616
913.7200000000 -0.1331056443
913.7300000000 -0.1353101470
913.7400000000 -0.1375125823
913.7500000000 -0.1397129632
913.7600000000 -0.1419113030
913.7700000000 -0.1441076153
913.7800000000 -0.1463019141
913.7900000000 -0.1484942137
913.8000000000 -0.1506845286
913.8100000000 -0.1528728737
913.8200000000 -0.1550592643
913.8300000000 -0.1572437159
913.8400000000 -0.1594262443
913.8500000000 -0.1616068655
913.8600000000 -0.1637855960
913.8700000000 -0.1659624525
913.8800000000 -0.1681374519
913.8900000000 -0.1703106115
913.9000000000 -0.1724819489
913.9100000000 -0.1746514817
913.9200000000 -0.1768192282
913.9300000000 -0.1789852065
913.9400000000 -0.1811494354
913.9500000000 -0.1833119336
913.9600000000 -0.1854727202
913.9700000000 -0.1876318146
913.9800000000 -0.1897892364
913.9900000000 -0.1919450053
914.0000000000 -0.1940991415
914.0100000000 -0.1962516652
914.0200000000 -0.1984025969
914.0300000000 -0.2005519572
914.0400000000 -0.2026997672
914.0500000000 -0.2048460480
914.0600000000 -0.2069908209
914.0700000000 -0.2091341075
914.0800000000 -0.2112759295
914.0900000000 -0.2134163087
914.1000000000 -0.2155552673
914.1100000000 -0.2176928277
914.1200000000 -0.2198290121
914.1300000000 -0.2219638433
914.1400000000 -0.2240973441
914.1500000000 -0.2262295373
914.1600000000 -0.2283604461
914.1700000000 -0.2304900937
914.1800000000 -0.2326185035
914.1900000000 -0.2347456989
914.2000000000 -0.2368717038
914.2100000000 -0.2389965417
914.2200000000 -0.2411202366
914.2300000000 -0.2432428126
914.2400000000 -0.2453642937
914.2500000000 -0.2474847041
914.2600000000 -0.2496040682
914.2700000000 -0.2517224103
914.2800000000 -0.2538397550
914.2900000000 -0.2559561268
914.3000000000 -0.2580715504
914.3100000000 -0.2601860506
914.3200000000 -0.2622996520
914.3300000000 -0.2644123795
914.3400000000 -0.2665242581
914.3500000000 -0.2686353126
914.3600000000 -0.2707455681
914.3700000000 -0.2728550496
914.3800000000 -0.2749637821
914.3900000000 -0.2770717908
914.4000000000 -0.2791791006
914.4100000000 -0.2812857368
914.4200000000 -0.2833917244
914.4300000000 -0.2854970885
914.4400000000 -0.2876018544
914.4500000000 -0.2897060470
914.4600000000 -0.2918096914
914.4700000000 -0.2939128129
914.4800000000 -0.2960154363
914.4900000000 -0.2981175866
914.5000000000 -0.3002192890
914.5100000000 -0.3023205683
914.5200000000 -0.3044214493
914.5300000000 -0.3065219570
914.5400000000 -0.3086221160
914.5500000000 -0.3107219511
914.5600000000 -0.3128214869
914.5700000000 -0.3149207479
914.5800000000 -0.3170197587
914.5900000000 -0.3191185436
914.6000000000 -0.3212171269
914.6100000000 -0.3233155327
914.6200000000 -0.3254137852
914.6300000000 -0.3275119083
914.6400000000 -0.3296099260
914.6500000000 -0.3317078618
914.6600000000 -0.3338057395
914.6700000000 -0.3359035825
914.6800000000 -0.3380014141
914.6900000000 -0.3400992575
914.7000000000 -0.3421971359
914.7100000000 -0.3442950720
914.7200000000 -0.3463930887
914.7300000000 -0.3484912084
914.7400000000 -0.3505894536
914.7500000000 -0.3526878466
914.7600000000 -0.3547864093
914.7700000000 -0.3568851636
914.7800000000 -0.3589841313
914.7900000000 -0.3610833338
914.8000000000 -0.3631827923
914.8100000000 -0.3652825280
914.8200000000 -0.3673825617
914.8300000000 -0.3694829141
914.8400000000 -0.3715836056
914.8500000000 -0.3736846565
914.8600000000 -0.3757860866
914.8700000000 -0.3778879158
914.8800000000 -0.3799901636
914.8900000000 -0.3820928493
914.9000000000 -0.3841959919
914.9100000000 -0.3862996101
914.9200000000 -0.3884037225
914.9300000000 -0.3905083473
914.9400000000 -0.3926135026
914.9500000000 -0.3947192060
914.9600000000 -0.3968254751
914.9700000000 -0.3989323270
914.9800000000 -0.4010397786
914.9900000000 -0.4031478465
915.0000000000 -0.4052565470
915.0100000000 -0.4073658963
915.0200000000 -0.4094759099
915.0300000000 -0.4115866035
915.0400000000 -0.4136979920
915.0500000000 -0.4158100903
915.0600000000 -0.4179229130
915.0700000000 -0.4200364741
915.0800000000 -0.4221507877
915.0900000000 -0.4242658673
915.1000000000 -0.4263817261
915.1100000000 -0.4284983770
915.1200000000 -0.4306158326
915.1300000000 -0.4327341051
915.1400000000 -0.4348532065
915.1500000000 -0.4369731482
915.1600000000 -0.4390939416
915.1700000000 -0.4412155974
915.1800000000 -0.4433381263
915.1900000000 -0.4454615383
915.2000000000 -0.4475858434
915.2100000000 -0.4497110509
915.2200000000 -0.4518371699
915.2300000000 -0.4539642092
915.2400000000 -0.4560921772
915.2500000000 -0.4582210818
915.2600000000 -0.4603509308
915.2700000000 -0.4624817313
915.2800000000 -0.4646134902
915.2900000000 -0.4667462141
915.3000000000 -0.4688799091
915.3100000000 -0.4710145809
915.3200000000 -0.4731502350
915.3300000000 -0.4752868762
915.3400000000 -0.4774245093
915.3500000000 -0.4795631385
915.3600000000 -0.4817027675
915.3700000000 -0.4838433999
915.3800000000 -0.4859850386
915.3900000000 -0.4881276864
915.4000000000 -0.4902713454
915.4100000000 -0.4924160177
915.4200000000 -0.4945617046
915.4300000000 -0.4967084073
915.4400000000 -0.4988561265
915.4500000000 -0.5010048624
915.4600000000 -0.5031546149
915.4700000000 -0.5053053835
915.4800000000 -0.5074571674
915.4900000000 -0.5096099652
915.5000000000 -0.5117637752
915.5100000000 -0.5139185953
915.5200000000 -0.5160744230
915.5300000000 -0.5182312554
915.5400000000 -0.5203890893
915.5500000000 -0.5225479208
915.5600000000 -0.5247077459
915.5700000000 -0.5268685601
915.5800000000 -0.5290303585
915.5900000000 -0.5311931357
915.6000000000 -0.5333568862
915.6100000000 -0.5355216036
915.6200000000 -0.5376872817
915.6300000000 -0.5398539134
915.6400000000 -0.5420214915
915.6500000000 -0.5441900082
915.6600000000 -0.5463594556
915.6700000000 -0.5485298250
915.6800000000 -0.5507011077
915.6900000000 -0.5528732944
915.7000000000 -0.5550463754
915.7100000000 -0.5572203406
915.7200000000 -0.5593951798
915.7300000000 -0.5615708819
915.7400000000 -0.5637474359
915.7500000000 -0.5659248301
915.7600000000 -0.5681030526
915.7700000000 -0.5702820911
915.7800000000 -0.5724619328
915.7900000000 -0.5746425645
915.8000000000 -0.5768239730
915.8100000000 -0.5790061442
915.8200000000 -0.5811890640
915.8300000000 -0.5833727178
915.8400000000 -0.5855570907
915.8500000000 -0.5877421674
915.8600000000 -0.5899279321
915.8700000000 -0.5921143689
915.8800000000 -0.5943014614
915.8900000000 -0.5964891928
915.9000000000 -0.5986775462
915.9100000000 -0.6008665040
915.9200000000 -0.6030560484
915.9300000000 -0.6052461614
915.9400000000 -0.6074368246
915.9500000000 -0.6096280190
915.9600000000 -0.6118197257
915.9700000000 -0.6140119252
915.9800000000 -0.6162045976
915.9900000000 -0.6183977230
916.0000000000 -0.6205912809
916.0100000000 -0.6227852506
916.0200000000 -0.6249796110
916.0300000000 -0.6271743408
916.0400000000 -0.6293694184
916.0500000000 -0.6315648218
916.0600000000 -0.6337605288
916.0700000000 -0.6359565168
916.0800000000 -0.6381527630
916.0900000000 -0.6403492443
916.1000000000 -0.6425459374
916.1100000000 -0.6447428185
916.1200000000 -0.6469398637
916.1300000000 -0.6491370488
916.1400000000 -0.6513343494
916.1500000000 -0.6535317407
916.1600000000 -0.6557291977
916.1700000000 -0.6579266952
916.1800000000 -0.6601242078
916.1900000000 -0.6623217096
916.2000000000 -0.6645191748
916.2100000000 -0.6667165771
916.2200000000 -0.6689138901
916.2300000000 -0.6711110872
916.2400000000 -0.6733081415
916.2500000000 -0.6755050260
916.2600000000 -0.6777017133
916.2700000000 -0.6798981759
916.2800000000 -0.6820943863
916.2900000000 -0.6842903164
916.3000000000 -0.6864859383
916.3100000000 -0.6886812236
916.3200000000 -0.6908761440
916.3300000000 -0.6930706708
916.3400000000 -0.6952647752
916.3500000000 -0.6974584284
916.3600000000 -0.6996516011
916.3700000000 -0.7018442643
916.3800000000 -0.7040363883
916.3900000000 -0.7062279438
916.4000000000 -0.7084189010
916.4100000000 -0.7106092302
916.4200000000 -0.7127989013
916.4300000000 -0.7149878844
916.4400000000 -0.7171761492
916.4500000000 -0.7193636654
916.4600000000 -0.7215504028
916.4700000000 -0.7237363307
916.4800000000 -0.7259214186
916.4900000000 -0.7281056359
916.5000000000 -0.7302889517
916.5100000000 -0.7324713353
916.5200000000 -0.7346527558
916.5300000000 -0.7368331821
916.5400000000 -0.7390125833
916.5500000000 -0.7411909282
916.5600000000 -0.7433681858
916.5700000000 -0.7455443248
916.5800000000 -0.7477193141
916.5900000000 -0.7498931225
916.6000000000 -0.7520657185
916.6100000000 -0.7542370711
916.6200000000 -0.7564071487
916.6300000000 -0.7585759202
916.6400000000 -0.7607433543
916.6500000000 -0.7629094195
916.6600000000 -0.7650740846
916.6700000000 -0.7672373184
916.6800000000 -0.7693990894
916.6900000000 -0.7715593666
916.7000000000 -0.7737181186
916.7100000000 -0.7758753144
916.7200000000 -0.7780309226
916.7300000000 -0.7801849124
916.7400000000 -0.7823372525
916.7500000000 -0.7844879121
916.7600000000 -0.7866368603
916.7700000000 -0.7887840661
916.7800000000 -0.7909294989
916.7900000000 -0.7930731278
916.8000000000 -0.7952149225
916.8100000000 -0.7973548523
916.8200000000 -0.7994928868
916.8300000000 -0.8016289957
916.8400000000 -0.8037631489
916.8500000000 -0.8058953162
916.8600000000 -0.8080254678
916.8700000000 -0.8101535737
916.8800000000 -0.8122796043
916.8900000000 -0.8144035300
916.9000000000 -0.8165253213
916.9100000000 -0.8186449491
916.9200000000 -0.8207623842
916.9300000000 -0.8228775976
916.9400000000 -0.8249905605
916.9500000000 -0.8271012443
916.9600000000 -0.8292096205
916.9700000000 -0.8313156609
916.9800000000 -0.8334193373
916.9900000000 -0.8355206219
917.0000000000 -0.8376194869
917.0100000000 -0.8397159048
917.0200000000 -0.8418098483
917.0300000000 -0.8439012904
917.0400000000 -0.8459902040
917.0500000000 -0.8480765626
917.0600000000 -0.8501603396
917.0700000000 -0.8522415089
917.0800000000 -0.8543200446
917.0900000000 -0.8563959207
917.1000000000 -0.8584691119
917.1100000000 -0.8605395928
917.1200000000 -0.8626073385
917.1300000000 -0.8646723242
917.1400000000 -0.8667345254
917.1500000000 -0.8687939179
917.1600000000 -0.8708504777
917.1700000000 -0.8729041811
917.1800000000 -0.8749550048
917.1900000000 -0.8770029255
917.2000000000 -0.8790479204
917.2100000000 -0.8810899670
917.2200000000 -0.8831290431
917.2300000000 -0.8851651266
917.2400000000 -0.8871981958
917.2500000000 -0.8892282295
917.2600000000 -0.8912552066
917.2700000000 -0.8932791062
917.2800000000 -0.8952999081
917.2900000000 -0.8973175921
917.3000000000 -0.8993321384
917.3100000000 -0.9013435276
917.3200000000 -0.9033517405
917.3300000000 -0.9053567583
917.3400000000 -0.9073585626
917.3500000000 -0.9093571353
917.3600000000 -0.9113524586
917.3700000000 -0.9133445150
917.3800000000 -0.9153332876
917.3900000000 -0.9173187594
917.4000000000 -0.9193009143
917.4100000000 -0.9212797361
917.4200000000 -0.9232552092
917.4300000000 -0.9252273183
917.4400000000 -0.9271960484
917.4500000000 -0.9291613850
917.4600000000 -0.9311233140
917.4700000000 -0.9330818214
917.4800000000 -0.9350368938
917.4900000000 -0.9369885182
917.5000000000 -0.9389366818
917.5100000000 -0.9408813723
917.5200000000 -0.9428225779
917.5300000000 -0.9447602868
917.5400000000 -0.9466944881
917.5500000000 -0.9486251709
917.5600000000 -0.9505523247
917.5700000000 -0.9524759397
917.5800000000 -0.9543960062
917.5900000000 -0.9563125150
917.6000000000 -0.9582254573
917.6100000000 -0.9601348246
917.6200000000 -0.9620406090
917.6300000000 -0.9639428028
917.6400000000 -0.9658413988
917.6500000000 -0.9677363901
917.6600000000 -0.9696277704
917.6700000000 -0.9715155336
917.6800000000 -0.9733996740
917.6900000000 -0.9752801866
917.7000000000 -0.9771570664
917.7100000000 -0.9790303090
917.7200000000 -0.9808999105
917.7300000000 -0.9827658673
917.7400000000 -0.9846281761
917.7500000000 -0.9864868341
917.7600000000 -0.9883418391
917.7700000000 -0.9901931889
917.7800000000 -0.9920408821
917.7900000000 -0.9938849174
917.8000000000 -0.9957252940
917.8100000000 -0.9975620118
917.8200000000 -0.9993950705
917.8300000000 -1.0012244708
917.8400000000 -1.0030502135
917.8500000000 -1.0048722997
917.8600000000 -1.0066907312
917.8700000000 -1.0085055100
917.8800000000 -1.0103166386
917.8900000000 -1.0121241198
917.9000000000 -1.0139279568
917.9100000000 -1.0157281533
917.9200000000 -1.0175247134
917.9300000000 -1.0193176414
917.9400000000 -1.0211069422
917.9500000000 -1.0228926210
917.9600000000 -1.0246746833
917.9700000000 -1.0264531353
917.9800000000 -1.0282279832
917.9900000000 -1.0299992338
918.0000000000 -1.0317668943
918.0100000000 -1.0335309721
918.0200000000 -1.0352914753
918.0300000000 -1.0370484119
918.0400000000 -1.0388017908
918.0500000000 -1.0405516209
918.0600000000 -1.0422979115
918.0700000000 -1.0440406726
918.0800000000 -1.0457799141
918.0900000000 -1.0475156466
918.1000000000 -1.0492478808
918.1100000000 -1.0509766281
918.1200000000 -1.0527018999
918.1300000000 -1.0544237082
918.1400000000 -1.0561420652
918.1500000000 -1.0578569835
918.1600000000 -1.0595684760
918.1700000000 -1.0612765561
918.1800000000 -1.0629812373
918.1900000000 -1.0646825335
918.2000000000 -1.0663804591
918.2100000000 -1.0680750287
918.2200000000 -1.0697662571
918.2300000000 -1.0714541597
918.2400000000 -1.0731387519
918.2500000000 -1.0748200497
918.2600000000 -1.0764980692
918.2700000000 -1.0781728269
918.2800000000 -1.0798443396
918.2900000000 -1.0815126244
918.3000000000 -1.0831776986
918.3100000000 -1.0848395800
918.3200000000 -1.0864982864
918.3300000000 -1.0881538361
918.3400000000 -1.0898062476
918.3500000000 -1.0914555397
918.3600000000 -1.0931017313
918.3700000000 -1.0947448420
918.3800000000 -1.0963848911
918.3900000000 -1.0980218985
918.4000000000 -1.0996558844
918.4100000000 -1.1012868689
918.4200000000 -1.1029148728
918.4300000000 -1.1045399167
918.4400000000 -1.1061620217
918.4500000000 -1.1077812092
918.4600000000 -1.1093975005
918.4700000000 -1.1110109173
918.4800000000 -1.1126214816
918.4900000000 -1.1142292156
918.5000000000 -1.1158341415
918.5100000000 -1.1174362818
918.5200000000 -1.1190356593
918.5300000000 -1.1206322969
918.5400000000 -1.1222262177
918.5500000000 -1.1238174449
918.5600000000 -1.1254060020
918.5700000000 -1.1269919126
918.5800000000 -1.1285752004
918.5900000000 -1.1301558895
918.6000000000 -1.1317340039
918.6100000000 -1.1333095678
918.6200000000 -1.1348826056
918.6300000000 -1.1364531418
918.6400000000 -1.1380212010
918.6500000000 -1.1395868080
918.6600000000 -1.1411499878
918.6700000000 -1.1427107652
918.6800000000 -1.1442691654
918.6900000000 -1.1458252137
918.7000000000 -1.1473789353
918.7100000000 -1.1489303556
918.7200000000 -1.1504795001
918.7300000000 -1.1520263944
918.7400000000 -1.1535710642
918.7500000000 -1.1551135351
918.7600000000 -1.1566538330
918.7700000000 -1.1581919837
918.7800000000 -1.1597280130
918.7900000000 -1.1612619470
918.8000000000 -1.1627938116
918.8100000000 -1.1643236328
918.8200000000 -1.1658514367
918.8300000000 -1.1673772494
918.8400000000 -1.1689010970
918.8500000000 -1.1704230055
918.8600000000 -1.1719430011
918.8700000000 -1.1734611099
918.8800000000 -1.1749773580
918.8900000000 -1.1764917716
918.9000000000 -1.1780043767
918.9100000000 -1.1795151994
918.9200000000 -1.1810242657
918.9300000000 -1.1825316017
918.9400000000 -1.1840372334
918.9500000000 -1.1855411866
918.9600000000 -1.1870434873
918.9700000000 -1.1885441613
918.9800000000 -1.1900432343
918.9900000000 -1.1915407321
919.0000000000 -1.1930366803
919.0100000000 -1.1945311045
919.0200000000 -1.1960240300
919.0300000000 -1.1975154824
919.0400000000 -1.1990054869
919.0500000000 -1.2004940687
919.0600000000 -1.2019812529
919.0700000000 -1.2034670645
919.0800000000 -1.2049515283
919.0900000000 -1.2064346690
919.1000000000 -1.2079165114
919.1100000000 -1.2093970798
919.1200000000 -1.2108763986
919.1300000000 -1.2123544920
919.1400000000 -1.2138313842
919.1500000000 -1.2153070989
919.1600000000 -1.2167816599
919.1700000000 -1.2182550909
919.1800000000 -1.2197274151
919.1900000000 -1.2211986560
919.2000000000 -1.2226688364
919.2100000000 -1.2241379793
919.2200000000 -1.2256061075
919.2300000000 -1.2270732433
919.2400000000 -1.2285394091
919.2500000000 -1.2300046270
919.2600000000 -1.2314689188
919.2700000000 -1.2329323062
919.2800000000 -1.2343948107
919.2900000000 -1.2358564535
919.3000000000 -1.2373172556
919.3100000000 -1.2387772378
919.3200000000 -1.2402364206
919.3300000000 -1.2416948243
919.3400000000 -1.2431524689
919.3500000000 -1.2446093742
919.3600000000 -1.2460655598
919.3700000000 -1.2475210450
919.3800000000 -1.2489758487
919.3900000000 -1.2504299898
919.4000000000 -1.2518834866
919.4100000000 -1.2533363574
919.4200000000 -1.2547886202
919.4300000000 -1.2562402925
919.4400000000 -1.2576913918
919.4500000000 -1.2591419349
919.4600000000 -1.2605919389
919.4700000000 -1.2620414200
919.4800000000 -1.2634903944
919.4900000000 -1.2649388781
919.5000000000 -1.2663868865
919.5100000000 -1.2678344349
919.5200000000 -1.2692815381
919.5300000000 -1.2707282109
919.5400000000 -1.2721744673
919.5500000000 -1.2736203215
919.5600000000 -1.2750657869
919.5700000000 -1.2765108769
919.5800000000 -1.2779556044
919.5900000000 -1.2793999820
919.6000000000 -1.2808440220
919.6100000000 -1.2822877362
919.6200000000 -1.2837311362
919.6300000000 -1.2851742333
919.6400000000 -1.2866170382
919.6500000000 -1.2880595615
919.6600000000 -1.2895018133
919.6700000000 -1.2909438035
919.6800000000 -1.2923855413
919.6900000000 -1.2938270359
919.7000000000 -1.2952682959
919.7100000000 -1.2967093297
919.7200000000 -1.2981501452
919.7300000000 -1.2995907499
919.7400000000 -1.3010311511
919.7500000000 -1.3024713555
919.7600000000 -1.3039113696
919.7700000000 -1.3053511994
919.7800000000 -1.3067908506
919.7900000000 -1.3082303284
919.8000000000 -1.3096696378
919.8100000000 -1.3111087832
919.8200000000 -1.3125477688
919.8300000000 -1.3139865983
919.8400000000 -1.3154252751
919.8500000000 -1.3168638020
919.8600000000 -1.3183021816
919.8700000000 -1.3197404161
919.8800000000 -1.3211785072
919.8900000000 -1.3226164563
919.9000000000 -1.3240542644
919.9100000000 -1.3254919320
919.9200000000 -1.3269294592
919.9300000000 -1.3283668460
919.9400000000 -1.3298040916
919.9500000000 -1.3312411950
919.9600000000 -1.3326781548
919.9700000000 -1.3341149692
919.9800000000 -1.3355516359
919.9900000000 -1.3369881523
920.0000000000 -1.3384245155
920.0100000000 -1.3398607220
920.0200000000 -1.3412967679
920.0300000000 -1.3427326492
920.0400000000 -1.3441683611
920.0500000000 -1.3456038986
920.0600000000 -1.3470392564
920.0700000000 -1.3484744286
920.0800000000 -1.3499094091
920.0900000000 -1.3513441912
920.1000000000 -1.3527787681
920.1100000000 -1.3542131322
920.1200000000 -1.3556472759
920.1300000000 -1.3570811910
920.1400000000 -1.3585148690
920.1500000000 -1.3599483009
920.1600000000 -1.3613814774
920.1700000000 -1.3628143888
920.1800000000 -1.3642470250
920.1900000000 -1.3656793757
920.2000000000 -1.3671114298
920.2100000000 -1.3685431763
920.2200000000 -1.3699746035
920.2300000000 -1.3714056995
920.2400000000 -1.3728364518
920.2500000000 -1.3742668479
920.2600000000 -1.3756968746
920.2700000000 -1.3771265186
920.2800000000 -1.3785557659
920.2900000000 -1.3799846024
920.3000000000 -1.3814130136
920.3100000000 -1.3828409847
920.3200000000 -1.3842685004
920.3300000000 -1.3856955451
920.3400000000 -1.3871221029
920.3500000000 -1.3885481576
920.3600000000 -1.3899736925
920.3700000000 -1.3913986906
920.3800000000 -1.3928231347
920.3900000000 -1.3942470072
920.4000000000 -1.3956702902
920.4100000000 -1.3970929652
920.4200000000 -1.3985150139
920.4300000000 -1.3999364172
920.4400000000 -1.4013571559
920.4500000000 -1.4027772105
920.4600000000 -1.4041965611
920.4700000000 -1.4056151875
920.4800000000 -1.4070330694
920.4900000000 -1.4084501860
920.5000000000 -1.4098665162
920.5100000000 -1.4112820386
920.5200000000 -1.4126967317
920.5300000000 -1.4141105735
920.5400000000 -1.4155235419
920.5500000000 -1.4169356144
920.5600000000 -1.4183467683
920.5700000000 -1.4197569806
920.5800000000 -1.4211662280
920.5900000000 -1.4225744870
920.6000000000 -1.4239817339
920.6100000000 -1.4253879446
920.6200000000 -1.4267930949
920.6300000000 -1.4281971604
920.6400000000 -1.4296001162
920.6500000000 -1.4310019374
920.6600000000 -1.4324025988
920.6700000000 -1.4338020751
920.6800000000 -1.4352003405
920.6900000000 -1.4365973694
920.7000000000 -1.4379931356
920.7100000000 -1.4393876128
920.7200000000 -1.4407807748
920.7300000000 -1.4421725948
920.7400000000 -1.4435630460
920.7500000000 -1.4449521015
920.7600000000 -1.4463397340
920.7700000000 -1.4477259162
920.7800000000 -1.4491106207
920.7900000000 -1.4504938197
920.8000000000 -1.4518754854
920.8100000000 -1.4532555899
920.8200000000 -1.4546341051
920.8300000000 -1.4560110026
920.8400000000 -1.4573862541
920.8500000000 -1.4587598310
920.8600000000 -1.4601317048
920.8700000000 -1.4615018467
920.8800000000 -1.4628702277
920.8900000000 -1.4642368190
920.9000000000 -1.4656015913
920.9100000000 -1.4669645156
920.9200000000 -1.4683255625
920.9300000000 -1.4696847028
920.9400000000 -1.4710419069
920.9500000000 -1.4723971454
920.9600000000 -1.4737503887
920.9700000000 -1.4751016071
920.9800000000 -1.4764507709
920.9900000000 -1.4777978504
921.0000000000 -1.4791428159
921.0100000000 -1.4804856374
921.0200000000 -1.4818262850
921.0300000000 -1.4831647290
921.0400000000 -1.4845009393
921.0500000000 -1.4858348861
921.0600000000 -1.4871665393
921.0700000000 -1.4884958690
921.0800000000 -1.4898228453
921.0900000000 -1.4911474382
921.1000000000 -1.4924696177
921.1100000000 -1.4937893540
921.1200000000 -1.4951066171
921.1300000000 -1.4964213771
921.1400000000 -1.4977336043
921.1500000000 -1.4990432687
921.1600000000 -1.5003503408
921.1700000000 -1.5016547906
921.1800000000 -1.5029565887
921.1900000000 -1.5042557053
921.2000000000 -1.5055521111
921.2100000000 -1.5068457764
921.2200000000 -1.5081366721
921.2300000000 -1.5094247687
921.2400000000 -1.5107100372
921.2500000000 -1.5119924483
921.2600000000 -1.5132719731
921.2700000000 -1.5145485827
921.2800000000 -1.5158222484
921.2900000000 -1.5170929414
921.3000000000 -1.5183606333
921.3100000000 -1.5196252956
921.3200000000 -1.5208869000
921.3300000000 -1.5221454185
921.3400000000 -1.5234008230
921.3500000000 -1.5246530856
921.3600000000 -1.5259021788
921.3700000000 -1.5271480749
921.3800000000 -1.5283907467
921.3900000000 -1.5296301669
921.4000000000 -1.5308663085
921.4100000000 -1.5320991447
921.4200000000 -1.5333286489
921.4300000000 -1.5345547945
921.4400000000 -1.5357775554
921.4500000000 -1.5369969054
921.4600000000 -1.5382128188
921.4700000000 -1.5394252699
921.4800000000 -1.5406342333
921.4900000000 -1.5418396837
921.5000000000 -1.5430415963
921.5100000000 -1.5442399462
921.5200000000 -1.5454347090
921.5300000000 -1.5466258603
921.5400000000 -1.5478133763
921.5500000000 -1.5489972330
921.5600000000 -1.5501774070
921.5700000000 -1.5513538750
921.5800000000 -1.5525266139
921.5900000000 -1.5536956012
921.6000000000 -1.5548608143
921.6100000000 -1.5560222310
921.6200000000 -1.5571798294
921.6300000000 -1.5583335879
921.6400000000 -1.5594834851
921.6500000000 -1.5606295000
921.6600000000 -1.5617716119
921.6700000000 -1.5629098003
921.6800000000 -1.5640440450
921.6900000000 -1.5651743263
921.7000000000 -1.5663006245
921.7100000000 -1.5674229205
921.7200000000 -1.5685411953
921.7300000000 -1.5696554305
921.7400000000 -1.5707656077
921.7500000000 -1.5718717090
921.7600000000 -1.5729737168
921.7700000000 -1.5740716139
921.7800000000 -1.5751653833
921.7900000000 -1.5762550085
921.8000000000 -1.5773404732
921.8100000000 -1.5784217616
921.8200000000 -1.5794988582
921.8300000000 -1.5805717476
921.8400000000 -1.5816404152
921.8500000000 -1.5827048464
921.8600000000 -1.5837650272
921.8700000000 -1.5848209437
921.8800000000 -1.5858725827
921.8900000000 -1.5869199311
921.9000000000 -1.5879629762
921.9100000000 -1.5890017059
921.9200000000 -1.5900361083
921.9300000000 -1.5910661717
921.9400000000 -1.5920918851
921.9500000000 -1.5931132378
921.9600000000 -1.5941302194
921.9700000000 -1.5951428199
921.9800000000 -1.5961510297
921.9900000000 -1.5971548397
922.0000000000 -1.5981542409
922.0100000000 -1.5991492251
922.0200000000 -1.6001397841
922.0300000000 -1.6011259103
922.0400000000 -1.6021075966
922.0500000000 -1.6030848360
922.0600000000 -1.6040576222
922.0700000000 -1.6050259491
922.0800000000 -1.6059898111
922.0900000000 -1.6069492029
922.1000000000 -1.6079041196
922.1100000000 -1.6088545570
922.1200000000 -1.6098005109
922.1300000000 -1.6107419778
922.1400000000 -1.6116789543
922.1500000000 -1.6126114378
922.1600000000 -1.6135394257
922.1700000000 -1.6144629162
922.1800000000 -1.6153819076
922.1900000000 -1.6162963987
922.2000000000 -1.6172063887
922.2100000000 -1.6181118773
922.2200000000 -1.6190128645
922.2300000000 -1.6199093508
922.2400000000 -1.6208013369
922.2500000000 -1.6216888242
922.2600000000 -1.6225718143
922.2700000000 -1.6234503092
922.2800000000 -1.6243243114
922.2900000000 -1.6251938238
922.3000000000 -1.6260588496
922.3100000000 -1.6269193925
922.3200000000 -1.6277754565
922.3300000000 -1.6286270463
922.3400000000 -1.6294741664
922.3500000000 -1.6303168224
922.3600000000 -1.6311550198
922.3700000000 -1.6319887646
922.3800000000 -1.6328180633
922.3900000000 -1.6336429228
922.4000000000 -1.6344633502
922.4100000000 -1.6352793531
922.4200000000 -1.6360909397
922.4300000000 -1.6368981182
922.4400000000 -1.6377008974
922.4500000000 -1.6384992865
922.4600000000 -1.6392932949
922.4700000000 -1.6400829327
922.4800000000 -1.6408682100
922.4900000000 -1.6416491375
922.5000000000 -1.6424257262
922.5100000000 -1.6431979875
922.5200000000 -1.6439659332
922.5300000000 -1.6447295753
922.5400000000 -1.6454889264
922.5500000000 -1.6462439992
922.5600000000 -1.6469948069
922.5700000000 -1.6477413631
922.5800000000 -1.6484836817
922.5900000000 -1.6492217768
922.6000000000 -1.6499556631
922.6100000000 -1.6506853555
922.6200000000 -1.6514108691
922.6300000000 -1.6521322196
922.6400000000 -1.6528494229
922.6500000000 -1.6535624951
922.6600000000 -1.6542714530
922.6700000000 -1.6549763132
922.6800000000 -1.6556770931
922.6900000000 -1.6563738102
922.7000000000 -1.6570664821
922.7100000000 -1.6577551271
922.7200000000 -1.6584397636
922.7300000000 -1.6591204102
922.7400000000 -1.6597970860
922.7500000000 -1.6604698103
922.7600000000 -1.6611386026
922.7700000000 -1.6618034829
922.7800000000 -1.6624644711
922.7900000000 -1.6631215879
922.8000000000 -1.6637748537
922.8100000000 -1.6644242896
922.8200000000 -1.6650699168
922.8300000000 -1.6657117567
922.8400000000 -1.6663498310
922.8500000000 -1.6669841617
922.8600000000 -1.6676147709
922.8700000000 -1.6682416812
922.8800000000 -1.6688649150
922.8900000000 -1.6694844955
922.9000000000 -1.6701004455
922.9100000000 -1.6707127886
922.9200000000 -1.6713215481
922.9300000000 -1.6719267479
922.9400000000 -1.6725284120
922.9500000000 -1.6731265644
922.9600000000 -1.6737212295
922.9700000000 -1.6743124319
922.9800000000 -1.6749001962
922.9900000000 -1.6754845474
923.0000000000 -1.6760655104
923.0100000000 -1.6766431107
923.0200000000 -1.6772173734
923.0300000000 -1.6777883243
923.0400000000 -1.6783559890
923.0500000000 -1.6789203933
923.0600000000 -1.6794815633
923.0700000000 -1.6800395250
923.0800000000 -1.6805943048
923.0900000000 -1.6811459289
923.1000000000 -1.6816944240
923.1100000000 -1.6822398167
923.1200000000 -1.6827821335
923.1300000000 -1.6833214015
923.1400000000 -1.6838576475
923.1500000000 -1.6843908985
923.1600000000 -1.6849211816
923.1700000000 -1.6854485240
923.1800000000 -1.6859729531
923.1900000000 -1.6864944960
923.2000000000 -1.6870131802
923.2100000000 -1.6875290332
923.2200000000 -1.6880420825
923.2300000000 -1.6885523555
923.2400000000 -1.6890598800
923.2500000000 -1.6895646835
923.2600000000 -1.6900667937
923.2700000000 -1.6905662383
923.2800000000 -1.6910630449
923.2900000000 -1.6915572414
923.3000000000 -1.6920488553
923.3100000000 -1.6925379145
923.3200000000 -1.6930244467
923.3300000000 -1.6935084795
923.3400000000 -1.6939900407
923.3500000000 -1.6944691580
923.3600000000 -1.6949458589
923.3700000000 -1.6954201711
923.3800000000 -1.6958921222
923.3900000000 -1.6963617397
923.4000000000 -1.6968290511
923.4100000000 -1.6972940838
923.4200000000 -1.6977568652
923.4300000000 -1.6982174226
923.4400000000 -1.6986757832
923.4500000000 -1.6991319741
923.4600000000 -1.6995860225
923.4700000000 -1.7000379553
923.4800000000 -1.7004877993
923.4900000000 -1.7009355815
923.5000000000 -1.7013813284
923.5100000000 -1.7018250666
923.5200000000 -1.7022668225
923.5300000000 -1.7027066226
923.5400000000 -1.7031444930
923.5500000000 -1.7035804598
923.5600000000 -1.7040145489
923.5700000000 -1.7044467860
923.5800000000 -1.7048771969
923.5900000000 -1.7053058071
923.6000000000 -1.7057326418
923.6100000000 -1.7061577262
923.6200000000 -1.7065810854
923.6300000000 -1.7070027440
923.6400000000 -1.7074227269
923.6500000000 -1.7078410584
923.6600000000 -1.7082577628
923.6700000000 -1.7086728642
923.6800000000 -1.7090863865
923.6900000000 -1.7094983533
923.7000000000 -1.7099087881
923.7100000000 -1.7103177141
923.7200000000 -1.7107251543
923.7300000000 -1.7111311317
923.7400000000 -1.7115356687
923.7500000000 -1.7119387877
923.7600000000 -1.7123405108
923.7700000000 -1.7127408598
923.7800000000 -1.7131398564
923.7900000000 -1.7135375220
923.8000000000 -1.7139338776
923.8100000000 -1.7143289442
923.8200000000 -1.7147227423
923.8300000000 -1.7151152921
923.8400000000 -1.7155066139
923.8500000000 -1.7158967273
923.8600000000 -1.7162856519
923.8700000000 -1.7166734068
923.8800000000 -1.7170600110
923.8900000000 -1.7174454830
923.9000000000 -1.7178298413
923.9100000000 -1.7182131039
923.9200000000 -1.7185952885
923.9300000000 -1.7189764124
923.9400000000 -1.7193564929
923.9500000000 -1.7197355467
923.9600000000 -1.7201135904
923.9700000000 -1.7204906399
923.9800000000 -1.7208667113
923.9900000000 -1.7212418200
924.0000000000 -1.7216159811
924.0100000000 -1.7219892095
924.0200000000 -1.7223615198
924.0300000000 -1.7227329261
924.0400000000 -1.7231034421
924.0500000000 -1.7234730814
924.0600000000 -1.7238418572
924.0700000000 -1.7242097821
924.0800000000 -1.7245768686
924.0900000000 -1.7249431288
924.1000000000 -1.7253085743
924.1100000000 -1.7256732166
924.1200000000 -1.7260370666
924.1300000000 -1.7264001349
924.1400000000 -1.7267624317
924.1500000000 -1.7271239670
924.1600000000 -1.7274847502
924.1700000000 -1.7278447906
924.1800000000 -1.7282040967
924.1900000000 -1.7285626770
924.2000000000 -1.7289205395
924.2100000000 -1.7292776919
924.2200000000 -1.7296341413
924.2300000000 -1.7299898945
924.2400000000 -1.7303449582
924.2500000000 -1.7306993382
924.2600000000 -1.7310530403
924.2700000000 -1.7314060699
924.2800000000 -1.7317584317
924.2900000000 -1.7321101304
924.3000000000 -1.7324611700
924.3100000000 -1.7328115542
924.3200000000 -1.7331612865
924.3300000000 -1.7335103696
924.3400000000 -1.7338588063
924.3500000000 -1.7342065985
924.3600000000 -1.7345537480
924.3700000000 -1.7349002563
924.3800000000 -1.7352461242
924.3900000000 -1.7355913522
924.4000000000 -1.7359359407
924.4100000000 -1.7362798892
924.4200000000 -1.7366231971
924.4300000000 -1.7369658635
924.4400000000 -1.7373078869
924.4500000000 -1.7376492653
924.4600000000 -1.7379899967
924.4700000000 -1.7383300783
924.4800000000 -1.7386695072
924.4900000000 -1.7390082799
924.5000000000 -1.7393463925
924.5100000000 -1.7396838409
924.5200000000 -1.7400206205
924.5300000000 -1.7403567262
924.5400000000 -1.7406921527
924.5500000000 -1.7410268942
924.5600000000 -1.7413609444
924.5700000000 -1.7416942969
924.5800000000 -1.7420269447
924.5900000000 -1.7423588804
924.6000000000 -1.7426900963
924.6100000000 -1.7430205843
924.6200000000 -1.7433503359
924.6300000000 -1.7436793423
924.6400000000 -1.7440075943
924.6500000000 -1.7443350821
924.6600000000 -1.7446617957
924.6700000000 -1.7449877249
924.6800000000 -1.7453128589
924.6900000000 -1.7456371866
924.7000000000 -1.7459606964
924.7100000000 -1.7462833767
924.7200000000 -1.7466052150
924.7300000000 -1.7469261990
924.7400000000 -1.7472463157
924.7500000000 -1.7475655518
924.7600000000 -1.7478838937
924.7700000000 -1.7482013274
924.7800000000 -1.7485178386
924.7900000000 -1.7488334127
924.8000000000 -1.7491480347
924.8100000000 -1.7494616892
924.8200000000 -1.7497743605
924.8300000000 -1.7500860327
924.8400000000 -1.7503966895
924.8500000000 -1.7507063141
924.8600000000 -1.7510148896
924.8700000000 -1.7513223988
924.8800000000 -1.7516288239
924.8900000000 -1.7519341471
924.9000000000 -1.7522383503
924.9100000000 -1.7525414147
924.9200000000 -1.7528433217
924.9300000000 -1.7531440521
924.9400000000 -1.7534435864
924.9500000000 -1.7537419051
924.9600000000 -1.7540389880
924.9700000000 -1.7543348149
924.9800000000 -1.7546293653
924.9900000000 -1.7549226184
925.0000000000 -1.7552145531
925.0100000000 -1.7555051480
925.0200000000 -1.7557943815
925.0300000000 -1.7560822317
925.0400000000 -1.7563686766
925.0500000000 -1.7566536938
925.0600000000 -1.7569372606
925.0700000000 -1.7572193543
925.0800000000 -1.7574999518
925.0900000000 -1.7577790297
925.1000000000 -1.7580565645
925.1100000000 -1.7583325326
925.1200000000 -1.7586069098
925.1300000000 -1.7588796722
925.1400000000 -1.7591507952
925.1500000000 -1.7594202543
925.1600000000 -1.7596880249
925.1700000000 -1.7599540818
925.1800000000 -1.7602183999
925.1900000000 -1.7604809541
925.2000000000 -1.7607417186
925.2100000000 -1.7610006680
925.2200000000 -1.7612577763
925.2300000000 -1.7615130176
925.2400000000 -1.7617663657
925.2500000000 -1.7620177943
925.2600000000 -1.7622672771
925.2700000000 -1.7625147874
925.2800000000 -1.7627602986
925.2900000000 -1.7630037837
925.3000000000 -1.7632452159
925.3100000000 -1.7634845682
925.3200000000 -1.7637218132
925.3300000000 -1.7639569237
925.3400000000 -1.7641898724
925.3500000000 -1.7644206318
925.3600000000 -1.7646491742
925.3700000000 -1.7648754721
925.3800000000 -1.7650994978
925.3900000000 -1.7653212233
925.4000000000 -1.7655406209
925.4100000000 -1.7657576626
925.4200000000 -1.7659723205
925.4300000000 -1.7661845665
925.4400000000 -1.7663943725
925.4500000000 -1.7666017104
925.4600000000 -1.7668065521
925.4700000000 -1.7670088693
925.4800000000 -1.7672086340
925.4900000000 -1.7674058179
925.5000000000 -1.7676003927
925.5100000000 -1.7677923302
925.5200000000 -1.7679816023
925.5300000000 -1.7681681806
925.5400000000 -1.7683520371
925.5500000000 -1.7685331434
925.5600000000 -1.7687114714
925.5700000000 -1.7688869931
925.5800000000 -1.7690596803
925.5900000000 -1.7692295049
925.6000000000 -1.7693964390
925.6100000000 -1.7695604545
925.6200000000 -1.7697215236
925.6300000000 -1.7698796185
925.6400000000 -1.7700347114
925.6500000000 -1.7701867745
925.6600000000 -1.7703357804
925.6700000000 -1.7704817014
925.6800000000 -1.7706245101
925.6900000000 -1.7707641792
925.7000000000 -1.7709006815
925.7100000000 -1.7710339899
925.7200000000 -1.7711640773
925.7300000000 -1.7712909168
925.7400000000 -1.7714144817
925.7500000000 -1.7715347454
925.7600000000 -1.7716516813
925.7700000000 -1.7717652631
925.7800000000 -1.7718754646
925.7900000000 -1.7719822597
925.8000000000 -1.7720856225
925.8100000000 -1.7721855274
925.8200000000 -1.7722819486
925.8300000000 -1.7723748608
925.8400000000 -1.7724642388
925.8500000000 -1.7725500575
925.8600000000 -1.7726322922
925.8700000000 -1.7727109181
925.8800000000 -1.7727859107
925.8900000000 -1.7728572459
925.9000000000 -1.7729248995
925.9100000000 -1.7729888478
925.9200000000 -1.7730490671
925.9300000000 -1.7731055340
925.9400000000 -1.7731582253
925.9500000000 -1.7732071181
925.9600000000 -1.7732521898
925.9700000000 -1.7732934178
925.9800000000 -1.7733307799
925.9900000000 -1.7733642542
926.0000000000 -1.7733938189
926.0100000000 -1.7734194527
926.0200000000 -1.7734411343
926.0300000000 -1.7734588428
926.0400000000 -1.7734725576
926.0500000000 -1.7734822582
926.0600000000 -1.7734879247
926.0700000000 -1.7734895371
926.0800000000 -1.7734870760
926.0900000000 -1.7734805222
926.1000000000 -1.7734698568
926.1100000000 -1.7734550610
926.1200000000 -1.7734361166
926.1300000000 -1.7734130057
926.1400000000 -1.7733857103
926.1500000000 -1.7733542133
926.1600000000 -1.7733184975
926.1700000000 -1.7732785462
926.1800000000 -1.7732343429
926.1900000000 -1.7731858717
926.2000000000 -1.7731331166
926.2100000000 -1.7730760623
926.2200000000 -1.7730146938
926.2300000000 -1.7729489962
926.2400000000 -1.7728789552
926.2500000000 -1.7728045568
926.2600000000 -1.7727257872
926.2700000000 -1.7726426331
926.2800000000 -1.7725550815
926.2900000000 -1.7724631198
926.3000000000 -1.7723667358
926.3100000000 -1.7722659175
926.3200000000 -1.7721606534
926.3300000000 -1.7720509324
926.3400000000 -1.7719367436
926.3500000000 -1.7718180767
926.3600000000 -1.7716949216
926.3700000000 -1.7715672687
926.3800000000 -1.7714351086
926.3900000000 -1.7712984325
926.4000000000 -1.7711572318
926.4100000000 -1.7710114986
926.4200000000 -1.7708612249
926.4300000000 -1.7707064034
926.4400000000 -1.7705470273
926.4500000000 -1.7703830899
926.4600000000 -1.7702145850
926.4700000000 -1.7700415070
926.4800000000 -1.7698638503
926.4900000000 -1.7696816101
926.5000000000 -1.7694947817
926.5100000000 -1.7693033610
926.5200000000 -1.7691073442
926.5300000000 -1.7689067279
926.5400000000 -1.7687015091
926.5500000000 -1.7684916853
926.5600000000 -1.7682772542
926.5700000000 -1.7680582142
926.5800000000 -1.7678345639
926.5900000000 -1.7676063022
926.6000000000 -1.7673734288
926.6100000000 -1.7671359433
926.6200000000 -1.7668938462
926.6300000000 -1.7666471380
926.6400000000 -1.7663958198
926.6500000000 -1.7661398931
926.6600000000 -1.7658793599
926.6700000000 -1.7656142223
926.6800000000 -1.7653444832
926.6900000000 -1.7650701456
926.7000000000 -1.7647912129
926.7100000000 -1.7645076892
926.7200000000 -1.7642195788
926.7300000000 -1.7639268862
926.7400000000 -1.7636296168
926.7500000000 -1.7633277760
926.7600000000 -1.7630213697
926.7700000000 -1.7627104042
926.7800000000 -1.7623948863
926.7900000000 -1.7620748230
926.8000000000 -1.7617502219
926.8100000000 -1.7614210909
926.8200000000 -1.7610874383
926.8300000000 -1.7607492727
926.8400000000 -1.7604066032
926.8500000000 -1.7600594394
926.8600000000 -1.7597077909
926.8700000000 -1.7593516682
926.8800000000 -1.7589910817
926.8900000000 -1.7586260424
926.9000000000 -1.7582565619
926.9100000000 -1.7578826517
926.9200000000 -1.7575043240
926.9300000000 -1.7571215913
926.9400000000 -1.7567344665
926.9500000000 -1.7563429627
926.9600000000 -1.7559470937
926.9700000000 -1.7555468732
926.9800000000 -1.7551423157
926.9900000000 -1.7547334358
927.0000000000 -1.7543202485
927.0100000000 -1.7539027692
927.0200000000 -1.7534810136
927.0300000000 -1.7530549978
927.0400000000 -1.7526247382
927.0500000000 -1.7521902514
927.0600000000 -1.7517515547
927.0700000000 -1.7513086654
927.0800000000 -1.7508616012
927.0900000000 -1.7504103802
927.1000000000 -1.7499550207
927.1100000000 -1.7494955416
927.1200000000 -1.7490319618
927.1300000000 -1.7485643005
927.1400000000 -1.7480925776
927.1500000000 -1.7476168128
927.1600000000 -1.7471370265
927.1700000000 -1.7466532391
927.1800000000 -1.7461654715
927.1900000000 -1.7456737449
927.2000000000 -1.7451780805
927.2100000000 -1.7446785000
927.2200000000 -1.7441750255
927.2300000000 -1.7436676792
927.2400000000 -1.7431564834
927.2500000000 -1.7426414611
927.2600000000 -1.7421226351
927.2700000000 -1.7416000287
927.2800000000 -1.7410736656
927.2900000000 -1.7405435693
927.3000000000 -1.7400097639
927.3100000000 -1.7394722737
927.3200000000 -1.7389311230
927.3300000000 -1.7383863366
927.3400000000 -1.7378379394
927.3500000000 -1.7372859566
927.3600000000 -1.7367304133
927.3700000000 -1.7361713353
927.3800000000 -1.7356087482
927.3900000000 -1.7350426780
927.4000000000 -1.7344731508
927.4100000000 -1.7339001928
927.4200000000 -1.7333238308
927.4300000000 -1.7327440912
927.4400000000 -1.7321610009
927.4500000000 -1.7315745871
927.4600000000 -1.7309848767
927.4700000000 -1.7303918972
927.4800000000 -1.7297956761
927.4900000000 -1.7291962409
927.5000000000 -1.7285936194
927.5100000000 -1.7279878396
927.5200000000 -1.7273789294
927.5300000000 -1.7267669170
927.5400000000 -1.7261518307
927.5500000000 -1.7255336989
927.5600000000 -1.7249125499
927.5700000000 -1.7242884125
927.5800000000 -1.7236613154
927.5900000000 -1.7230312872
927.6000000000 -1.7223983568
927.6100000000 -1.7217625532
927.6200000000 -1.7211239054
927.6300000000 -1.7204824425
927.6400000000 -1.7198381936
927.6500000000 -1.7191911878
927.6600000000 -1.7185414546
927.6700000000 -1.7178890231
927.6800000000 -1.7172339227
927.6900000000 -1.7165761827
927.7000000000 -1.7159158326
927.7100000000 -1.7152529017
927.7200000000 -1.7145874196
927.7300000000 -1.7139194156
927.7400000000 -1.7132489192
927.7500000000 -1.7125759598
927.7600000000 -1.7119005670
927.7700000000 -1.7112227700
927.7800000000 -1.7105425984
927.7900000000 -1.7098600816
927.8000000000 -1.7091752488
927.8100000000 -1.7084881295
927.8200000000 -1.7077987530
927.8300000000 -1.7071071483
927.8400000000 -1.7064133449
927.8500000000 -1.7057173717
927.8600000000 -1.7050192579
927.8700000000 -1.7043190325
927.8800000000 -1.7036167244
927.8900000000 -1.7029123624
927.9000000000 -1.7022059754
927.9100000000 -1.7014975920
927.9200000000 -1.7007872407
927.9300000000 -1.7000749501
927.9400000000 -1.6993607486
927.9500000000 -1.6986446643
927.9600000000 -1.6979267255
927.9700000000 -1.6972069601
927.9800000000 -1.6964853960
927.9900000000 -1.6957620611
928.0000000000 -1.6950369828
928.0100000000 -1.6943101887
928.0200000000 -1.6935817061
928.0300000000 -1.6928515621
928.0400000000 -1.6921197839
928.0500000000 -1.6913863981
928.0600000000 -1.6906514315
928.0700000000 -1.6899149105
928.0800000000 -1.6891768615
928.0900000000 -1.6884373106
928.1000000000 -1.6876962837
928.1100000000 -1.6869538066
928.1200000000 -1.6862099048
928.1300000000 -1.6854646036
928.1400000000 -1.6847179281
928.1500000000 -1.6839699033
928.1600000000 -1.6832205538
928.1700000000 -1.6824699041
928.1800000000 -1.6817179784
928.1900000000 -1.6809648007
928.2000000000 -1.6802103948
928.2100000000 -1.6794547841
928.2200000000 -1.6786979920
928.2300000000 -1.6779400414
928.2400000000 -1.6771809551
928.2500000000 -1.6764207556
928.2600000000 -1.6756594652
928.2700000000 -1.6748971056
928.2800000000 -1.6741336988
928.2900000000 -1.6733692660
928.3000000000 -1.6726038284
928.3100000000 -1.6718374068
928.3200000000 -1.6710700219
928.3300000000 -1.6703016937
928.3400000000 -1.6695324423
928.3500000000 -1.6687622874
928.3600000000 -1.6679912483
928.3700000000 -1.6672193440
928.3800000000 -1.6664465933
928.3900000000 -1.6656730145
928.4000000000 -1.6648986259
928.4100000000 -1.6641234451
928.4200000000 -1.6633474896
928.4300000000 -1.6625707766
928.4400000000 -1.6617933227
928.4500000000 -1.6610151446
928.4600000000 -1.6602362582
928.4700000000 -1.6594566793
928.4800000000 -1.6586764235
928.4900000000 -1.6578955056
928.5000000000 -1.6571139406
928.5100000000 -1.6563317428
928.5200000000 -1.6555489261
928.5300000000 -1.6547655043
928.5400000000 -1.6539814907
928.5500000000 -1.6531968982
928.5600000000 -1.6524117394
928.5700000000 -1.6516260265
928.5800000000 -1.6508397713
928.5900000000 -1.6500529853
928.6000000000 -1.6492656797
928.6100000000 -1.6484778651
928.6200000000 -1.6476895518
928.6300000000 -1.6469007499
928.6400000000 -1.6461114690
928.6500000000 -1.6453217181
928.6600000000 -1.6445315063
928.6700000000 -1.6437408418
928.6800000000 -1.6429497327
928.6900000000 -1.6421581868
928.7000000000 -1.6413662112
928.7100000000 -1.6405738128
928.7200000000 -1.6397809981
928.7300000000 -1.6389877733
928.7400000000 -1.6381941440
928.7500000000 -1.6374001155
928.7600000000 -1.6366056927
928.7700000000 -1.6358108801
928.7800000000 -1.6350156820
928.7900000000 -1.6342201018
928.8000000000 -1.6334241431
928.8100000000 -1.6326278087
928.8200000000 -1.6318311012
928.8300000000 -1.6310340226
928.8400000000 -1.6302365747
928.8500000000 -1.6294387588
928.8600000000 -1.6286405759
928.8700000000 -1.6278420265
928.8800000000 -1.6270431107
928.8900000000 -1.6262438282
928.9000000000 -1.6254441784
928.9100000000 -1.6246441603
928.9200000000 -1.6238437723
928.9300000000 -1.6230430125
928.9400000000 -1.6222418789
928.9500000000 -1.6214403687
928.9600000000 -1.6206384788
928.9700000000 -1.6198362058
928.9800000000 -1.6190335460
928.9900000000 -1.6182304950
929.0000000000 -1.6174270483
929.0100000000 -1.6166232009
929.0200000000 -1.6158189474
929.0300000000 -1.6150142820
929.0400000000 -1.6142091986
929.0500000000 -1.6134036906
929.0600000000 -1.6125977511
929.0700000000 -1.6117913728
929.0800000000 -1.6109845480
929.0900000000 -1.6101772687
929.1000000000 -1.6093695264
929.1100000000 -1.6085613124
929.1200000000 -1.6077526174
929.1300000000 -1.6069434319
929.1400000000 -1.6061337461
929.1500000000 -1.6053235495
929.1600000000 -1.6045128317
929.1700000000 -1.6037015816
929.1800000000 -1.6028897879
929.1900000000 -1.6020774388
929.2000000000 -1.6012645223
929.2100000000 -1.6004510261
929.2200000000 -1.5996369373
929.2300000000 -1.5988222428
929.2400000000 -1.5980069293
929.2500000000 -1.5971909830
929.2600000000 -1.5963743897
929.2700000000 -1.5955571350
929.2800000000 -1.5947392043
929.2900000000 -1.5939205823
929.3000000000 -1.5931012537
929.3100000000 -1.5922812027
929.3200000000 -1.5914604134
929.3300000000 -1.5906388693
929.3400000000 -1.5898165539
929.3500000000 -1.5889934502
929.3600000000 -1.5881695408
929.3700000000 -1.5873448083
929.3800000000 -1.5865192348
929.3900000000 -1.5856928022
929.4000000000 -1.5848654921
929.4100000000 -1.5840372857
929.4200000000 -1.5832081641
929.4300000000 -1.5823781081
929.4400000000 -1.5815470981
929.4500000000 -1.5807151144
929.4600000000 -1.5798821369
929.4700000000 -1.5790481453
929.4800000000 -1.5782131191
929.4900000000 -1.5773770375
929.5000000000 -1.5765398796
929.5100000000 -1.5757016239
929.5200000000 -1.5748622491
929.5300000000 -1.5740217333
929.5400000000 -1.5731800547
929.5500000000 -1.5723371911
929.5600000000 -1.5714931201
929.5700000000 -1.5706478191
929.5800000000 -1.5698012654
929.5900000000 -1.5689534359
929.6000000000 -1.5681043074
929.6100000000 -1.5672538566
929.6200000000 -1.5664020599
929.6300000000 -1.5655488937
929.6400000000 -1.5646943339
929.6500000000 -1.5638383564
929.6600000000 -1.5629809372
929.6700000000 -1.5621220517
929.6800000000 -1.5612616754
929.6900000000 -1.5603997836
929.7000000000 -1.5595363514
929.7100000000 -1.5586713539
929.7200000000 -1.5578047660
929.7300000000 -1.5569365624
929.7400000000 -1.5560667177
929.7500000000 -1.5551952065
929.7600000000 -1.5543220033
929.7700000000 -1.5534470822
929.7800000000 -1.5525704175
929.7900000000 -1.5516919834
929.8000000000 -1.5508117538
929.8100000000 -1.5499297027
929.8200000000 -1.5490458040
929.8300000000 -1.5481600314
929.8400000000 -1.5472723587
929.8500000000 -1.5463827596
929.8600000000 -1.5454912077
929.8700000000 -1.5445976765
929.8800000000 -1.5437021396
929.8900000000 -1.5428045704
929.9000000000 -1.5419049425
929.9100000000 -1.5410032291
929.9200000000 -1.5400994039
929.9300000000 -1.5391934400
929.9400000000 -1.5382853110
929.9500000000 -1.5373749901
929.9600000000 -1.5364624508
929.9700000000 -1.5355476665
929.9800000000 -1.5346306105
929.9900000000 -1.5337112564
930.0000000000 -1.5327895774
930.0100000000 -1.5318655472
930.0200000000 -1.5309391391
930.0300000000 -1.5300103269
930.0400000000 -1.5290790840
930.0500000000 -1.5281453842
930.0600000000 -1.5272092010
930.0700000000 -1.5262705085
930.0800000000 -1.5253292803
930.0900000000 -1.5243854903
930.1000000000 -1.5234391127
930.1100000000 -1.5224901215
930.1200000000 -1.5215384909
930.1300000000 -1.5205841951
930.1400000000 -1.5196272086
930.1500000000 -1.5186675058
930.1600000000 -1.5177050614
930.1700000000 -1.5167398501
930.1800000000 -1.5157718467
930.1900000000 -1.5148010262
930.2000000000 -1.5138273638
930.2100000000 -1.5128508347
930.2200000000 -1.5118714144
930.2300000000 -1.5108890783
930.2400000000 -1.5099038022
930.2500000000 -1.5089155621
930.2600000000 -1.5079243339
930.2700000000 -1.5069300938
930.2800000000 -1.5059328184
930.2900000000 -1.5049324840
930.3000000000 -1.5039290677
930.3100000000 -1.5029225462
930.3200000000 -1.5019128968
930.3300000000 -1.5009000968
930.3400000000 -1.4998841239
930.3500000000 -1.4988649557
930.3600000000 -1.4978425704
930.3700000000 -1.4968169461
930.3800000000 -1.4957880613
930.3900000000 -1.4947558948
930.4000000000 -1.4937204253
930.4100000000 -1.4926816322
930.4200000000 -1.4916394948
930.4300000000 -1.4905939927
930.4400000000 -1.4895451060
930.4500000000 -1.4884928148
930.4600000000 -1.4874370994
930.4700000000 -1.4863779408
930.4800000000 -1.4853153197
930.4900000000 -1.4842492176
930.5000000000 -1.4831796159
930.5100000000 -1.4821064964
930.5200000000 -1.4810298414
930.5300000000 -1.4799496331
930.5400000000 -1.4788658544
930.5500000000 -1.4777784881
930.5600000000 -1.4766875176
930.5700000000 -1.4755929266
930.5800000000 -1.4744946990
930.5900000000 -1.4733928190
930.6000000000 -1.4722872711
930.6100000000 -1.4711780404
930.6200000000 -1.4700651119
930.6300000000 -1.4689484712
930.6400000000 -1.4678281042
930.6500000000 -1.4667039972
930.6600000000 -1.4655761366
930.6700000000 -1.4644445094
930.6800000000 -1.4633091028
930.6900000000 -1.4621699043
930.7000000000 -1.4610269020
930.7100000000 -1.4598800841
930.7200000000 -1.4587294392
930.7300000000 -1.4575749564
930.7400000000 -1.4564166251
930.7500000000 -1.4552544348
930.7600000000 -1.4540883759
930.7700000000 -1.4529184387
930.7800000000 -1.4517446141
930.7900000000 -1.4505668932
930.8000000000 -1.4493852677
930.8100000000 -1.4481997296
930.8200000000 -1.4470102711
930.8300000000 -1.4458168851
930.8400000000 -1.4446195646
930.8500000000 -1.4434183031
930.8600000000 -1.4422130945
930.8700000000 -1.4410039332
930.8800000000 -1.4397908136
930.8900000000 -1.4385737310
930.9000000000 -1.4373526808
930.9100000000 -1.4361276588
930.9200000000 -1.4348986612
930.9300000000 -1.4336656847
930.9400000000 -1.4324287263
930.9500000000 -1.4311877835
930.9600000000 -1.4299428540
930.9700000000 -1.4286939363
930.9800000000 -1.4274410287
930.9900000000 -1.4261841305
931.0000000000 -1.4249232411
931.0100000000 -1.4236583603
931.0200000000 -1.4223894883
931.0300000000 -1.4211166258
931.0400000000 -1.4198397739
931.0500000000 -1.4185589341
931.0600000000 -1.4172741081
931.0700000000 -1.4159852984
931.0800000000 -1.4146925075
931.0900000000 -1.4133957385
931.1000000000 -1.4120949950
931.1100000000 -1.4107902809
931.1200000000 -1.4094816004
931.1300000000 -1.4081689582
931.1400000000 -1.4068523595
931.1500000000 -1.4055318097
931.1600000000 -1.4042073148
931.1700000000 -1.4028788811
931.1800000000 -1.4015465152
931.1900000000 -1.4002102244
931.2000000000 -1.3988700160
931.2100000000 -1.3975258981
931.2200000000 -1.3961778789
931.2300000000 -1.3948259671
931.2400000000 -1.3934701718
931.2500000000 -1.3921105026
931.2600000000 -1.3907469691
931.2700000000 -1.3893795818
931.2800000000 -1.3880083513
931.2900000000 -1.3866332886
931.3000000000 -1.3852544051
931.3100000000 -1.3838717127
931.3200000000 -1.3824852234
931.3300000000 -1.3810949500
931.3400000000 -1.3797009053
931.3500000000 -1.3783031026
931.3600000000 -1.3769015556
931.3700000000 -1.3754962783
931.3800000000 -1.3740872853
931.3900000000 -1.3726745912
931.4000000000 -1.3712582113
931.4100000000 -1.3698381609
931.4200000000 -1.3684144561
931.4300000000 -1.3669871129
931.4400000000 -1.3655561480
931.4500000000 -1.3641215783
931.4600000000 -1.3626834210
931.4700000000 -1.3612416938
931.4800000000 -1.3597964146
931.4900000000 -1.3583476016
931.5000000000 -1.3568952735
931.5100000000 -1.3554394493
931.5200000000 -1.3539801481
931.5300000000 -1.3525173897
931.5400000000 -1.3510511938
931.5500000000 -1.3495815807
931.5600000000 -1.3481085711
931.5700000000 -1.3466321856
931.5800000000 -1.3451524455
931.5900000000 -1.3436693722
931.6000000000 -1.3421829875
931.6100000000 -1.3406933134
931.6200000000 -1.3392003722
931.6300000000 -1.3377041866
931.6400000000 -1.3362047795
931.6500000000 -1.3347021740
931.6600000000 -1.3331963936
931.6700000000 -1.3316874620
931.6800000000 -1.3301754032
931.6900000000 -1.3286602415
931.7000000000 -1.3271420013
931.7100000000 -1.3256207073
931.7200000000 -1.3240963847
931.7300000000 -1.3225690586
931.7400000000 -1.3210387544
931.7500000000 -1.3195054980
931.7600000000 -1.3179693152
931.7700000000 -1.3164302322
931.7800000000 -1.3148882754
931.7900000000 -1.3133434714
931.8000000000 -1.3117958469
931.8100000000 -1.3102454290
931.8200000000 -1.3086922450
931.8300000000 -1.3071363220
931.8400000000 -1.3055776879
931.8500000000 -1.3040163703
931.8600000000 -1.3024523972
931.8700000000 -1.3008857967
931.8800000000 -1.2993165971
931.8900000000 -1.2977448268
931.9000000000 -1.2961705146
931.9100000000 -1.2945936891
931.9200000000 -1.2930143792
931.9300000000 -1.2914326140
931.9400000000 -1.2898484228
931.9500000000 -1.2882618347
931.9600000000 -1.2866728794
931.9700000000 -1.2850815863
931.9800000000 -1.2834879851
931.9900000000 -1.2818921056
932.0000000000 -1.2802939778
932.0100000000 -1.2786936316
932.0200000000 -1.2770910971
932.0300000000 -1.2754864045
932.0400000000 -1.2738795840
932.0500000000 -1.2722706661
932.0600000000 -1.2706596810
932.0700000000 -1.2690466593
932.0800000000 -1.2674316315
932.0900000000 -1.2658146282
932.1000000000 -1.2641956799
932.1100000000 -1.2625748175
932.1200000000 -1.2609520716
932.1300000000 -1.2593274729
932.1400000000 -1.2577010523
932.1500000000 -1.2560728404
932.1600000000 -1.2544428681
932.1700000000 -1.2528111663
932.1800000000 -1.2511777657
932.1900000000 -1.2495426971
932.2000000000 -1.2479059914
932.2100000000 -1.2462676793
932.2200000000 -1.2446277915
932.2300000000 -1.2429863590
932.2400000000 -1.2413434122
932.2500000000 -1.2396989820
932.2600000000 -1.2380530989
932.2700000000 -1.2364057935
932.2800000000 -1.2347570964
932.2900000000 -1.2331070380
932.3000000000 -1.2314556487
932.3100000000 -1.2298029589
932.3200000000 -1.2281489987
932.3300000000 -1.2264937984
932.3400000000 -1.2248373881
932.3500000000 -1.2231797977
932.3600000000 -1.2215210572
932.3700000000 -1.2198611962
932.3800000000 -1.2182002446
932.3900000000 -1.2165382317
932.4000000000 -1.2148751872
932.4100000000 -1.2132111403
932.4200000000 -1.2115461202
932.4300000000 -1.2098801559
932.4400000000 -1.2082132764
932.4500000000 -1.2065455103
932.4600000000 -1.2048768863
932.4700000000 -1.2032074329
932.4800000000 -1.2015371782
932.4900000000 -1.1998661505
932.5000000000 -1.1981943777
932.5100000000 -1.1965218875
932.5200000000 -1.1948487075
932.5300000000 -1.1931748650
932.5400000000 -1.1915003874
932.5500000000 -1.1898253015
932.5600000000 -1.1881496342
932.5700000000 -1.1864734120
932.5800000000 -1.1847966614
932.5900000000 -1.1831194084
932.6000000000 -1.1814416789
932.6100000000 -1.1797634988
932.6200000000 -1.1780848935
932.6300000000 -1.1764058881
932.6400000000 -1.1747265077
932.6500000000 -1.1730467770
932.6600000000 -1.1713667205
932.6700000000 -1.1696863624
932.6800000000 -1.1680057268
932.6900000000 -1.1663248373
932.7000000000 -1.1646437173
932.7100000000 -1.1629623902
932.7200000000 -1.1612808786
932.7300000000 -1.1595992054
932.7400000000 -1.1579173927
932.7500000000 -1.1562354627
932.7600000000 -1.1545534371
932.7700000000 -1.1528713373
932.7800000000 -1.1511891845
932.7900000000 -1.1495069996
932.8000000000 -1.1478248031
932.8100000000 -1.1461426153
932.8200000000 -1.1444604560
932.8300000000 -1.1427783448
932.8400000000 -1.1410963011
932.8500000000 -1.1394143438
932.8600000000 -1.1377324916
932.8700000000 -1.1360507626
932.8800000000 -1.1343691750
932.8900000000 -1.1326877462
932.9000000000 -1.1310064937
932.9100000000 -1.1293254343
932.9200000000 -1.1276445846
932.9300000000 -1.1259639609
932.9400000000 -1.1242835791
932.9500000000 -1.1226034546
932.9600000000 -1.1209236028
932.9700000000 -1.1192440384
932.9800000000 -1.1175647758
932.9900000000 -1.1158858293
933.0000000000 -1.1142072124
933.0100000000 -1.1125289386
933.0200000000 -1.1108510208
933.0300000000 -1.1091734716
933.0400000000 -1.1074963034
933.0500000000 -1.1058195279
933.0600000000 -1.1041431567
933.0700000000 -1.1024672008
933.0800000000 -1.1007916710
933.0900000000 -1.0991165775
933.1000000000 -1.0974419304
933.1100000000 -1.0957677392
933.1200000000 -1.0940940131
933.1300000000 -1.0924207608
933.1400000000 -1.0907479908
933.1500000000 -1.0890757111
933.1600000000 -1.0874039292
933.1700000000 -1.0857326523
933.1800000000 -1.0840618874
933.1900000000 -1.0823916407
933.2000000000 -1.0807219183
933.2100000000 -1.0790527259
933.2200000000 -1.0773840687
933.2300000000 -1.0757159514
933.2400000000 -1.0740483786
933.2500000000 -1.0723813542
933.2600000000 -1.0707148819
933.2700000000 -1.0690489649
933.2800000000 -1.0673836060
933.2900000000 -1.0657188076
933.3000000000 -1.0640545719
933.3100000000 -1.0623909003
933.3200000000 -1.0607277942
933.3300000000 -1.0590652543
933.3400000000 -1.0574032812
933.3500000000 -1.0557418747
933.3600000000 -1.0540810345
933.3700000000 -1.0524207600
933.3800000000 -1.0507610498
933.3900000000 -1.0491019024
933.4000000000 -1.0474433160
933.4100000000 -1.0457852881
933.4200000000 -1.0441278159
933.4300000000 -1.0424708964
933.4400000000 -1.0408145260
933.4500000000 -1.0391587008
933.4600000000 -1.0375034165
933.4700000000 -1.0358486684
933.4800000000 -1.0341944514
933.4900000000 -1.0325407600
933.5000000000 -1.0308875884
933.5100000000 -1.0292349303
933.5200000000 -1.0275827792
933.5300000000 -1.0259311281
933.5400000000 -1.0242799695
933.5500000000 -1.0226292958
933.5600000000 -1.0209790989
933.5700000000 -1.0193293702
933.5800000000 -1.0176801010
933.5900000000 -1.0160312819
933.6000000000 -1.0143829036
933.6100000000 -1.0127349559
933.6200000000 -1.0110874286
933.6300000000 -1.0094403112
933.6400000000 -1.0077935925
933.6500000000 -1.0061472613
933.6600000000 -1.0045013058
933.6700000000 -1.0028557141
933.6800000000 -1.0012104737
933.6900000000 -0.9995655719
933.7000000000 -0.9979209957
933.7100000000 -0.9962767317
933.7200000000 -0.9946327662
933.7300000000 -0.9929890851
933.7400000000 -0.9913456742
933.7500000000 -0.9897025187
933.7600000000 -0.9880596036
933.7700000000 -0.9864169137
933.7800000000 -0.9847744333
933.7900000000 -0.9831321466
933.8000000000 -0.9814900373
933.8100000000 -0.9798480890
933.8200000000 -0.9782062847
933.8300000000 -0.9765646075
933.8400000000 -0.9749230400
933.8500000000 -0.9732815644
933.8600000000 -0.9716401630
933.8700000000 -0.9699988174
933.8800000000 -0.9683575093
933.8900000000 -0.9667162199
933.9000000000 -0.9650749301
933.9100000000 -0.9634336208
933.9200000000 -0.9617922724
933.9300000000 -0.9601508653
933.9400000000 -0.9585093794
933.9500000000 -0.9568677944
933.9600000000 -0.9552260900
933.9700000000 -0.9535842455
933.9800000000 -0.9519422399
933.9900000000 -0.9503000522
934.0000000000 -0.9486576609
934.0100000000 -0.9470150445
934.0200000000 -0.9453721814
934.0300000000 -0.9437290494
934.0400000000 -0.9420856266
934.0500000000 -0.9404418905
934.0600000000 -0.9387978186
934.0700000000 -0.9371533882
934.0800000000 -0.9355085765
934.0900000000 -0.9338633605
934.1000000000 -0.9322177168
934.1100000000 -0.9305716222
934.1200000000 -0.9289250530
934.1300000000 -0.9272779858
934.1400000000 -0.9256303966
934.1500000000 -0.9239822615
934.1600000000 -0.9223335565
934.1700000000 -0.9206842572
934.1800000000 -0.9190343395
934.1900000000 -0.9173837788
934.2000000000 -0.9157325506
934.2100000000 -0.9140806303
934.2200000000 -0.9124279931
934.2300000000 -0.9107746141
934.2400000000 -0.9091204684
934.2500000000 -0.9074655309
934.2600000000 -0.9058097767
934.2700000000 -0.9041531805
934.2800000000 -0.9024957170
934.2900000000 -0.9008373611
934.3000000000 -0.8991780872
934.3100000000 -0.8975178701
934.3200000000 -0.8958566843
934.3300000000 -0.8941945043
934.3400000000 -0.8925313045
934.3500000000 -0.8908670595
934.3600000000 -0.8892017437
934.3700000000 -0.8875353315
934.3800000000 -0.8858677974
934.3900000000 -0.8841991156
934.4000000000 -0.8825292607
934.4100000000 -0.8808582071
934.4200000000 -0.8791859292
934.4300000000 -0.8775124014
934.4400000000 -0.8758375983
934.4500000000 -0.8741614943
934.4600000000 -0.8724840640
934.4700000000 -0.8708052820
934.4800000000 -0.8691251228
934.4900000000 -0.8674435613
934.5000000000 -0.8657605721
934.5100000000 -0.8640761300
934.5200000000 -0.8623902099
934.5300000000 -0.8607027869
934.5400000000 -0.8590138358
934.5500000000 -0.8573233318
934.5600000000 -0.8556312503
934.5700000000 -0.8539375663
934.5800000000 -0.8522422555
934.5900000000 -0.8505452932
934.6000000000 -0.8488466552
934.6100000000 -0.8471463172
934.6200000000 -0.8454442550
934.6300000000 -0.8437404448
934.6400000000 -0.8420348626
934.6500000000 -0.8403274848
934.6600000000 -0.8386182877
934.6700000000 -0.8369072480
934.6800000000 -0.8351943424
934.6900000000 -0.8334795478
934.7000000000 -0.8317628413
934.7100000000 -0.8300442001
934.7200000000 -0.8283236018
934.7300000000 -0.8266010238
934.7400000000 -0.8248764440
934.7500000000 -0.8231498404
934.7600000000 -0.8214211912
934.7700000000 -0.8196904747
934.7800000000 -0.8179576696
934.7900000000 -0.8162227546
934.8000000000 -0.8144857089
934.8100000000 -0.8127465116
934.8200000000 -0.8110051422
934.8300000000 -0.8092615805
934.8400000000 -0.8075158064
934.8500000000 -0.8057678001
934.8600000000 -0.8040175420
934.8700000000 -0.8022650129
934.8800000000 -0.8005101936
934.8900000000 -0.7987530653
934.9000000000 -0.7969936095
934.9100000000 -0.7952318080
934.9200000000 -0.7934676427
934.9300000000 -0.7917010960
934.9400000000 -0.7899321503
934.9500000000 -0.7881607885
934.9600000000 -0.7863869938
934.9700000000 -0.7846107496
934.9800000000 -0.7828320395
934.9900000000 -0.7810508476
935.0000000000 -0.7792671583
935.0100000000 -0.7774809561
935.0200000000 -0.7756922261
935.0300000000 -0.7739009533
935.0400000000 -0.7721071235
935.0500000000 -0.7703107225
935.0600000000 -0.7685117365
935.0700000000 -0.7667101521
935.0800000000 -0.7649059562
935.0900000000 -0.7630991360
935.1000000000 -0.7612896789
935.1100000000 -0.7594775730
935.1200000000 -0.7576628065
935.1300000000 -0.7558453679
935.1400000000 -0.7540252462
935.1500000000 -0.7522024306
935.1600000000 -0.7503769108
935.1700000000 -0.7485486769
935.1800000000 -0.7467177191
935.1900000000 -0.7448840282
935.2000000000 -0.7430475953
935.2100000000 -0.7412084118
935.2200000000 -0.7393664695
935.2300000000 -0.7375217608
935.2400000000 -0.7356742781
935.2500000000 -0.7338240144
935.2600000000 -0.7319709630
935.2700000000 -0.7301151176
935.2800000000 -0.7282564724
935.2900000000 -0.7263950217
935.3000000000 -0.7245307606
935.3100000000 -0.7226636842
935.3200000000 -0.7207937881
935.3300000000 -0.7189210684
935.3400000000 -0.7170455216
935.3500000000 -0.7151671444
935.3600000000 -0.7132859340
935.3700000000 -0.7114018881
935.3800000000 -0.7095150046
935.3900000000 -0.7076252820
935.4000000000 -0.7057327190
935.4100000000 -0.7038373149
935.4200000000 -0.7019390693
935.4300000000 -0.7000379821
935.4400000000 -0.6981340537
935.4500000000 -0.6962272850
935.4600000000 -0.6943176772
935.4700000000 -0.6924052318
935.4800000000 -0.6904899509
935.4900000000 -0.6885718369
935.5000000000 -0.6866508926
935.5100000000 -0.6847271213
935.5200000000 -0.6828005265
935.5300000000 -0.6808711123
935.5400000000 -0.6789388830
935.5500000000 -0.6770038437
935.5600000000 -0.6750659994
935.5700000000 -0.6731253558
935.5800000000 -0.6711819189
935.5900000000 -0.6692356953
935.6000000000 -0.6672866916
935.6100000000 -0.6653349153
935.6200000000 -0.6633803738
935.6300000000 -0.6614230752
935.6400000000 -0.6594630280
935.6500000000 -0.6575002409
935.6600000000 -0.6555347233
935.6700000000 -0.6535664846
935.6800000000 -0.6515955350
935.6900000000 -0.6496218847
935.7000000000 -0.6476455446
935.7100000000 -0.6456665258
935.7200000000 -0.6436848399
935.7300000000 -0.6417004989
935.7400000000 -0.6397135150
935.7500000000 -0.6377239009
935.7600000000 -0.6357316697
935.7700000000 -0.6337368349
935.7800000000 -0.6317394102
935.7900000000 -0.6297394100
935.8000000000 -0.6277368486
935.8100000000 -0.6257317412
935.8200000000 -0.6237241029
935.8300000000 -0.6217139494
935.8400000000 -0.6197012968
935.8500000000 -0.6176861614
935.8600000000 -0.6156685599
935.8700000000 -0.6136485095
935.8800000000 -0.6116260275
935.8900000000 -0.6096011317
935.9000000000 -0.6075738403
935.9100000000 -0.6055441717
935.9200000000 -0.6035121446
935.9300000000 -0.6014777783
935.9400000000 -0.5994410922
935.9500000000 -0.5974021061
935.9600000000 -0.5953608400
935.9700000000 -0.5933173144
935.9800000000 -0.5912715500
935.9900000000 -0.5892235680
936.0000000000 -0.5871733896
936.0100000000 -0.5851210366
936.0200000000 -0.5830665308
936.0300000000 -0.5810098947
936.0400000000 -0.5789511507
936.0500000000 -0.5768903217
936.0600000000 -0.5748274309
936.0700000000 -0.5727625017
936.0800000000 -0.5706955577
936.0900000000 -0.5686266230
936.1000000000 -0.5665557218
936.1100000000 -0.5644828786
936.1200000000 -0.5624081183
936.1300000000 -0.5603314657
936.1400000000 -0.5582529463
936.1500000000 -0.5561725855
936.1600000000 -0.5540904092
936.1700000000 -0.5520064433
936.1800000000 -0.5499207140
936.1900000000 -0.5478332480
936.2000000000 -0.5457440718
936.2100000000 -0.5436532124
936.2200000000 -0.5415606969
936.2300000000 -0.5394665528
936.2400000000 -0.5373708074
936.2500000000 -0.5352734887
936.2600000000 -0.5331746245
936.2700000000 -0.5310742430
936.2800000000 -0.5289723725
936.2900000000 -0.5268690415
936.3000000000 -0.5247642787
936.3100000000 -0.5226581130
936.3200000000 -0.5205505734
936.3300000000 -0.5184416891
936.3400000000 -0.5163314893
936.3500000000 -0.5142200037
936.3600000000 -0.5121072617
936.3700000000 -0.5099932933
936.3800000000 -0.5078781282
936.3900000000 -0.5057617965
936.4000000000 -0.5036443284
936.4100000000 -0.5015257541
936.4200000000 -0.4994061040
936.4300000000 -0.4972854086
936.4400000000 -0.4951636985
936.4500000000 -0.4930410044
936.4600000000 -0.4909173570
936.4700000000 -0.4887927872
936.4800000000 -0.4866673259
936.4900000000 -0.4845410041
936.5000000000 -0.4824138529
936.5100000000 -0.4802859035
936.5200000000 -0.4781571870
936.5300000000 -0.4760277347
936.5400000000 -0.4738975779
936.5500000000 -0.4717667478
936.5600000000 -0.4696352759
936.5700000000 -0.4675031935
936.5800000000 -0.4653705320
936.5900000000 -0.4632373229
936.6000000000 -0.4611035976
936.6100000000 -0.4589693876
936.6200000000 -0.4568347242
936.6300000000 -0.4546996389
936.6400000000 -0.4525641632
936.6500000000 -0.4504283284
936.6600000000 -0.4482921659
936.6700000000 -0.4461557071
936.6800000000 -0.4440189832
936.6900000000 -0.4418820256
936.7000000000 -0.4397448655
936.7100000000 -0.4376075340
936.7200000000 -0.4354700623
936.7300000000 -0.4333324814
936.7400000000 -0.4311948223
936.7500000000 -0.4290571159
936.7600000000 -0.4269193931
936.7700000000 -0.4247816846
936.7800000000 -0.4226440210
936.7900000000 -0.4205064329
936.8000000000 -0.4183689508
936.8100000000 -0.4162316049
936.8200000000 -0.4140944257
936.8300000000 -0.4119574430
936.8400000000 -0.4098206870
936.8500000000 -0.4076841875
936.8600000000 -0.4055479743
936.8700000000 -0.4034120768
936.8800000000 -0.4012765246
936.8900000000 -0.3991413470
936.9000000000 -0.3970065730
936.9100000000 -0.3948722316
936.9200000000 -0.3927383517
936.9300000000 -0.3906049619
936.9400000000 -0.3884720906
936.9500000000 -0.3863397661
936.9600000000 -0.3842080166
936.9700000000 -0.3820768698
936.9800000000 -0.3799463534
936.9900000000 -0.3778164951
937.0000000000 -0.3756873220
937.0100000000 -0.3735588613
937.0200000000 -0.3714311398
937.0300000000 -0.3693041841
937.0400000000 -0.3671780207
937.0500000000 -0.3650526756
937.0600000000 -0.3629281750
937.0700000000 -0.3608045444
937.0800000000 -0.3586818094
937.0900000000 -0.3565599951
937.1000000000 -0.3544391266
937.1100000000 -0.3523192284
937.1200000000 -0.3502003251
937.1300000000 -0.3480824407
937.1400000000 -0.3459655993
937.1500000000 -0.3438498245
937.1600000000 -0.3417351395
937.1700000000 -0.3396215674
937.1800000000 -0.3375091310
937.1900000000 -0.3353978529
937.2000000000 -0.3332877551
937.2100000000 -0.3311788596
937.2200000000 -0.3290711879
937.2300000000 -0.3269647614
937.2400000000 -0.3248596010
937.2500000000 -0.3227557274
937.2600000000 -0.3206531608
937.2700000000 -0.3185519213
937.2800000000 -0.3164520287
937.2900000000 -0.3143535022
937.3000000000 -0.3122563609
937.3100000000 -0.3101606236
937.3200000000 -0.3080663085
937.3300000000 -0.3059734337
937.3400000000 -0.3038820168
937.3500000000 -0.3017920753
937.3600000000 -0.2997036260
937.3700000000 -0.2976166857
937.3800000000 -0.2955312705
937.3900000000 -0.2934473965
937.4000000000 -0.2913650791
937.4100000000 -0.2892843337
937.4200000000 -0.2872051749
937.4300000000 -0.2851276173
937.4400000000 -0.2830516750
937.4500000000 -0.2809773616
937.4600000000 -0.2789046906
937.4700000000 -0.2768336750
937.4800000000 -0.2747643273
937.4900000000 -0.2726966596
937.5000000000 -0.2706306840
937.5100000000 -0.2685664118
937.5200000000 -0.2665038541
937.5300000000 -0.2644430216
937.5400000000 -0.2623839245
937.5500000000 -0.2603265728
937.5600000000 -0.2582709760
937.5700000000 -0.2562171432
937.5800000000 -0.2541650831
937.5900000000 -0.2521148041
937.6000000000 -0.2500663141
937.6100000000 -0.2480196206
937.6200000000 -0.2459747308
937.6300000000 -0.2439316514
937.6400000000 -0.2418903887
937.6500000000 -0.2398509488
937.6600000000 -0.2378133371
937.6700000000 -0.2357775588
937.6800000000 -0.2337436186
937.6900000000 -0.2317115209
937.7000000000 -0.2296812695
937.7100000000 -0.2276528682
937.7200000000 -0.2256263198
937.7300000000 -0.2236016273
937.7400000000 -0.2215787929
937.7500000000 -0.2195578186
937.7600000000 -0.2175387058
937.7700000000 -0.2155214557
937.7800000000 -0.2135060690
937.7900000000 -0.2114925461
937.8000000000 -0.2094808868
937.8100000000 -0.2074710907
937.8200000000 -0.2054631568
937.8300000000 -0.2034570840
937.8400000000 -0.2014528705
937.8500000000 -0.1994505143
937.8600000000 -0.1974500129
937.8700000000 -0.1954513634
937.8800000000 -0.1934545626
937.8900000000 -0.1914596069
937.9000000000 -0.1894664922
937.9100000000 -0.1874752140
937.9200000000 -0.1854857676
937.9300000000 -0.1834981478
937.9400000000 -0.1815123490
937.9500000000 -0.1795283651
937.9600000000 -0.1775461900
937.9700000000 -0.1755658168
937.9800000000 -0.1735872385
937.9900000000 -0.1716104475
938.0000000000 -0.1696354361
938.0100000000 -0.1676621959
938.0200000000 -0.1656907185
938.0300000000 -0.1637209949
938.0400000000 -0.1617530156
938.0500000000 -0.1597867712
938.0600000000 -0.1578222514
938.0700000000 -0.1558594460
938.0800000000 -0.1538983442
938.0900000000 -0.1519389349
938.1000000000 -0.1499812066
938.1100000000 -0.1480251475
938.1200000000 -0.1460707456
938.1300000000 -0.1441179883
938.1400000000 -0.1421668629
938.1500000000 -0.1402173561
938.1600000000 -0.1382694546
938.1700000000 -0.1363231445
938.1800000000 -0.1343784118
938.1900000000 -0.1324352419
938.2000000000 -0.1304936201
938.2100000000 -0.1285535315
938.2200000000 -0.1266149605
938.2300000000 -0.1246778915
938.2400000000 -0.1227423086
938.2500000000 -0.1208081955
938.2600000000 -0.1188755355
938.2700000000 -0.1169443119
938.2800000000 -0.1150145075
938.2900000000 -0.1130861048
938.3000000000 -0.1111590862
938.3100000000 -0.1092334337
938.3200000000 -0.1073091290
938.3300000000 -0.1053861537
938.3400000000 -0.1034644890
938.3500000000 -0.1015441157
938.3600000000 -0.0996250148
938.3700000000 -0.0977071666
938.3800000000 -0.0957905513
938.3900000000 -0.0938751490
938.4000000000 -0.0919609395
938.4100000000 -0.0900479022
938.4200000000 -0.0881360164
938.4300000000 -0.0862252614
938.4400000000 -0.0843156158
938.4500000000 -0.0824070585
938.4600000000 -0.0804995678
938.4700000000 -0.0785931221
938.4800000000 -0.0766876993
938.4900000000 -0.0747832774
938.5000000000 -0.0728798340
938.5100000000 -0.0709773467
938.5200000000 -0.0690757928
938.5300000000 -0.0671751494
938.5400000000 -0.0652753937
938.5500000000 -0.0633765023
938.5600000000 -0.0614784520
938.5700000000 -0.0595812194
938.5800000000 -0.0576847808
938.5900000000 -0.0557891125
938.6000000000 -0.0538941907
938.6100000000 -0.0519999913
938.6200000000 -0.0501064901
938.6300000000 -0.0482136631
938.6400000000 -0.0463214857
938.6500000000 -0.0444299336
938.6600000000 -0.0425389823
938.6700000000 -0.0406486070
938.6800000000 -0.0387587830
938.6900000000 -0.0368694855
938.7000000000 -0.0349806896
938.7100000000 -0.0330923703
938.7200000000 -0.0312045026
938.7300000000 -0.0293170615
938.7400000000 -0.0274300216
938.7500000000 -0.0255433579
938.7600000000 -0.0236570451
938.7700000000 -0.0217710579
938.7800000000 -0.0198853710
938.7900000000 -0.0179999590
938.8000000000 -0.0161147967
938.8100000000 -0.0142298585
938.8200000000 -0.0123451191
938.8300000000 -0.0104605531
938.8400000000 -0.0085761351
938.8500000000 -0.0066918398
938.8600000000 -0.0048076417
938.8700000000 -0.0029235155
938.8800000000 -0.0010394359
938.8900000000 0.0008446225
938.9000000000 0.0027286849
938.9100000000 0.0046127765
938.9200000000 0.0064969225
938.9300000000 0.0083811480
938.9400000000 0.0102654781
938.9500000000 0.0121499378
938.9600000000 0.0140345521
938.9700000000 0.0159193457
938.9800000000 0.0178043435
938.9900000000 0.0196895702
939.0000000000 0.0215750503
939.0100000000 0.0234608084
939.0200000000 0.0253468689
939.0300000000 0.0272332560
939.0400000000 0.0291199939
939.0500000000 0.0310071068
939.0600000000 0.0328946184
939.0700000000 0.0347825527
939.0800000000 0.0366709333
939.0900000000 0.0385597838
939.1000000000 0.0404491274
939.1100000000 0.0423389875
939.1200000000 0.0442293870
939.1300000000 0.0461203490
939.1400000000 0.0480118962
939.1500000000 0.0499040512
939.1600000000 0.0517968362
939.1700000000 0.0536902736
939.1800000000 0.0555843854
939.1900000000 0.0574791935
939.2000000000 0.0593747193
939.2100000000 0.0612709845
939.2200000000 0.0631680102
939.2300000000 0.0650658174
939.2400000000 0.0669644269
939.2500000000 0.0688638593
939.2600000000 0.0707641350
939.2700000000 0.0726652741
939.2800000000 0.0745672964
939.2900000000 0.0764702216
939.3000000000 0.0783740691
939.3100000000 0.0802788581
939.3200000000 0.0821846074
939.3300000000 0.0840913357
939.3400000000 0.0859990613
939.3500000000 0.0879078024
939.3600000000 0.0898175768
939.3700000000 0.0917284021
939.3800000000 0.0936402955
939.3900000000 0.0955532741
939.4000000000 0.0974673545
939.4100000000 0.0993825532
939.4200000000 0.1012988863
939.4300000000 0.1032163697
939.4400000000 0.1051350188
939.4500000000 0.1070548489
939.4600000000 0.1089758749
939.4700000000 0.1108981114
939.4800000000 0.1128215727
939.4900000000 0.1147462727
939.5000000000 0.1166722250
939.5100000000 0.1185994430
939.5200000000 0.1205279397
939.5300000000 0.1224577276
939.5400000000 0.1243888191
939.5500000000 0.1263212262
939.5600000000 0.1282549604
939.5700000000 0.1301900331
939.5800000000 0.1321264552
939.5900000000 0.1340642373
939.6000000000 0.1360033895
939.6100000000 0.1379439218
939.6200000000 0.1398858436
939.6300000000 0.1418291642
939.6400000000 0.1437738922
939.6500000000 0.1457200361
939.6600000000 0.1476676039
939.6700000000 0.1496166034
939.6800000000 0.1515670418
939.6900000000 0.1535189260
939.7000000000 0.1554722626
939.7100000000 0.1574270578
939.7200000000 0.1593833174
939.7300000000 0.1613410466
939.7400000000 0.1633002507
939.7500000000 0.1652609342
939.7600000000 0.1672231013
939.7700000000 0.1691867559
939.7800000000 0.1711519016
939.7900000000 0.1731185413
939.8000000000 0.1750866777
939.8100000000 0.1770563132
939.8200000000 0.1790274496
939.8300000000 0.1810000885
939.8400000000 0.1829742309
939.8500000000 0.1849498776
939.8600000000 0.1869270287
939.8700000000 0.1889056844
939.8800000000 0.1908858440
939.8900000000 0.1928675067
939.9000000000 0.1948506712
939.9100000000 0.1968353358
939.9200000000 0.1988214984
939.9300000000 0.2008091565
939.9400000000 0.2027983072
939.9500000000 0.2047889472
939.9600000000 0.2067810728
939.9700000000 0.2087746800
939.9800000000 0.2107697642
939.9900000000 0.2127663204
940.0000000000 0.2147643436
940.0100000000 0.2167638278
940.0200000000 0.2187647670
940.0300000000 0.2207671548
940.0400000000 0.2227709842
940.0500000000 0.2247762479
940.0600000000 0.2267829383
940.0700000000 0.2287910473
940.0800000000 0.2308005663
940.0900000000 0.2328114866
940.1000000000 0.2348237989
940.1100000000 0.2368374934
940.1200000000 0.2388525603
940.1300000000 0.2408689889
940.1400000000 0.2428867687
940.1500000000 0.2449058882
940.1600000000 0.2469263360
940.1700000000 0.2489481001
940.1800000000 0.2509711682
940.1900000000 0.2529955275
940.2000000000 0.2550211650
940.2100000000 0.2570480671
940.2200000000 0.2590762201
940.2300000000 0.2611056097
940.2400000000 0.2631362213
940.2500000000 0.2651680402
940.2600000000 0.2672010508
940.2700000000 0.2692352376
940.2800000000 0.2712705845
940.2900000000 0.2733070753
940.3000000000 0.2753446931
940.3100000000 0.2773834209
940.3200000000 0.2794232413
940.3300000000 0.2814641365
940.3400000000 0.2835060884
940.3500000000 0.2855490786
940.3600000000 0.2875930883
940.3700000000 0.2896380985
940.3800000000 0.2916840896
940.3900000000 0.2937310420
940.4000000000 0.2957789356
940.4100000000 0.2978277499
940.4200000000 0.2998774643
940.4300000000 0.3019280578
940.4400000000 0.3039795090
940.4500000000 0.3060317964
940.4600000000 0.3080848980
940.4700000000 0.3101387915
940.4800000000 0.3121934546
940.4900000000 0.3142488643
940.5000000000 0.3163049976
940.5100000000 0.3183618312
940.5200000000 0.3204193414
940.5300000000 0.3224775044
940.5400000000 0.3245362959
940.5500000000 0.3265956915
940.5600000000 0.3286556665
940.5700000000 0.3307161961
940.5800000000 0.3327772549
940.5900000000 0.3348388176
940.6000000000 0.3369008584
940.6100000000 0.3389633516
940.6200000000 0.3410262708
940.6300000000 0.3430895898
940.6400000000 0.3451532820
940.6500000000 0.3472173204
940.6600000000 0.3492816783
940.6700000000 0.3513463282
940.6800000000 0.3534112428
940.6900000000 0.3554763944
940.7000000000 0.3575417552
940.7100000000 0.3596072972
940.7200000000 0.3616729923
940.7300000000 0.3637388120
940.7400000000 0.3658047278
940.7500000000 0.3678707109
940.7600000000 0.3699367327
940.7700000000 0.3720027639
940.7800000000 0.3740687754
940.7900000000 0.3761347380
940.8000000000 0.3782006221
940.8100000000 0.3802663981
940.8200000000 0.3823320363
940.8300000000 0.3843975069
940.8400000000 0.3864627799
940.8500000000 0.3885278252
940.8600000000 0.3905926126
940.8700000000 0.3926571117
940.8800000000 0.3947212923
940.8900000000 0.3967851238
940.9000000000 0.3988485757
940.9100000000 0.4009116173
940.9200000000 0.4029742178
940.9300000000 0.4050363465
940.9400000000 0.4070979725
940.9500000000 0.4091590649
940.9600000000 0.4112195927
940.9700000000 0.4132795249
940.9800000000 0.4153388305
940.9900000000 0.4173974783
941.0000000000 0.4194554372
941.0100000000 0.4215126761
941.0200000000 0.4235691639
941.0300000000 0.4256248692
941.0400000000 0.4276797609
941.0500000000 0.4297338080
941.0600000000 0.4317869790
941.0700000000 0.4338392430
941.0800000000 0.4358905687
941.0900000000 0.4379409250
941.1000000000 0.4399902807
941.1100000000 0.4420386049
941.1200000000 0.4440858664
941.1300000000 0.4461320344
941.1400000000 0.4481770777
941.1500000000 0.4502209656
941.1600000000 0.4522636672
941.1700000000 0.4543051517
941.1800000000 0.4563453885
941.1900000000 0.4583843470
941.2000000000 0.4604219966
941.2100000000 0.4624583068
941.2200000000 0.4644932474
941.2300000000 0.4665267881
941.2400000000 0.4685588988
941.2500000000 0.4705895494
941.2600000000 0.4726187100
941.2700000000 0.4746463509
941.2800000000 0.4766724424
941.2900000000 0.4786969549
941.3000000000 0.4807198591
941.3100000000 0.4827411256
941.3200000000 0.4847607256
941.3300000000 0.4867786299
941.3400000000 0.4887948098
941.3500000000 0.4908092367
941.3600000000 0.4928218821
941.3700000000 0.4948327178
941.3800000000 0.4968417157
941.3900000000 0.4988488479
941.4000000000 0.5008540866
941.4100000000 0.5028574043
941.4200000000 0.5048587738
941.4300000000 0.5068581679
941.4400000000 0.5088555597
941.4500000000 0.5108509224
941.4600000000 0.5128442298
941.4700000000 0.5148354554
941.4800000000 0.5168245733
941.4900000000 0.5188115577
941.5000000000 0.5207963831
941.5100000000 0.5227790242
941.5200000000 0.5247594558
941.5300000000 0.5267376533
941.5400000000 0.5287135921
941.5500000000 0.5306872478
941.5600000000 0.5326585965
941.5700000000 0.5346276145
941.5800000000 0.5365942782
941.5900000000 0.5385585645
941.6000000000 0.5405204504
941.6100000000 0.5424799134
941.6200000000 0.5444369310
941.6300000000 0.5463914814
941.6400000000 0.5483435426
941.6500000000 0.5502930934
941.6600000000 0.5522401124
941.6700000000 0.5541845790
941.6800000000 0.5561264726
941.6900000000 0.5580657730
941.7000000000 0.5600024604
941.7100000000 0.5619365151
941.7200000000 0.5638679180
941.7300000000 0.5657966502
941.7400000000 0.5677226930
941.7500000000 0.5696460284
941.7600000000 0.5715666383
941.7700000000 0.5734845053
941.7800000000 0.5753996122
941.7900000000 0.5773119421
941.8000000000 0.5792214786
941.8100000000 0.5811282054
941.8200000000 0.5830321068
941.8300000000 0.5849331674
941.8400000000 0.5868313721
941.8500000000 0.5887267063
941.8600000000 0.5906191555
941.8700000000 0.5925087059
941.8800000000 0.5943953438
941.8900000000 0.5962790561
941.9000000000 0.5981598299
941.9100000000 0.6000376528
941.9200000000 0.6019125126
941.9300000000 0.6037843977
941.9400000000 0.6056532967
941.9500000000 0.6075191988
941.9600000000 0.6093820934
941.9700000000 0.6112419703
941.9800000000 0.6130988199
941.9900000000 0.6149526326
942.0000000000 0.6168033997
942.0100000000 0.6186511124
942.0200000000 0.6204957626
942.0300000000 0.6223373425
942.0400000000 0.6241758447
942.0500000000 0.6260112622
942.0600000000 0.6278435885
942.0700000000 0.6296728173
942.0800000000 0.6314989429
942.0900000000 0.6333219599
942.1000000000 0.6351418633
942.1100000000 0.6369586485
942.1200000000 0.6387723113
942.1300000000 0.6405828480
942.1400000000 0.6423902552
942.1500000000 0.6441945300
942.1600000000 0.6459956697
942.1700000000 0.6477936722
942.1800000000 0.6495885358
942.1900000000 0.6513802591
942.2000000000 0.6531688411
942.2100000000 0.6549542814
942.2200000000 0.6567365798
942.2300000000 0.6585157366
942.2400000000 0.6602917523
942.2500000000 0.6620646282
942.2600000000 0.6638343656
942.2700000000 0.6656009664
942.2800000000 0.6673644329
942.2900000000 0.6691247678
942.3000000000 0.6708819741
942.3100000000 0.6726360553
942.3200000000 0.6743870152
942.3300000000 0.6761348581
942.3400000000 0.6778795885
942.3500000000 0.6796212116
942.3600000000 0.6813597328
942.3700000000 0.6830951578
942.3800000000 0.6848274928
942.3900000000 0.6865567445
942.4000000000 0.6882829197
942.4100000000 0.6900060259
942.4200000000 0.6917260706
942.4300000000 0.6934430621
942.4400000000 0.6951570087
942.4500000000 0.6968679194
942.4600000000 0.6985758033
942.4700000000 0.7002806699
942.4800000000 0.7019825293
942.4900000000 0.7036813917
942.5000000000 0.7053772677
942.5100000000 0.7070701685
942.5200000000 0.7087601053
942.5300000000 0.7104470900
942.5400000000 0.7121311345
942.5500000000 0.7138122512
942.5600000000 0.7154904530
942.5700000000 0.7171657530
942.5800000000 0.7188381645
942.5900000000 0.7205077014
942.6000000000 0.7221743777
942.6100000000 0.7238382079
942.6200000000 0.7254992066
942.6300000000 0.7271573891
942.6400000000 0.7288127707
942.6500000000 0.7304653670
942.6600000000 0.7321151942
942.6700000000 0.7337622684
942.6800000000 0.7354066063
942.6900000000 0.7370482249
942.7000000000 0.7386871413
942.7100000000 0.7403233731
942.7200000000 0.7419569379
942.7300000000 0.7435878540
942.7400000000 0.7452161396
942.7500000000 0.7468418133
942.7600000000 0.7484648941
942.7700000000 0.7500854011
942.7800000000 0.7517033537
942.7900000000 0.7533187716
942.8000000000 0.7549316747
942.8100000000 0.7565420832
942.8200000000 0.7581500175
942.8300000000 0.7597554982
942.8400000000 0.7613585462
942.8500000000 0.7629591827
942.8600000000 0.7645574290
942.8700000000 0.7661533066
942.8800000000 0.7677468374
942.8900000000 0.7693380432
942.9000000000 0.7709269464
942.9100000000 0.7725135693
942.9200000000 0.7740979344
942.9300000000 0.7756800646
942.9400000000 0.7772599828
942.9500000000 0.7788377122
942.9600000000 0.7804132761
942.9700000000 0.7819866979
942.9800000000 0.7835580014
942.9900000000 0.7851272102
943.0000000000 0.7866943485
943.0100000000 0.7882594403
943.0200000000 0.7898225099
943.0300000000 0.7913835816
943.0400000000 0.7929426800
943.0500000000 0.7944998298
943.0600000000 0.7960550557
943.0700000000 0.7976083827
943.0800000000 0.7991598356
943.0900000000 0.8007094398
943.1000000000 0.8022572203
943.1100000000 0.8038032024
943.1200000000 0.8053474117
943.1300000000 0.8068898734
943.1400000000 0.8084306133
943.1500000000 0.8099696569
943.1600000000 0.8115070300
943.1700000000 0.8130427582
943.1800000000 0.8145768675
943.1900000000 0.8161093836
943.2000000000 0.8176403325
943.2100000000 0.8191697402
943.2200000000 0.8206976325
943.2300000000 0.8222240355
943.2400000000 0.8237489753
943.2500000000 0.8252724779
943.2600000000 0.8267945693
943.2700000000 0.8283152756
943.2800000000 0.8298346229
943.2900000000 0.8313526371
943.3000000000 0.8328693444
943.3100000000 0.8343847708
943.3200000000 0.8358989422
943.3300000000 0.8374118846
943.3400000000 0.8389236240
943.3500000000 0.8404341863
943.3600000000 0.8419435972
943.3700000000 0.8434518825
943.3800000000 0.8449590681
943.3900000000 0.8464651796
943.4000000000 0.8479702425
943.4100000000 0.8494742825
943.4200000000 0.8509773248
943.4300000000 0.8524793950
943.4400000000 0.8539805182
943.4500000000 0.8554807197
943.4600000000 0.8569800244
943.4700000000 0.8584784575
943.4800000000 0.8599760436
943.4900000000 0.8614728076
943.5000000000 0.8629687740
943.5100000000 0.8644639673
943.5200000000 0.8659584118
943.5300000000 0.8674521318
943.5400000000 0.8689451513
943.5500000000 0.8704374942
943.5600000000 0.8719291842
943.5700000000 0.8734202449
943.5800000000 0.8749106998
943.5900000000 0.8764005721
943.6000000000 0.8778898848
943.6100000000 0.8793786608
943.6200000000 0.8808669229
943.6300000000 0.8823546935
943.6400000000 0.8838419949
943.6500000000 0.8853288493
943.6600000000 0.8868152786
943.6700000000 0.8883013044
943.6800000000 0.8897869482
943.6900000000 0.8912722313
943.7000000000 0.8927571747
943.7100000000 0.8942417992
943.7200000000 0.8957261253
943.7300000000 0.8972101734
943.7400000000 0.8986939636
943.7500000000 0.9001775156
943.7600000000 0.9016608491
943.7700000000 0.9031439833
943.7800000000 0.9046269373
943.7900000000 0.9061097300
943.8000000000 0.9075923797
943.8100000000 0.9090749049
943.8200000000 0.9105573234
943.8300000000 0.9120396528
943.8400000000 0.9135219108
943.8500000000 0.9150041142
943.8600000000 0.9164862799
943.8700000000 0.9179684245
943.8800000000 0.9194505642
943.8900000000 0.9209327148
943.9000000000 0.9224148919
943.9100000000 0.9238971109
943.9200000000 0.9253793867
943.9300000000 0.9268617339
943.9400000000 0.9283441670
943.9500000000 0.9298266998
943.9600000000 0.9313093460
943.9700000000 0.9327921190
943.9800000000 0.9342750318
943.9900000000 0.9357580970
944.0000000000 0.9372413270
944.0100000000 0.9387247337
944.0200000000 0.9402083287
944.0300000000 0.9416921234
944.0400000000 0.9431761286
944.0500000000 0.9446603550
944.0600000000 0.9461448126
944.0700000000 0.9476295115
944.0800000000 0.9491144609
944.0900000000 0.9505996702
944.1000000000 0.9520851480
944.1100000000 0.9535709027
944.1200000000 0.9550569423
944.1300000000 0.9565432744
944.1400000000 0.9580299063
944.1500000000 0.9595168449
944.1600000000 0.9610040967
944.1700000000 0.9624916679
944.1800000000 0.9639795640
944.1900000000 0.9654677905
944.2000000000 0.9669563524
944.2100000000 0.9684452542
944.2200000000 0.9699345002
944.2300000000 0.9714240940
944.2400000000 0.9729140392
944.2500000000 0.9744043387
944.2600000000 0.9758949952
944.2700000000 0.9773860109
944.2800000000 0.9788773875
944.2900000000 0.9803691267
944.3000000000 0.9818612293
944.3100000000 0.9833536960
944.3200000000 0.9848465271
944.3300000000 0.9863397225
944.3400000000 0.9878332815
944.3500000000 0.9893272032
944.3600000000 0.9908214862
944.3700000000 0.9923161289
944.3800000000 0.9938111290
944.3900000000 0.9953064840
944.4000000000 0.9968021909
944.4100000000 0.9982982465
944.4200000000 0.9997946469
944.4300000000 1.0012913879
944.4400000000 1.0027884652
944.4500000000 1.0042858736
944.4600000000 1.0057836079
944.4700000000 1.0072816623
944.4800000000 1.0087800307
944.4900000000 1.0102787066
944.5000000000 1.0117776830
944.5100000000 1.0132769527
944.5200000000 1.0147765078
944.5300000000 1.0162763404
944.5400000000 1.0177764419
944.5500000000 1.0192768034
944.5600000000 1.0207774158
944.5700000000 1.0222782692
944.5800000000 1.0237793538
944.5900000000 1.0252806591
944.6000000000 1.0267821743
944.6100000000 1.0282838882
944.6200000000 1.0297857892
944.6300000000 1.0312878655
944.6400000000 1.0327901048
944.6500000000 1.0342924943
944.6600000000 1.0357950210
944.6700000000 1.0372976716
944.6800000000 1.0388004322
944.6900000000 1.0403032887
944.7000000000 1.0418062267
944.7100000000 1.0433092312
944.7200000000 1.0448122871
944.7300000000 1.0463153788
944.7400000000 1.0478184904
944.7500000000 1.0493216056
944.7600000000 1.0508247079
944.7700000000 1.0523277804
944.7800000000 1.0538308056
944.7900000000 1.0553337661
944.8000000000 1.0568366440
944.8100000000 1.0583394208
944.8200000000 1.0598420781
944.8300000000 1.0613445969
944.8400000000 1.0628469580
944.8500000000 1.0643491418
944.8600000000 1.0658511285
944.8700000000 1.0673528979
944.8800000000 1.0688544296
944.8900000000 1.0703557028
944.9000000000 1.0718566964
944.9100000000 1.0733573890
944.9200000000 1.0748577591
944.9300000000 1.0763577846
944.9400000000 1.0778574434
944.9500000000 1.0793567129
944.9600000000 1.0808555705
944.9700000000 1.0823539930
944.9800000000 1.0838519573
944.9900000000 1.0853494396
945.0000000000 1.0868464163
945.0100000000 1.0883428633
945.0200000000 1.0898387562
945.0300000000 1.0913340706
945.0400000000 1.0928287815
945.0500000000 1.0943228641
945.0600000000 1.0958162930
945.0700000000 1.0973090428
945.0800000000 1.0988010878
945.0900000000 1.1002924021
945.1000000000 1.1017829596
945.1100000000 1.1032727339
945.1200000000 1.1047616986
945.1300000000 1.1062498269
945.1400000000 1.1077370919
945.1500000000 1.1092234666
945.1600000000 1.1107089237
945.1700000000 1.1121934357
945.1800000000 1.1136769751
945.1900000000 1.1151595140
945.2000000000 1.1166410245
945.2100000000 1.1181214786
945.2200000000 1.1196008479
945.2300000000 1.1210791042
945.2400000000 1.1225562190
945.2500000000 1.1240321635
945.2600000000 1.1255069089
945.2700000000 1.1269804265
945.2800000000 1.1284526872
945.2900000000 1.1299236618
945.3000000000 1.1313933212
945.3100000000 1.1328616360
945.3200000000 1.1343285767
945.3300000000 1.1357941139
945.3400000000 1.1372582180
945.3500000000 1.1387208594
945.3600000000 1.1401820081
945.3700000000 1.1416416346
945.3800000000 1.1430997088
945.3900000000 1.1445562009
945.4000000000 1.1460110808
945.4100000000 1.1474643187
945.4200000000 1.1489158843
945.4300000000 1.1503657476
945.4400000000 1.1518138786
945.4500000000 1.1532602470
945.4600000000 1.1547048227
945.4700000000 1.1561475756
945.4800000000 1.1575884754
945.4900000000 1.1590274921
945.5000000000 1.1604645954
945.5100000000 1.1618997552
945.5200000000 1.1633329414
945.5300000000 1.1647641239
945.5400000000 1.1661932726
945.5500000000 1.1676203574
945.5600000000 1.1690453485
945.5700000000 1.1704682157
945.5800000000 1.1718889294
945.5900000000 1.1733074595
945.6000000000 1.1747237763
945.6100000000 1.1761378502
945.6200000000 1.1775496515
945.6300000000 1.1789591506
945.6400000000 1.1803663181
945.6500000000 1.1817711247
945.6600000000 1.1831735410
945.6700000000 1.1845735379
945.6800000000 1.1859710863
945.6900000000 1.1873661574
945.7000000000 1.1887587222
945.7100000000 1.1901487520
945.7200000000 1.1915362184
945.7300000000 1.1929210928
945.7400000000 1.1943033470
945.7500000000 1.1956829528
945.7600000000 1.1970598822
945.7700000000 1.1984341075
945.7800000000 1.1998056009
945.7900000000 1.2011743349
945.8000000000 1.2025402821
945.8100000000 1.2039034155
945.8200000000 1.2052637081
945.8300000000 1.2066211330
945.8400000000 1.2079756637
945.8500000000 1.2093272738
945.8600000000 1.2106759371
945.8700000000 1.2120216277
945.8800000000 1.2133643196
945.8900000000 1.2147039875
945.9000000000 1.2160406059
945.9100000000 1.2173741498
945.9200000000 1.2187045943
945.9300000000 1.2200319148
945.9400000000 1.2213560869
945.9500000000 1.2226770863
945.9600000000 1.2239948893
945.9700000000 1.2253094722
945.9800000000 1.2266208117
945.9900000000 1.2279288845
946.0000000000 1.2292336679
946.0100000000 1.2305351392
946.0200000000 1.2318332762
946.0300000000 1.2331280569
946.0400000000 1.2344194595
946.0500000000 1.2357074625
946.0600000000 1.2369920449
946.0700000000 1.2382731858
946.0800000000 1.2395508645
946.0900000000 1.2408250609
946.1000000000 1.2420957550
946.1100000000 1.2433629272
946.1200000000 1.2446265581
946.1300000000 1.2458866288
946.1400000000 1.2471431206
946.1500000000 1.2483960151
946.1600000000 1.2496452944
946.1700000000 1.2508909406
946.1800000000 1.2521329366
946.1900000000 1.2533712652
946.2000000000 1.2546059098
946.2100000000 1.2558368540
946.2200000000 1.2570640820
946.2300000000 1.2582875780
946.2400000000 1.2595073268
946.2500000000 1.2607233134
946.2600000000 1.2619355234
946.2700000000 1.2631439424
946.2800000000 1.2643485568
946.2900000000 1.2655493530
946.3000000000 1.2667463179
946.3100000000 1.2679394388
946.3200000000 1.2691287033
946.3300000000 1.2703140996
946.3400000000 1.2714956159
946.3500000000 1.2726732410
946.3600000000 1.2738469642
946.3700000000 1.2750167750
946.3800000000 1.2761826633
946.3900000000 1.2773446194
946.4000000000 1.2785026341
946.4100000000 1.2796566984
946.4200000000 1.2808068039
946.4300000000 1.2819529424
946.4400000000 1.2830951063
946.4500000000 1.2842332881
946.4600000000 1.2853674810
946.4700000000 1.2864976785
946.4800000000 1.2876238744
946.4900000000 1.2887460630
946.5000000000 1.2898642390
946.5100000000 1.2909783975
946.5200000000 1.2920885338
946.5300000000 1.2931946441
946.5400000000 1.2942967244
946.5500000000 1.2953947715
946.5600000000 1.2964887826
946.5700000000 1.2975787550
946.5800000000 1.2986646868
946.5900000000 1.2997465762
946.6000000000 1.3008244220
946.6100000000 1.3018982232
946.6200000000 1.3029679794
946.6300000000 1.3040336906
946.6400000000 1.3050953570
946.6500000000 1.3061529795
946.6600000000 1.3072065591
946.6700000000 1.3082560975
946.6800000000 1.3093015965
946.6900000000 1.3103430586
946.7000000000 1.3113804864
946.7100000000 1.3124138832
946.7200000000 1.3134432525
946.7300000000 1.3144685983
946.7400000000 1.3154899249
946.7500000000 1.3165072370
946.7600000000 1.3175205399
946.7700000000 1.3185298391
946.7800000000 1.3195351404
946.7900000000 1.3205364503
946.8000000000 1.3215337754
946.8100000000 1.3225271228
946.8200000000 1.3235165001
946.8300000000 1.3245019151
946.8400000000 1.3254833760
946.8500000000 1.3264608916
946.8600000000 1.3274344707
946.8700000000 1.3284041229
946.8800000000 1.3293698578
946.8900000000 1.3303316857
946.9000000000 1.3312896170
946.9100000000 1.3322436625
946.9200000000 1.3331938337
946.9300000000 1.3341401420
946.9400000000 1.3350825994
946.9500000000 1.3360212183
946.9600000000 1.3369560112
946.9700000000 1.3378869914
946.9800000000 1.3388141721
946.9900000000 1.3397375670
947.0000000000 1.3406571903
947.0100000000 1.3415730563
947.0200000000 1.3424851798
947.0300000000 1.3433935759
947.0400000000 1.3442982599
947.0500000000 1.3451992477
947.0600000000 1.3460965553
947.0700000000 1.3469901990
947.0800000000 1.3478801955
947.0900000000 1.3487665620
947.1000000000 1.3496493156
947.1100000000 1.3505284740
947.1200000000 1.3514040552
947.1300000000 1.3522760774
947.1400000000 1.3531445590
947.1500000000 1.3540095190
947.1600000000 1.3548709763
947.1700000000 1.3557289505
947.1800000000 1.3565834610
947.1900000000 1.3574345280
947.2000000000 1.3582821715
947.2100000000 1.3591264120
947.2200000000 1.3599672704
947.2300000000 1.3608047674
947.2400000000 1.3616389244
947.2500000000 1.3624697629
947.2600000000 1.3632973046
947.2700000000 1.3641215715
947.2800000000 1.3649425857
947.2900000000 1.3657603697
947.3000000000 1.3665749461
947.3100000000 1.3673863378
947.3200000000 1.3681945679
947.3300000000 1.3689996597
947.3400000000 1.3698016367
947.3500000000 1.3706005226
947.3600000000 1.3713963413
947.3700000000 1.3721891168
947.3800000000 1.3729788735
947.3900000000 1.3737656358
947.4000000000 1.3745494283
947.4100000000 1.3753302758
947.4200000000 1.3761082033
947.4300000000 1.3768832359
947.4400000000 1.3776553989
947.4500000000 1.3784247176
947.4600000000 1.3791912177
947.4700000000 1.3799549249
947.4800000000 1.3807158649
947.4900000000 1.3814740639
947.5000000000 1.3822295477
947.5100000000 1.3829823427
947.5200000000 1.3837324752
947.5300000000 1.3844799715
947.5400000000 1.3852248582
947.5500000000 1.3859671619
947.5600000000 1.3867069093
947.5700000000 1.3874441272
947.5800000000 1.3881788424
947.5900000000 1.3889110818
947.6000000000 1.3896408726
947.6100000000 1.3903682416
947.6200000000 1.3910932161
947.6300000000 1.3918158232
947.6400000000 1.3925360901
947.6500000000 1.3932540441
947.6600000000 1.3939697124
947.6700000000 1.3946831223
947.6800000000 1.3953943012
947.6900000000 1.3961032764
947.7000000000 1.3968100752
947.7100000000 1.3975147250
947.7200000000 1.3982172532
947.7300000000 1.3989176870
947.7400000000 1.3996160539
947.7500000000 1.4003123812
947.7600000000 1.4010066960
947.7700000000 1.4016990257
947.7800000000 1.4023893976
947.7900000000 1.4030778387
947.8000000000 1.4037643762
947.8100000000 1.4044490373
947.8200000000 1.4051318488
947.8300000000 1.4058128379
947.8400000000 1.4064920312
947.8500000000 1.4071694558
947.8600000000 1.4078451383
947.8700000000 1.4085191053
947.8800000000 1.4091913834
947.8900000000 1.4098619991
947.9000000000 1.4105309786
947.9100000000 1.4111983484
947.9200000000 1.4118641344
947.9300000000 1.4125283627
947.9400000000 1.4131910592
947.9500000000 1.4138522496
947.9600000000 1.4145119596
947.9700000000 1.4151702146
947.9800000000 1.4158270400
947.9900000000 1.4164824609
948.0000000000 1.4171365024
948.0100000000 1.4177891894
948.0200000000 1.4184405464
948.0300000000 1.4190905982
948.0400000000 1.4197393689
948.0500000000 1.4203868828
948.0600000000 1.4210331638
948.0700000000 1.4216782357
948.0800000000 1.4223221222
948.0900000000 1.4229648466
948.1000000000 1.4236064320
948.1100000000 1.4242469015
948.1200000000 1.4248862777
948.1300000000 1.4255245833
948.1400000000 1.4261618405
948.1500000000 1.4267980714
948.1600000000 1.4274332978
948.1700000000 1.4280675413
948.1800000000 1.4287008233
948.1900000000 1.4293331648
948.2000000000 1.4299645868
948.2100000000 1.4305951097
948.2200000000 1.4312247540
948.2300000000 1.4318535397
948.2400000000 1.4324814866
948.2500000000 1.4331086142
948.2600000000 1.4337349417
948.2700000000 1.4343604881
948.2800000000 1.4349852720
948.2900000000 1.4356093119
948.3000000000 1.4362326259
948.3100000000 1.4368552316
948.3200000000 1.4374771466
948.3300000000 1.4380983881
948.3400000000 1.4387189729
948.3500000000 1.4393389176
948.3600000000 1.4399582384
948.3700000000 1.4405769513
948.3800000000 1.4411950718
948.3900000000 1.4418126153
948.4000000000 1.4424295966
948.4100000000 1.4430460303
948.4200000000 1.4436619308
948.4300000000 1.4442773119
948.4400000000 1.4448921873
948.4500000000 1.4455065701
948.4600000000 1.4461204734
948.4700000000 1.4467339096
948.4800000000 1.4473468909
948.4900000000 1.4479594292
948.5000000000 1.4485715360
948.5100000000 1.4491832223
948.5200000000 1.4497944990
948.5300000000 1.4504053764
948.5400000000 1.4510158645
948.5500000000 1.4516259730
948.5600000000 1.4522357112
948.5700000000 1.4528450880
948.5800000000 1.4534541120
948.5900000000 1.4540627912
948.6000000000 1.4546711335
948.6100000000 1.4552791462
948.6200000000 1.4558868364
948.6300000000 1.4564942107
948.6400000000 1.4571012753
948.6500000000 1.4577080361
948.6600000000 1.4583144986
948.6700000000 1.4589206678
948.6800000000 1.4595265484
948.6900000000 1.4601321448
948.7000000000 1.4607374607
948.7100000000 1.4613424998
948.7200000000 1.4619472651
948.7300000000 1.4625517594
948.7400000000 1.4631559850
948.7500000000 1.4637599438
948.7600000000 1.4643636373
948.7700000000 1.4649670666
948.7800000000 1.4655702325
948.7900000000 1.4661731354
948.8000000000 1.4667757751
948.8100000000 1.4673781512
948.8200000000 1.4679802629
948.8300000000 1.4685821088
948.8400000000 1.4691836873
948.8500000000 1.4697849964
948.8600000000 1.4703860335
948.8700000000 1.4709867959
948.8800000000 1.4715872803
948.8900000000 1.4721874830
948.9000000000 1.4727874000
948.9100000000 1.4733870269
948.9200000000 1.4739863587
948.9300000000 1.4745853904
948.9400000000 1.4751841162
948.9500000000 1.4757825302
948.9600000000 1.4763806259
948.9700000000 1.4769783965
948.9800000000 1.4775758349
948.9900000000 1.4781729335
949.0000000000 1.4787696844
949.0100000000 1.4793660791
949.0200000000 1.4799621091
949.0300000000 1.4805577651
949.0400000000 1.4811530376
949.0500000000 1.4817479169
949.0600000000 1.4823423927
949.0700000000 1.4829364544
949.0800000000 1.4835300909
949.0900000000 1.4841232910
949.1000000000 1.4847160429
949.1100000000 1.4853083345
949.1200000000 1.4859001534
949.1300000000 1.4864914868
949.1400000000 1.4870823215
949.1500000000 1.4876726440
949.1600000000 1.4882624404
949.1700000000 1.4888516964
949.1800000000 1.4894403976
949.1900000000 1.4900285289
949.2000000000 1.4906160752
949.2100000000 1.4912030208
949.2200000000 1.4917893498
949.2300000000 1.4923750459
949.2400000000 1.4929600925
949.2500000000 1.4935444727
949.2600000000 1.4941281692
949.2700000000 1.4947111645
949.2800000000 1.4952934407
949.2900000000 1.4958749795
949.3000000000 1.4964557626
949.3100000000 1.4970357710
949.3200000000 1.4976149857
949.3300000000 1.4981933872
949.3400000000 1.4987709558
949.3500000000 1.4993476716
949.3600000000 1.4999235142
949.3700000000 1.5004984630
949.3800000000 1.5010724973
949.3900000000 1.5016455959
949.4000000000 1.5022177374
949.4100000000 1.5027889001
949.4200000000 1.5033590622
949.4300000000 1.5039282014
949.4400000000 1.5044962953
949.4500000000 1.5050633212
949.4600000000 1.5056292562
949.4700000000 1.5061940771
949.4800000000 1.5067577606
949.4900000000 1.5073202830
949.5000000000 1.5078816203
949.5100000000 1.5084417487
949.5200000000 1.5090006437
949.5300000000 1.5095582808
949.5400000000 1.5101146353
949.5500000000 1.5106696823
949.5600000000 1.5112233967
949.5700000000 1.5117757531
949.5800000000 1.5123267262
949.5900000000 1.5128762901
949.6000000000 1.5134244190
949.6100000000 1.5139710869
949.6200000000 1.5145162676
949.6300000000 1.5150599347
949.6400000000 1.5156020618
949.6500000000 1.5161426221
949.6600000000 1.5166815888
949.6700000000 1.5172189350
949.6800000000 1.5177546335
949.6900000000 1.5182886572
949.7000000000 1.5188209788
949.7100000000 1.5193515706
949.7200000000 1.5198804053
949.7300000000 1.5204074550
949.7400000000 1.5209326919
949.7500000000 1.5214560883
949.7600000000 1.5219776161
949.7700000000 1.5224972471
949.7800000000 1.5230149534
949.7900000000 1.5235307066
949.8000000000 1.5240444785
949.8100000000 1.5245562407
949.8200000000 1.5250659647
949.8300000000 1.5255736222
949.8400000000 1.5260791845
949.8500000000 1.5265826232
949.8600000000 1.5270839096
949.8700000000 1.5275830151
949.8800000000 1.5280799110
949.8900000000 1.5285745687
949.9000000000 1.5290669595
949.9100000000 1.5295570547
949.9200000000 1.5300448256
949.9300000000 1.5305302435
949.9400000000 1.5310132798
949.9500000000 1.5314939057
949.9600000000 1.5319720926
949.9700000000 1.5324478119
949.9800000000 1.5329210350
949.9900000000 1.5333917334
950.0000000000 1.5338598786
950.0100000000 1.5343254420
950.0200000000 1.5347883954
950.0300000000 1.5352487103
950.0400000000 1.5357063584
950.0500000000 1.5361613117
950.0600000000 1.5366135419
950.0700000000 1.5370630211
950.0800000000 1.5375097212
950.0900000000 1.5379536143
950.1000000000 1.5383946729
950.1100000000 1.5388328691
950.1200000000 1.5392681754
950.1300000000 1.5397005645
950.1400000000 1.5401300089
950.1500000000 1.5405564816
950.1600000000 1.5409799555
950.1700000000 1.5414004036
950.1800000000 1.5418177992
950.1900000000 1.5422321157
950.2000000000 1.5426433265
950.2100000000 1.5430514056
950.2200000000 1.5434563265
950.2300000000 1.5438580635
950.2400000000 1.5442565907
950.2500000000 1.5446518824
950.2600000000 1.5450439133
950.2700000000 1.5454326581
950.2800000000 1.5458180918
950.2900000000 1.5462001894
950.3000000000 1.5465789265
950.3100000000 1.5469542784
950.3200000000 1.5473262211
950.3300000000 1.5476947306
950.3400000000 1.5480597829
950.3500000000 1.5484213547
950.3600000000 1.5487794225
950.3700000000 1.5491339634
950.3800000000 1.5494849544
950.3900000000 1.5498323731
950.4000000000 1.5501761970
950.4100000000 1.5505164041
950.4200000000 1.5508529726
950.4300000000 1.5511858809
950.4400000000 1.5515151078
950.4500000000 1.5518406323
950.4600000000 1.5521624336
950.4700000000 1.5524804913
950.4800000000 1.5527947851
950.4900000000 1.5531052954
950.5000000000 1.5534120024
950.5100000000 1.5537148870
950.5200000000 1.5540139300
950.5300000000 1.5543091130
950.5400000000 1.5546004174
950.5500000000 1.5548878253
950.5600000000 1.5551713190
950.5700000000 1.5554508809
950.5800000000 1.5557264941
950.5900000000 1.5559981418
950.6000000000 1.5562658075
950.6100000000 1.5565294752
950.6200000000 1.5567891291
950.6300000000 1.5570447538
950.6400000000 1.5572963342
950.6500000000 1.5575438556
950.6600000000 1.5577873036
950.6700000000 1.5580266642
950.6800000000 1.5582619237
950.6900000000 1.5584930688
950.7000000000 1.5587200865
950.7100000000 1.5589429643
950.7200000000 1.5591616900
950.7300000000 1.5593762516
950.7400000000 1.5595866377
950.7500000000 1.5597928372
950.7600000000 1.5599948393
950.7700000000 1.5601926337
950.7800000000 1.5603862103
950.7900000000 1.5605755597
950.8000000000 1.5607606725
950.8100000000 1.5609415400
950.8200000000 1.5611181537
950.8300000000 1.5612905055
950.8400000000 1.5614585877
950.8500000000 1.5616223931
950.8600000000 1.5617819148
950.8700000000 1.5619371463
950.8800000000 1.5620880815
950.8900000000 1.5622347148
950.9000000000 1.5623770407
950.9100000000 1.5625150544
950.9200000000 1.5626487514
950.9300000000 1.5627781276
950.9400000000 1.5629031794
950.9500000000 1.5630239033
950.9600000000 1.5631402965
950.9700000000 1.5632523565
950.9800000000 1.5633600813
950.9900000000 1.5634634691
951.0000000000 1.5635625187
951.0100000000 1.5636572292
951.0200000000 1.5637476001
951.0300000000 1.5638336315
951.0400000000 1.5639153235
951.0500000000 1.5639926770
951.0600000000 1.5640656932
951.0700000000 1.5641343735
951.0800000000 1.5641987200
951.0900000000 1.5642587351
951.1000000000 1.5643144214
951.1100000000 1.5643657823
951.1200000000 1.5644128212
951.1300000000 1.5644555422
951.1400000000 1.5644939496
951.1500000000 1.5645280483
951.1600000000 1.5645578434
951.1700000000 1.5645833406
951.1800000000 1.5646045457
951.1900000000 1.5646214652
951.2000000000 1.5646341058
951.2100000000 1.5646424748
951.2200000000 1.5646465796
951.2300000000 1.5646464283
951.2400000000 1.5646420292
951.2500000000 1.5646333910
951.2600000000 1.5646205228
951.2700000000 1.5646034342
951.2800000000 1.5645821349
951.2900000000 1.5645566354
951.3000000000 1.5645269461
951.3100000000 1.5644930782
951.3200000000 1.5644550431
951.3300000000 1.5644128524
951.3400000000 1.5643665184
951.3500000000 1.5643160535
951.3600000000 1.5642614706
951.3700000000 1.5642027830
951.3800000000 1.5641400042
951.3900000000 1.5640731481
951.4000000000 1.5640022291
951.4100000000 1.5639272619
951.4200000000 1.5638482613
951.4300000000 1.5637652429
951.4400000000 1.5636782222
951.4500000000 1.5635872152
951.4600000000 1.5634922385
951.4700000000 1.5633933085
951.4800000000 1.5632904425
951.4900000000 1.5631836576
951.5000000000 1.5630729717
951.5100000000 1.5629584027
951.5200000000 1.5628399688
951.5300000000 1.5627176889
951.5400000000 1.5625915816
951.5500000000 1.5624616664
951.5600000000 1.5623279627
951.5700000000 1.5621904904
951.5800000000 1.5620492697
951.5900000000 1.5619043208
951.6000000000 1.5617556645
951.6100000000 1.5616033219
951.6200000000 1.5614473142
951.6300000000 1.5612876628
951.6400000000 1.5611243897
951.6500000000 1.5609575168
951.6600000000 1.5607870666
951.6700000000 1.5606130615
951.6800000000 1.5604355245
951.6900000000 1.5602544785
951.7000000000 1.5600699470
951.7100000000 1.5598819535
951.7200000000 1.5596905217
951.7300000000 1.5594956758
951.7400000000 1.5592974398
951.7500000000 1.5590958384
951.7600000000 1.5588908962
951.7700000000 1.5586826380
951.7800000000 1.5584710889
951.7900000000 1.5582562743
951.8000000000 1.5580382196
951.8100000000 1.5578169505
951.8200000000 1.5575924928
951.8300000000 1.5573648726
951.8400000000 1.5571341160
951.8500000000 1.5569002495
951.8600000000 1.5566632996
951.8700000000 1.5564232929
951.8800000000 1.5561802564
951.8900000000 1.5559342170
951.9000000000 1.5556852018
951.9100000000 1.5554332382
951.9200000000 1.5551783534
951.9300000000 1.5549205752
951.9400000000 1.5546599310
951.9500000000 1.5543964487
951.9600000000 1.5541301562
951.9700000000 1.5538610813
951.9800000000 1.5535892523
951.9900000000 1.5533146972
952.0000000000 1.5530374444
952.0100000000 1.5527575221
952.0200000000 1.5524749588
952.0300000000 1.5521897829
952.0400000000 1.5519020230
952.0500000000 1.5516117078
952.0600000000 1.5513188658
952.0700000000 1.5510235258
952.0800000000 1.5507257165
952.0900000000 1.5504254668
952.1000000000 1.5501228054
952.1100000000 1.5498177612
952.1200000000 1.5495103630
952.1300000000 1.5492006398
952.1400000000 1.5488886203
952.1500000000 1.5485743336
952.1600000000 1.5482578085
952.1700000000 1.5479390738
952.1800000000 1.5476181584
952.1900000000 1.5472950912
952.2000000000 1.5469699010
952.2100000000 1.5466426166
952.2200000000 1.5463132666
952.2300000000 1.5459818799
952.2400000000 1.5456484850
952.2500000000 1.5453131105
952.2600000000 1.5449757851
952.2700000000 1.5446365372
952.2800000000 1.5442953951
952.2900000000 1.5439523872
952.3000000000 1.5436075418
952.3100000000 1.5432608869
952.3200000000 1.5429124508
952.3300000000 1.5425622612
952.3400000000 1.5422103462
952.3500000000 1.5418567333
952.3600000000 1.5415014504
952.3700000000 1.5411445248
952.3800000000 1.5407859839
952.3900000000 1.5404258551
952.4000000000 1.5400641654
952.4100000000 1.5397009419
952.4200000000 1.5393362112
952.4300000000 1.5389700002
952.4400000000 1.5386023353
952.4500000000 1.5382332429
952.4600000000 1.5378627491
952.4700000000 1.5374908800
952.4800000000 1.5371176615
952.4900000000 1.5367431190
952.5000000000 1.5363672782
952.5100000000 1.5359901643
952.5200000000 1.5356118023
952.5300000000 1.5352322171
952.5400000000 1.5348514334
952.5500000000 1.5344694756
952.5600000000 1.5340863680
952.5700000000 1.5337021344
952.5800000000 1.5333167988
952.5900000000 1.5329303846
952.6000000000 1.5325429152
952.6100000000 1.5321544136
952.6200000000 1.5317649026
952.6300000000 1.5313744048
952.6400000000 1.5309829425
952.6500000000 1.5305905378
952.6600000000 1.5301972124
952.6700000000 1.5298029879
952.6800000000 1.5294078856
952.6900000000 1.5290119263
952.7000000000 1.5286151308
952.7100000000 1.5282175196
952.7200000000 1.5278191127
952.7300000000 1.5274199299
952.7400000000 1.5270199909
952.7500000000 1.5266193147
952.7600000000 1.5262179205
952.7700000000 1.5258158267
952.7800000000 1.5254130518
952.7900000000 1.5250096137
952.8000000000 1.5246055300
952.8100000000 1.5242008183
952.8200000000 1.5237954954
952.8300000000 1.5233895782
952.8400000000 1.5229830829
952.8500000000 1.5225760258
952.8600000000 1.5221684223
952.8700000000 1.5217602880
952.8800000000 1.5213516379
952.8900000000 1.5209424866
952.9000000000 1.5205328485
952.9100000000 1.5201227375
952.9200000000 1.5197121674
952.9300000000 1.5193011513
952.9400000000 1.5188897022
952.9500000000 1.5184778326
952.9600000000 1.5180655547
952.9700000000 1.5176528804
952.9800000000 1.5172398211
952.9900000000 1.5168263879
953.0000000000 1.5164125915
953.0100000000 1.5159984422
953.0200000000 1.5155839500
953.0300000000 1.5151691245
953.0400000000 1.5147539749
953.0500000000 1.5143385099
953.0600000000 1.5139227382
953.0700000000 1.5135066676
953.0800000000 1.5130903059
953.0900000000 1.5126736603
953.1000000000 1.5122567378
953.1100000000 1.5118395448
953.1200000000 1.5114220875
953.1300000000 1.5110043715
953.1400000000 1.5105864022
953.1500000000 1.5101681845
953.1600000000 1.5097497230
953.1700000000 1.5093310218
953.1800000000 1.5089120846
953.1900000000 1.5084929147
953.2000000000 1.5080735152
953.2100000000 1.5076538886
953.2200000000 1.5072340369
953.2300000000 1.5068139621
953.2400000000 1.5063936653
953.2500000000 1.5059731477
953.2600000000 1.5055524096
953.2700000000 1.5051314514
953.2800000000 1.5047102727
953.2900000000 1.5042888729
953.3000000000 1.5038672510
953.3100000000 1.5034454055
953.3200000000 1.5030233346
953.3300000000 1.5026010361
953.3400000000 1.5021785073
953.3500000000 1.5017557452
953.3600000000 1.5013327465
953.3700000000 1.5009095072
953.3800000000 1.5004860231
953.3900000000 1.5000622898
953.4000000000 1.4996383021
953.4100000000 1.4992140548
953.4200000000 1.4987895420
953.4300000000 1.4983647577
953.4400000000 1.4979396951
953.4500000000 1.4975143476
953.4600000000 1.4970887076
953.4700000000 1.4966627676
953.4800000000 1.4962365195
953.4900000000 1.4958099548
953.5000000000 1.4953830648
953.5100000000 1.4949558401
953.5200000000 1.4945282714
953.5300000000 1.4941003486
953.5400000000 1.4936720614
953.5500000000 1.4932433992
953.5600000000 1.4928143509
953.5700000000 1.4923849052
953.5800000000 1.4919550503
953.5900000000 1.4915247741
953.6000000000 1.4910940641
953.6100000000 1.4906629076
953.6200000000 1.4902312914
953.6300000000 1.4897992020
953.6400000000 1.4893666256
953.6500000000 1.4889335480
953.6600000000 1.4884999546
953.6700000000 1.4880658307
953.6800000000 1.4876311611
953.6900000000 1.4871959302
953.7000000000 1.4867601223
953.7100000000 1.4863237212
953.7200000000 1.4858867104
953.7300000000 1.4854490732
953.7400000000 1.4850107926
953.7500000000 1.4845718510
953.7600000000 1.4841322309
953.7700000000 1.4836919143
953.7800000000 1.4832508829
953.7900000000 1.4828091180
953.8000000000 1.4823666010
953.8100000000 1.4819233125
953.8200000000 1.4814792333
953.8300000000 1.4810343437
953.8400000000 1.4805886236
953.8500000000 1.4801420529
953.8600000000 1.4796946110
953.8700000000 1.4792462773
953.8800000000 1.4787970308
953.8900000000 1.4783468501
953.9000000000 1.4778957139
953.9100000000 1.4774436004
953.9200000000 1.4769904876
953.9300000000 1.4765363534
953.9400000000 1.4760811753
953.9500000000 1.4756249307
953.9600000000 1.4751675967
953.9700000000 1.4747091504
953.9800000000 1.4742495683
953.9900000000 1.4737888271
954.0000000000 1.4733269031
954.0100000000 1.4728637724
954.0200000000 1.4723994110
954.0300000000 1.4719337947
954.0400000000 1.4714668990
954.0500000000 1.4709986994
954.0600000000 1.4705291711
954.0700000000 1.4700582893
954.0800000000 1.4695860288
954.0900000000 1.4691123646
954.1000000000 1.4686372711
954.1100000000 1.4681607230
954.1200000000 1.4676826945
954.1300000000 1.4672031600
954.1400000000 1.4667220936
954.1500000000 1.4662394692
954.1600000000 1.4657552608
954.1700000000 1.4652694421
954.1800000000 1.4647819868
954.1900000000 1.4642928685
954.2000000000 1.4638020606
954.2100000000 1.4633095367
954.2200000000 1.4628152699
954.2300000000 1.4623192336
954.2400000000 1.4618214010
954.2500000000 1.4613217451
954.2600000000 1.4608202390
954.2700000000 1.4603168557
954.2800000000 1.4598115683
954.2900000000 1.4593043495
954.3000000000 1.4587951723
954.3100000000 1.4582840096
954.3200000000 1.4577708342
954.3300000000 1.4572556188
954.3400000000 1.4567383364
954.3500000000 1.4562189597
954.3600000000 1.4556974614
954.3700000000 1.4551738145
954.3800000000 1.4546479917
954.3900000000 1.4541199658
954.4000000000 1.4535897097
954.4100000000 1.4530571962
954.4200000000 1.4525223984
954.4300000000 1.4519852890
954.4400000000 1.4514458412
954.4500000000 1.4509040279
954.4600000000 1.4503598223
954.4700000000 1.4498131975
954.4800000000 1.4492641267
954.4900000000 1.4487125833
954.5000000000 1.4481585406
954.5100000000 1.4476019722
954.5200000000 1.4470428514
954.5300000000 1.4464811521
954.5400000000 1.4459168479
954.5500000000 1.4453499127
954.5600000000 1.4447803204
954.5700000000 1.4442080452
954.5800000000 1.4436330613
954.5900000000 1.4430553430
954.6000000000 1.4424748647
954.6100000000 1.4418916010
954.6200000000 1.4413055268
954.6300000000 1.4407166169
954.6400000000 1.4401248463
954.6500000000 1.4395301903
954.6600000000 1.4389326243
954.6700000000 1.4383321238
954.6800000000 1.4377286645
954.6900000000 1.4371222224
954.7000000000 1.4365127735
954.7100000000 1.4359002941
954.7200000000 1.4352847607
954.7300000000 1.4346661499
954.7400000000 1.4340444387
954.7500000000 1.4334196042
954.7600000000 1.4327916236
954.7700000000 1.4321604745
954.7800000000 1.4315261346
954.7900000000 1.4308885820
954.8000000000 1.4302477948
954.8100000000 1.4296037515
954.8200000000 1.4289564309
954.8300000000 1.4283058118
954.8400000000 1.4276518734
954.8500000000 1.4269945953
954.8600000000 1.4263339572
954.8700000000 1.4256699390
954.8800000000 1.4250025209
954.8900000000 1.4243316836
954.9000000000 1.4236574079
954.9100000000 1.4229796747
954.9200000000 1.4222984656
954.9300000000 1.4216137621
954.9400000000 1.4209255463
954.9500000000 1.4202338004
954.9600000000 1.4195385070
954.9700000000 1.4188396490
954.9799999999 1.4181372094
954.9899999999 1.4174311719
954.9999999999 1.4167215203
955.0099999999 1.4160082386
955.0199999999 1.4152913113
955.0299999999 1.4145707233
955.0399999999 1.4138464596
955.0499999999 1.4131185056
955.0599999999 1.4123868473
955.0699999999 1.4116514706
955.0799999999 1.4109123621
955.0899999999 1.4101695085
955.0999999999 1.4094228972
955.1099999999 1.4086725155
955.1199999999 1.4079183513
955.1299999999 1.4071603929
955.1399999999 1.4063986289
955.1499999999 1.4056330482
955.1599999999 1.4048636401
955.1699999999 1.4040903944
955.1799999999 1.4033133010
955.1899999999 1.4025323504
955.1999999999 1.4017475335
955.2099999999 1.4009588414
955.2199999999 1.4001662656
955.2299999999 1.3993697982
955.2399999999 1.3985694313
955.2499999999 1.3977651578
955.2599999999 1.3969569708
955.2699999999 1.3961448636
955.2799999999 1.3953288303
955.2899999999 1.3945088649
955.2999999999 1.3936849623
955.3099999999 1.3928571175
955.3199999999 1.3920253259
955.3299999999 1.3911895833
955.3399999999 1.3903498860
955.3499999999 1.3895062306
955.3599999999 1.3886586142
955.3699999999 1.3878070341
955.3799999999 1.3869514884
955.3899999999 1.3860919751
955.3999999999 1.3852284929
955.4099999999 1.3843610409
955.4199999999 1.3834896185
955.4299999999 1.3826142256
955.4399999999 1.3817348624
955.4499999999 1.3808515297
955.4599999999 1.3799642284
955.4699999999 1.3790729600
955.4799999999 1.3781777265
955.4899999999 1.3772785301
955.4999999999 1.3763753735
955.5099999999 1.3754682598
955.5199999999 1.3745571924
955.5299999999 1.3736421754
955.5399999999 1.3727232130
955.5499999999 1.3718003098
955.5599999999 1.3708734711
955.5699999999 1.3699427023
955.5799999999 1.3690080093
955.5899999999 1.3680693985
955.5999999999 1.3671268765
955.6099999999 1.3661804505
955.6199999999 1.3652301279
955.6299999999 1.3642759168
955.6399999999 1.3633178252
955.6499999999 1.3623558621
955.6599999999 1.3613900363
955.6699999999 1.3604203575
955.6799999999 1.3594468354
955.6899999999 1.3584694803
955.6999999999 1.3574883028
955.7099999999 1.3565033139
955.7199999999 1.3555145251
955.7299999999 1.3545219481
955.7399999999 1.3535255950
955.7499999999 1.3525254784
955.7599999999 1.3515216111
955.7699999999 1.3505140065
955.7799999999 1.3495026781
955.7899999999 1.3484876400
955.7999999999 1.3474689066
955.8099999999 1.3464464925
955.8199999999 1.3454204128
955.8299999999 1.3443906830
955.8399999999 1.3433573189
955.8499999999 1.3423203366
955.8599999999 1.3412797526
955.8699999999 1.3402355838
955.8799999999 1.3391878472
955.8899999999 1.3381365605
955.8999999999 1.3370817414
955.9099999999 1.3360234082
955.9199999999 1.3349615793
955.9299999999 1.3338962736
955.9399999999 1.3328275102
955.9499999999 1.3317553086
955.9599999999 1.3306796886
955.9699999999 1.3296006703
955.9799999999 1.3285182740
955.9899999999 1.3274325205
955.9999999999 1.3263434308
956.0099999999 1.3252510261
956.0199999999 1.3241553282
956.0299999999 1.3230563587
956.0399999999 1.3219541400
956.0499999999 1.3208486943
956.0599999999 1.3197400446
956.0699999999 1.3186282136
956.0799999999 1.3175132248
956.0899999999 1.3163951015
956.0999999999 1.3152738677
956.1099999999 1.3141495472
956.1199999999 1.3130221644
956.1299999999 1.3118917437
956.1399999999 1.3107583100
956.1499999999 1.3096218883
956.1599999999 1.3084825037
956.1699999999 1.3073401817
956.1799999999 1.3061949480
956.1899999999 1.3050468285
956.1999999999 1.3038958492
956.2099999999 1.3027420366
956.2199999999 1.3015854169
956.2299999999 1.3004260171
956.2399999999 1.2992638639
956.2499999999 1.2980989845
956.2599999999 1.2969314062
956.2699999999 1.2957611562
956.2799999999 1.2945882624
956.2899999999 1.2934127524
956.2999999999 1.2922346541
956.3099999999 1.2910539958
956.3199999999 1.2898708055
956.3299999999 1.2886851118
956.3399999999 1.2874969431
956.3499999999 1.2863063280
956.3599999999 1.2851132955
956.3699999999 1.2839178744
956.3799999999 1.2827200936
956.3899999999 1.2815199825
956.3999999999 1.2803175702
956.4099999999 1.2791128860
956.4199999999 1.2779059595
956.4299999999 1.2766968202
956.4399999999 1.2754854976
956.4499999999 1.2742720215
956.4599999999 1.2730564217
956.4699999999 1.2718387280
956.4799999999 1.2706189703
956.4899999999 1.2693971786
956.4999999999 1.2681733829
956.5099999999 1.2669476132
956.5199999999 1.2657198997
956.5299999999 1.2644902725
956.5399999999 1.2632587617
956.5499999999 1.2620253976
956.5599999999 1.2607902103
956.5699999999 1.2595532301
956.5799999999 1.2583144871
956.5899999999 1.2570740117
956.5999999999 1.2558318339
956.6099999999 1.2545879841
956.6199999999 1.2533424923
956.6299999999 1.2520953888
956.6399999999 1.2508467037
956.6499999999 1.2495964671
956.6599999999 1.2483447090
956.6699999999 1.2470914595
956.6799999999 1.2458367485
956.6899999999 1.2445806059
956.6999999999 1.2433230616
956.7099999999 1.2420641454
956.7199999999 1.2408038869
956.7299999999 1.2395423158
956.7399999999 1.2382794616
956.7499999999 1.2370153537
956.7599999999 1.2357500216
956.7699999999 1.2344834944
956.7799999999 1.2332158013
956.7899999999 1.2319469713
956.7999999999 1.2306770334
956.8099999999 1.2294060164
956.8199999999 1.2281339488
956.8299999999 1.2268608592
956.8399999999 1.2255867761
956.8499999999 1.2243117276
956.8599999999 1.2230357419
956.8699999999 1.2217588468
956.8799999999 1.2204810702
956.8899999999 1.2192024396
956.8999999999 1.2179229826
956.9099999999 1.2166427264
956.9199999999 1.2153616980
956.9299999999 1.2140799243
956.9399999999 1.2127974322
956.9499999999 1.2115142480
956.9599999999 1.2102303980
956.9699999999 1.2089459085
956.9799999999 1.2076608052
956.9899999999 1.2063751139
956.9999999999 1.2050888600
957.0099999999 1.2038020688
957.0199999999 1.2025147652
957.0299999999 1.2012269739
957.0399999999 1.1999387197
957.0499999999 1.1986500266
957.0599999999 1.1973609188
957.0699999999 1.1960714201
957.0799999999 1.1947815539
957.0899999999 1.1934913436
957.0999999999 1.1922008121
957.1099999999 1.1909099822
957.1199999999 1.1896188763
957.1299999999 1.1883275166
957.1399999999 1.1870359250
957.1499999999 1.1857441231
957.1599999999 1.1844521322
957.1699999999 1.1831599735
957.1799999999 1.1818676675
957.1899999999 1.1805752347
957.1999999999 1.1792826953
957.2099999999 1.1779900690
957.2199999999 1.1766973755
957.2299999999 1.1754046337
957.2399999999 1.1741118627
957.2499999999 1.1728190809
957.2599999999 1.1715263066
957.2699999999 1.1702335577
957.2799999999 1.1689408518
957.2899999999 1.1676482059
957.2999999999 1.1663556371
957.3099999999 1.1650631619
957.3199999999 1.1637707964
957.3299999999 1.1624785565
957.3399999999 1.1611864578
957.3499999999 1.1598945153
957.3599999999 1.1586027439
957.3699999999 1.1573111579
957.3799999999 1.1560197715
957.3899999999 1.1547285984
957.3999999999 1.1534376518
957.4099999999 1.1521469449
957.4199999999 1.1508564901
957.4299999999 1.1495662997
957.4399999999 1.1482763856
957.4499999999 1.1469867593
957.4599999999 1.1456974318
957.4699999999 1.1444084140
957.4799999999 1.1431197160
957.4899999999 1.1418313480
957.4999999999 1.1405433194
957.5099999999 1.1392556394
957.5199999999 1.1379683170
957.5299999999 1.1366813604
957.5399999999 1.1353947777
957.5499999999 1.1341085765
957.5599999999 1.1328227641
957.5699999999 1.1315373473
957.5799999999 1.1302523326
957.5899999999 1.1289677259
957.5999999999 1.1276835331
957.6099999999 1.1263997592
957.6199999999 1.1251164093
957.6299999999 1.1238334877
957.6399999999 1.1225509986
957.6499999999 1.1212689455
957.6599999999 1.1199873318
957.6699999999 1.1187061603
957.6799999999 1.1174254335
957.6899999999 1.1161451535
957.6999999999 1.1148653219
957.7099999999 1.1135859400
957.7199999999 1.1123070086
957.7299999999 1.1110285283
957.7399999999 1.1097504991
957.7499999999 1.1084729206
957.7599999999 1.1071957922
957.7699999999 1.1059191126
957.7799999999 1.1046428805
957.7899999999 1.1033670938
957.7999999999 1.1020917503
957.8099999999 1.1008168472
957.8199999999 1.0995423815
957.8299999999 1.0982683496
957.8399999999 1.0969947476
957.8499999999 1.0957215714
957.8599999999 1.0944488161
957.8699999999 1.0931764767
957.8799999999 1.0919045479
957.8899999999 1.0906330237
957.8999999999 1.0893618980
957.9099999999 1.0880911642
957.9199999999 1.0868208153
957.9299999999 1.0855508439
957.9399999999 1.0842812424
957.9499999999 1.0830120026
957.9599999999 1.0817431160
957.9699999999 1.0804745738
957.9799999999 1.0792063669
957.9899999999 1.0779384855
957.9999999999 1.0766709199
958.0099999999 1.0754036596
958.0199999999 1.0741366941
958.0299999999 1.0728700122
958.0399999999 1.0716036027
958.0499999999 1.0703374539
958.0599999999 1.0690715535
958.0699999999 1.0678058894
958.0799999999 1.0665404486
958.0899999999 1.0652752182
958.0999999999 1.0640101846
958.1099999999 1.0627453342
958.1199999999 1.0614806528
958.1299999999 1.0602161260
958.1399999999 1.0589517391
958.1499999999 1.0576874770
958.1599999999 1.0564233244
958.1699999999 1.0551592655
958.1799999999 1.0538952845
958.1899999999 1.0526313648
958.1999999999 1.0513674901
958.2099999999 1.0501036433
958.2199999999 1.0488398073
958.2299999999 1.0475759646
958.2399999999 1.0463120974
958.2499999999 1.0450481877
958.2599999999 1.0437842172
958.2699999999 1.0425201671
958.2799999999 1.0412560187
958.2899999999 1.0399917529
958.2999999999 1.0387273501
958.3099999999 1.0374627908
958.3199999999 1.0361980551
958.3299999999 1.0349331227
958.3399999999 1.0336679734
958.3499999999 1.0324025863
958.3599999999 1.0311369407
958.3699999999 1.0298710155
958.3799999999 1.0286047893
958.3899999999 1.0273382406
958.3999999999 1.0260713475
958.4099999999 1.0248040882
958.4199999999 1.0235364404
958.4299999999 1.0222683817
958.4399999999 1.0209998896
958.4499999999 1.0197309413
958.4599999999 1.0184615138
958.4699999999 1.0171915839
958.4799999999 1.0159211284
958.4899999999 1.0146501238
958.4999999999 1.0133785464
958.5099999999 1.0121063723
958.5199999999 1.0108335776
958.5299999999 1.0095601382
958.5399999999 1.0082860299
958.5499999999 1.0070112281
958.5599999999 1.0057357084
958.5699999999 1.0044594460
958.5799999999 1.0031824163
958.5899999999 1.0019045942
958.5999999999 1.0006259547
958.6099999999 0.9993464728
958.6199999999 0.9980661231
958.6299999999 0.9967848803
958.6399999999 0.9955027190
958.6499999999 0.9942196138
958.6599999999 0.9929355389
958.6699999999 0.9916504688
958.6799999999 0.9903643777
958.6899999999 0.9890772398
958.6999999999 0.9877890292
958.7099999999 0.9864997201
958.7199999999 0.9852092865
958.7299999999 0.9839177025
958.7399999999 0.9826249419
958.7499999999 0.9813309787
958.7599999999 0.9800357869
958.7699999999 0.9787393403
958.7799999999 0.9774416129
958.7899999999 0.9761425785
958.7999999999 0.9748422110
958.8099999999 0.9735404843
958.8199999999 0.9722373724
958.8299999999 0.9709328490
958.8399999999 0.9696268882
958.8499999999 0.9683194640
958.8599999999 0.9670105502
958.8699999999 0.9657001211
958.8799999999 0.9643881505
958.8899999999 0.9630746128
958.8999999999 0.9617594820
958.9099999999 0.9604427325
958.9199999999 0.9591243385
958.9299999999 0.9578042745
958.9399999999 0.9564825149
958.9499999999 0.9551590342
958.9599999999 0.9538338072
958.9699999999 0.9525068085
958.9799999999 0.9511780130
958.9899999999 0.9498473956
958.9999999999 0.9485149315
959.0099999999 0.9471805957
959.0199999999 0.9458443636
959.0299999999 0.9445062106
959.0399999999 0.9431661122
959.0499999999 0.9418240443
959.0599999999 0.9404799825
959.0699999999 0.9391339029
959.0799999999 0.9377857817
959.0899999999 0.9364355952
959.0999999999 0.9350833197
959.1099999999 0.9337289321
959.1199999999 0.9323724090
959.1299999999 0.9310137275
959.1399999999 0.9296528648
959.1499999999 0.9282897982
959.1599999999 0.9269245054
959.1699999999 0.9255569640
959.1799999999 0.9241871522
959.1899999999 0.9228150480
959.1999999999 0.9214406298
959.2099999999 0.9200638764
959.2199999999 0.9186847665
959.2299999999 0.9173032792
959.2399999999 0.9159193938
959.2499999999 0.9145330899
959.2599999999 0.9131443473
959.2699999999 0.9117531460
959.2799999999 0.9103594664
959.2899999999 0.9089632889
959.2999999999 0.9075645944
959.3099999999 0.9061633640
959.3199999999 0.9047595789
959.3299999999 0.9033532210
959.3399999999 0.9019442719
959.3499999999 0.9005327140
959.3599999999 0.8991185297
959.3699999999 0.8977017017
959.3799999999 0.8962822132
959.3899999999 0.8948600474
959.3999999999 0.8934351881
959.4099999999 0.8920076191
959.4199999999 0.8905773248
959.4299999999 0.8891442897
959.4399999999 0.8877084988
959.4499999999 0.8862699372
959.4599999999 0.8848285905
959.4699999999 0.8833844446
959.4799999999 0.8819374856
959.4899999999 0.8804877002
959.4999999999 0.8790350752
959.5099999999 0.8775795977
959.5199999999 0.8761212554
959.5299999999 0.8746600362
959.5399999999 0.8731959282
959.5499999999 0.8717289201
959.5599999999 0.8702590009
959.5699999999 0.8687861599
959.5799999999 0.8673103866
959.5899999999 0.8658316712
959.5999999999 0.8643500041
959.6099999999 0.8628653761
959.6199999999 0.8613777781
959.6299999999 0.8598872019
959.6399999999 0.8583936392
959.6499999999 0.8568970822
959.6599999999 0.8553975238
959.6699999999 0.8538949567
959.6799999999 0.8523893745
959.6899999999 0.8508807710
959.6999999999 0.8493691402
959.7099999999 0.8478544767
959.7199999999 0.8463367755
959.7299999999 0.8448160320
959.7399999999 0.8432922417
959.7499999999 0.8417654009
959.7599999999 0.8402355061
959.7699999999 0.8387025541
959.7799999999 0.8371665422
959.7899999999 0.8356274682
959.7999999999 0.8340853301
959.8099999999 0.8325401265
959.8199999999 0.8309918562
959.8299999999 0.8294405185
959.8399999999 0.8278861132
959.8499999999 0.8263286403
959.8599999999 0.8247681003
959.8699999999 0.8232044941
959.8799999999 0.8216378231
959.8899999999 0.8200680889
959.8999999999 0.8184952937
959.9099999999 0.8169194400
959.9199999999 0.8153405306
959.9299999999 0.8137585690
959.9399999999 0.8121735588
959.9499999999 0.8105855042
959.9599999999 0.8089944097
959.9699999999 0.8074002803
959.9799999999 0.8058031213
959.9899999999 0.8042029383
959.9999999999 0.8025997376
960.0099999999 0.8009935258
960.0199999999 0.7993843096
960.0299999999 0.7977720966
960.0399999999 0.7961568943
960.0499999999 0.7945387109
960.0599999999 0.7929175550
960.0699999999 0.7912934355
960.0799999999 0.7896663617
960.0899999999 0.7880363432
960.0999999999 0.7864033902
960.1099999999 0.7847675131
960.1199999999 0.7831287228
960.1299999999 0.7814870306
960.1399999999 0.7798424481
960.1499999999 0.7781949873
960.1599999999 0.7765446605
960.1699999999 0.7748914806
960.1799999999 0.7732354607
960.1899999999 0.7715766144
960.1999999999 0.7699149554
960.2099999999 0.7682504981
960.2199999999 0.7665832570
960.2299999999 0.7649132472
960.2399999999 0.7632404841
960.2499999999 0.7615649832
960.2599999999 0.7598867608
960.2699999999 0.7582058331
960.2799999999 0.7565222169
960.2899999999 0.7548359295
960.2999999999 0.7531469881
960.3099999999 0.7514554107
960.3199999999 0.7497612154
960.3299999999 0.7480644206
960.3399999999 0.7463650451
960.3499999999 0.7446631081
960.3599999999 0.7429586290
960.3699999999 0.7412516276
960.3799999999 0.7395421240
960.3899999999 0.7378301387
960.3999999999 0.7361156923
960.4099999999 0.7343988059
960.4199999999 0.7326795009
960.4299999999 0.7309577988
960.4399999999 0.7292337215
960.4499999999 0.7275072915
960.4599999999 0.7257785311
960.4699999999 0.7240474631
960.4799999999 0.7223141106
960.4899999999 0.7205784971
960.4999999999 0.7188406461
960.5099999999 0.7171005815
960.5199999999 0.7153583275
960.5299999999 0.7136139085
960.5399999999 0.7118673492
960.5499999999 0.7101186745
960.5599999999 0.7083679096
960.5699999999 0.7066150800
960.5799999999 0.7048602112
960.5899999999 0.7031033291
960.5999999999 0.7013444600
960.6099999999 0.6995836300
960.6199999999 0.6978208658
960.6299999999 0.6960561941
960.6399999999 0.6942896420
960.6499999999 0.6925212365
960.6599999999 0.6907510051
960.6699999999 0.6889789753
960.6799999999 0.6872051750
960.6899999999 0.6854296320
960.6999999999 0.6836523744
960.7099999999 0.6818734307
960.7199999999 0.6800928292
960.7299999999 0.6783105985
960.7399999999 0.6765267676
960.7499999999 0.6747413652
960.7599999999 0.6729544205
960.7699999999 0.6711659627
960.7799999999 0.6693760212
960.7899999999 0.6675846254
960.7999999999 0.6657918051
960.8099999999 0.6639975899
960.8199999999 0.6622020096
960.8299999999 0.6604050944
960.8399999999 0.6586068742
960.8499999999 0.6568073792
960.8599999999 0.6550066396
960.8699999999 0.6532046859
960.8799999999 0.6514015484
960.8899999999 0.6495972577
960.8999999999 0.6477918443
960.9099999999 0.6459853388
960.9199999999 0.6441777721
960.9299999999 0.6423691748
960.9399999999 0.6405595777
960.9499999999 0.6387490117
960.9599999999 0.6369375077
960.9699999999 0.6351250966
960.9799999999 0.6333118092
960.9899999999 0.6314976767
960.9999999999 0.6296827299
961.0099999999 0.6278669998
961.0199999999 0.6260505175
961.0299999999 0.6242333138
961.0399999999 0.6224154199
961.0499999999 0.6205968665
961.0599999999 0.6187776847
961.0699999999 0.6169579054
961.0799999999 0.6151375594
961.0899999999 0.6133166777
961.0999999999 0.6114952909
961.1099999999 0.6096734298
961.1199999999 0.6078511252
961.1299999999 0.6060284077
961.1399999999 0.6042053078
961.1499999999 0.6023818561
961.1599999999 0.6005580829
961.1699999999 0.5987340186
961.1799999999 0.5969096935
961.1899999999 0.5950851377
961.1999999999 0.5932603813
961.2099999999 0.5914354542
961.2199999999 0.5896103863
961.2299999999 0.5877852073
961.2399999999 0.5859599468
961.2499999999 0.5841346343
961.2599999999 0.5823092991
961.2699999999 0.5804839705
961.2799999999 0.5786586776
961.2899999999 0.5768334492
961.2999999999 0.5750083141
961.3099999999 0.5731833010
961.3199999999 0.5713584383
961.3299999999 0.5695337542
961.3399999999 0.5677092769
961.3499999999 0.5658850344
961.3599999999 0.5640610542
961.3699999999 0.5622373641
961.3799999999 0.5604139913
961.3899999999 0.5585909631
961.3999999999 0.5567683063
961.4099999999 0.5549460477
961.4199999999 0.5531242139
961.4299999999 0.5513028312
961.4399999999 0.5494819257
961.4499999999 0.5476615232
961.4599999999 0.5458416494
961.4699999999 0.5440223296
961.4799999999 0.5422035891
961.4899999999 0.5403854526
961.4999999999 0.5385679450
961.5099999999 0.5367510906
961.5199999999 0.5349349134
961.5299999999 0.5331194375
961.5399999999 0.5313046864
961.5499999999 0.5294906834
961.5599999999 0.5276774516
961.5699999999 0.5258650138
961.5799999999 0.5240533926
961.5899999999 0.5222426099
961.5999999999 0.5204326879
961.6099999999 0.5186236482
961.6199999999 0.5168155119
961.6299999999 0.5150083002
961.6399999999 0.5132020338
961.6499999999 0.5113967330
961.6599999999 0.5095924180
961.6699999999 0.5077891084
961.6799999999 0.5059868237
961.6899999999 0.5041855831
961.6999999999 0.5023854054
961.7099999999 0.5005863089
961.7199999999 0.4987883118
961.7299999999 0.4969914319
961.7399999999 0.4951956866
961.7499999999 0.4934010930
961.7599999999 0.4916076678
961.7699999999 0.4898154276
961.7799999999 0.4880243882
961.7899999999 0.4862345654
961.7999999999 0.4844459746
961.8099999999 0.4826586306
961.8199999999 0.4808725482
961.8299999999 0.4790877415
961.8399999999 0.4773042244
961.8499999999 0.4755220105
961.8599999999 0.4737411128
961.8699999999 0.4719615442
961.8799999999 0.4701833170
961.8899999999 0.4684064431
961.8999999999 0.4666309344
961.9099999999 0.4648568019
961.9199999999 0.4630840565
961.9299999999 0.4613127088
961.9399999999 0.4595427687
961.9499999999 0.4577742461
961.9599999999 0.4560071502
961.9699999999 0.4542414899
961.9799999999 0.4524772738
961.9899999999 0.4507145100
961.9999999999 0.4489532062
962.0099999999 0.4471933698
962.0199999999 0.4454350077
962.0299999999 0.4436781265
962.0399999999 0.4419227323
962.0499999999 0.4401688308
962.0599999999 0.4384164275
962.0699999999 0.4366655273
962.0799999999 0.4349161346
962.0899999999 0.4331682538
962.0999999999 0.4314218884
962.1099999999 0.4296770420
962.1199999999 0.4279337173
962.1299999999 0.4261919170
962.1399999999 0.4244516432
962.1499999999 0.4227128977
962.1599999999 0.4209756817
962.1699999999 0.4192399963
962.1799999999 0.4175058419
962.1899999999 0.4157732187
962.1999999999 0.4140421264
962.2099999999 0.4123125644
962.2199999999 0.4105845316
962.2299999999 0.4088580266
962.2399999999 0.4071330474
962.2499999999 0.4054095919
962.2599999999 0.4036876574
962.2699999999 0.4019672409
962.2799999999 0.4002483388
962.2899999999 0.3985309475
962.2999999999 0.3968150626
962.3099999999 0.3951006796
962.3199999999 0.3933877934
962.3299999999 0.3916763988
962.3399999999 0.3899664899
962.3499999999 0.3882580606
962.3599999999 0.3865511043
962.3699999999 0.3848456142
962.3799999999 0.3831415830
962.3899999999 0.3814390030
962.3999999999 0.3797378662
962.4099999999 0.3780381641
962.4199999999 0.3763398880
962.4299999999 0.3746430288
962.4399999999 0.3729475770
962.4499999999 0.3712535226
962.4599999999 0.3695608555
962.4699999999 0.3678695651
962.4799999999 0.3661796405
962.4899999999 0.3644910703
962.4999999999 0.3628038430
962.5099999999 0.3611179465
962.5199999999 0.3594333685
962.5299999999 0.3577500964
962.5399999999 0.3560681171
962.5499999999 0.3543874174
962.5599999999 0.3527079836
962.5699999999 0.3510298016
962.5799999999 0.3493528572
962.5899999999 0.3476771357
962.5999999999 0.3460026222
962.6099999999 0.3443293014
962.6199999999 0.3426571578
962.6299999999 0.3409861754
962.6399999999 0.3393163381
962.6499999999 0.3376476293
962.6599999999 0.3359800324
962.6699999999 0.3343135303
962.6799999999 0.3326481055
962.6899999999 0.3309837405
962.6999999999 0.3293204173
962.7099999999 0.3276581178
962.7199999999 0.3259968235
962.7299999999 0.3243365156
962.7399999999 0.3226771753
962.7499999999 0.3210187831
962.7599999999 0.3193613197
962.7699999999 0.3177047653
962.7799999999 0.3160490999
962.7899999999 0.3143943032
962.7999999999 0.3127403548
962.8099999999 0.3110872340
962.8199999999 0.3094349199
962.8299999999 0.3077833913
962.8399999999 0.3061326269
962.8499999999 0.3044826050
962.8599999999 0.3028333040
962.8699999999 0.3011847018
962.8799999999 0.2995367763
962.8899999999 0.2978895050
962.8999999999 0.2962428654
962.9099999999 0.2945968349
962.9199999999 0.2929513904
962.9299999999 0.2913065089
962.9399999999 0.2896621671
962.9499999999 0.2880183417
962.9599999999 0.2863750089
962.9699999999 0.2847321452
962.9799999999 0.2830897267
962.9899999999 0.2814477293
962.9999999999 0.2798061290
963.0099999999 0.2781649013
963.0199999999 0.2765240220
963.0299999999 0.2748834666
963.0399999999 0.2732432103
963.0499999999 0.2716032286
963.0599999999 0.2699634964
963.0699999999 0.2683239890
963.0799999999 0.2666846812
963.0899999999 0.2650455480
963.0999999999 0.2634065642
963.1099999999 0.2617677045
963.1199999999 0.2601289436
963.1299999999 0.2584902561
963.1399999999 0.2568516165
963.1499999999 0.2552129994
963.1599999999 0.2535743791
963.1699999999 0.2519357301
963.1799999999 0.2502970268
963.1899999999 0.2486582435
963.1999999999 0.2470193545
963.2099999999 0.2453803341
963.2199999999 0.2437411567
963.2299999999 0.2421017965
963.2399999999 0.2404622277
963.2499999999 0.2388224247
963.2599999999 0.2371823618
963.2699999999 0.2355420132
963.2799999999 0.2339013534
963.2899999999 0.2322603567
963.2999999999 0.2306189975
963.3099999999 0.2289772501
963.3199999999 0.2273350892
963.3299999999 0.2256924892
963.3399999999 0.2240494247
963.3499999999 0.2224058704
963.3599999999 0.2207618009
963.3699999999 0.2191171912
963.3799999999 0.2174720159
963.3899999999 0.2158262502
963.3999999999 0.2141798690
963.4099999999 0.2125328474
963.4199999999 0.2108851607
963.4299999999 0.2092367843
963.4399999999 0.2075876935
963.4499999999 0.2059378641
963.4599999999 0.2042872715
963.4699999999 0.2026358918
963.4799999999 0.2009837007
963.4899999999 0.1993306745
963.4999999999 0.1976767894
963.5099999999 0.1960220216
963.5199999999 0.1943663479
963.5299999999 0.1927097448
963.5399999999 0.1910521893
963.5499999999 0.1893936583
963.5599999999 0.1877341291
963.5699999999 0.1860735791
963.5799999999 0.1844119858
963.5899999999 0.1827493270
963.5999999999 0.1810855807
963.6099999999 0.1794207251
963.6199999999 0.1777547384
963.6299999999 0.1760875993
963.6399999999 0.1744192865
963.6499999999 0.1727497792
963.6599999999 0.1710790564
963.6699999999 0.1694070977
963.6799999999 0.1677338828
963.6899999999 0.1660593916
963.6999999999 0.1643836042
963.7099999999 0.1627065012
963.7199999999 0.1610280631
963.7299999999 0.1593482710
963.7399999999 0.1576671060
963.7499999999 0.1559845496
963.7599999999 0.1543005835
963.7699999999 0.1526151897
963.7799999999 0.1509283505
963.7899999999 0.1492400484
963.7999999999 0.1475502664
963.8099999999 0.1458589875
963.8199999999 0.1441661951
963.8299999999 0.1424718731
963.8399999999 0.1407760054
963.8499999999 0.1390785763
963.8599999999 0.1373795706
963.8699999999 0.1356789732
963.8799999999 0.1339767692
963.8899999999 0.1322729444
963.8999999999 0.1305674847
963.9099999999 0.1288603762
963.9199999999 0.1271516056
963.9299999999 0.1254411597
963.9399999999 0.1237290258
963.9499999999 0.1220151915
963.9599999999 0.1202996447
963.9699999999 0.1185823736
963.9799999999 0.1168633669
963.9899999999 0.1151426134
963.9999999999 0.1134201027
964.0099999999 0.1116958242
964.0199999999 0.1099697680
964.0299999999 0.1082419246
964.0399999999 0.1065122847
964.0499999999 0.1047808393
964.0599999999 0.1030475800
964.0699999999 0.1013124987
964.0799999999 0.0995755875
964.0899999999 0.0978368392
964.0999999999 0.0960962465
964.1099999999 0.0943538030
964.1199999999 0.0926095023
964.1299999999 0.0908633387
964.1399999999 0.0891153065
964.1499999999 0.0873654007
964.1599999999 0.0856136165
964.1699999999 0.0838599497
964.1799999999 0.0821043963
964.1899999999 0.0803469527
964.1999999999 0.0785876158
964.2099999999 0.0768263828
964.2199999999 0.0750632514
964.2299999999 0.0732982196
964.2399999999 0.0715312857
964.2499999999 0.0697624487
964.2599999999 0.0679917077
964.2699999999 0.0662190624
964.2799999999 0.0644445128
964.2899999999 0.0626680593
964.2999999999 0.0608897027
964.3099999999 0.0591094443
964.3199999999 0.0573272856
964.3299999999 0.0555432287
964.3399999999 0.0537572761
964.3499999999 0.0519694305
964.3599999999 0.0501796951
964.3699999999 0.0483880737
964.3799999999 0.0465945702
964.3899999999 0.0447991891
964.3999999999 0.0430019352
964.4099999999 0.0412028138
964.4199999999 0.0394018304
964.4299999999 0.0375989911
964.4399999999 0.0357943024
964.4499999999 0.0339877710
964.4599999999 0.0321794043
964.4699999999 0.0303692097
964.4799999999 0.0285571954
964.4899999999 0.0267433697
964.4999999999 0.0249277415
964.5099999999 0.0231103200
964.5199999999 0.0212911146
964.5299999999 0.0194701355
964.5399999999 0.0176473929
964.5499999999 0.0158228977
964.5599999999 0.0139966609
964.5699999999 0.0121686941
964.5799999999 0.0103390091
964.5899999999 0.0085076182
964.5999999999 0.0066745341
964.6099999999 0.0048397699
964.6199999999 0.0030033388
964.6299999999 0.0011652547
964.6399999999 -0.0006744683
964.6499999999 -0.0025158157
964.6599999999 -0.0043587726
964.6699999999 -0.0062033239
964.6799999999 -0.0080494538
964.6899999999 -0.0098971465
964.6999999999 -0.0117463856
964.7099999999 -0.0135971546
964.7199999999 -0.0154494365
964.7299999999 -0.0173032138
964.7399999999 -0.0191584689
964.7499999999 -0.0210151839
964.7599999999 -0.0228733402
964.7699999999 -0.0247329194
964.7799999999 -0.0265939022
964.7899999999 -0.0284562694
964.7999999999 -0.0303200014
964.8099999999 -0.0321850781
964.8199999999 -0.0340514792
964.8299999999 -0.0359191841
964.8399999999 -0.0377881719
964.8499999999 -0.0396584213
964.8599999999 -0.0415299109
964.8699999999 -0.0434026188
964.8799999999 -0.0452765228
964.8899999999 -0.0471516007
964.8999999999 -0.0490278295
964.9099999999 -0.0509051865
964.9199999999 -0.0527836483
964.9299999999 -0.0546631914
964.9399999999 -0.0565437920
964.9499999999 -0.0584254260
964.9599999999 -0.0603080691
964.9699999999 -0.0621916967
964.9799999999 -0.0640762840
964.9899999999 -0.0659618059
964.9999999999 -0.0678482370
965.0099999999 -0.0697355519
965.0199999999 -0.0716237247
965.0299999999 -0.0735127293
965.0399999999 -0.0754025396
965.0499999999 -0.0772931290
965.0599999999 -0.0791844709
965.0699999999 -0.0810765383
965.0799999999 -0.0829693042
965.0899999999 -0.0848627413
965.0999999999 -0.0867568220
965.1099999999 -0.0886515186
965.1199999999 -0.0905468034
965.1299999999 -0.0924426481
965.1399999999 -0.0943390247
965.1499999999 -0.0962359047
965.1599999999 -0.0981332594
965.1699999999 -0.1000310603
965.1799999999 -0.1019292784
965.1899999999 -0.1038278847
965.1999999999 -0.1057268500
965.2099999999 -0.1076261449
965.2199999999 -0.1095257401
965.2299999999 -0.1114256060
965.2399999999 -0.1133257129
965.2499999999 -0.1152260309
965.2599999999 -0.1171265301
965.2699999999 -0.1190271805
965.2799999999 -0.1209279520
965.2899999999 -0.1228288143
965.2999999999 -0.1247297371
965.3099999999 -0.1266306901
965.3199999999 -0.1285316426
965.3299999999 -0.1304325643
965.3399999999 -0.1323334244
965.3499999999 -0.1342341922
965.3599999999 -0.1361348371
965.3699999999 -0.1380353283
965.3799999999 -0.1399356348
965.3899999999 -0.1418357259
965.3999999999 -0.1437355706
965.4099999999 -0.1456351379
965.4199999999 -0.1475343971
965.4299999999 -0.1494333170
965.4399999999 -0.1513318666
965.4499999999 -0.1532300151
965.4599999999 -0.1551277314
965.4699999999 -0.1570249845
965.4799999999 -0.1589217434
965.4899999999 -0.1608179773
965.4999999999 -0.1627136551
965.5099999999 -0.1646087460
965.5199999999 -0.1665032191
965.5299999999 -0.1683970436
965.5399999999 -0.1702901888
965.5499999999 -0.1721826238
965.5599999999 -0.1740743181
965.5699999999 -0.1759652410
965.5799999999 -0.1778553619
965.5899999999 -0.1797446505
965.5999999999 -0.1816330764
965.6099999999 -0.1835206092
965.6199999999 -0.1854072187
965.6299999999 -0.1872928749
965.6399999999 -0.1891775477
965.6499999999 -0.1910612073
965.6599999999 -0.1929438238
965.6699999999 -0.1948253676
965.6799999999 -0.1967058092
965.6899999999 -0.1985851191
965.6999999999 -0.2004632681
965.7099999999 -0.2023402270
965.7199999999 -0.2042159668
965.7299999999 -0.2060904588
965.7399999999 -0.2079636741
965.7499999999 -0.2098355844
965.7599999999 -0.2117061612
965.7699999999 -0.2135753763
965.7799999999 -0.2154432018
965.7899999999 -0.2173096098
965.7999999999 -0.2191745727
965.8099999999 -0.2210380630
965.8199999999 -0.2229000536
965.8299999999 -0.2247605173
965.8399999999 -0.2266194272
965.8499999999 -0.2284767569
965.8599999999 -0.2303324799
965.8699999999 -0.2321865699
965.8799999999 -0.2340390010
965.8899999999 -0.2358897475
965.8999999999 -0.2377387840
965.9099999999 -0.2395860850
965.9199999999 -0.2414316257
965.9299999999 -0.2432753812
965.9399999999 -0.2451173271
965.9499999999 -0.2469574392
965.9599999999 -0.2487956933
965.9699999999 -0.2506320658
965.9799999999 -0.2524665333
965.9899999999 -0.2542990725
965.9999999999 -0.2561296606
966.0099999999 -0.2579582750
966.0199999999 -0.2597848934
966.0299999999 -0.2616094936
966.0399999999 -0.2634320540
966.0499999999 -0.2652525532
966.0599999999 -0.2670709699
966.0699999999 -0.2688872835
966.0799999999 -0.2707014733
966.0899999999 -0.2725135191
966.0999999999 -0.2743234011
966.1099999999 -0.2761310997
966.1199999999 -0.2779365957
966.1299999999 -0.2797398701
966.1399999999 -0.2815409044
966.1499999999 -0.2833396803
966.1599999999 -0.2851361800
966.1699999999 -0.2869303857
966.1799999999 -0.2887222804
966.1899999999 -0.2905118472
966.1999999999 -0.2922990694
966.2099999999 -0.2940839310
966.2199999999 -0.2958664161
966.2299999999 -0.2976465092
966.2399999999 -0.2994241953
966.2499999999 -0.3011994596
966.2599999999 -0.3029722877
966.2699999999 -0.3047426657
966.2799999999 -0.3065105798
966.2899999999 -0.3082760168
966.2999999999 -0.3100389639
966.3099999999 -0.3117994085
966.3199999999 -0.3135573384
966.3299999999 -0.3153127420
966.3399999999 -0.3170656079
966.3499999999 -0.3188159249
966.3599999999 -0.3205636827
966.3699999999 -0.3223088708
966.3799999999 -0.3240514796
966.3899999999 -0.3257914996
966.3999999999 -0.3275289217
966.4099999999 -0.3292637372
966.4199999999 -0.3309959380
966.4299999999 -0.3327255161
966.4399999999 -0.3344524642
966.4499999999 -0.3361767750
966.4599999999 -0.3378984420
966.4699999999 -0.3396174589
966.4799999999 -0.3413338198
966.4899999999 -0.3430475192
966.4999999999 -0.3447585521
966.5099999999 -0.3464669139
966.5199999999 -0.3481726002
966.5299999999 -0.3498756071
966.5399999999 -0.3515759313
966.5499999999 -0.3532735697
966.5599999999 -0.3549685196
966.5699999999 -0.3566607788
966.5799999999 -0.3583503454
966.5899999999 -0.3600372180
966.5999999999 -0.3617213956
966.6099999999 -0.3634028774
966.6199999999 -0.3650816634
966.6299999999 -0.3667577537
966.6399999999 -0.3684311487
966.6499999999 -0.3701018496
966.6599999999 -0.3717698576
966.6699999999 -0.3734351746
966.6799999999 -0.3750978027
966.6899999999 -0.3767577444
966.6999999999 -0.3784150029
966.7099999999 -0.3800695813
966.7199999999 -0.3817214835
966.7299999999 -0.3833707135
966.7399999999 -0.3850172761
966.7499999999 -0.3866611759
966.7599999999 -0.3883024185
966.7699999999 -0.3899410095
966.7799999999 -0.3915769550
966.7899999999 -0.3932102614
966.7999999999 -0.3948409356
966.8099999999 -0.3964689849
966.8199999999 -0.3980944169
966.8299999999 -0.3997172396
966.8399999999 -0.4013374612
966.8499999999 -0.4029550907
966.8599999999 -0.4045701370
966.8699999999 -0.4061826097
966.8799999999 -0.4077925185
966.8899999999 -0.4093998738
966.8999999999 -0.4110046861
966.9099999999 -0.4126069662
966.9199999999 -0.4142067255
966.9299999999 -0.4158039756
966.9399999999 -0.4173987285
966.9499999999 -0.4189909965
966.9599999999 -0.4205807923
966.9699999999 -0.4221681288
966.9799999999 -0.4237530195
966.9899999999 -0.4253354780
966.9999999999 -0.4269155184
967.0099999999 -0.4284931549
967.0199999999 -0.4300684022
967.0299999999 -0.4316412753
967.0399999999 -0.4332117896
967.0499999999 -0.4347799606
967.0599999999 -0.4363458043
967.0699999999 -0.4379093369
967.0799999999 -0.4394705749
967.0899999999 -0.4410295353
967.0999999999 -0.4425862350
967.1099999999 -0.4441406916
967.1199999999 -0.4456929227
967.1299999999 -0.4472429464
967.1399999999 -0.4487907809
967.1499999999 -0.4503364447
967.1599999999 -0.4518799568
967.1699999999 -0.4534213361
967.1799999999 -0.4549606020
967.1899999999 -0.4564977742
967.1999999999 -0.4580328725
967.2099999999 -0.4595659170
967.2199999999 -0.4610969281
967.2299999999 -0.4626259263
967.2399999999 -0.4641529325
967.2499999999 -0.4656779677
967.2599999999 -0.4672010533
967.2699999999 -0.4687222108
967.2799999999 -0.4702414618
967.2899999999 -0.4717588284
967.2999999999 -0.4732743326
967.3099999999 -0.4747879968
967.3199999999 -0.4762998436
967.3299999999 -0.4778098957
967.3399999999 -0.4793181760
967.3499999999 -0.4808247076
967.3599999999 -0.4823295139
967.3699999999 -0.4838326182
967.3799999999 -0.4853340442
967.3899999999 -0.4868338156
967.3999999999 -0.4883319565
967.4099999999 -0.4898284909
967.4199999999 -0.4913234430
967.4299999999 -0.4928168372
967.4399999999 -0.4943086980
967.4499999999 -0.4957990501
967.4599999999 -0.4972879183
967.4699999999 -0.4987753273
967.4799999999 -0.5002613023
967.4899999999 -0.5017458683
967.4999999999 -0.5032290505
967.5099999999 -0.5047108742
967.5199999999 -0.5061913648
967.5299999999 -0.5076705479
967.5399999999 -0.5091484489
967.5499999999 -0.5106250935
967.5599999999 -0.5121005075
967.5699999999 -0.5135747165
967.5799999999 -0.5150477464
967.5899999999 -0.5165196231
967.5999999999 -0.5179903725
967.6099999999 -0.5194600205
967.6199999999 -0.5209285932
967.6299999999 -0.5223961167
967.6399999999 -0.5238626168
967.6499999999 -0.5253281198
967.6599999999 -0.5267926517
967.6699999999 -0.5282562386
967.6799999999 -0.5297189066
967.6899999999 -0.5311806817
967.6999999999 -0.5326415901
967.7099999999 -0.5341016578
967.7199999999 -0.5355609109
967.7299999999 -0.5370193753
967.7399999999 -0.5384770770
967.7499999999 -0.5399340421
967.7599999999 -0.5413902962
967.7699999999 -0.5428458654
967.7799999999 -0.5443007754
967.7899999999 -0.5457550519
967.7999999999 -0.5472087206
967.8099999999 -0.5486618071
967.8199999999 -0.5501143369
967.8299999999 -0.5515663353
967.8399999999 -0.5530178279
967.8499999999 -0.5544688397
967.8599999999 -0.5559193959
967.8699999999 -0.5573695216
967.8799999999 -0.5588192417
967.8899999999 -0.5602685809
967.8999999999 -0.5617175641
967.9099999999 -0.5631662157
967.9199999999 -0.5646145601
967.9299999999 -0.5660626217
967.9399999999 -0.5675104246
967.9499999999 -0.5689579927
967.9599999999 -0.5704053500
967.9699999999 -0.5718525201
967.9799999999 -0.5732995265
967.9899999999 -0.5747463925
967.9999999999 -0.5761931414
968.0099999999 -0.5776397961
968.0199999999 -0.5790863795
968.0299999999 -0.5805329140
968.0399999999 -0.5819794223
968.0499999999 -0.5834259264
968.0599999999 -0.5848724485
968.0699999999 -0.5863190102
968.0799999999 -0.5877656332
968.0899999999 -0.5892123389
968.0999999999 -0.5906591485
968.1099999999 -0.5921060827
968.1199999999 -0.5935531624
968.1299999999 -0.5950004079
968.1399999999 -0.5964478396
968.1499999999 -0.5978954772
968.1599999999 -0.5993433406
968.1699999999 -0.6007914492
968.1799999999 -0.6022398222
968.1899999999 -0.6036884784
968.1999999999 -0.6051374367
968.2099999999 -0.6065867152
968.2199999999 -0.6080363323
968.2299999999 -0.6094863056
968.2399999999 -0.6109366527
968.2499999999 -0.6123873909
968.2599999999 -0.6138385372
968.2699999999 -0.6152901081
968.2799999999 -0.6167421201
968.2899999999 -0.6181945892
968.2999999999 -0.6196475311
968.3099999999 -0.6211009614
968.3199999999 -0.6225548951
968.3299999999 -0.6240093470
968.3399999999 -0.6254643316
968.3499999999 -0.6269198631
968.3599999999 -0.6283759552
968.3699999999 -0.6298326216
968.3799999999 -0.6312898753
968.3899999999 -0.6327477291
968.3999999999 -0.6342061957
968.4099999999 -0.6356652870
968.4199999999 -0.6371250149
968.4299999999 -0.6385853908
968.4399999999 -0.6400464258
968.4499999999 -0.6415081307
968.4599999999 -0.6429705158
968.4699999999 -0.6444335912
968.4799999999 -0.6458973664
968.4899999999 -0.6473618508
968.4999999999 -0.6488270534
968.5099999999 -0.6502929825
968.5199999999 -0.6517596466
968.5299999999 -0.6532270532
968.5399999999 -0.6546952100
968.5499999999 -0.6561641239
968.5599999999 -0.6576338016
968.5699999999 -0.6591042493
968.5799999999 -0.6605754731
968.5899999999 -0.6620474785
968.5999999999 -0.6635202705
968.6099999999 -0.6649938539
968.6199999999 -0.6664682331
968.6299999999 -0.6679434121
968.6399999999 -0.6694193944
968.6499999999 -0.6708961833
968.6599999999 -0.6723737815
968.6699999999 -0.6738521915
968.6799999999 -0.6753314152
968.6899999999 -0.6768114542
968.6999999999 -0.6782923098
968.7099999999 -0.6797739828
968.7199999999 -0.6812564736
968.7299999999 -0.6827397822
968.7399999999 -0.6842239082
968.7499999999 -0.6857088509
968.7599999999 -0.6871946091
968.7699999999 -0.6886811811
968.7799999999 -0.6901685651
968.7899999999 -0.6916567586
968.7999999999 -0.6931457588
968.8099999999 -0.6946355626
968.8199999999 -0.6961261664
968.8299999999 -0.6976175662
968.8399999999 -0.6991097577
968.8499999999 -0.7006027360
968.8599999999 -0.7020964960
968.8699999999 -0.7035910320
968.8799999999 -0.7050863383
968.8899999999 -0.7065824082
968.8999999999 -0.7080792352
968.9099999999 -0.7095768121
968.9199999999 -0.7110751313
968.9299999999 -0.7125741848
968.9399999999 -0.7140739644
968.9499999999 -0.7155744612
968.9599999999 -0.7170756663
968.9699999999 -0.7185775701
968.9799999999 -0.7200801628
968.9899999999 -0.7215834340
968.9999999999 -0.7230873731
969.0099999999 -0.7245919692
969.0199999999 -0.7260972107
969.0299999999 -0.7276030859
969.0399999999 -0.7291095827
969.0499999999 -0.7306166885
969.0599999999 -0.7321243904
969.0699999999 -0.7336326752
969.0799999999 -0.7351415292
969.0899999999 -0.7366509384
969.0999999999 -0.7381608885
969.1099999999 -0.7396713648
969.1199999999 -0.7411823521
969.1299999999 -0.7426938350
969.1399999999 -0.7442057978
969.1499999999 -0.7457182243
969.1599999999 -0.7472310981
969.1699999999 -0.7487444023
969.1799999999 -0.7502581198
969.1899999999 -0.7517722331
969.1999999999 -0.7532867243
969.2099999999 -0.7548015754
969.2199999999 -0.7563167678
969.2299999999 -0.7578322827
969.2399999999 -0.7593481009
969.2499999999 -0.7608642031
969.2599999999 -0.7623805695
969.2699999999 -0.7638971800
969.2799999999 -0.7654140143
969.2899999999 -0.7669310516
969.2999999999 -0.7684482709
969.3099999999 -0.7699656511
969.3199999999 -0.7714831705
969.3299999999 -0.7730008074
969.3399999999 -0.7745185395
969.3499999999 -0.7760363444
969.3599999999 -0.7775541995
969.3699999999 -0.7790720818
969.3799999999 -0.7805899681
969.3899999999 -0.7821078348
969.3999999999 -0.7836256583
969.4099999999 -0.7851434145
969.4199999999 -0.7866610793
969.4299999999 -0.7881786280
969.4399999999 -0.7896960360
969.4499999999 -0.7912132782
969.4599999999 -0.7927303296
969.4699999999 -0.7942471646
969.4799999999 -0.7957637576
969.4899999999 -0.7972800828
969.4999999999 -0.7987961140
969.5099999999 -0.8003118250
969.5199999999 -0.8018271892
969.5299999999 -0.8033421800
969.5399999999 -0.8048567706
969.5499999999 -0.8063709338
969.5599999999 -0.8078846424
969.5699999999 -0.8093978689
969.5799999999 -0.8109105858
969.5899999999 -0.8124227653
969.5999999999 -0.8139343794
969.6099999999 -0.8154454001
969.6199999999 -0.8169557991
969.6299999999 -0.8184655481
969.6399999999 -0.8199746185
969.6499999999 -0.8214829816
969.6599999999 -0.8229906087
969.6699999999 -0.8244974708
969.6799999999 -0.8260035389
969.6899999999 -0.8275087839
969.6999999999 -0.8290131765
969.7099999999 -0.8305166872
969.7199999999 -0.8320192868
969.7299999999 -0.8335209455
969.7399999999 -0.8350216338
969.7499999999 -0.8365213220
969.7599999999 -0.8380199802
969.7699999999 -0.8395175785
969.7799999999 -0.8410140871
969.7899999999 -0.8425094760
969.7999999999 -0.8440037151
969.8099999999 -0.8454967743
969.8199999999 -0.8469886235
969.8299999999 -0.8484792325
969.8399999999 -0.8499685711
969.8499999999 -0.8514566091
969.8599999999 -0.8529433163
969.8699999999 -0.8544286623
969.8799999999 -0.8559126170
969.8899999999 -0.8573951501
969.8999999999 -0.8588762312
969.9099999999 -0.8603558302
969.9199999999 -0.8618339169
969.9299999999 -0.8633104609
969.9399999999 -0.8647854321
969.9499999999 -0.8662588004
969.9599999999 -0.8677305356
969.9699999999 -0.8692006077
969.9799999999 -0.8706689866
969.9899999999 -0.8721356423
969.9999999999 -0.8736005450
970.0099999999 -0.8750636648
970.0199999999 -0.8765249719
970.0299999999 -0.8779844367
970.0399999999 -0.8794420294
970.0499999999 -0.8808977207
970.0599999999 -0.8823514810
970.0699999999 -0.8838032810
970.0799999999 -0.8852530915
970.0899999999 -0.8867008834
970.0999999999 -0.8881466277
970.1099999999 -0.8895902955
970.1199999999 -0.8910318581
970.1299999999 -0.8924712868
970.1399999999 -0.8939085531
970.1499999999 -0.8953436288
970.1599999999 -0.8967764856
970.1699999999 -0.8982070955
970.1799999999 -0.8996354307
970.1899999999 -0.9010614633
970.1999999999 -0.9024851659
970.2099999999 -0.9039065111
970.2199999999 -0.9053254717
970.2299999999 -0.9067420207
970.2399999999 -0.9081561313
970.2499999999 -0.9095677769
970.2599999999 -0.9109769310
970.2699999999 -0.9123835675
970.2799999999 -0.9137876603
970.2899999999 -0.9151891836
970.2999999999 -0.9165881119
970.3099999999 -0.9179844199
970.3199999999 -0.9193780823
970.3299999999 -0.9207690744
970.3399999999 -0.9221573715
970.3499999999 -0.9235429492
970.3599999999 -0.9249257832
970.3699999999 -0.9263058498
970.3799999999 -0.9276831253
970.3899999999 -0.9290575863
970.3999999999 -0.9304292096
970.4099999999 -0.9317979725
970.4199999999 -0.9331638522
970.4299999999 -0.9345268267
970.4399999999 -0.9358868737
970.4499999999 -0.9372439716
970.4599999999 -0.9385980990
970.4699999999 -0.9399492346
970.4799999999 -0.9412973577
970.4899999999 -0.9426424477
970.4999999999 -0.9439844843
970.5099999999 -0.9453234477
970.5199999999 -0.9466593181
970.5299999999 -0.9479920763
970.5399999999 -0.9493217033
970.5499999999 -0.9506481804
970.5599999999 -0.9519714893
970.5699999999 -0.9532916121
970.5799999999 -0.9546085309
970.5899999999 -0.9559222285
970.5999999999 -0.9572326879
970.6099999999 -0.9585398925
970.6199999999 -0.9598438258
970.6299999999 -0.9611444721
970.6399999999 -0.9624418155
970.6499999999 -0.9637358410
970.6599999999 -0.9650265336
970.6699999999 -0.9663138788
970.6799999999 -0.9675978624
970.6899999999 -0.9688784705
970.6999999999 -0.9701556899
970.7099999999 -0.9714295072
970.7199999999 -0.9726999100
970.7299999999 -0.9739668858
970.7399999999 -0.9752304227
970.7499999999 -0.9764905091
970.7599999999 -0.9777471339
970.7699999999 -0.9790002862
970.7799999999 -0.9802499556
970.7899999999 -0.9814961321
970.7999999999 -0.9827388059
970.8099999999 -0.9839779679
970.8199999999 -0.9852136092
970.8299999999 -0.9864457213
970.8399999999 -0.9876742961
970.8499999999 -0.9888993259
970.8599999999 -0.9901208035
970.8699999999 -0.9913387219
970.8799999999 -0.9925530746
970.8899999999 -0.9937638555
970.8999999999 -0.9949710589
970.9099999999 -0.9961746796
970.9199999999 -0.9973747126
970.9299999999 -0.9985711534
970.9399999999 -0.9997639979
970.9499999999 -1.0009532425
970.9599999999 -1.0021388839
970.9699999999 -1.0033209191
970.9799999999 -1.0044993457
970.9899999999 -1.0056741617
970.9999999999 -1.0068453653
971.0099999999 -1.0080129553
971.0199999999 -1.0091769309
971.0299999999 -1.0103372915
971.0399999999 -1.0114940371
971.0499999999 -1.0126471682
971.0599999999 -1.0137966854
971.0699999999 -1.0149425898
971.0799999999 -1.0160848832
971.0899999999 -1.0172235673
971.0999999999 -1.0183586447
971.1099999999 -1.0194901180
971.1199999999 -1.0206179905
971.1299999999 -1.0217422656
971.1399999999 -1.0228629474
971.1499999999 -1.0239800402
971.1599999999 -1.0250935487
971.1699999999 -1.0262034782
971.1799999999 -1.0273098341
971.1899999999 -1.0284126224
971.1999999999 -1.0295118494
971.2099999999 -1.0306075218
971.2199999999 -1.0316996468
971.2299999999 -1.0327882317
971.2399999999 -1.0338732844
971.2499999999 -1.0349548133
971.2599999999 -1.0360328269
971.2699999999 -1.0371073342
971.2799999999 -1.0381783446
971.2899999999 -1.0392458679
971.2999999999 -1.0403099141
971.3099999999 -1.0413704938
971.3199999999 -1.0424276178
971.3299999999 -1.0434812973
971.3399999999 -1.0445315439
971.3499999999 -1.0455783695
971.3599999999 -1.0466217865
971.3699999999 -1.0476618075
971.3799999999 -1.0486984454
971.3899999999 -1.0497317137
971.3999999999 -1.0507616259
971.4099999999 -1.0517881962
971.4199999999 -1.0528114388
971.4299999999 -1.0538313686
971.4399999999 -1.0548480004
971.4499999999 -1.0558613497
971.4599999999 -1.0568714322
971.4699999999 -1.0578782638
971.4799999999 -1.0588818609
971.4899999999 -1.0598822402
971.4999999999 -1.0608794184
971.5099999999 -1.0618734131
971.5199999999 -1.0628642415
971.5299999999 -1.0638519218
971.5399999999 -1.0648364719
971.5499999999 -1.0658179103
971.5599999999 -1.0667962558
971.5699999999 -1.0677715273
971.5799999999 -1.0687437442
971.5899999999 -1.0697129261
971.5999999999 -1.0706790927
971.6099999999 -1.0716422642
971.6199999999 -1.0726024610
971.6299999999 -1.0735597037
971.6399999999 -1.0745140131
971.6499999999 -1.0754654104
971.6599999999 -1.0764139169
971.6699999999 -1.0773595544
971.6799999999 -1.0783023446
971.6899999999 -1.0792423096
971.6999999999 -1.0801794717
971.7099999999 -1.0811138535
971.7199999999 -1.0820454777
971.7299999999 -1.0829743672
971.7399999999 -1.0839005453
971.7499999999 -1.0848240352
971.7599999999 -1.0857448606
971.7699999999 -1.0866630452
971.7799999999 -1.0875786130
971.7899999999 -1.0884915880
971.7999999999 -1.0894019946
971.8099999999 -1.0903098573
971.8199999999 -1.0912152007
971.8299999999 -1.0921180495
971.8399999999 -1.0930184288
971.8499999999 -1.0939163636
971.8599999999 -1.0948118793
971.8699999999 -1.0957050011
971.8799999999 -1.0965957546
971.8899999999 -1.0974841656
971.8999999999 -1.0983702597
971.9099999999 -1.0992540628
971.9199999999 -1.1001356011
971.9299999999 -1.1010149005
971.9399999999 -1.1018919873
971.9499999999 -1.1027668879
971.9599999999 -1.1036396285
971.9699999999 -1.1045102359
971.9799999999 -1.1053787364
971.9899999999 -1.1062451567
971.9999999999 -1.1071095237
972.0099999999 -1.1079718640
972.0199999999 -1.1088322044
972.0299999999 -1.1096905720
972.0399999999 -1.1105469935
972.0499999999 -1.1114014960
972.0599999999 -1.1122541065
972.0699999999 -1.1131048521
972.0799999999 -1.1139537597
972.0899999999 -1.1148008565
972.0999999999 -1.1156461695
972.1099999999 -1.1164897259
972.1199999999 -1.1173315528
972.1299999999 -1.1181716772
972.1399999999 -1.1190101262
972.1499999999 -1.1198469269
972.1599999999 -1.1206821064
972.1699999999 -1.1215156916
972.1799999999 -1.1223477095
972.1899999999 -1.1231781871
972.1999999999 -1.1240071513
972.2099999999 -1.1248346289
972.2199999999 -1.1256606467
972.2299999999 -1.1264852314
972.2399999999 -1.1273084098
972.2499999999 -1.1281302083
972.2599999999 -1.1289506536
972.2699999999 -1.1297697719
972.2799999999 -1.1305875898
972.2899999999 -1.1314041333
972.2999999999 -1.1322194286
972.3099999999 -1.1330335019
972.3199999999 -1.1338463789
972.3299999999 -1.1346580856
972.3399999999 -1.1354686475
972.3499999999 -1.1362780903
972.3599999999 -1.1370864394
972.3699999999 -1.1378937199
972.3799999999 -1.1386999572
972.3899999999 -1.1395051762
972.3999999999 -1.1403094016
972.4099999999 -1.1411126583
972.4199999999 -1.1419149706
972.4299999999 -1.1427163630
972.4399999999 -1.1435168596
972.4499999999 -1.1443164843
972.4599999999 -1.1451152611
972.4699999999 -1.1459132134
972.4799999999 -1.1467103648
972.4899999999 -1.1475067384
972.4999999999 -1.1483023572
972.5099999999 -1.1490972440
972.5199999999 -1.1498914215
972.5299999999 -1.1506849119
972.5399999999 -1.1514777374
972.5499999999 -1.1522699200
972.5599999999 -1.1530614813
972.5699999999 -1.1538524427
972.5799999999 -1.1546428255
972.5899999999 -1.1554326505
972.5999999999 -1.1562219385
972.6099999999 -1.1570107100
972.6199999999 -1.1577989851
972.6299999999 -1.1585867837
972.6399999999 -1.1593741255
972.6499999999 -1.1601610298
972.6599999999 -1.1609475158
972.6699999999 -1.1617336022
972.6799999999 -1.1625193076
972.6899999999 -1.1633046503
972.6999999999 -1.1640896481
972.7099999999 -1.1648743188
972.7199999999 -1.1656586797
972.7299999999 -1.1664427478
972.7399999999 -1.1672265399
972.7499999999 -1.1680100724
972.7599999999 -1.1687933615
972.7699999999 -1.1695764228
972.7799999999 -1.1703592719
972.7899999999 -1.1711419240
972.7999999999 -1.1719243938
972.8099999999 -1.1727066959
972.8199999999 -1.1734888443
972.8299999999 -1.1742708530
972.8399999999 -1.1750527353
972.8499999999 -1.1758345045
972.8599999999 -1.1766161732
972.8699999999 -1.1773977540
972.8799999999 -1.1781792589
972.8899999999 -1.1789606996
972.8999999999 -1.1797420876
972.9099999999 -1.1805234337
972.9199999999 -1.1813047488
972.9299999999 -1.1820860430
972.9399999999 -1.1828673262
972.9499999999 -1.1836486081
972.9599999999 -1.1844298978
972.9699999999 -1.1852112041
972.9799999999 -1.1859925354
972.9899999999 -1.1867738998
972.9999999999 -1.1875553050
973.0099999999 -1.1883367582
973.0199999999 -1.1891182663
973.0299999999 -1.1898998360
973.0399999999 -1.1906814732
973.0499999999 -1.1914631838
973.0599999999 -1.1922449732
973.0699999999 -1.1930268463
973.0799999999 -1.1938088077
973.0899999999 -1.1945908616
973.0999999999 -1.1953730118
973.1099999999 -1.1961552616
973.1199999999 -1.1969376142
973.1299999999 -1.1977200722
973.1399999999 -1.1985026376
973.1499999999 -1.1992853125
973.1599999999 -1.2000680982
973.1699999999 -1.2008509956
973.1799999999 -1.2016340056
973.1899999999 -1.2024171282
973.1999999999 -1.2032003633
973.2099999999 -1.2039837104
973.2199999999 -1.2047671685
973.2299999999 -1.2055507362
973.2399999999 -1.2063344118
973.2499999999 -1.2071181931
973.2599999999 -1.2079020775
973.2699999999 -1.2086860620
973.2799999999 -1.2094701434
973.2899999999 -1.2102543178
973.2999999999 -1.2110385812
973.3099999999 -1.2118229289
973.3199999999 -1.2126073560
973.3299999999 -1.2133918571
973.3399999999 -1.2141764267
973.3499999999 -1.2149610584
973.3599999999 -1.2157457458
973.3699999999 -1.2165304820
973.3799999999 -1.2173152597
973.3899999999 -1.2181000712
973.3999999999 -1.2188849084
973.4099999999 -1.2196697629
973.4199999999 -1.2204546258
973.4299999999 -1.2212394879
973.4399999999 -1.2220243396
973.4499999999 -1.2228091709
973.4599999999 -1.2235939715
973.4699999999 -1.2243787305
973.4799999999 -1.2251634370
973.4899999999 -1.2259480794
973.4999999999 -1.2267326458
973.5099999999 -1.2275171241
973.5199999999 -1.2283015016
973.5299999999 -1.2290857655
973.5399999999 -1.2298699024
973.5499999999 -1.2306538986
973.5599999999 -1.2314377402
973.5699999999 -1.2322214127
973.5799999999 -1.2330049014
973.5899999999 -1.2337881914
973.5999999999 -1.2345712671
973.6099999999 -1.2353541128
973.6199999999 -1.2361367125
973.6299999999 -1.2369190497
973.6399999999 -1.2377011076
973.6499999999 -1.2384828692
973.6599999999 -1.2392643171
973.6699999999 -1.2400454334
973.6799999999 -1.2408262003
973.6899999999 -1.2416065993
973.6999999999 -1.2423866117
973.7099999999 -1.2431662185
973.7199999999 -1.2439454005
973.7299999999 -1.2447241381
973.7399999999 -1.2455024114
973.7499999999 -1.2462802002
973.7599999999 -1.2470574840
973.7699999999 -1.2478342421
973.7799999999 -1.2486104534
973.7899999999 -1.2493860967
973.7999999999 -1.2501611503
973.8099999999 -1.2509355924
973.8199999999 -1.2517094008
973.8299999999 -1.2524825533
973.8399999999 -1.2532550271
973.8499999999 -1.2540267993
973.8599999999 -1.2547978469
973.8699999999 -1.2555681464
973.8799999999 -1.2563376742
973.8899999999 -1.2571064066
973.8999999999 -1.2578743192
973.9099999999 -1.2586413880
973.9199999999 -1.2594075884
973.9299999999 -1.2601728955
973.9399999999 -1.2609372846
973.9499999999 -1.2617007303
973.9599999999 -1.2624632074
973.9699999999 -1.2632246903
973.9799999999 -1.2639851533
973.9899999999 -1.2647445704
973.9999999999 -1.2655029155
974.0099999999 -1.2662601624
974.0199999999 -1.2670162845
974.0299999999 -1.2677712553
974.0399999999 -1.2685250480
974.0499999999 -1.2692776357
974.0599999999 -1.2700289912
974.0699999999 -1.2707790874
974.0799999999 -1.2715278968
974.0899999999 -1.2722753920
974.0999999999 -1.2730215454
974.1099999999 -1.2737663291
974.1199999999 -1.2745097154
974.1299999999 -1.2752516762
974.1399999999 -1.2759921835
974.1499999999 -1.2767312090
974.1599999999 -1.2774687245
974.1699999999 -1.2782047017
974.1799999999 -1.2789391120
974.1899999999 -1.2796719269
974.1999999999 -1.2804031178
974.2099999999 -1.2811326560
974.2199999999 -1.2818605129
974.2299999999 -1.2825866595
974.2399999999 -1.2833110670
974.2499999999 -1.2840337067
974.2599999999 -1.2847545494
974.2699999999 -1.2854735663
974.2799999999 -1.2861907284
974.2899999999 -1.2869060066
974.2999999999 -1.2876193719
974.3099999999 -1.2883307953
974.3199999999 -1.2890402477
974.3299999999 -1.2897477001
974.3399999999 -1.2904531235
974.3499999999 -1.2911564887
974.3599999999 -1.2918577668
974.3699999999 -1.2925569288
974.3799999999 -1.2932539458
974.3899999999 -1.2939487887
974.3999999999 -1.2946414288
974.4099999999 -1.2953318372
974.4199999999 -1.2960199851
974.4299999999 -1.2967058437
974.4399999999 -1.2973893844
974.4499999999 -1.2980705786
974.4599999999 -1.2987493978
974.4699999999 -1.2994258135
974.4799999999 -1.3000997973
974.4899999999 -1.3007713210
974.4999999999 -1.3014403564
974.5099999999 -1.3021068755
974.5199999999 -1.3027708502
974.5299999999 -1.3034322527
974.5399999999 -1.3040910553
974.5499999999 -1.3047472303
974.5599999999 -1.3054007504
974.5699999999 -1.3060515881
974.5799999999 -1.3066997161
974.5899999999 -1.3073451076
974.5999999999 -1.3079877355
974.6099999999 -1.3086275731
974.6199999999 -1.3092645938
974.6299999999 -1.3098987712
974.6399999999 -1.3105300789
974.6499999999 -1.3111584911
974.6599999999 -1.3117839816
974.6699999999 -1.3124065249
974.6799999999 -1.3130260953
974.6899999999 -1.3136426676
974.6999999999 -1.3142562167
974.7099999999 -1.3148667176
974.7199999999 -1.3154741457
974.7299999999 -1.3160784764
974.7399999999 -1.3166796855
974.7499999999 -1.3172777489
974.7599999999 -1.3178726429
974.7699999999 -1.3184643438
974.7799999999 -1.3190528284
974.7899999999 -1.3196380735
974.7999999999 -1.3202200563
974.8099999999 -1.3207987542
974.8199999999 -1.3213741449
974.8299999999 -1.3219462064
974.8399999999 -1.3225149168
974.8499999999 -1.3230802545
974.8599999999 -1.3236421985
974.8699999999 -1.3242007276
974.8799999999 -1.3247558212
974.8899999999 -1.3253074588
974.8999999999 -1.3258556205
974.9099999999 -1.3264002863
974.9199999999 -1.3269414368
974.9299999999 -1.3274790528
974.9399999999 -1.3280131152
974.9499999999 -1.3285436056
974.9599999999 -1.3290705057
974.9699999999 -1.3295937975
974.9799999999 -1.3301134633
974.9899999999 -1.3306294859
974.9999999999 -1.3311418483
975.0099999999 -1.3316505338
975.0199999999 -1.3321555260
975.0299999999 -1.3326568091
975.0399999999 -1.3331543674
975.0499999999 -1.3336481855
975.0599999999 -1.3341382485
975.0699999999 -1.3346245419
975.0799999999 -1.3351070513
975.0899999999 -1.3355857629
975.0999999999 -1.3360606632
975.1099999999 -1.3365317390
975.1199999999 -1.3369989774
975.1299999999 -1.3374623661
975.1399999999 -1.3379218929
975.1499999999 -1.3383775461
975.1599999999 -1.3388293145
975.1699999999 -1.3392771871
975.1799999999 -1.3397211533
975.1899999999 -1.3401612029
975.1999999999 -1.3405973260
975.2099999999 -1.3410295133
975.2199999999 -1.3414577557
975.2299999999 -1.3418820446
975.2399999999 -1.3423023716
975.2499999999 -1.3427187289
975.2599999999 -1.3431311090
975.2699999999 -1.3435395047
975.2799999999 -1.3439439095
975.2899999999 -1.3443443170
975.2999999999 -1.3447407213
975.3099999999 -1.3451331168
975.3199999999 -1.3455214984
975.3299999999 -1.3459058615
975.3399999999 -1.3462862018
975.3499999999 -1.3466625152
975.3599999999 -1.3470347984
975.3699999999 -1.3474030481
975.3799999999 -1.3477672617
975.3899999999 -1.3481274369
975.3999999999 -1.3484835719
975.4099999999 -1.3488356650
975.4199999999 -1.3491837153
975.4299999999 -1.3495277220
975.4399999999 -1.3498676849
975.4499999999 -1.3502036041
975.4599999999 -1.3505354801
975.4699999999 -1.3508633139
975.4799999999 -1.3511871068
975.4899999999 -1.3515068606
975.4999999999 -1.3518225774
975.5099999999 -1.3521342599
975.5199999999 -1.3524419108
975.5299999999 -1.3527455337
975.5399999999 -1.3530451322
975.5499999999 -1.3533407106
975.5599999999 -1.3536322734
975.5699999999 -1.3539198255
975.5799999999 -1.3542033724
975.5899999999 -1.3544829197
975.5999999999 -1.3547584737
975.6099999999 -1.3550300409
975.6199999999 -1.3552976281
975.6299999999 -1.3555612428
975.6399999999 -1.3558208927
975.6499999999 -1.3560765859
975.6599999999 -1.3563283308
975.6699999999 -1.3565761364
975.6799999999 -1.3568200119
975.6899999999 -1.3570599670
975.6999999999 -1.3572960116
975.7099999999 -1.3575281562
975.7199999999 -1.3577564116
975.7299999999 -1.3579807889
975.7399999999 -1.3582012996
975.7499999999 -1.3584179557
975.7599999999 -1.3586307692
975.7699999999 -1.3588397530
975.7799999999 -1.3590449199
975.7899999999 -1.3592462833
975.7999999999 -1.3594438569
975.8099999999 -1.3596376547
975.8199999999 -1.3598276910
975.8299999999 -1.3600139808
975.8399999999 -1.3601965389
975.8499999999 -1.3603753809
975.8599999999 -1.3605505225
975.8699999999 -1.3607219797
975.8799999999 -1.3608897691
975.8899999999 -1.3610539074
975.8999999999 -1.3612144116
975.9099999999 -1.3613712991
975.9199999999 -1.3615245877
975.9299999999 -1.3616742954
975.9399999999 -1.3618204405
975.9499999999 -1.3619630416
975.9599999999 -1.3621021177
975.9699999999 -1.3622376881
975.9799999999 -1.3623697723
975.9899999999 -1.3624983902
975.9999999999 -1.3626235617
976.0099999999 -1.3627453074
976.0199999999 -1.3628636479
976.0299999999 -1.3629786042
976.0399999999 -1.3630901975
976.0499999999 -1.3631984492
976.0599999999 -1.3633033812
976.0699999999 -1.3634050155
976.0799999999 -1.3635033742
976.0899999999 -1.3635984800
976.0999999999 -1.3636903555
976.1099999999 -1.3637790239
976.1199999999 -1.3638645082
976.1299999999 -1.3639468319
976.1399999999 -1.3640260188
976.1499999999 -1.3641020927
976.1599999999 -1.3641750778
976.1699999999 -1.3642449984
976.1799999999 -1.3643118790
976.1899999999 -1.3643757443
976.1999999999 -1.3644366194
976.2099999999 -1.3644945292
976.2199999999 -1.3645494992
976.2299999999 -1.3646015548
976.2399999999 -1.3646507217
976.2499999999 -1.3646970257
976.2599999999 -1.3647404928
976.2699999999 -1.3647811493
976.2799999999 -1.3648190213
976.2899999999 -1.3648541353
976.2999999999 -1.3648865181
976.3099999999 -1.3649161963
976.3199999999 -1.3649431968
976.3299999999 -1.3649675466
976.3399999999 -1.3649892729
976.3499999999 -1.3650084029
976.3599999999 -1.3650249640
976.3699999999 -1.3650389836
976.3799999999 -1.3650504894
976.3899999999 -1.3650595089
976.3999999999 -1.3650660699
976.4099999999 -1.3650702004
976.4199999999 -1.3650719281
976.4299999999 -1.3650712811
976.4399999999 -1.3650682875
976.4499999999 -1.3650629753
976.4599999999 -1.3650553728
976.4699999999 -1.3650455081
976.4799999999 -1.3650334096
976.4899999999 -1.3650191055
976.4999999999 -1.3650026242
976.5099999999 -1.3649839941
976.5199999999 -1.3649632436
976.5299999999 -1.3649404010
976.5399999999 -1.3649154948
976.5499999999 -1.3648885535
976.5599999999 -1.3648596053
976.5699999999 -1.3648286789
976.5799999999 -1.3647958025
976.5899999999 -1.3647610046
976.5999999999 -1.3647243135
976.6099999999 -1.3646857576
976.6199999999 -1.3646453651
976.6299999999 -1.3646031644
976.6399999999 -1.3645591836
976.6499999999 -1.3645134510
976.6599999999 -1.3644659945
976.6699999999 -1.3644168423
976.6799999999 -1.3643660223
976.6899999999 -1.3643135625
976.6999999999 -1.3642594906
976.7099999999 -1.3642038343
976.7199999999 -1.3641466215
976.7299999999 -1.3640878795
976.7399999999 -1.3640276358
976.7499999999 -1.3639659178
976.7599999999 -1.3639027526
976.7699999999 -1.3638381675
976.7799999999 -1.3637721893
976.7899999999 -1.3637048450
976.7999999999 -1.3636361613
976.8099999999 -1.3635661646
976.8199999999 -1.3634948816
976.8299999999 -1.3634223383
976.8399999999 -1.3633485611
976.8499999999 -1.3632735758
976.8599999999 -1.3631974083
976.8699999999 -1.3631200841
976.8799999999 -1.3630416288
976.8899999999 -1.3629620676
976.8999999999 -1.3628814255
976.9099999999 -1.3627997276
976.9199999999 -1.3627169985
976.9299999999 -1.3626332626
976.9399999999 -1.3625485443
976.9499999999 -1.3624628676
976.9599999999 -1.3623762565
976.9699999999 -1.3622887346
976.9799999999 -1.3622003252
976.9899999999 -1.3621110516
976.9999999999 -1.3620209367
977.0099999999 -1.3619300032
977.0199999999 -1.3618382736
977.0299999999 -1.3617457702
977.0399999999 -1.3616525149
977.0499999999 -1.3615585293
977.0599999999 -1.3614638351
977.0699999999 -1.3613684532
977.0799999999 -1.3612724048
977.0899999999 -1.3611757103
977.0999999999 -1.3610783902
977.1099999999 -1.3609804646
977.1199999999 -1.3608819532
977.1299999999 -1.3607828756
977.1399999999 -1.3606832509
977.1499999999 -1.3605830981
977.1599999999 -1.3604824358
977.1699999999 -1.3603812823
977.1799999999 -1.3602796556
977.1899999999 -1.3601775734
977.1999999999 -1.3600750530
977.2099999999 -1.3599721116
977.2199999999 -1.3598687658
977.2299999999 -1.3597650320
977.2399999999 -1.3596609264
977.2499999999 -1.3595564646
977.2599999999 -1.3594516621
977.2699999999 -1.3593465339
977.2799999999 -1.3592410948
977.2899999999 -1.3591353592
977.2999999999 -1.3590293410
977.3099999999 -1.3589230540
977.3199999999 -1.3588165115
977.3299999999 -1.3587097264
977.3399999999 -1.3586027115
977.3499999999 -1.3584954789
977.3599999999 -1.3583880405
977.3699999999 -1.3582804080
977.3799999999 -1.3581725924
977.3899999999 -1.3580646045
977.3999999999 -1.3579564548
977.4099999999 -1.3578481534
977.4199999999 -1.3577397098
977.4299999999 -1.3576311334
977.4399999999 -1.3575224331
977.4499999999 -1.3574136175
977.4599999999 -1.3573046946
977.4699999999 -1.3571956723
977.4799999999 -1.3570865580
977.4899999999 -1.3569773587
977.4999999999 -1.3568680808
977.5099999999 -1.3567587308
977.5199999999 -1.3566493144
977.5299999999 -1.3565398370
977.5399999999 -1.3564303037
977.5499999999 -1.3563207191
977.5599999999 -1.3562110875
977.5699999999 -1.3561014128
977.5799999999 -1.3559916984
977.5899999999 -1.3558819473
977.5999999999 -1.3557721623
977.6099999999 -1.3556623456
977.6199999999 -1.3555524991
977.6299999999 -1.3554426243
977.6399999999 -1.3553327222
977.6499999999 -1.3552227935
977.6599999999 -1.3551128385
977.6699999999 -1.3550028570
977.6799999999 -1.3548928486
977.6899999999 -1.3547828123
977.6999999999 -1.3546727468
977.7099999999 -1.3545626504
977.7199999999 -1.3544525210
977.7299999999 -1.3543423560
977.7399999999 -1.3542321525
977.7499999999 -1.3541219073
977.7599999999 -1.3540116167
977.7699999999 -1.3539012765
977.7799999999 -1.3537908822
977.7899999999 -1.3536804291
977.7999999999 -1.3535699117
977.8099999999 -1.3534593245
977.8199999999 -1.3533486614
977.8299999999 -1.3532379159
977.8399999999 -1.3531270813
977.8499999999 -1.3530161503
977.8599999999 -1.3529051152
977.8699999999 -1.3527939683
977.8799999999 -1.3526827010
977.8899999999 -1.3525713047
977.8999999999 -1.3524597702
977.9099999999 -1.3523480881
977.9199999999 -1.3522362484
977.9299999999 -1.3521242410
977.9399999999 -1.3520120553
977.9499999999 -1.3518996803
977.9599999999 -1.3517871047
977.9699999999 -1.3516743167
977.9799999999 -1.3515613044
977.9899999999 -1.3514480553
977.9999999999 -1.3513345567
978.0099999999 -1.3512207954
978.0199999999 -1.3511067580
978.0299999999 -1.3509924307
978.0399999999 -1.3508777994
978.0499999999 -1.3507628495
978.0599999999 -1.3506475662
978.0699999999 -1.3505319343
978.0799999999 -1.3504159385
978.0899999999 -1.3502995627
978.0999999999 -1.3501827910
978.1099999999 -1.3500656069
978.1199999999 -1.3499479934
978.1299999999 -1.3498299337
978.1399999999 -1.3497114102
978.1499999999 -1.3495924052
978.1599999999 -1.3494729007
978.1699999999 -1.3493528785
978.1799999999 -1.3492323198
978.1899999999 -1.3491112058
978.1999999999 -1.3489895173
978.2099999999 -1.3488672348
978.2199999999 -1.3487443385
978.2299999999 -1.3486208084
978.2399999999 -1.3484966243
978.2499999999 -1.3483717654
978.2599999999 -1.3482462111
978.2699999999 -1.3481199401
978.2799999999 -1.3479929312
978.2899999999 -1.3478651627
978.2999999999 -1.3477366128
978.3099999999 -1.3476072593
978.3199999999 -1.3474770801
978.3299999999 -1.3473460524
978.3399999999 -1.3472141535
978.3499999999 -1.3470813604
978.3599999999 -1.3469476498
978.3699999999 -1.3468129984
978.3799999999 -1.3466773824
978.3899999999 -1.3465407780
978.3999999999 -1.3464031612
978.4099999999 -1.3462645076
978.4199999999 -1.3461247929
978.4299999999 -1.3459839924
978.4399999999 -1.3458420813
978.4499999999 -1.3456990347
978.4599999999 -1.3455548273
978.4699999999 -1.3454094339
978.4799999999 -1.3452628290
978.4899999999 -1.3451149870
978.4999999999 -1.3449658821
978.5099999999 -1.3448154883
978.5199999999 -1.3446637797
978.5299999999 -1.3445107301
978.5399999999 -1.3443563130
978.5499999999 -1.3442005022
978.5599999999 -1.3440432711
978.5699999999 -1.3438845929
978.5799999999 -1.3437244410
978.5899999999 -1.3435627884
978.5999999999 -1.3433996082
978.6099999999 -1.3432348734
978.6199999999 -1.3430685568
978.6299999999 -1.3429006312
978.6399999999 -1.3427310694
978.6499999999 -1.3425598439
978.6599999999 -1.3423869275
978.6699999999 -1.3422122926
978.6799999999 -1.3420359116
978.6899999999 -1.3418577572
978.6999999999 -1.3416778016
978.7099999999 -1.3414960172
978.7199999999 -1.3413123765
978.7299999999 -1.3411268516
978.7399999999 -1.3409394150
978.7499999999 -1.3407500389
978.7599999999 -1.3405586957
978.7699999999 -1.3403653575
978.7799999999 -1.3401699968
978.7899999999 -1.3399725859
978.7999999999 -1.3397730971
978.8099999999 -1.3395715027
978.8199999999 -1.3393677752
978.8299999999 -1.3391618869
978.8399999999 -1.3389538104
978.8499999999 -1.3387435182
978.8599999999 -1.3385309828
978.8699999999 -1.3383161769
978.8799999999 -1.3380990732
978.8899999999 -1.3378796444
978.8999999999 -1.3376578633
978.9099999999 -1.3374337030
978.9199999999 -1.3372071364
978.9299999999 -1.3369781365
978.9399999999 -1.3367466766
978.9499999999 -1.3365127300
978.9599999999 -1.3362762702
978.9699999999 -1.3360372705
978.9799999999 -1.3357957047
978.9899999999 -1.3355515465
978.9999999999 -1.3353047698
979.0099999999 -1.3350553487
979.0199999999 -1.3348032574
979.0299999999 -1.3345484700
979.0399999999 -1.3342909612
979.0499999999 -1.3340307055
979.0599999999 -1.3337676778
979.0699999999 -1.3335018530
979.0799999999 -1.3332332062
979.0899999999 -1.3329617127
979.0999999999 -1.3326873481
979.1099999999 -1.3324100879
979.1199999999 -1.3321299082
979.1299999999 -1.3318467849
979.1399999999 -1.3315606943
979.1499999999 -1.3312716130
979.1599999999 -1.3309795175
979.1699999999 -1.3306843848
979.1799999999 -1.3303861922
979.1899999999 -1.3300849168
979.1999999999 -1.3297805363
979.2099999999 -1.3294730285
979.2199999999 -1.3291623716
979.2299999999 -1.3288485438
979.2399999999 -1.3285315237
979.2499999999 -1.3282112900
979.2599999999 -1.3278878220
979.2699999999 -1.3275610989
979.2799999999 -1.3272311004
979.2899999999 -1.3268978062
979.2999999999 -1.3265611967
979.3099999999 -1.3262212522
979.3199999999 -1.3258779535
979.3299999999 -1.3255312815
979.3399999999 -1.3251812176
979.3499999999 -1.3248277434
979.3599999999 -1.3244708407
979.3699999999 -1.3241104918
979.3799999999 -1.3237466793
979.3899999999 -1.3233793858
979.3999999999 -1.3230085946
979.4099999999 -1.3226342891
979.4199999999 -1.3222564531
979.4299999999 -1.3218750708
979.4399999999 -1.3214901264
979.4499999999 -1.3211016049
979.4599999999 -1.3207094913
979.4699999999 -1.3203137710
979.4799999999 -1.3199144299
979.4899999999 -1.3195114540
979.4999999999 -1.3191048299
979.5099999999 -1.3186945443
979.5199999999 -1.3182805845
979.5299999999 -1.3178629379
979.5399999999 -1.3174415925
979.5499999999 -1.3170165365
979.5599999999 -1.3165877586
979.5699999999 -1.3161552477
979.5799999999 -1.3157189932
979.5899999999 -1.3152789848
979.5999999999 -1.3148352126
979.6099999999 -1.3143876671
979.6199999999 -1.3139363391
979.6299999999 -1.3134812199
979.6399999999 -1.3130223010
979.6499999999 -1.3125595745
979.6599999999 -1.3120930328
979.6699999999 -1.3116226686
979.6799999999 -1.3111484751
979.6899999999 -1.3106704458
979.6999999999 -1.3101885746
979.7099999999 -1.3097028560
979.7199999999 -1.3092132846
979.7299999999 -1.3087198555
979.7399999999 -1.3082225643
979.7499999999 -1.3077214069
979.7599999999 -1.3072163796
979.7699999999 -1.3067074791
979.7799999999 -1.3061947025
979.7899999999 -1.3056780473
979.7999999999 -1.3051575116
979.8099999999 -1.3046330935
979.8199999999 -1.3041047918
979.8299999999 -1.3035726056
979.8399999999 -1.3030365345
979.8499999999 -1.3024965785
979.8599999999 -1.3019527378
979.8699999999 -1.3014050131
979.8799999999 -1.3008534058
979.8899999999 -1.3002979172
979.8999999999 -1.2997385494
979.9099999999 -1.2991753048
979.9199999999 -1.2986081860
979.9299999999 -1.2980371964
979.9399999999 -1.2974623393
979.9499999999 -1.2968836189
979.9599999999 -1.2963010396
979.9699999999 -1.2957146060
979.9799999999 -1.2951243234
979.9899999999 -1.2945301974
979.9999999999 -1.2939322339
980.0099999999 -1.2933304394
980.0199999999 -1.2927248206
980.0299999999 -1.2921153846
980.0399999999 -1.2915021391
980.0499999999 -1.2908850921
980.0599999999 -1.2902642518
980.0699999999 -1.2896396270
980.0799999999 -1.2890112268
980.0899999999 -1.2883790609
980.0999999999 -1.2877431390
980.1099999999 -1.2871034715
980.1199999999 -1.2864600690
980.1299999999 -1.2858129427
980.1399999999 -1.2851621038
980.1499999999 -1.2845075643
980.1599999999 -1.2838493363
980.1699999999 -1.2831874324
980.1799999999 -1.2825218654
980.1899999999 -1.2818526488
980.1999999999 -1.2811797960
980.2099999999 -1.2805033212
980.2199999999 -1.2798232387
980.2299999999 -1.2791395633
980.2399999999 -1.2784523100
980.2499999999 -1.2777614943
980.2599999999 -1.2770671319
980.2699999999 -1.2763692390
980.2799999999 -1.2756678321
980.2899999999 -1.2749629279
980.2999999999 -1.2742545437
980.3099999999 -1.2735426968
980.3199999999 -1.2728274052
980.3299999999 -1.2721086868
980.3399999999 -1.2713865603
980.3499999999 -1.2706610444
980.3599999999 -1.2699321581
980.3699999999 -1.2691999210
980.3799999999 -1.2684643526
980.3899999999 -1.2677254730
980.3999999999 -1.2669833026
980.4099999999 -1.2662378619
980.4199999999 -1.2654891719
980.4299999999 -1.2647372537
980.4399999999 -1.2639821289
980.4499999999 -1.2632238192
980.4599999999 -1.2624623467
980.4699999999 -1.2616977336
980.4799999999 -1.2609300027
980.4899999999 -1.2601591766
980.4999999999 -1.2593852786
980.5099999999 -1.2586083319
980.5199999999 -1.2578283603
980.5299999999 -1.2570453875
980.5399999999 -1.2562594377
980.5499999999 -1.2554705353
980.5599999999 -1.2546787047
980.5699999999 -1.2538839708
980.5799999999 -1.2530863587
980.5899999999 -1.2522858935
980.5999999999 -1.2514826008
980.6099999999 -1.2506765062
980.6199999999 -1.2498676355
980.6299999999 -1.2490560150
980.6399999999 -1.2482416707
980.6499999999 -1.2474246292
980.6599999999 -1.2466049171
980.6699999999 -1.2457825612
980.6799999999 -1.2449575886
980.6899999999 -1.2441300264
980.6999999999 -1.2432999018
980.7099999999 -1.2424672425
980.7199999999 -1.2416320759
980.7299999999 -1.2407944300
980.7399999999 -1.2399543326
980.7499999999 -1.2391118118
980.7599999999 -1.2382668959
980.7699999999 -1.2374196130
980.7799999999 -1.2365699916
980.7899999999 -1.2357180604
980.7999999999 -1.2348638479
980.8099999999 -1.2340073830
980.8199999999 -1.2331486945
980.8299999999 -1.2322878114
980.8399999999 -1.2314247627
980.8499999999 -1.2305595775
980.8599999999 -1.2296922852
980.8699999999 -1.2288229148
980.8799999999 -1.2279514958
980.8899999999 -1.2270780577
980.8999999999 -1.2262026297
980.9099999999 -1.2253252416
980.9199999999 -1.2244459227
980.9299999999 -1.2235647027
980.9399999999 -1.2226816112
980.9499999999 -1.2217966779
980.9599999999 -1.2209099324
980.9699999999 -1.2200214044
980.9799999999 -1.2191311235
980.9899999999 -1.2182391195
980.9999999999 -1.2173454221
981.0099999999 -1.2164500609
981.0199999999 -1.2155530656
981.0299999999 -1.2146544658
981.0399999999 -1.2137542912
981.0499999999 -1.2128525713
981.0599999999 -1.2119493357
981.0699999999 -1.2110446139
981.0799999999 -1.2101384353
981.0899999999 -1.2092308294
981.0999999999 -1.2083218255
981.1099999999 -1.2074114529
981.1199999999 -1.2064997408
981.1299999999 -1.2055867183
981.1399999999 -1.2046724145
981.1499999999 -1.2037568583
981.1599999999 -1.2028400787
981.1699999999 -1.2019221043
981.1799999999 -1.2010029639
981.1899999999 -1.2000826859
981.1999999999 -1.1991612990
981.2099999999 -1.1982388313
981.2199999999 -1.1973153111
981.2299999999 -1.1963907664
981.2399999999 -1.1954652252
981.2499999999 -1.1945387153
981.2599999999 -1.1936112643
981.2699999999 -1.1926828996
981.2799999999 -1.1917536487
981.2899999999 -1.1908235387
981.2999999999 -1.1898925965
981.3099999999 -1.1889608491
981.3199999999 -1.1880283230
981.3299999999 -1.1870950447
981.3399999999 -1.1861610405
981.3499999999 -1.1852263365
981.3599999999 -1.1842909586
981.3699999999 -1.1833549324
981.3799999999 -1.1824182835
981.3899999999 -1.1814810370
981.3999999999 -1.1805432180
981.4099999999 -1.1796048514
981.4199999999 -1.1786659617
981.4299999999 -1.1777265733
981.4399999999 -1.1767867103
981.4499999999 -1.1758463966
981.4599999999 -1.1749056558
981.4699999999 -1.1739645114
981.4799999999 -1.1730229864
981.4899999999 -1.1720811037
981.4999999999 -1.1711388860
981.5099999999 -1.1701963555
981.5199999999 -1.1692535344
981.5299999999 -1.1683104445
981.5399999999 -1.1673671072
981.5499999999 -1.1664235438
981.5599999999 -1.1654797753
981.5699999999 -1.1645358222
981.5799999999 -1.1635917050
981.5899999999 -1.1626474437
981.5999999999 -1.1617030581
981.6099999999 -1.1607585676
981.6199999999 -1.1598139913
981.6299999999 -1.1588693481
981.6399999999 -1.1579246565
981.6499999999 -1.1569799347
981.6599999999 -1.1560352005
981.6699999999 -1.1550904715
981.6799999999 -1.1541457648
981.6899999999 -1.1532010973
981.6999999999 -1.1522564857
981.7099999999 -1.1513119460
981.7199999999 -1.1503674941
981.7299999999 -1.1494231455
981.7399999999 -1.1484789154
981.7499999999 -1.1475348186
981.7599999999 -1.1465908694
981.7699999999 -1.1456470822
981.7799999999 -1.1447034704
981.7899999999 -1.1437600476
981.7999999999 -1.1428168267
981.8099999999 -1.1418738204
981.8199999999 -1.1409310410
981.8299999999 -1.1399885003
981.8399999999 -1.1390462099
981.8499999999 -1.1381041809
981.8599999999 -1.1371624242
981.8699999999 -1.1362209500
981.8799999999 -1.1352797685
981.8899999999 -1.1343388893
981.8999999999 -1.1333983216
981.9099999999 -1.1324580743
981.9199999999 -1.1315181558
981.9299999999 -1.1305785744
981.9399999999 -1.1296393376
981.9499999999 -1.1287004528
981.9599999999 -1.1277619269
981.9699999999 -1.1268237664
981.9799999999 -1.1258859775
981.9899999999 -1.1249485659
981.9999999999 -1.1240115370
982.0099999999 -1.1230748957
982.0199999999 -1.1221386465
982.0299999999 -1.1212027936
982.0399999999 -1.1202673408
982.0499999999 -1.1193322914
982.0599999999 -1.1183976483
982.0699999999 -1.1174634142
982.0799999999 -1.1165295911
982.0899999999 -1.1155961809
982.0999999999 -1.1146631848
982.1099999999 -1.1137306039
982.1199999999 -1.1127984387
982.1299999999 -1.1118666894
982.1399999999 -1.1109353557
982.1499999999 -1.1100044370
982.1599999999 -1.1090739322
982.1699999999 -1.1081438399
982.1799999999 -1.1072141583
982.1899999999 -1.1062848851
982.1999999999 -1.1053560177
982.2099999999 -1.1044275531
982.2199999999 -1.1034994879
982.2299999999 -1.1025718183
982.2399999999 -1.1016445401
982.2499999999 -1.1007176486
982.2599999999 -1.0997911389
982.2699999999 -1.0988650056
982.2799999999 -1.0979392430
982.2899999999 -1.0970138450
982.2999999999 -1.0960888049
982.3099999999 -1.0951641160
982.3199999999 -1.0942397708
982.3299999999 -1.0933157618
982.3399999999 -1.0923920809
982.3499999999 -1.0914687197
982.3599999999 -1.0905456693
982.3699999999 -1.0896229207
982.3799999999 -1.0887004643
982.3899999999 -1.0877782901
982.3999999999 -1.0868563881
982.4099999999 -1.0859347474
982.4199999999 -1.0850133571
982.4299999999 -1.0840922060
982.4399999999 -1.0831712822
982.4499999999 -1.0822505738
982.4599999999 -1.0813300683
982.4699999999 -1.0804097531
982.4799999999 -1.0794896149
982.4899999999 -1.0785696405
982.4999999999 -1.0776498161
982.5099999999 -1.0767301274
982.5199999999 -1.0758105603
982.5299999999 -1.0748910997
982.5399999999 -1.0739717308
982.5499999999 -1.0730524381
982.5599999999 -1.0721332058
982.5699999999 -1.0712140180
982.5799999999 -1.0702948584
982.5899999999 -1.0693757101
982.5999999999 -1.0684565564
982.6099999999 -1.0675373799
982.6199999999 -1.0666181632
982.6299999999 -1.0656988883
982.6399999999 -1.0647795371
982.6499999999 -1.0638600913
982.6599999999 -1.0629405321
982.6699999999 -1.0620208406
982.6799999999 -1.0611009976
982.6899999999 -1.0601809834
982.6999999999 -1.0592607784
982.7099999999 -1.0583403626
982.7199999999 -1.0574197156
982.7299999999 -1.0564988169
982.7399999999 -1.0555776457
982.7499999999 -1.0546561810
982.7599999999 -1.0537344016
982.7699999999 -1.0528122860
982.7799999999 -1.0518898124
982.7899999999 -1.0509669588
982.7999999999 -1.0500437033
982.8099999999 -1.0491200233
982.8199999999 -1.0481958962
982.8299999999 -1.0472712994
982.8399999999 -1.0463462098
982.8499999999 -1.0454206042
982.8599999999 -1.0444944593
982.8699999999 -1.0435677516
982.8799999999 -1.0426404572
982.8899999999 -1.0417125523
982.8999999999 -1.0407840128
982.9099999999 -1.0398548146
982.9199999999 -1.0389249331
982.9299999999 -1.0379943438
982.9399999999 -1.0370630221
982.9499999999 -1.0361309432
982.9599999999 -1.0351980819
982.9699999999 -1.0342644134
982.9799999999 -1.0333299122
982.9899999999 -1.0323945531
982.9999999999 -1.0314583105
983.0099999999 -1.0305211590
983.0199999999 -1.0295830729
983.0299999999 -1.0286440262
983.0399999999 -1.0277039933
983.0499999999 -1.0267629481
983.0599999999 -1.0258208645
983.0699999999 -1.0248777165
983.0799999999 -1.0239334779
983.0899999999 -1.0229881224
983.0999999999 -1.0220416236
983.1099999999 -1.0210939553
983.1199999999 -1.0201450909
983.1299999999 -1.0191950041
983.1399999999 -1.0182436683
983.1499999999 -1.0172910570
983.1599999999 -1.0163371436
983.1699999999 -1.0153819015
983.1799999999 -1.0144253043
983.1899999999 -1.0134673251
983.1999999999 -1.0125079375
983.2099999999 -1.0115471149
983.2199999999 -1.0105848306
983.2299999999 -1.0096210580
983.2399999999 -1.0086557707
983.2499999999 -1.0076889420
983.2599999999 -1.0067205454
983.2699999999 -1.0057505545
983.2799999999 -1.0047789428
983.2899999999 -1.0038056841
983.2999999999 -1.0028307518
983.3099999999 -1.0018541198
983.3199999999 -1.0008757619
983.3299999999 -0.9998956519
983.3399999999 -0.9989137637
983.3499999999 -0.9979300714
983.3599999999 -0.9969445492
983.3699999999 -0.9959571711
983.3799999999 -0.9949679115
983.3899999999 -0.9939767448
983.3999999999 -0.9929836456
983.4099999999 -0.9919885883
983.4199999999 -0.9909915479
983.4299999999 -0.9899924991
983.4399999999 -0.9889914170
983.4499999999 -0.9879882767
983.4599999999 -0.9869830535
983.4699999999 -0.9859757228
983.4799999999 -0.9849662601
983.4899999999 -0.9839546414
983.4999999999 -0.9829408423
983.5099999999 -0.9819248391
983.5199999999 -0.9809066078
983.5299999999 -0.9798861251
983.5399999999 -0.9788633674
983.5499999999 -0.9778383116
983.5599999999 -0.9768109346
983.5699999999 -0.9757812136
983.5799999999 -0.9747491261
983.5899999999 -0.9737146495
983.5999999999 -0.9726777618
983.6099999999 -0.9716384409
983.6199999999 -0.9705966651
983.6299999999 -0.9695524129
983.6399999999 -0.9685056629
983.6499999999 -0.9674563941
983.6599999999 -0.9664045858
983.6699999999 -0.9653502172
983.6799999999 -0.9642932682
983.6899999999 -0.9632337186
983.6999999999 -0.9621715487
983.7099999999 -0.9611067389
983.7199999999 -0.9600392699
983.7299999999 -0.9589691227
983.7399999999 -0.9578962786
983.7499999999 -0.9568207192
983.7599999999 -0.9557424263
983.7699999999 -0.9546613820
983.7799999999 -0.9535775688
983.7899999999 -0.9524909693
983.7999999999 -0.9514015666
983.8099999999 -0.9503093441
983.8199999999 -0.9492142852
983.8299999999 -0.9481163740
983.8399999999 -0.9470155948
983.8499999999 -0.9459119321
983.8599999999 -0.9448053707
983.8699999999 -0.9436958960
983.8799999999 -0.9425834935
983.8899999999 -0.9414681490
983.8999999999 -0.9403498487
983.9099999999 -0.9392285793
983.9199999999 -0.9381043276
983.9299999999 -0.9369770809
983.9399999999 -0.9358468267
983.9499999999 -0.9347135530
983.9599999999 -0.9335772481
983.9699999999 -0.9324379006
983.9799999999 -0.9312954995
983.9899999999 -0.9301500343
983.9999999999 -0.9290014945
984.0099999999 -0.9278498704
984.0199999999 -0.9266951524
984.0299999999 -0.9255373312
984.0399999999 -0.9243763983
984.0499999999 -0.9232123450
984.0599999999 -0.9220451634
984.0699999999 -0.9208748458
984.0799999999 -0.9197013849
984.0899999999 -0.9185247739
984.0999999999 -0.9173450062
984.1099999999 -0.9161620757
984.1199999999 -0.9149759766
984.1299999999 -0.9137867037
984.1399999999 -0.9125942519
984.1499999999 -0.9113986167
984.1599999999 -0.9101997939
984.1699999999 -0.9089977797
984.1799999999 -0.9077925707
984.1899999999 -0.9065841641
984.1999999999 -0.9053725571
984.2099999999 -0.9041577476
984.2199999999 -0.9029397338
984.2299999999 -0.9017185143
984.2399999999 -0.9004940881
984.2499999999 -0.8992664547
984.2599999999 -0.8980356138
984.2699999999 -0.8968015658
984.2799999999 -0.8955643111
984.2899999999 -0.8943238509
984.2999999999 -0.8930801865
984.3099999999 -0.8918333198
984.3199999999 -0.8905832531
984.3299999999 -0.8893299889
984.3399999999 -0.8880735303
984.3499999999 -0.8868138808
984.3599999999 -0.8855510443
984.3699999999 -0.8842850249
984.3799999999 -0.8830158273
984.3899999999 -0.8817434566
984.3999999999 -0.8804679183
984.4099999999 -0.8791892181
984.4199999999 -0.8779073624
984.4299999999 -0.8766223578
984.4399999999 -0.8753342114
984.4499999999 -0.8740429306
984.4599999999 -0.8727485233
984.4699999999 -0.8714509977
984.4799999999 -0.8701503624
984.4899999999 -0.8688466264
984.4999999999 -0.8675397993
984.5099999999 -0.8662298907
984.5199999999 -0.8649169109
984.5299999999 -0.8636008705
984.5399999999 -0.8622817804
984.5499999999 -0.8609596519
984.5599999999 -0.8596344968
984.5699999999 -0.8583063272
984.5799999999 -0.8569751556
984.5899999999 -0.8556409948
984.5999999999 -0.8543038580
984.6099999999 -0.8529637589
984.6199999999 -0.8516207114
984.6299999999 -0.8502747298
984.6399999999 -0.8489258288
984.6499999999 -0.8475740235
984.6599999999 -0.8462193292
984.6699999999 -0.8448617619
984.6799999999 -0.8435013374
984.6899999999 -0.8421380724
984.6999999999 -0.8407719836
984.7099999999 -0.8394030882
984.7199999999 -0.8380314037
984.7299999999 -0.8366569479
984.7399999999 -0.8352797389
984.7499999999 -0.8338997954
984.7599999999 -0.8325171360
984.7699999999 -0.8311317800
984.7799999999 -0.8297437467
984.7899999999 -0.8283530561
984.7999999999 -0.8269597282
984.8099999999 -0.8255637833
984.8199999999 -0.8241652423
984.8299999999 -0.8227641261
984.8399999999 -0.8213604561
984.8499999999 -0.8199542538
984.8599999999 -0.8185455412
984.8699999999 -0.8171343405
984.8799999999 -0.8157206741
984.8899999999 -0.8143045648
984.8999999999 -0.8128860356
984.9099999999 -0.8114651098
984.9199999999 -0.8100418110
984.9299999999 -0.8086161630
984.9399999999 -0.8071881898
984.9499999999 -0.8057579159
984.9599999999 -0.8043253658
984.9699999999 -0.8028905643
984.9799999999 -0.8014535365
984.9899999999 -0.8000143077
984.9999999999 -0.7985729034
985.0099999999 -0.7971293495
985.0199999999 -0.7956836718
985.0299999999 -0.7942358966
985.0399999999 -0.7927860503
985.0499999999 -0.7913341595
985.0599999999 -0.7898802510
985.0699999999 -0.7884243519
985.0799999999 -0.7869664893
985.0899999999 -0.7855066906
985.0999999999 -0.7840449834
985.1099999999 -0.7825813954
985.1199999999 -0.7811159546
985.1299999999 -0.7796486891
985.1399999999 -0.7781796271
985.1499999999 -0.7767087969
985.1599999999 -0.7752362273
985.1699999999 -0.7737619467
985.1799999999 -0.7722859842
985.1899999999 -0.7708083686
985.1999999999 -0.7693291291
985.2099999999 -0.7678482948
985.2199999999 -0.7663658952
985.2299999999 -0.7648819597
985.2399999999 -0.7633965178
985.2499999999 -0.7619095992
985.2599999999 -0.7604212336
985.2699999999 -0.7589314510
985.2799999999 -0.7574402812
985.2899999999 -0.7559477542
985.2999999999 -0.7544539003
985.3099999999 -0.7529587494
985.3199999999 -0.7514623318
985.3299999999 -0.7499646778
985.3399999999 -0.7484658177
985.3499999999 -0.7469657819
985.3599999999 -0.7454646009
985.3699999999 -0.7439623049
985.3799999999 -0.7424589246
985.3899999999 -0.7409544904
985.3999999999 -0.7394490328
985.4099999999 -0.7379425824
985.4199999999 -0.7364351697
985.4299999999 -0.7349268252
985.4399999999 -0.7334175794
985.4499999999 -0.7319074629
985.4599999999 -0.7303965062
985.4699999999 -0.7288847397
985.4799999999 -0.7273721939
985.4899999999 -0.7258588991
985.4999999999 -0.7243448858
985.5099999999 -0.7228301843
985.5199999999 -0.7213148249
985.5299999999 -0.7197988378
985.5399999999 -0.7182822531
985.5499999999 -0.7167651010
985.5599999999 -0.7152474114
985.5699999999 -0.7137292143
985.5799999999 -0.7122105395
985.5899999999 -0.7106914168
985.5999999999 -0.7091718759
985.6099999999 -0.7076519463
985.6199999999 -0.7061316576
985.6299999999 -0.7046110389
985.6399999999 -0.7030901196
985.6499999999 -0.7015689288
985.6599999999 -0.7000474955
985.6699999999 -0.6985258484
985.6799999999 -0.6970040163
985.6899999999 -0.6954820278
985.6999999999 -0.6939599112
985.7099999999 -0.6924376948
985.7199999999 -0.6909154068
985.7299999999 -0.6893930749
985.7399999999 -0.6878707271
985.7499999999 -0.6863483908
985.7599999999 -0.6848260935
985.7699999999 -0.6833038624
985.7799999999 -0.6817817245
985.7899999999 -0.6802597067
985.7999999999 -0.6787378354
985.8099999999 -0.6772161373
985.8199999999 -0.6756946385
985.8299999999 -0.6741733649
985.8399999999 -0.6726523424
985.8499999999 -0.6711315965
985.8599999999 -0.6696111525
985.8699999999 -0.6680910355
985.8799999999 -0.6665712703
985.8899999999 -0.6650518816
985.8999999999 -0.6635328937
985.9099999999 -0.6620143307
985.9199999999 -0.6604962165
985.9299999999 -0.6589785746
985.9399999999 -0.6574614283
985.9499999999 -0.6559448007
985.9599999999 -0.6544287146
985.9699999999 -0.6529131924
985.9799999999 -0.6513982564
985.9899999999 -0.6498839285
985.9999999999 -0.6483702304
986.0099999999 -0.6468571833
986.0199999999 -0.6453448083
986.0299999999 -0.6438331262
986.0399999999 -0.6423221574
986.0499999999 -0.6408119221
986.0599999999 -0.6393024399
986.0699999999 -0.6377937306
986.0799999999 -0.6362858131
986.0899999999 -0.6347787065
986.0999999999 -0.6332724291
986.1099999999 -0.6317669993
986.1199999999 -0.6302624348
986.1299999999 -0.6287587533
986.1399999999 -0.6272559718
986.1499999999 -0.6257541074
986.1599999999 -0.6242531763
986.1699999999 -0.6227531950
986.1799999999 -0.6212541790
986.1899999999 -0.6197561439
986.1999999999 -0.6182591048
986.2099999999 -0.6167630765
986.2199999999 -0.6152680732
986.2299999999 -0.6137741090
986.2399999999 -0.6122811976
986.2499999999 -0.6107893523
986.2599999999 -0.6092985858
986.2699999999 -0.6078089109
986.2799999999 -0.6063203397
986.2899999999 -0.6048328838
986.2999999999 -0.6033465548
986.3099999999 -0.6018613637
986.3199999999 -0.6003773211
986.3299999999 -0.5988944373
986.3399999999 -0.5974127221
986.3499999999 -0.5959321851
986.3599999999 -0.5944528353
986.3699999999 -0.5929746814
986.3799999999 -0.5914977318
986.3899999999 -0.5900219944
986.3999999999 -0.5885474768
986.4099999999 -0.5870741860
986.4199999999 -0.5856021287
986.4299999999 -0.5841313115
986.4399999999 -0.5826617401
986.4499999999 -0.5811934202
986.4599999999 -0.5797263569
986.4699999999 -0.5782605550
986.4799999999 -0.5767960187
986.4899999999 -0.5753327521
986.4999999999 -0.5738707588
986.5099999999 -0.5724100417
986.5199999999 -0.5709506038
986.5299999999 -0.5694924474
986.5399999999 -0.5680355743
986.5499999999 -0.5665799862
986.5599999999 -0.5651256842
986.5699999999 -0.5636726690
986.5799999999 -0.5622209411
986.5899999999 -0.5607705002
986.5999999999 -0.5593213460
986.6099999999 -0.5578734777
986.6199999999 -0.5564268939
986.6299999999 -0.5549815930
986.6399999999 -0.5535375730
986.6499999999 -0.5520948314
986.6599999999 -0.5506533654
986.6699999999 -0.5492131718
986.6799999999 -0.5477742468
986.6899999999 -0.5463365866
986.6999999999 -0.5449001867
986.7099999999 -0.5434650423
986.7199999999 -0.5420311481
986.7299999999 -0.5405984988
986.7399999999 -0.5391670882
986.7499999999 -0.5377369100
986.7599999999 -0.5363079576
986.7699999999 -0.5348802238
986.7799999999 -0.5334537011
986.7899999999 -0.5320283817
986.7999999999 -0.5306042574
986.8099999999 -0.5291813196
986.8199999999 -0.5277595592
986.8299999999 -0.5263389669
986.8399999999 -0.5249195332
986.8499999999 -0.5235012478
986.8599999999 -0.5220841003
986.8699999999 -0.5206680801
986.8799999999 -0.5192531758
986.8899999999 -0.5178393762
986.8999999999 -0.5164266692
986.9099999999 -0.5150150428
986.9199999999 -0.5136044844
986.9299999999 -0.5121949811
986.9399999999 -0.5107865197
986.9499999999 -0.5093790867
986.9599999999 -0.5079726682
986.9699999999 -0.5065672500
986.9799999999 -0.5051628176
986.9899999999 -0.5037593561
986.9999999999 -0.5023568504
987.0099999999 -0.5009552850
987.0199999999 -0.4995546440
987.0299999999 -0.4981549115
987.0399999999 -0.4967560709
987.0499999999 -0.4953581057
987.0599999999 -0.4939609987
987.0699999999 -0.4925647327
987.0799999999 -0.4911692902
987.0899999999 -0.4897746532
987.0999999999 -0.4883808036
987.1099999999 -0.4869877230
987.1199999999 -0.4855953926
987.1299999999 -0.4842037937
987.1399999999 -0.4828129068
987.1499999999 -0.4814227126
987.1599999999 -0.4800331912
987.1699999999 -0.4786443228
987.1799999999 -0.4772560870
987.1899999999 -0.4758684634
987.1999999999 -0.4744814312
987.2099999999 -0.4730949696
987.2199999999 -0.4717090574
987.2299999999 -0.4703236731
987.2399999999 -0.4689387951
987.2499999999 -0.4675544017
987.2599999999 -0.4661704707
987.2699999999 -0.4647869800
987.2799999999 -0.4634039070
987.2899999999 -0.4620212292
987.2999999999 -0.4606389238
987.3099999999 -0.4592569676
987.3199999999 -0.4578753376
987.3299999999 -0.4564940104
987.3399999999 -0.4551129625
987.3499999999 -0.4537321701
987.3599999999 -0.4523516094
987.3699999999 -0.4509712564
987.3799999999 -0.4495910870
987.3899999999 -0.4482110769
987.3999999999 -0.4468312016
987.4099999999 -0.4454514365
987.4199999999 -0.4440717571
987.4299999999 -0.4426921385
987.4399999999 -0.4413125557
987.4499999999 -0.4399329837
987.4599999999 -0.4385533974
987.4699999999 -0.4371737716
987.4799999999 -0.4357940808
987.4899999999 -0.4344142998
987.4999999999 -0.4330344030
987.5099999999 -0.4316543648
987.5199999999 -0.4302741596
987.5299999999 -0.4288937616
987.5399999999 -0.4275131452
987.5499999999 -0.4261322843
987.5599999999 -0.4247511533
987.5699999999 -0.4233697261
987.5799999999 -0.4219879768
987.5899999999 -0.4206058795
987.5999999999 -0.4192234080
987.6099999999 -0.4178405364
987.6199999999 -0.4164572386
987.6299999999 -0.4150734885
987.6399999999 -0.4136892602
987.6499999999 -0.4123045274
987.6599999999 -0.4109192643
987.6699999999 -0.4095334446
987.6799999999 -0.4081470425
987.6899999999 -0.4067600319
987.6999999999 -0.4053723869
987.7099999999 -0.4039840815
987.7199999999 -0.4025950898
987.7299999999 -0.4012053861
987.7399999999 -0.3998149445
987.7499999999 -0.3984237392
987.7599999999 -0.3970317448
987.7699999999 -0.3956389355
987.7799999999 -0.3942452858
987.7899999999 -0.3928507703
987.7999999999 -0.3914553637
987.8099999999 -0.3900590407
987.8199999999 -0.3886617762
987.8299999999 -0.3872635450
987.8399999999 -0.3858643224
987.8499999999 -0.3844640833
987.8599999999 -0.3830628032
987.8699999999 -0.3816604575
987.8799999999 -0.3802570216
987.8899999999 -0.3788524714
987.8999999999 -0.3774467825
987.9099999999 -0.3760399310
987.9199999999 -0.3746318930
987.9299999999 -0.3732226449
987.9399999999 -0.3718121629
987.9499999999 -0.3704004239
987.9599999999 -0.3689874044
987.9699999999 -0.3675730816
987.9799999999 -0.3661574325
987.9899999999 -0.3647404345
987.9999999999 -0.3633220651
988.0099999999 -0.3619023021
988.0199999999 -0.3604811233
988.0299999999 -0.3590585070
988.0399999999 -0.3576344314
988.0499999999 -0.3562088752
988.0599999999 -0.3547818170
988.0699999999 -0.3533532361
988.0799999999 -0.3519231115
988.0899999999 -0.3504914228
988.0999999999 -0.3490581497
988.1099999999 -0.3476232722
988.1199999999 -0.3461867706
988.1299999999 -0.3447486252
988.1399999999 -0.3433088168
988.1499999999 -0.3418673264
988.1599999999 -0.3404241354
988.1699999999 -0.3389792251
988.1799999999 -0.3375325776
988.1899999999 -0.3360841747
988.1999999999 -0.3346339990
988.2099999999 -0.3331820331
988.2199999999 -0.3317282599
988.2299999999 -0.3302726627
988.2399999999 -0.3288152251
988.2499999999 -0.3273559309
988.2599999999 -0.3258947642
988.2699999999 -0.3244317097
988.2799999999 -0.3229667519
988.2899999999 -0.3214998762
988.2999999999 -0.3200310678
988.3099999999 -0.3185603125
988.3199999999 -0.3170875965
988.3299999999 -0.3156129061
988.3399999999 -0.3141362281
988.3499999999 -0.3126575495
988.3599999999 -0.3111768579
988.3699999999 -0.3096941409
988.3799999999 -0.3082093867
988.3899999999 -0.3067225838
988.3999999999 -0.3052337209
988.4099999999 -0.3037427872
988.4199999999 -0.3022497724
988.4299999999 -0.3007546662
988.4399999999 -0.2992574589
988.4499999999 -0.2977581411
988.4599999999 -0.2962567039
988.4699999999 -0.2947531385
988.4799999999 -0.2932474368
988.4899999999 -0.2917395908
988.4999999999 -0.2902295929
988.5099999999 -0.2887174361
988.5199999999 -0.2872031136
988.5299999999 -0.2856866190
988.5399999999 -0.2841679462
988.5499999999 -0.2826470898
988.5599999999 -0.2811240444
988.5699999999 -0.2795988052
988.5799999999 -0.2780713678
988.5899999999 -0.2765417281
988.5999999999 -0.2750098825
988.6099999999 -0.2734758276
988.6199999999 -0.2719395606
988.6299999999 -0.2704010791
988.6399999999 -0.2688603809
988.6499999999 -0.2673174643
988.6599999999 -0.2657723281
988.6699999999 -0.2642249714
988.6799999999 -0.2626753936
988.6899999999 -0.2611235947
988.6999999999 -0.2595695751
988.7099999999 -0.2580133353
988.7199999999 -0.2564548766
988.7299999999 -0.2548942004
988.7399999999 -0.2533313087
988.7499999999 -0.2517662038
988.7599999999 -0.2501988884
988.7699999999 -0.2486293657
988.7799999999 -0.2470576390
988.7899999999 -0.2454837125
988.7999999999 -0.2439075904
988.8099999999 -0.2423292775
988.8199999999 -0.2407487788
988.8299999999 -0.2391661000
988.8399999999 -0.2375812468
988.8499999999 -0.2359942258
988.8599999999 -0.2344050436
988.8699999999 -0.2328137072
988.8799999999 -0.2312202243
988.8899999999 -0.2296246028
988.8999999999 -0.2280268509
988.9099999999 -0.2264269774
988.9199999999 -0.2248249913
988.9299999999 -0.2232209022
988.9399999999 -0.2216147198
988.9499999999 -0.2200064546
988.9599999999 -0.2183961170
988.9699999999 -0.2167837181
988.9799999999 -0.2151692694
988.9899999999 -0.2135527826
988.9999999999 -0.2119342699
989.0099999999 -0.2103137438
989.0199999999 -0.2086912172
989.0299999999 -0.2070667035
989.0399999999 -0.2054402163
989.0499999999 -0.2038117696
989.0599999999 -0.2021813778
989.0699999999 -0.2005490557
989.0799999999 -0.1989148183
989.0899999999 -0.1972786812
989.0999999999 -0.1956406602
989.1099999999 -0.1940007715
989.1199999999 -0.1923590315
989.1299999999 -0.1907154572
989.1399999999 -0.1890700657
989.1499999999 -0.1874228748
989.1599999999 -0.1857739021
989.1699999999 -0.1841231661
989.1799999999 -0.1824706852
989.1899999999 -0.1808164783
989.1999999999 -0.1791605648
989.2099999999 -0.1775029640
989.2199999999 -0.1758436958
989.2299999999 -0.1741827806
989.2399999999 -0.1725202386
989.2499999999 -0.1708560908
989.2599999999 -0.1691903581
989.2699999999 -0.1675230621
989.2799999999 -0.1658542244
989.2899999999 -0.1641838669
989.2999999999 -0.1625120121
989.3099999999 -0.1608386823
989.3199999999 -0.1591639005
989.3299999999 -0.1574876898
989.3399999999 -0.1558100735
989.3499999999 -0.1541310754
989.3599999999 -0.1524507193
989.3699999999 -0.1507690294
989.3799999999 -0.1490860301
989.3899999999 -0.1474017462
989.3999999999 -0.1457162025
989.4099999999 -0.1440294242
989.4199999999 -0.1423414368
989.4299999999 -0.1406522658
989.4399999999 -0.1389619372
989.4499999999 -0.1372704770
989.4599999999 -0.1355779115
989.4699999999 -0.1338842673
989.4799999999 -0.1321895711
989.4899999999 -0.1304938498
989.4999999999 -0.1287971305
989.5099999999 -0.1270994406
989.5199999999 -0.1254008076
989.5299999999 -0.1237012592
989.5399999999 -0.1220008233
989.5499999999 -0.1202995279
989.5599999999 -0.1185974011
989.5699999999 -0.1168944715
989.5799999999 -0.1151907676
989.5899999999 -0.1134863180
989.5999999999 -0.1117811515
989.6099999999 -0.1100752972
989.6199999999 -0.1083687842
989.6299999999 -0.1066616418
989.6399999999 -0.1049538992
989.6499999999 -0.1032455860
989.6599999999 -0.1015367318
989.6699999999 -0.0998273663
989.6799999999 -0.0981175193
989.6899999999 -0.0964072208
989.6999999999 -0.0946965008
989.7099999999 -0.0929853894
989.7199999999 -0.0912739167
989.7299999999 -0.0895621131
989.7399999999 -0.0878500088
989.7499999999 -0.0861376342
989.7599999999 -0.0844250199
989.7699999999 -0.0827121962
989.7799999999 -0.0809991939
989.7899999999 -0.0792860434
989.7999999999 -0.0775727754
989.8099999999 -0.0758594205
989.8199999999 -0.0741460096
989.8299999999 -0.0724325732
989.8399999999 -0.0707191421
989.8499999999 -0.0690057470
989.8599999999 -0.0672924188
989.8699999999 -0.0655791880
989.8799999999 -0.0638660855
989.8899999999 -0.0621531419
989.8999999999 -0.0604403880
989.9099999999 -0.0587278544
989.9199999999 -0.0570155717
989.9299999999 -0.0553035705
989.9399999999 -0.0535918815
989.9499999999 -0.0518805350
989.9599999999 -0.0501695616
989.9699999999 -0.0484589917
989.9799999999 -0.0467488555
989.9899999999 -0.0450391833
989.9999999999 -0.0433300054
990.0099999999 -0.0416213517
990.0199999999 -0.0399132524
990.0299999999 -0.0382057373
990.0399999999 -0.0364988362
990.0499999999 -0.0347925789
990.0599999999 -0.0330869949
990.0699999999 -0.0313821138
990.0799999999 -0.0296779650
990.0899999999 -0.0279745775
990.0999999999 -0.0262719807
990.1099999999 -0.0245702034
990.1199999999 -0.0228692744
990.1299999999 -0.0211692226
990.1399999999 -0.0194700763
990.1499999999 -0.0177718639
990.1599999999 -0.0160746137
990.1699999999 -0.0143783537
990.1799999999 -0.0126831118
990.1899999999 -0.0109889157
990.1999999999 -0.0092957928
990.2099999999 -0.0076037704
990.2199999999 -0.0059128758
990.2299999999 -0.0042231358
990.2399999999 -0.0025345771
990.2499999999 -0.0008472263
990.2599999999 0.0008388904
990.2699999999 0.0025237469
990.2799999999 0.0042073173
990.2899999999 0.0058895761
990.2999999999 0.0075704977
990.3099999999 0.0092500571
990.3199999999 0.0109282293
990.3299999999 0.0126049898
990.3399999999 0.0142803139
990.3499999999 0.0159541777
990.3599999999 0.0176265572
990.3699999999 0.0192974287
990.3799999999 0.0209667689
990.3899999999 0.0226345547
990.3999999999 0.0243007633
990.4099999999 0.0259653721
990.4199999999 0.0276283589
990.4299999999 0.0292897017
990.4399999999 0.0309493788
990.4499999999 0.0326073688
990.4599999999 0.0342636508
990.4699999999 0.0359182039
990.4799999999 0.0375710076
990.4899999999 0.0392220418
990.4999999999 0.0408712866
990.5099999999 0.0425187226
990.5199999999 0.0441643305
990.5299999999 0.0458080915
990.5399999999 0.0474499870
990.5499999999 0.0490899988
990.5599999999 0.0507281090
990.5699999999 0.0523643002
990.5799999999 0.0539985550
990.5899999999 0.0556308567
990.5999999999 0.0572611887
990.6099999999 0.0588895350
990.6199999999 0.0605158796
990.6299999999 0.0621402072
990.6399999999 0.0637625026
990.6499999999 0.0653827511
990.6599999999 0.0670009385
990.6699999999 0.0686170506
990.6799999999 0.0702310738
990.6899999999 0.0718429950
990.6999999999 0.0734528011
990.7099999999 0.0750604797
990.7199999999 0.0766660187
990.7299999999 0.0782694063
990.7399999999 0.0798706311
990.7499999999 0.0814696821
990.7599999999 0.0830665488
990.7699999999 0.0846612209
990.7799999999 0.0862536885
990.7899999999 0.0878439422
990.7999999999 0.0894319731
990.8099999999 0.0910177723
990.8199999999 0.0926013316
990.8299999999 0.0941826432
990.8399999999 0.0957616996
990.8499999999 0.0973384937
990.8599999999 0.0989130188
990.8699999999 0.1004852685
990.8799999999 0.1020552372
990.8899999999 0.1036229191
990.8999999999 0.1051883093
990.9099999999 0.1067514030
990.9199999999 0.1083121960
990.9299999999 0.1098706844
990.9399999999 0.1114268647
990.9499999999 0.1129807338
990.9599999999 0.1145322891
990.9699999999 0.1160815282
990.9799999999 0.1176284493
990.9899999999 0.1191730509
990.9999999999 0.1207153320
991.0099999999 0.1222552919
991.0199999999 0.1237929303
991.0299999999 0.1253282474
991.0399999999 0.1268612437
991.0499999999 0.1283919201
991.0599999999 0.1299202780
991.0699999999 0.1314463191
991.0799999999 0.1329700456
991.0899999999 0.1344914600
991.0999999999 0.1360105652
991.1099999999 0.1375273645
991.1199999999 0.1390418617
991.1299999999 0.1405540609
991.1399999999 0.1420639666
991.1499999999 0.1435715836
991.1599999999 0.1450769174
991.1699999999 0.1465799734
991.1799999999 0.1480807579
991.1899999999 0.1495792772
991.1999999999 0.1510755381
991.2099999999 0.1525695479
991.2199999999 0.1540613142
991.2299999999 0.1555508449
991.2399999999 0.1570381483
991.2499999999 0.1585232332
991.2599999999 0.1600061086
991.2699999999 0.1614867840
991.2799999999 0.1629652692
991.2899999999 0.1644415743
991.2999999999 0.1659157100
991.3099999999 0.1673876870
991.3199999999 0.1688575167
991.3299999999 0.1703252107
991.3399999999 0.1717907808
991.3499999999 0.1732542395
991.3599999999 0.1747155993
991.3699999999 0.1761748732
991.3799999999 0.1776320747
991.3899999999 0.1790872172
991.3999999999 0.1805403149
991.4099999999 0.1819913820
991.4199999999 0.1834404332
991.4299999999 0.1848874834
991.4399999999 0.1863325480
991.4499999999 0.1877756425
991.4599999999 0.1892167829
991.4699999999 0.1906559854
991.4799999999 0.1920932665
991.4899999999 0.1935286431
991.4999999999 0.1949621322
991.5099999999 0.1963937513
991.5199999999 0.1978235180
991.5299999999 0.1992514505
991.5399999999 0.2006775669
991.5499999999 0.2021018857
991.5599999999 0.2035244259
991.5699999999 0.2049452065
991.5799999999 0.2063642469
991.5899999999 0.2077815666
991.5999999999 0.2091971856
991.6099999999 0.2106111239
991.6199999999 0.2120234020
991.6299999999 0.2134340404
991.6399999999 0.2148430599
991.6499999999 0.2162504817
991.6599999999 0.2176563271
991.6699999999 0.2190606175
991.6799999999 0.2204633748
991.6899999999 0.2218646209
991.6999999999 0.2232643779
991.7099999999 0.2246626682
991.7199999999 0.2260595145
991.7299999999 0.2274549394
991.7399999999 0.2288489660
991.7499999999 0.2302416173
991.7599999999 0.2316329168
991.7699999999 0.2330228877
991.7799999999 0.2344115540
991.7899999999 0.2357989393
991.7999999999 0.2371850676
991.8099999999 0.2385699632
991.8199999999 0.2399536501
991.8299999999 0.2413361530
991.8399999999 0.2427174964
991.8499999999 0.2440977049
991.8599999999 0.2454768033
991.8699999999 0.2468548167
991.8799999999 0.2482317701
991.8899999999 0.2496076886
991.8999999999 0.2509825975
991.9099999999 0.2523565222
991.9199999999 0.2537294881
991.9299999999 0.2551015208
991.9399999999 0.2564726460
991.9499999999 0.2578428893
991.9599999999 0.2592122765
991.9699999999 0.2605808336
991.9799999999 0.2619485863
991.9899999999 0.2633155606
991.9999999999 0.2646817826
992.0099999999 0.2660472784
992.0199999999 0.2674120739
992.0299999999 0.2687761954
992.0399999999 0.2701396689
992.0499999999 0.2715025207
992.0599999999 0.2728647769
992.0699999999 0.2742264638
992.0799999999 0.2755876075
992.0899999999 0.2769482342
992.0999999999 0.2783083701
992.1099999999 0.2796680414
992.1199999999 0.2810272742
992.1299999999 0.2823860947
992.1399999999 0.2837445290
992.1499999999 0.2851026030
992.1599999999 0.2864603429
992.1699999999 0.2878177747
992.1799999999 0.2891749241
992.1899999999 0.2905318171
992.1999999999 0.2918884795
992.2099999999 0.2932449370
992.2199999999 0.2946012153
992.2299999999 0.2959573399
992.2399999999 0.2973133362
992.2499999999 0.2986692298
992.2599999999 0.3000250458
992.2699999999 0.3013808095
992.2799999999 0.3027365459
992.2899999999 0.3040922800
992.2999999999 0.3054480366
992.3099999999 0.3068038405
992.3199999999 0.3081597162
992.3299999999 0.3095156882
992.3399999999 0.3108717808
992.3499999999 0.3122280181
992.3599999999 0.3135844242
992.3699999999 0.3149410230
992.3799999999 0.3162978380
992.3899999999 0.3176548928
992.3999999999 0.3190122109
992.4099999999 0.3203698152
992.4199999999 0.3217277289
992.4299999999 0.3230859748
992.4399999999 0.3244445753
992.4499999999 0.3258035531
992.4599999999 0.3271629301
992.4699999999 0.3285227285
992.4799999999 0.3298829701
992.4899999999 0.3312436764
992.4999999999 0.3326048687
992.5099999999 0.3339665681
992.5199999999 0.3353287957
992.5299999999 0.3366915719
992.5399999999 0.3380549173
992.5499999999 0.3394188519
992.5599999999 0.3407833957
992.5699999999 0.3421485684
992.5799999999 0.3435143894
992.5899999999 0.3448808777
992.5999999999 0.3462480524
992.6099999999 0.3476159319
992.6199999999 0.3489845346
992.6299999999 0.3503538785
992.6399999999 0.3517239815
992.6499999999 0.3530948610
992.6599999999 0.3544665341
992.6699999999 0.3558390178
992.6799999999 0.3572123286
992.6899999999 0.3585864829
992.6999999999 0.3599614965
992.7099999999 0.3613373853
992.7199999999 0.3627141645
992.7299999999 0.3640918492
992.7399999999 0.3654704541
992.7499999999 0.3668499935
992.7599999999 0.3682304816
992.7699999999 0.3696119321
992.7799999999 0.3709943584
992.7899999999 0.3723777736
992.7999999999 0.3737621903
992.8099999999 0.3751476210
992.8199999999 0.3765340777
992.8299999999 0.3779215721
992.8399999999 0.3793101155
992.8499999999 0.3806997189
992.8599999999 0.3820903930
992.8699999999 0.3834821479
992.8799999999 0.3848749936
992.8899999999 0.3862689397
992.8999999999 0.3876639952
992.9099999999 0.3890601691
992.9199999999 0.3904574698
992.9299999999 0.3918559052
992.9399999999 0.3932554831
992.9499999999 0.3946562108
992.9599999999 0.3960580953
992.9699999999 0.3974611430
992.9799999999 0.3988653602
992.9899999999 0.4002707526
992.9999999999 0.4016773256
993.0099999999 0.4030850842
993.0199999999 0.4044940331
993.0299999999 0.4059041765
993.0399999999 0.4073155181
993.0499999999 0.4087280616
993.0599999999 0.4101418098
993.0699999999 0.4115567656
993.0799999999 0.4129729310
993.0899999999 0.4143903081
993.0999999999 0.4158088983
993.1099999999 0.4172287025
993.1199999999 0.4186497217
993.1299999999 0.4200719559
993.1399999999 0.4214954050
993.1499999999 0.4229200686
993.1599999999 0.4243459458
993.1699999999 0.4257730351
993.1799999999 0.4272013349
993.1899999999 0.4286308430
993.1999999999 0.4300615569
993.2099999999 0.4314934738
993.2199999999 0.4329265901
993.2299999999 0.4343609023
993.2399999999 0.4357964062
993.2499999999 0.4372330973
993.2599999999 0.4386709706
993.2699999999 0.4401100208
993.2799999999 0.4415502423
993.2899999999 0.4429916288
993.2999999999 0.4444341739
993.3099999999 0.4458778706
993.3199999999 0.4473227117
993.3299999999 0.4487686894
993.3399999999 0.4502157957
993.3499999999 0.4516640221
993.3599999999 0.4531133597
993.3699999999 0.4545637993
993.3799999999 0.4560153312
993.3899999999 0.4574679453
993.3999999999 0.4589216314
993.4099999999 0.4603763785
993.4199999999 0.4618321756
993.4299999999 0.4632890110
993.4399999999 0.4647468728
993.4499999999 0.4662057487
993.4599999999 0.4676656262
993.4699999999 0.4691264920
993.4799999999 0.4705883328
993.4899999999 0.4720511348
993.4999999999 0.4735148839
993.5099999999 0.4749795656
993.5199999999 0.4764451650
993.5299999999 0.4779116669
993.5399999999 0.4793790557
993.5499999999 0.4808473155
993.5599999999 0.4823164301
993.5699999999 0.4837863828
993.5799999999 0.4852571566
993.5899999999 0.4867287344
993.5999999999 0.4882010984
993.6099999999 0.4896742308
993.6199999999 0.4911481131
993.6299999999 0.4926227268
993.6399999999 0.4940980530
993.6499999999 0.4955740724
993.6599999999 0.4970507654
993.6699999999 0.4985281122
993.6799999999 0.5000060925
993.6899999999 0.5014846858
993.6999999999 0.5029638714
993.7099999999 0.5044436282
993.7199999999 0.5059239347
993.7299999999 0.5074047693
993.7399999999 0.5088861100
993.7499999999 0.5103679346
993.7599999999 0.5118502204
993.7699999999 0.5133329449
993.7799999999 0.5148160848
993.7899999999 0.5162996168
993.7999999999 0.5177835173
993.8099999999 0.5192677626
993.8199999999 0.5207523284
993.8299999999 0.5222371904
993.8399999999 0.5237223241
993.8499999999 0.5252077045
993.8599999999 0.5266933067
993.8699999999 0.5281791052
993.8799999999 0.5296650747
993.8899999999 0.5311511893
993.8999999999 0.5326374232
993.9099999999 0.5341237500
993.9199999999 0.5356101435
993.9299999999 0.5370965771
993.9399999999 0.5385830240
993.9499999999 0.5400694572
993.9599999999 0.5415558496
993.9699999999 0.5430421738
993.9799999999 0.5445284025
993.9899999999 0.5460145077
993.9999999999 0.5475004619
994.0099999999 0.5489862369
994.0199999999 0.5504718045
994.0299999999 0.5519571365
994.0399999999 0.5534422045
994.0499999999 0.5549269798
994.0599999999 0.5564114337
994.0699999999 0.5578955373
994.0799999999 0.5593792618
994.0899999999 0.5608625779
994.0999999999 0.5623454565
994.1099999999 0.5638278683
994.1199999999 0.5653097839
994.1299999999 0.5667911737
994.1399999999 0.5682720082
994.1499999999 0.5697522577
994.1599999999 0.5712318924
994.1699999999 0.5727108825
994.1799999999 0.5741891980
994.1899999999 0.5756668091
994.1999999999 0.5771436857
994.2099999999 0.5786197977
994.2199999999 0.5800951150
994.2299999999 0.5815696074
994.2399999999 0.5830432448
994.2499999999 0.5845159970
994.2599999999 0.5859878337
994.2699999999 0.5874587246
994.2799999999 0.5889286395
994.2899999999 0.5903975480
994.2999999999 0.5918654200
994.3099999999 0.5933322252
994.3199999999 0.5947979333
994.3299999999 0.5962625140
994.3399999999 0.5977259372
994.3499999999 0.5991881726
994.3599999999 0.6006491902
994.3699999999 0.6021089597
994.3799999999 0.6035674511
994.3899999999 0.6050246345
994.3999999999 0.6064804798
994.4099999999 0.6079349572
994.4199999999 0.6093880367
994.4299999999 0.6108396888
994.4399999999 0.6122898836
994.4499999999 0.6137385917
994.4599999999 0.6151857834
994.4699999999 0.6166314295
994.4799999999 0.6180755005
994.4899999999 0.6195179674
994.4999999999 0.6209588009
994.5099999999 0.6223979723
994.5199999999 0.6238354525
994.5299999999 0.6252712130
994.5399999999 0.6267052251
994.5499999999 0.6281374603
994.5599999999 0.6295678905
994.5699999999 0.6309964875
994.5799999999 0.6324232232
994.5899999999 0.6338480699
994.5999999999 0.6352709999
994.6099999999 0.6366919856
994.6199999999 0.6381109999
994.6299999999 0.6395280155
994.6399999999 0.6409430056
994.6499999999 0.6423559433
994.6599999999 0.6437668022
994.6699999999 0.6451755558
994.6799999999 0.6465821780
994.6899999999 0.6479866429
994.6999999999 0.6493889247
994.7099999999 0.6507889981
994.7199999999 0.6521868376
994.7299999999 0.6535824183
994.7399999999 0.6549757153
994.7499999999 0.6563667041
994.7599999999 0.6577553604
994.7699999999 0.6591416600
994.7799999999 0.6605255793
994.7899999999 0.6619070945
994.7999999999 0.6632861824
994.8099999999 0.6646628200
994.8199999999 0.6660369845
994.8299999999 0.6674086535
994.8399999999 0.6687778046
994.8499999999 0.6701444160
994.8599999999 0.6715084661
994.8699999999 0.6728699335
994.8799999999 0.6742287972
994.8899999999 0.6755850363
994.8999999999 0.6769386305
994.9099999999 0.6782895596
994.9199999999 0.6796378037
994.9299999999 0.6809833434
994.9399999999 0.6823261595
994.9499999999 0.6836662330
994.9599999999 0.6850035455
994.9699999999 0.6863380786
994.9799999999 0.6876698145
994.9899999999 0.6889987356
994.9999999999 0.6903248247
995.0099999999 0.6916480649
995.0199999999 0.6929684397
995.0299999999 0.6942859329
995.0399999999 0.6956005286
995.0499999999 0.6969122113
995.0599999999 0.6982209659
995.0699999999 0.6995267776
995.0799999999 0.7008296320
995.0899999999 0.7021295150
995.0999999999 0.7034264129
995.1099999999 0.7047203125
995.1199999999 0.7060112007
995.1299999999 0.7072990650
995.1399999999 0.7085838931
995.1499999999 0.7098656733
995.1599999999 0.7111443940
995.1699999999 0.7124200443
995.1799999999 0.7136926134
995.1899999999 0.7149620909
995.1999999999 0.7162284671
995.2099999999 0.7174917323
995.2199999999 0.7187518774
995.2299999999 0.7200088937
995.2399999999 0.7212627728
995.2499999999 0.7225135067
995.2599999999 0.7237610879
995.2699999999 0.7250055092
995.2799999999 0.7262467637
995.2899999999 0.7274848452
995.2999999999 0.7287197476
995.3099999999 0.7299514653
995.3199999999 0.7311799933
995.3299999999 0.7324053266
995.3399999999 0.7336274609
995.3499999999 0.7348463923
995.3599999999 0.7360621171
995.3699999999 0.7372746322
995.3799999999 0.7384839349
995.3899999999 0.7396900226
995.3999999999 0.7408928936
995.4099999999 0.7420925462
995.4199999999 0.7432889794
995.4299999999 0.7444821922
995.4399999999 0.7456721845
995.4499999999 0.7468589562
995.4599999999 0.7480425078
995.4699999999 0.7492228402
995.4799999999 0.7503999546
995.4899999999 0.7515738528
995.4999999999 0.7527445368
995.5099999999 0.7539120090
995.5199999999 0.7550762723
995.5299999999 0.7562373301
995.5399999999 0.7573951859
995.5499999999 0.7585498438
995.5599999999 0.7597013083
995.5699999999 0.7608495842
995.5799999999 0.7619946767
995.5899999999 0.7631365916
995.5999999999 0.7642753348
995.6099999999 0.7654109127
995.6199999999 0.7665433322
995.6299999999 0.7676726004
995.6399999999 0.7687987249
995.6499999999 0.7699217136
995.6599999999 0.7710415748
995.6699999999 0.7721583174
995.6799999999 0.7732719503
995.6899999999 0.7743824829
995.6999999999 0.7754899253
995.7099999999 0.7765942874
995.7199999999 0.7776955799
995.7299999999 0.7787938137
995.7399999999 0.7798890001
995.7499999999 0.7809811508
995.7599999999 0.7820702777
995.7699999999 0.7831563931
995.7799999999 0.7842395099
995.7899999999 0.7853196410
995.7999999999 0.7863967999
995.8099999999 0.7874710002
995.8199999999 0.7885422561
995.8299999999 0.7896105820
995.8399999999 0.7906759926
995.8499999999 0.7917385030
995.8599999999 0.7927981286
995.8699999999 0.7938548851
995.8799999999 0.7949087886
995.8899999999 0.7959598554
995.8999999999 0.7970081022
995.9099999999 0.7980535460
995.9199999999 0.7990962040
995.9299999999 0.8001360939
995.9399999999 0.8011732335
995.9499999999 0.8022076410
995.9599999999 0.8032393348
995.9699999999 0.8042683337
995.9799999999 0.8052946567
995.9899999999 0.8063183232
995.9999999999 0.8073393527
996.0099999999 0.8083577651
996.0199999999 0.8093735804
996.0299999999 0.8103868190
996.0399999999 0.8113975016
996.0499999999 0.8124056490
996.0599999999 0.8134112824
996.0699999999 0.8144144231
996.0799999999 0.8154150927
996.0899999999 0.8164133131
996.0999999999 0.8174091063
996.1099999999 0.8184024945
996.1199999999 0.8193935004
996.1299999999 0.8203821466
996.1399999999 0.8213684561
996.1499999999 0.8223524519
996.1599999999 0.8233341574
996.1699999999 0.8243135962
996.1799999999 0.8252907918
996.1899999999 0.8262657684
996.1999999999 0.8272385498
996.2099999999 0.8282091603
996.2199999999 0.8291776245
996.2299999999 0.8301439668
996.2399999999 0.8311082119
996.2499999999 0.8320703849
996.2599999999 0.8330305106
996.2699999999 0.8339886144
996.2799999999 0.8349447214
996.2899999999 0.8358988572
996.2999999999 0.8368510474
996.3099999999 0.8378013176
996.3199999999 0.8387496936
996.3299999999 0.8396962013
996.3399999999 0.8406408668
996.3499999999 0.8415837163
996.3599999999 0.8425247758
996.3699999999 0.8434640718
996.3799999999 0.8444016305
996.3899999999 0.8453374786
996.3999999999 0.8462716424
996.4099999999 0.8472041486
996.4199999999 0.8481350239
996.4299999999 0.8490642950
996.4399999999 0.8499919885
996.4499999999 0.8509181314
996.4599999999 0.8518427505
996.4699999999 0.8527658726
996.4799999999 0.8536875246
996.4899999999 0.8546077335
996.4999999999 0.8555265262
996.5099999999 0.8564439296
996.5199999999 0.8573599706
996.5299999999 0.8582746763
996.5399999999 0.8591880735
996.5499999999 0.8601001891
996.5599999999 0.8610110501
996.5699999999 0.8619206833
996.5799999999 0.8628291155
996.5899999999 0.8637363737
996.5999999999 0.8646424844
996.6099999999 0.8655474745
996.6199999999 0.8664513706
996.6299999999 0.8673541993
996.6399999999 0.8682559871
996.6499999999 0.8691567605
996.6599999999 0.8700565459
996.6699999999 0.8709553695
996.6799999999 0.8718532577
996.6899999999 0.8727502365
996.6999999999 0.8736463320
996.7099999999 0.8745415701
996.7199999999 0.8754359765
996.7299999999 0.8763295771
996.7399999999 0.8772223973
996.7499999999 0.8781144626
996.7599999999 0.8790057984
996.7699999999 0.8798964299
996.7799999999 0.8807863820
996.7899999999 0.8816756797
996.7999999999 0.8825643477
996.8099999999 0.8834524106
996.8199999999 0.8843398929
996.8299999999 0.8852268187
996.8399999999 0.8861132122
996.8499999999 0.8869990973
996.8599999999 0.8878844977
996.8699999999 0.8887694369
996.8799999999 0.8896539383
996.8899999999 0.8905380250
996.8999999999 0.8914217200
996.9099999999 0.8923050460
996.9199999999 0.8931880254
996.9299999999 0.8940706807
996.9399999999 0.8949530338
996.9499999999 0.8958351067
996.9599999999 0.8967169209
996.9699999999 0.8975984978
996.9799999999 0.8984798587
996.9899999999 0.8993610243
996.9999999999 0.9002420153
997.0099999999 0.9011228522
997.0199999999 0.9020035550
997.0299999999 0.9028841436
997.0399999999 0.9037646376
997.0499999999 0.9046450564
997.0599999999 0.9055254191
997.0699999999 0.9064057443
997.0799999999 0.9072860506
997.0899999999 0.9081663562
997.0999999999 0.9090466790
997.1099999999 0.9099270367
997.1199999999 0.9108074465
997.1299999999 0.9116879254
997.1399999999 0.9125684903
997.1499999999 0.9134491574
997.1599999999 0.9143299430
997.1699999999 0.9152108626
997.1799999999 0.9160919319
997.1899999999 0.9169731659
997.1999999999 0.9178545794
997.2099999999 0.9187361868
997.2199999999 0.9196180025
997.2299999999 0.9205000400
997.2399999999 0.9213823129
997.2499999999 0.9222648343
997.2599999999 0.9231476170
997.2699999999 0.9240306734
997.2799999999 0.9249140156
997.2899999999 0.9257976552
997.2999999999 0.9266816036
997.3099999999 0.9275658720
997.3199999999 0.9284504707
997.3299999999 0.9293354103
997.3399999999 0.9302207005
997.3499999999 0.9311063509
997.3599999999 0.9319923708
997.3699999999 0.9328787688
997.3799999999 0.9337655534
997.3899999999 0.9346527327
997.3999999999 0.9355403143
997.4099999999 0.9364283055
997.4199999999 0.9373167132
997.4299999999 0.9382055440
997.4399999999 0.9390948040
997.4499999999 0.9399844989
997.4599999999 0.9408746342
997.4699999999 0.9417652147
997.4799999999 0.9426562451
997.4899999999 0.9435477296
997.4999999999 0.9444396719
997.5099999999 0.9453320755
997.5199999999 0.9462249434
997.5299999999 0.9471182782
997.5399999999 0.9480120821
997.5499999999 0.9489063569
997.5599999999 0.9498011041
997.5699999999 0.9506963247
997.5799999999 0.9515920194
997.5899999999 0.9524881883
997.5999999999 0.9533848313
997.6099999999 0.9542819478
997.6199999999 0.9551795369
997.6299999999 0.9560775972
997.6399999999 0.9569761269
997.6499999999 0.9578751238
997.6599999999 0.9587745855
997.6699999999 0.9596745088
997.6799999999 0.9605748906
997.6899999999 0.9614757269
997.6999999999 0.9623770137
997.7099999999 0.9632787463
997.7199999999 0.9641809200
997.7299999999 0.9650835292
997.7399999999 0.9659865682
997.7499999999 0.9668900310
997.7599999999 0.9677939109
997.7699999999 0.9686982011
997.7799999999 0.9696028943
997.7899999999 0.9705079827
997.7999999999 0.9714134583
997.8099999999 0.9723193125
997.8199999999 0.9732255366
997.8299999999 0.9741321213
997.8399999999 0.9750390570
997.8499999999 0.9759463336
997.8599999999 0.9768539407
997.8699999999 0.9777618677
997.8799999999 0.9786701033
997.8899999999 0.9795786361
997.8999999999 0.9804874542
997.9099999999 0.9813965453
997.9199999999 0.9823058969
997.9299999999 0.9832154959
997.9399999999 0.9841253290
997.9499999999 0.9850353825
997.9599999999 0.9859456423
997.9699999999 0.9868560941
997.9799999999 0.9877667231
997.9899999999 0.9886775142
997.9999999999 0.9895884519
998.0099999999 0.9904995203
998.0199999999 0.9914107035
998.0299999999 0.9923219849
998.0399999999 0.9932333477
998.0499999999 0.9941447748
998.0599999999 0.9950562486
998.0699999999 0.9959677515
998.0799999999 0.9968792652
998.0899999999 0.9977907714
998.0999999999 0.9987022514
998.1099999999 0.9996136860
998.1199999999 1.0005250559
998.1299999999 1.0014363415
998.1399999999 1.0023475228
998.1499999999 1.0032585794
998.1599999999 1.0041694910
998.1699999999 1.0050802366
998.1799999999 1.0059907952
998.1899999999 1.0069011452
998.1999999999 1.0078112651
998.2099999999 1.0087211329
998.2199999999 1.0096307264
998.2299999999 1.0105400231
998.2399999999 1.0114490002
998.2499999999 1.0123576349
998.2599999999 1.0132659037
998.2699999999 1.0141737833
998.2799999999 1.0150812499
998.2899999999 1.0159882796
998.2999999999 1.0168948481
998.3099999999 1.0178009310
998.3199999999 1.0187065037
998.3299999999 1.0196115413
998.3399999999 1.0205160188
998.3499999999 1.0214199108
998.3599999999 1.0223231919
998.3699999999 1.0232258363
998.3799999999 1.0241278182
998.3899999999 1.0250291115
998.3999999999 1.0259296900
998.4099999999 1.0268295272
998.4199999999 1.0277285966
998.4299999999 1.0286268713
998.4399999999 1.0295243243
998.4499999999 1.0304209287
998.4599999999 1.0313166572
998.4699999999 1.0322114824
998.4799999999 1.0331053766
998.4899999999 1.0339983123
998.4999999999 1.0348902617
998.5099999999 1.0357811968
998.5199999999 1.0366710896
998.5299999999 1.0375599118
998.5399999999 1.0384476353
998.5499999999 1.0393342316
998.5599999999 1.0402196723
998.5699999999 1.0411039288
998.5799999999 1.0419869723
998.5899999999 1.0428687743
998.5999999999 1.0437493058
998.6099999999 1.0446285380
998.6199999999 1.0455064419
998.6299999999 1.0463829885
998.6399999999 1.0472581488
998.6499999999 1.0481318935
998.6599999999 1.0490041936
998.6699999999 1.0498750198
998.6799999999 1.0507443429
998.6899999999 1.0516121338
998.6999999999 1.0524783629
998.7099999999 1.0533430012
998.7199999999 1.0542060193
998.7299999999 1.0550673879
998.7399999999 1.0559270777
998.7499999999 1.0567850593
998.7599999999 1.0576413036
998.7699999999 1.0584957813
998.7799999999 1.0593484631
998.7899999999 1.0601993198
998.7999999999 1.0610483223
998.8099999999 1.0618954414
998.8199999999 1.0627406482
998.8299999999 1.0635839134
998.8399999999 1.0644252083
998.8499999999 1.0652645038
998.8599999999 1.0661017712
998.8699999999 1.0669369818
998.8799999999 1.0677701068
998.8899999999 1.0686011176
998.8999999999 1.0694299859
998.9099999999 1.0702566831
998.9199999999 1.0710811811
998.9299999999 1.0719034516
998.9399999999 1.0727234666
998.9499999999 1.0735411981
998.9599999999 1.0743566183
998.9699999999 1.0751696996
998.9799999999 1.0759804143
998.9899999999 1.0767887352
998.9999999999 1.0775946349
999.0099999999 1.0783980863
999.0199999999 1.0791990625
999.0299999999 1.0799975367
999.0399999999 1.0807934823
999.0499999999 1.0815868729
999.0599999999 1.0823776821
999.0699999999 1.0831658839
999.0799999999 1.0839514525
999.0899999999 1.0847343620
999.0999999999 1.0855145871
999.1099999999 1.0862921024
999.1199999999 1.0870668828
999.1299999999 1.0878389035
999.1399999999 1.0886081399
999.1499999999 1.0893745674
999.1599999999 1.0901381619
999.1699999999 1.0908988994
999.1799999999 1.0916567562
999.1899999999 1.0924117087
999.1999999999 1.0931637339
999.2099999999 1.0939128085
999.2199999999 1.0946589100
999.2299999999 1.0954020159
999.2399999999 1.0961421038
999.2499999999 1.0968791519
999.2599999999 1.0976131386
999.2699999999 1.0983440423
999.2799999999 1.0990718420
999.2899999999 1.0997965169
999.2999999999 1.1005180464
999.3099999999 1.1012364103
999.3199999999 1.1019515886
999.3299999999 1.1026635616
999.3399999999 1.1033723101
999.3499999999 1.1040778150
999.3599999999 1.1047800575
999.3699999999 1.1054790192
999.3799999999 1.1061746821
999.3899999999 1.1068670284
999.3999999999 1.1075560407
999.4099999999 1.1082417017
999.4199999999 1.1089239949
999.4299999999 1.1096029036
999.4399999999 1.1102784118
999.4499999999 1.1109505037
999.4599999999 1.1116191640
999.4699999999 1.1122843775
999.4799999999 1.1129461295
999.4899999999 1.1136044057
999.4999999999 1.1142591920
999.5099999999 1.1149104748
999.5199999999 1.1155582408
999.5299999999 1.1162024771
999.5399999999 1.1168431711
999.5499999999 1.1174803107
999.5599999999 1.1181138839
999.5699999999 1.1187438795
999.5799999999 1.1193702862
999.5899999999 1.1199930934
999.5999999999 1.1206122909
999.6099999999 1.1212278686
999.6199999999 1.1218398170
999.6299999999 1.1224481270
999.6399999999 1.1230527898
999.6499999999 1.1236537970
999.6599999999 1.1242511407
999.6699999999 1.1248448131
999.6799999999 1.1254348071
999.6899999999 1.1260211159
999.6999999999 1.1266037331
999.7099999999 1.1271826527
999.7199999999 1.1277578689
999.7299999999 1.1283293767
999.7399999999 1.1288971711
999.7499999999 1.1294612478
999.7599999999 1.1300216027
999.7699999999 1.1305782322
999.7799999999 1.1311311331
999.7899999999 1.1316803026
999.7999999999 1.1322257382
999.8099999999 1.1327674379
999.8199999999 1.1333054002
999.8299999999 1.1338396239
999.8399999999 1.1343701081
999.8499999999 1.1348968525
999.8599999999 1.1354198570
999.8699999999 1.1359391222
999.8799999999 1.1364546487
999.8899999999 1.1369664379
999.8999999999 1.1374744914
999.9099999999 1.1379788112
999.9199999999 1.1384793998
999.9299999999 1.1389762599
999.9399999999 1.1394693948
999.9499999999 1.1399588083
999.9599999999 1.1404445042
999.9699999999 1.1409264871
999.9799999999 1.1414047617
999.9899999999 1.1418793334
999.9999999999 1.1423502078
