0.0000000000 3.9998000017
0.0100000000 3.9992000267
0.0200000000 3.9982001350
0.0300000000 3.9968004266
0.0400000000 3.9950010416
0.0500000000 3.9928021597
0.0600000000 3.9902040010
0.0700000000 3.9872068252
0.0800000000 3.9838109321
0.0900000000 3.9800166611
0.1000000000 3.9758243918
0.1100000000 3.9712345434
0.1200000000 3.9662475749
0.1300000000 3.9608639849
0.1400000000 3.9550843118
0.1500000000 3.9489091335
0.1600000000 3.9423390676
0.1700000000 3.9353747712
0.1800000000 3.9280169405
0.1900000000 3.9202663114
0.2000000000 3.9121236589
0.2100000000 3.9035897973
0.2200000000 3.8946655800
0.2300000000 3.8853518994
0.2400000000 3.8756496869
0.2500000000 3.8655599126
0.2600000000 3.8550835855
0.2700000000 3.8442217533
0.2800000000 3.8329755021
0.2900000000 3.8213459565
0.3000000000 3.8093342796
0.3100000000 3.7969416724
0.3200000000 3.7841693741
0.3300000000 3.7710186622
0.3400000000 3.7574908514
0.3500000000 3.7435872948
0.3600000000 3.7293093825
0.3700000000 3.7146585424
0.3800000000 3.6996362395
0.3900000000 3.6842439761
0.4000000000 3.6684832913
0.4100000000 3.6523557613
0.4200000000 3.6358629988
0.4300000000 3.6190066529
0.4400000000 3.6017884095
0.4500000000 3.5842099902
0.4600000000 3.5662731529
0.4700000000 3.5479796912
0.4800000000 3.5293314345
0.4900000000 3.5103302476
0.5000000000 3.4909780307
0.5100000000 3.4712767188
0.5200000000 3.4512282821
0.5300000000 3.4308347255
0.5400000000 3.4100980883
0.5500000000 3.3890204442
0.5600000000 3.3676039008
0.5700000000 3.3458505998
0.5800000000 3.3237627165
0.5900000000 3.3013424598
0.6000000000 3.2785920715
0.6100000000 3.2555138268
0.6200000000 3.2321100334
0.6300000000 3.2083830317
0.6400000000 3.1843351943
0.6500000000 3.1599689261
0.6600000000 3.1352866637
0.6700000000 3.1102908751
0.6800000000 3.0849840601
0.6900000000 3.0593687493
0.7000000000 3.0334475041
0.7100000000 3.0072229167
0.7200000000 2.9806976095
0.7300000000 2.9538742351
0.7400000000 2.9267554757
0.7500000000 2.8993440431
0.7600000000 2.8716426786
0.7700000000 2.8436541522
0.7800000000 2.8153812628
0.7900000000 2.7868268376
0.8000000000 2.7579937320
0.8100000000 2.7288848293
0.8200000000 2.6995030405
0.8300000000 2.6698513036
0.8400000000 2.6399325838
0.8500000000 2.6097498729
0.8600000000 2.5793061892
0.8700000000 2.5486045770
0.8800000000 2.5176481065
0.8900000000 2.4864398733
0.9000000000 2.4549829982
0.9100000000 2.4232806268
0.9200000000 2.3913359294
0.9300000000 2.3591521004
0.9400000000 2.3267323581
0.9500000000 2.2940799446
0.9600000000 2.2611981249
0.9700000000 2.2280901873
0.9800000000 2.1947594426
0.9900000000 2.1612092238
1.0000000000 2.1274428858
1.0100000000 2.0934638053
1.0200000000 2.0592753802
1.0300000000 2.0248810292
1.0400000000 1.9902841919
1.0500000000 1.9554883277
1.0600000000 1.9204969164
1.0700000000 1.8853134570
1.0800000000 1.8499414678
1.0900000000 1.8143844860
1.1000000000 1.7786460673
1.1100000000 1.7427297854
1.1200000000 1.7066392321
1.1300000000 1.6703780162
1.1400000000 1.6339497639
1.1500000000 1.5973581180
1.1600000000 1.5606067376
1.1700000000 1.5236992978
1.1800000000 1.4866394894
1.1900000000 1.4494310183
1.2000000000 1.4120776053
1.2100000000 1.3745829856
1.2200000000 1.3369509089
1.2300000000 1.2991851381
1.2400000000 1.2612894500
1.2500000000 1.2232676339
1.2600000000 1.1851234921
1.2700000000 1.1468608389
1.2800000000 1.1084835006
1.2900000000 1.0699953149
1.3000000000 1.0314001306
1.3100000000 0.9927018070
1.3200000000 0.9539042142
1.3300000000 0.9150112317
1.3400000000 0.8760267488
1.3500000000 0.8369546640
1.3600000000 0.7977988844
1.3700000000 0.7585633256
1.3800000000 0.7192519111
1.3900000000 0.6798685721
1.4000000000 0.6404172467
1.4100000000 0.6009018801
1.4200000000 0.5613264239
1.4300000000 0.5216948354
1.4400000000 0.4820110779
1.4500000000 0.4422791198
1.4600000000 0.4025029340
1.4700000000 0.3626864983
1.4800000000 0.3228337943
1.4900000000 0.2829488072
1.5000000000 0.2430355254
1.5100000000 0.2030979402
1.5200000000 0.1631400455
1.5300000000 0.1231658368
1.5400000000 0.0831793117
1.5500000000 0.0431844688
1.5600000000 0.0031853074
1.5700000000 -0.0368141725
1.5800000000 -0.0768099711
1.5900000000 -0.1167980887
1.6000000000 -0.1567745266
1.6100000000 -0.1967352871
1.6200000000 -0.2366763743
1.6300000000 -0.2765937941
1.6400000000 -0.3164835547
1.6500000000 -0.3563416672
1.6600000000 -0.3961641458
1.6700000000 -0.4359470084
1.6800000000 -0.4756862766
1.6900000000 -0.5153779766
1.7000000000 -0.5550181392
1.7100000000 -0.5946028005
1.7200000000 -0.6341280020
1.7300000000 -0.6735897912
1.7400000000 -0.7129842220
1.7500000000 -0.7523073550
1.7600000000 -0.7915552579
1.7700000000 -0.8307240059
1.7800000000 -0.8698096821
1.7900000000 -0.9088083782
1.8000000000 -0.9477161942
1.8100000000 -0.9865292393
1.8200000000 -1.0252436323
1.8300000000 -1.0638555018
1.8400000000 -1.1023609867
1.8500000000 -1.1407562364
1.8600000000 -1.1790374114
1.8700000000 -1.2172006836
1.8800000000 -1.2552422368
1.8900000000 -1.2931582669
1.9000000000 -1.3309449821
1.9100000000 -1.3685986040
1.9200000000 -1.4061153672
1.9300000000 -1.4434915200
1.9400000000 -1.4807233248
1.9500000000 -1.5178070585
1.9600000000 -1.5547390129
1.9700000000 -1.5915154946
1.9800000000 -1.6281328260
1.9900000000 -1.6645873456
2.0000000000 -1.7008754078
2.0100000000 -1.7369933839
2.0200000000 -1.7729376621
2.0300000000 -1.8087046480
2.0400000000 -1.8442907649
2.0500000000 -1.8796924543
2.0600000000 -1.9149061760
2.0700000000 -1.9499284087
2.0800000000 -1.9847556502
2.0900000000 -2.0193844178
2.1000000000 -2.0538112486
2.1100000000 -2.0880327000
2.1200000000 -2.1220453499
2.1300000000 -2.1558457970
2.1400000000 -2.1894306613
2.1500000000 -2.2227965844
2.1600000000 -2.2559402297
2.1700000000 -2.2888582828
2.1800000000 -2.3215474520
2.1900000000 -2.3540044684
2.2000000000 -2.3862260863
2.2100000000 -2.4182090836
2.2200000000 -2.4499502620
2.2300000000 -2.4814464475
2.2400000000 -2.5126944903
2.2500000000 -2.5436912658
2.2600000000 -2.5744336743
2.2700000000 -2.6049186415
2.2800000000 -2.6351431191
2.2900000000 -2.6651040845
2.3000000000 -2.6947985418
2.3100000000 -2.7242235215
2.3200000000 -2.7533760810
2.3300000000 -2.7822533053
2.3400000000 -2.8108523065
2.3500000000 -2.8391702249
2.3600000000 -2.8672042286
2.3700000000 -2.8949515143
2.3800000000 -2.9224093072
2.3900000000 -2.9495748616
2.4000000000 -2.9764454610
2.4100000000 -3.0030184184
2.4200000000 -3.0292910764
2.4300000000 -3.0552608078
2.4400000000 -3.0809250157
2.4500000000 -3.1062811336
2.4600000000 -3.1313266260
2.4700000000 -3.1560589884
2.4800000000 -3.1804757475
2.4900000000 -3.2045744617
2.5000000000 -3.2283527211
2.5100000000 -3.2518081479
2.5200000000 -3.2749383966
2.5300000000 -3.2977411542
2.5400000000 -3.3202141405
2.5500000000 -3.3423551081
2.5600000000 -3.3641618429
2.5700000000 -3.3856321644
2.5800000000 -3.4067639255
2.5900000000 -3.4275550130
2.6000000000 -3.4480033479
2.6100000000 -3.4681068853
2.6200000000 -3.4878636150
2.6300000000 -3.5072715611
2.6400000000 -3.5263287831
2.6500000000 -3.5450333751
2.6600000000 -3.5633834667
2.6700000000 -3.5813772230
2.6800000000 -3.5990128445
2.6900000000 -3.6162885677
2.7000000000 -3.6332026651
2.7100000000 -3.6497534452
2.7200000000 -3.6659392530
2.7300000000 -3.6817584700
2.7400000000 -3.6972095142
2.7500000000 -3.7122908405
2.7600000000 -3.7270009408
2.7700000000 -3.7413383441
2.7800000000 -3.7553016168
2.7900000000 -3.7688893624
2.8000000000 -3.7821002221
2.8100000000 -3.7949328751
2.8200000000 -3.8073860379
2.8300000000 -3.8194584652
2.8400000000 -3.8311489499
2.8500000000 -3.8424563229
2.8600000000 -3.8533794535
2.8700000000 -3.8639172493
2.8800000000 -3.8740686567
2.8900000000 -3.8838326604
2.9000000000 -3.8932082840
2.9100000000 -3.9021945901
2.9200000000 -3.9107906800
2.9300000000 -3.9189956940
2.9400000000 -3.9268088118
2.9500000000 -3.9342292519
2.9600000000 -3.9412562725
2.9700000000 -3.9478891706
2.9800000000 -3.9541272832
2.9900000000 -3.9599699863
3.0000000000 -3.9654166957
3.0100000000 -3.9704668667
3.0200000000 -3.9751199944
3.0300000000 -3.9793756133
3.0400000000 -3.9832332981
3.0500000000 -3.9866926628
3.0600000000 -3.9897533615
3.0700000000 -3.9924150883
3.0800000000 -3.9946775769
3.0900000000 -3.9965406010
3.1000000000 -3.9980039745
3.1100000000 -3.9990675508
3.1200000000 -3.9997312238
3.1300000000 -3.9999949269
3.1400000000 -3.9998586339
3.1500000000 -3.9993223583
3.1600000000 -3.9983861539
3.1700000000 -3.9970501142
3.1800000000 -3.9953143728
3.1900000000 -3.9931791032
3.2000000000 -3.9906445191
3.2100000000 -3.9877108739
3.2200000000 -3.9843784609
3.2300000000 -3.9806476134
3.2400000000 -3.9765187044
3.2500000000 -3.9719921469
3.2600000000 -3.9670683935
3.2700000000 -3.9617479365
3.2800000000 -3.9560313081
3.2900000000 -3.9499190798
3.3000000000 -3.9434118629
3.3100000000 -3.9365103081
3.3200000000 -3.9292151056
3.3300000000 -3.9215269848
3.3400000000 -3.9134467145
3.3500000000 -3.9049751029
3.3600000000 -3.8961129970
3.3700000000 -3.8868612831
3.3800000000 -3.8772208863
3.3900000000 -3.8671927706
3.4000000000 -3.8567779389
3.4100000000 -3.8459774325
3.4200000000 -3.8347923317
3.4300000000 -3.8232237548
3.4400000000 -3.8112728587
3.4500000000 -3.7989408385
3.4600000000 -3.7862289274
3.4700000000 -3.7731383966
3.4800000000 -3.7596705550
3.4900000000 -3.7458267496
3.5000000000 -3.7316083645
3.5100000000 -3.7170168218
3.5200000000 -3.7020535805
3.5300000000 -3.6867201369
3.5400000000 -3.6710180243
3.5500000000 -3.6549488130
3.5600000000 -3.6385141099
3.5700000000 -3.6217155584
3.5800000000 -3.6045548384
3.5900000000 -3.5870336659
3.6000000000 -3.5691537930
3.6100000000 -3.5509170077
3.6200000000 -3.5323251336
3.6300000000 -3.5133800300
3.6400000000 -3.4940835913
3.6500000000 -3.4744377472
3.6600000000 -3.4544444622
3.6700000000 -3.4341057356
3.6800000000 -3.4134236013
3.6900000000 -3.3924001275
3.7000000000 -3.3710374165
3.7100000000 -3.3493376046
3.7200000000 -3.3273028617
3.7300000000 -3.3049353913
3.7400000000 -3.2822374301
3.7500000000 -3.2592112479
3.7600000000 -3.2358591473
3.7700000000 -3.2121834634
3.7800000000 -3.1881865639
3.7900000000 -3.1638708484
3.8000000000 -3.1392387485
3.8100000000 -3.1142927273
3.8200000000 -3.0890352794
3.8300000000 -3.0634689306
3.8400000000 -3.0375962374
3.8500000000 -3.0114197871
3.8600000000 -2.9849421974
3.8700000000 -2.9581661159
3.8800000000 -2.9310942203
3.8900000000 -2.9037292177
3.9000000000 -2.8760738446
3.9100000000 -2.8481308665
3.9200000000 -2.8199030777
3.9300000000 -2.7913933009
3.9400000000 -2.7626043872
3.9500000000 -2.7335392153
3.9600000000 -2.7042006917
3.9700000000 -2.6745917504
3.9800000000 -2.6447153521
3.9900000000 -2.6145744845
4.0000000000 -2.5841721616
4.0100000000 -2.5535114236
4.0200000000 -2.5225953366
4.0300000000 -2.4914269922
4.0400000000 -2.4600095072
4.0500000000 -2.4283460232
4.0600000000 -2.3964397067
4.0700000000 -2.3642937482
4.0800000000 -2.3319113623
4.0900000000 -2.2992957872
4.1000000000 -2.2664502845
4.1100000000 -2.2333781386
4.1200000000 -2.2000826568
4.1300000000 -2.1665671685
4.1400000000 -2.1328350253
4.1500000000 -2.0988896004
4.1600000000 -2.0647342883
4.1700000000 -2.0303725045
4.1800000000 -1.9958076851
4.1900000000 -1.9610432866
4.2000000000 -1.9260827854
4.2100000000 -1.8909296775
4.2200000000 -1.8555874783
4.2300000000 -1.8200597218
4.2400000000 -1.7843499609
4.2500000000 -1.7484617665
4.2600000000 -1.7123987274
4.2700000000 -1.6761644498
4.2800000000 -1.6397625571
4.2900000000 -1.6031966896
4.3000000000 -1.5664705038
4.3100000000 -1.5295876722
4.3200000000 -1.4925518831
4.3300000000 -1.4553668401
4.3400000000 -1.4180362615
4.3500000000 -1.3805638806
4.3600000000 -1.3429534444
4.3700000000 -1.3052087140
4.3800000000 -1.2673334638
4.3900000000 -1.2293314813
4.4000000000 -1.1912065667
4.4100000000 -1.1529625324
4.4200000000 -1.1146032029
4.4300000000 -1.0761324139
4.4400000000 -1.0375540126
4.4500000000 -0.9988718567
4.4600000000 -0.9600898146
4.4700000000 -0.9212117642
4.4800000000 -0.8822415934
4.4900000000 -0.8431831992
4.5000000000 -0.8040404874
4.5100000000 -0.7648173722
4.5200000000 -0.7255177759
4.5300000000 -0.6861456284
4.5400000000 -0.6467048669
4.5500000000 -0.6071994355
4.5600000000 -0.5676332846
4.5700000000 -0.5280103709
4.5800000000 -0.4883346566
4.5900000000 -0.4486101093
4.6000000000 -0.4088407013
4.6100000000 -0.3690304095
4.6200000000 -0.3291832151
4.6300000000 -0.2893031026
4.6400000000 -0.2493940600
4.6500000000 -0.2094600782
4.6600000000 -0.1695051506
4.6700000000 -0.1295332726
4.6800000000 -0.0895484414
4.6900000000 -0.0495546554
4.7000000000 -0.0095559140
4.7100000000 0.0304437830
4.7200000000 0.0704404356
4.7300000000 0.1104300442
4.7400000000 0.1504086100
4.7500000000 0.1903721350
4.7600000000 0.2303166229
4.7700000000 0.2702380794
4.7800000000 0.3101325123
4.7900000000 0.3499959322
4.8000000000 0.3898243528
4.8100000000 0.4296137912
4.8200000000 0.4693602687
4.8300000000 0.5090598105
4.8400000000 0.5487084468
4.8500000000 0.5883022127
4.8600000000 0.6278371488
4.8700000000 0.6673093018
4.8800000000 0.7067147244
4.8900000000 0.7460494761
4.9000000000 0.7853096235
4.9100000000 0.8244912405
4.9200000000 0.8635904092
4.9300000000 0.9026032195
4.9400000000 0.9415257702
4.9500000000 0.9803541692
4.9600000000 1.0190845335
4.9700000000 1.0577129903
4.9800000000 1.0962356766
4.9900000000 1.1346487403
5.0000000000 1.1729483400
5.0100000000 1.2111306459
5.0200000000 1.2491918397
5.0300000000 1.2871281154
5.0400000000 1.3249356794
5.0500000000 1.3626107508
5.0600000000 1.4001495624
5.0700000000 1.4375483601
5.0800000000 1.4748034043
5.0900000000 1.5119109693
5.1000000000 1.5488673444
5.1100000000 1.5856688342
5.1200000000 1.6223117583
5.1300000000 1.6587924527
5.1400000000 1.6951072692
5.1500000000 1.7312525763
5.1600000000 1.7672247597
5.1700000000 1.8030202220
5.1800000000 1.8386353838
5.1900000000 1.8740666837
5.2000000000 1.9093105784
5.2100000000 1.9443635436
5.2200000000 1.9792220741
5.2300000000 2.0138826841
5.2400000000 2.0483419075
5.2500000000 2.0825962983
5.2600000000 2.1166424313
5.2700000000 2.1504769018
5.2800000000 2.1840963264
5.2900000000 2.2174973432
5.3000000000 2.2506766121
5.3100000000 2.2836308153
5.3200000000 2.3163566572
5.3300000000 2.3488508654
5.3400000000 2.3811101905
5.3500000000 2.4131314066
5.3600000000 2.4449113115
5.3700000000 2.4764467273
5.3800000000 2.5077345005
5.3900000000 2.5387715024
5.4000000000 2.5695546292
5.4100000000 2.6000808027
5.4200000000 2.6303469703
5.4300000000 2.6603501054
5.4400000000 2.6900872076
5.4500000000 2.7195553034
5.4600000000 2.7487514460
5.4700000000 2.7776727157
5.4800000000 2.8063162204
5.4900000000 2.8346790959
5.5000000000 2.8627585058
5.5100000000 2.8905516422
5.5200000000 2.9180557259
5.5300000000 2.9452680064
5.5400000000 2.9721857626
5.5500000000 2.9988063027
5.5600000000 3.0251269647
5.5700000000 3.0511451165
5.5800000000 3.0768581563
5.5900000000 3.1022635129
5.6000000000 3.1273586457
5.6100000000 3.1521410452
5.6200000000 3.1766082333
5.6300000000 3.2007577632
5.6400000000 3.2245872199
5.6500000000 3.2480942207
5.6600000000 3.2712764147
5.6700000000 3.2941314838
5.6800000000 3.3166571425
5.6900000000 3.3388511383
5.7000000000 3.3607112517
5.7100000000 3.3822352968
5.7200000000 3.4034211212
5.7300000000 3.4242666063
5.7400000000 3.4447696677
5.7500000000 3.4649282549
5.7600000000 3.4847403522
5.7700000000 3.5042039783
5.7800000000 3.5233171870
5.7900000000 3.5420780669
5.8000000000 3.5604847419
5.8100000000 3.5785353714
5.8200000000 3.5962281504
5.8300000000 3.6135613095
5.8400000000 3.6305331156
5.8500000000 3.6471418713
5.8600000000 3.6633859159
5.8700000000 3.6792636250
5.8800000000 3.6947734107
5.8900000000 3.7099137222
5.9000000000 3.7246830454
5.9100000000 3.7390799035
5.9200000000 3.7531028566
5.9300000000 3.7667505026
5.9400000000 3.7800214767
5.9500000000 3.7929144518
5.9600000000 3.8054281385
5.9700000000 3.8175612857
5.9800000000 3.8293126799
5.9900000000 3.8406811460
6.0000000000 3.8516655472
6.0100000000 3.8622647851
6.0200000000 3.8724777997
6.0300000000 3.8823035698
6.0400000000 3.8917411127
6.0500000000 3.9007894848
6.0600000000 3.9094477811
6.0700000000 3.9177151360
6.0800000000 3.9255907226
6.0900000000 3.9330737534
6.1000000000 3.9401634801
6.1100000000 3.9468591937
6.1200000000 3.9531602247
6.1300000000 3.9590659430
6.1400000000 3.9645757580
6.1500000000 3.9696891187
6.1600000000 3.9744055138
6.1700000000 3.9787244717
6.1800000000 3.9826455604
6.1900000000 3.9861683879
6.2000000000 3.9892926019
6.2100000000 3.9920178899
6.2200000000 3.9943439795
6.2300000000 3.9962706380
6.2400000000 3.9977976728
6.2500000000 3.9989249312
6.2600000000 3.9996523003
6.2700000000 3.9999797076
6.2800000000 3.9999071203
6.2900000000 3.9994345456
6.3000000000 3.9985620307
6.3100000000 3.9972896630
6.3200000000 3.9956175696
6.3300000000 3.9935459178
6.3400000000 3.9910749148
6.3500000000 3.9882048076
6.3600000000 3.9849358832
6.3700000000 3.9812684686
6.3800000000 3.9772029304
6.3900000000 3.9727396753
6.4000000000 3.9678791495
6.4100000000 3.9626218391
6.4200000000 3.9569682698
6.4300000000 3.9509190069
6.4400000000 3.9444746555
6.4500000000 3.9376358599
6.4600000000 3.9304033040
6.4700000000 3.9227777110
6.4800000000 3.9147598436
6.4900000000 3.9063505034
6.5000000000 3.8975505314
6.5100000000 3.8883608076
6.5200000000 3.8787822510
6.5300000000 3.8688158193
6.5400000000 3.8584625093
6.5500000000 3.8477233563
6.5600000000 3.8365994342
6.5700000000 3.8250918553
6.5800000000 3.8132017704
6.5900000000 3.8009303685
6.6000000000 3.7882788767
6.6100000000 3.7752485603
6.6200000000 3.7618407221
6.6300000000 3.7480567029
6.6400000000 3.7338978812
6.6500000000 3.7193656729
6.6600000000 3.7044615310
6.6700000000 3.6891869461
6.6800000000 3.6735434456
6.6900000000 3.6575325938
6.7000000000 3.6411559918
6.7100000000 3.6244152772
6.7200000000 3.6073121242
6.7300000000 3.5898482429
6.7400000000 3.5720253798
6.7500000000 3.5538453171
6.7600000000 3.5353098728
6.7700000000 3.5164209005
6.7800000000 3.4971802891
6.7900000000 3.4775899625
6.8000000000 3.4576518798
6.8100000000 3.4373680349
6.8200000000 3.4167404560
6.8300000000 3.3957712058
6.8400000000 3.3744623814
6.8500000000 3.3528161136
6.8600000000 3.3308345670
6.8700000000 3.3085199396
6.8800000000 3.2858744631
6.8900000000 3.2629004018
6.9000000000 3.2396000532
6.9100000000 3.2159757473
6.9200000000 3.1920298465
6.9300000000 3.1677647454
6.9400000000 3.1431828705
6.9500000000 3.1182866799
6.9600000000 3.0930786632
6.9700000000 3.0675613412
6.9800000000 3.0417372656
6.9900000000 3.0156090189
7.0000000000 2.9891792138
7.0100000000 2.9624504932
7.0200000000 2.9354255300
7.0300000000 2.9081070268
7.0400000000 2.8804977153
7.0500000000 2.8526003564
7.0600000000 2.8244177398
7.0700000000 2.7959526838
7.0800000000 2.7672080349
7.0900000000 2.7381866675
7.1000000000 2.7088914837
7.1100000000 2.6793254130
7.1200000000 2.6494914120
7.1300000000 2.6193924641
7.1400000000 2.5890315791
7.1500000000 2.5584117931
7.1600000000 2.5275361680
7.1700000000 2.4964077915
7.1800000000 2.4650297762
7.1900000000 2.4334052600
7.2000000000 2.4015374053
7.2100000000 2.3694293989
7.2200000000 2.3370844515
7.2300000000 2.3045057977
7.2400000000 2.2716966951
7.2500000000 2.2386604248
7.2600000000 2.2054002903
7.2700000000 2.1719196176
7.2800000000 2.1382217548
7.2900000000 2.1043100716
7.3000000000 2.0701879591
7.3100000000 2.0358588295
7.3200000000 2.0013261158
7.3300000000 1.9665932711
7.3400000000 1.9316637688
7.3500000000 1.8965411016
7.3600000000 1.8612287820
7.3700000000 1.8257303410
7.3800000000 1.7900493285
7.3900000000 1.7541893125
7.4000000000 1.7181538791
7.4100000000 1.6819466317
7.4200000000 1.6455711911
7.4300000000 1.6090311947
7.4400000000 1.5723302965
7.4500000000 1.5354721667
7.4600000000 1.4984604908
7.4700000000 1.4612989702
7.4800000000 1.4239913209
7.4900000000 1.3865412737
7.5000000000 1.3489525735
7.5100000000 1.3112289791
7.5200000000 1.2733742630
7.5300000000 1.2353922104
7.5400000000 1.1972866197
7.5500000000 1.1590613014
7.5600000000 1.1207200778
7.5700000000 1.0822667832
7.5800000000 1.0437052628
7.5900000000 1.0050393728
7.6000000000 0.9662729796
7.6100000000 0.9274099600
7.6200000000 0.8884542001
7.6300000000 0.8494095956
7.6400000000 0.8102800508
7.6500000000 0.7710694787
7.6600000000 0.7317818003
7.6700000000 0.6924209443
7.6800000000 0.6529908467
7.6900000000 0.6134954507
7.7000000000 0.5739387056
7.7100000000 0.5343245671
7.7200000000 0.4946569966
7.7300000000 0.4549399608
7.7400000000 0.4151774314
7.7500000000 0.3753733846
7.7600000000 0.3355318008
7.7700000000 0.2956566641
7.7800000000 0.2557519620
7.7900000000 0.2158216848
7.8000000000 0.1758698257
7.8100000000 0.1359003798
7.8200000000 0.0959173439
7.8300000000 0.0559247164
7.8400000000 0.0159264964
7.8500000000 -0.0240733162
7.8600000000 -0.0640707214
7.8700000000 -0.1040617197
7.8800000000 -0.1440423119
7.8900000000 -0.1840084999
7.9000000000 -0.2239562873
7.9100000000 -0.2638816792
7.9200000000 -0.3037806832
7.9300000000 -0.3436493094
7.9400000000 -0.3834835709
7.9500000000 -0.4232794843
7.9600000000 -0.4630330702
7.9700000000 -0.5027403532
7.9800000000 -0.5423973625
7.9900000000 -0.5820001326
8.0000000000 -0.6215447031
8.0100000000 -0.6610271197
8.0200000000 -0.7004434341
8.0300000000 -0.7397897048
8.0400000000 -0.7790619971
8.0500000000 -0.8182563838
8.0600000000 -0.8573689456
8.0700000000 -0.8963957713
8.0800000000 -0.9353329580
8.0900000000 -0.9741766123
8.1000000000 -1.0129228497
8.1100000000 -1.0515677957
8.1200000000 -1.0901075858
8.1300000000 -1.1285383660
8.1400000000 -1.1668562934
8.1500000000 -1.2050575360
8.1600000000 -1.2431382740
8.1700000000 -1.2810946991
8.1800000000 -1.3189230158
8.1900000000 -1.3566194414
8.2000000000 -1.3941802061
8.2100000000 -1.4316015539
8.2200000000 -1.4688797428
8.2300000000 -1.5060110450
8.2400000000 -1.5429917473
8.2500000000 -1.5798181517
8.2600000000 -1.6164865756
8.2700000000 -1.6529933522
8.2800000000 -1.6893348308
8.2900000000 -1.7255073774
8.3000000000 -1.7615073746
8.3100000000 -1.7973312226
8.3200000000 -1.8329753390
8.3300000000 -1.8684361594
8.3400000000 -1.9037101377
8.3500000000 -1.9387937466
8.3600000000 -1.9736834777
8.3700000000 -2.0083758421
8.3800000000 -2.0428673706
8.3900000000 -2.0771546141
8.4000000000 -2.1112341438
8.4100000000 -2.1451025519
8.4200000000 -2.1787564515
8.4300000000 -2.2121924773
8.4400000000 -2.2454072857
8.4500000000 -2.2783975552
8.4600000000 -2.3111599869
8.4700000000 -2.3436913045
8.4800000000 -2.3759882549
8.4900000000 -2.4080476085
8.5000000000 -2.4398661593
8.5100000000 -2.4714407255
8.5200000000 -2.5027681497
8.5300000000 -2.5338452992
8.5400000000 -2.5646690663
8.5500000000 -2.5952363686
8.5600000000 -2.6255441495
8.5700000000 -2.6555893781
8.5800000000 -2.6853690499
8.5900000000 -2.7148801872
8.6000000000 -2.7441198386
8.6100000000 -2.7730850804
8.6200000000 -2.8017730159
8.6300000000 -2.8301807765
8.6400000000 -2.8583055214
8.6500000000 -2.8861444381
8.6600000000 -2.9136947428
8.6700000000 -2.9409536804
8.6800000000 -2.9679185251
8.6900000000 -2.9945865804
8.7000000000 -3.0209551796
8.7100000000 -3.0470216858
8.7200000000 -3.0727834923
8.7300000000 -3.0982380231
8.7400000000 -3.1233827326
8.7500000000 -3.1482151064
8.7600000000 -3.1727326614
8.7700000000 -3.1969329458
8.7800000000 -3.2208135395
8.7900000000 -3.2443720545
8.8000000000 -3.2676061351
8.8100000000 -3.2905134577
8.8200000000 -3.3130917318
8.8300000000 -3.3353386994
8.8400000000 -3.3572521359
8.8500000000 -3.3788298501
8.8600000000 -3.4000696840
8.8700000000 -3.4209695139
8.8800000000 -3.4415272496
8.8900000000 -3.4617408355
8.9000000000 -3.4816082501
8.9100000000 -3.5011275069
8.9200000000 -3.5202966538
8.9300000000 -3.5391137740
8.9400000000 -3.5575769857
8.9500000000 -3.5756844427
8.9600000000 -3.5934343343
8.9700000000 -3.6108248854
8.9800000000 -3.6278543571
8.9900000000 -3.6445210463
9.0000000000 -3.6608232864
9.0100000000 -3.6767594473
9.0200000000 -3.6923279353
9.0300000000 -3.7075271936
9.0400000000 -3.7223557023
9.0500000000 -3.7368119784
9.0600000000 -3.7508945765
9.0700000000 -3.7646020883
9.0800000000 -3.7779331430
9.0900000000 -3.7908864075
9.1000000000 -3.8034605866
9.1100000000 -3.8156544227
9.1200000000 -3.8274666966
9.1300000000 -3.8388962271
9.1400000000 -3.8499418711
9.1500000000 -3.8606025241
9.1600000000 -3.8708771200
9.1700000000 -3.8807646315
9.1800000000 -3.8902640698
9.1900000000 -3.8993744849
9.2000000000 -3.9080949658
9.2100000000 -3.9164246405
9.2200000000 -3.9243626759
9.2300000000 -3.9319082784
9.2400000000 -3.9390606933
9.2500000000 -3.9458192054
9.2600000000 -3.9521831389
9.2700000000 -3.9581518574
9.2800000000 -3.9637247640
9.2900000000 -3.9689013014
9.3000000000 -3.9736809520
9.3100000000 -3.9780632378
9.3200000000 -3.9820477206
9.3300000000 -3.9856340019
9.3400000000 -3.9888217232
9.3500000000 -3.9916105656
9.3600000000 -3.9940002503
9.3700000000 -3.9959905383
9.3800000000 -3.9975812306
9.3900000000 -3.9987721680
9.4000000000 -3.9995632316
9.4100000000 -3.9999543422
9.4200000000 -3.9999454607
9.4300000000 -3.9995365880
9.4400000000 -3.9987277650
9.4500000000 -3.9975190725
9.4600000000 -3.9959106314
9.4700000000 -3.9939026026
9.4800000000 -3.9914951869
9.4900000000 -3.9886886250
9.5000000000 -3.9854831975
9.5100000000 -3.9818792251
9.5200000000 -3.9778770680
9.5300000000 -3.9734771266
9.5400000000 -3.9686798407
9.5500000000 -3.9634856902
9.5600000000 -3.9578951944
9.5700000000 -3.9519089124
9.5800000000 -3.9455274428
9.5900000000 -3.9387514237
9.6000000000 -3.9315815328
9.6100000000 -3.9240184870
9.6200000000 -3.9160630426
9.6300000000 -3.9077159952
9.6400000000 -3.8989781794
9.6500000000 -3.8898504691
9.6600000000 -3.8803337769
9.6700000000 -3.8704290546
9.6800000000 -3.8601372927
9.6900000000 -3.8494595202
9.7000000000 -3.8383968050
9.7100000000 -3.8269502532
9.7200000000 -3.8151210097
9.7300000000 -3.8029102572
9.7400000000 -3.7903192169
9.7500000000 -3.7773491478
9.7600000000 -3.7640013470
9.7700000000 -3.7502771491
9.7800000000 -3.7361779267
9.7900000000 -3.7217050896
9.8000000000 -3.7068600851
9.8100000000 -3.6916443976
9.8200000000 -3.6760595488
9.8300000000 -3.6601070971
9.8400000000 -3.6437886378
9.8500000000 -3.6271058026
9.8600000000 -3.6100602598
9.8700000000 -3.5926537141
9.8800000000 -3.5748879059
9.8900000000 -3.5567646120
9.9000000000 -3.5382856445
9.9100000000 -3.5194528515
9.9200000000 -3.5002681161
9.9300000000 -3.4807333568
9.9400000000 -3.4608505270
9.9500000000 -3.4406216151
9.9600000000 -3.4200486439
9.9700000000 -3.3991336707
9.9800000000 -3.3778787869
9.9900000000 -3.3562861181
10.0000000000 -3.3343578235
10.0100000000 -3.3120960958
10.0200000000 -3.2895031613
10.0300000000 -3.2665812793
10.0400000000 -3.2433327418
10.0500000000 -3.2197598738
10.0600000000 -3.1958650324
10.0700000000 -3.1716506072
10.0800000000 -3.1471190196
10.0900000000 -3.1222727228
10.1000000000 -3.0971142012
10.1100000000 -3.0716459708
10.1200000000 -3.0458705784
10.1300000000 -3.0197906014
10.1400000000 -2.9934086480
10.1500000000 -2.9667273561
10.1600000000 -2.9397493940
10.1700000000 -2.9124774594
10.1800000000 -2.8849142794
10.1900000000 -2.8570626105
10.2000000000 -2.8289252376
10.2100000000 -2.8005049746
10.2200000000 -2.7718046635
10.2300000000 -2.7428271741
10.2400000000 -2.7135754044
10.2500000000 -2.6840522794
10.2600000000 -2.6542607513
10.2700000000 -2.6242037994
10.2800000000 -2.5938844294
10.2900000000 -2.5633056730
10.3000000000 -2.5324705882
10.3100000000 -2.5013822585
10.3200000000 -2.4700437926
10.3300000000 -2.4384583244
10.3400000000 -2.4066290124
10.3500000000 -2.3745590395
10.3600000000 -2.3422516126
10.3700000000 -2.3097099626
10.3800000000 -2.2769373435
10.3900000000 -2.2439370326
10.4000000000 -2.2107123298
10.4100000000 -2.1772665576
10.4200000000 -2.1436030606
10.4300000000 -2.1097252051
10.4400000000 -2.0756363788
10.4500000000 -2.0413399906
10.4600000000 -2.0068394701
10.4700000000 -1.9721382673
10.4800000000 -1.9372398524
10.4900000000 -1.9021477150
10.5000000000 -1.8668653645
10.5100000000 -1.8313963290
10.5200000000 -1.7957441554
10.5300000000 -1.7599124089
10.5400000000 -1.7239046726
10.5500000000 -1.6877245473
10.5600000000 -1.6513756509
10.5700000000 -1.6148616184
10.5800000000 -1.5781861010
10.5900000000 -1.5413527663
10.6000000000 -1.5043652977
10.6100000000 -1.4672273937
10.6200000000 -1.4299427683
10.6300000000 -1.3925151497
10.6400000000 -1.3549482808
10.6500000000 -1.3172459182
10.6600000000 -1.2794118322
10.6700000000 -1.2414498060
10.6800000000 -1.2033636358
10.6900000000 -1.1651571303
10.7000000000 -1.1268341100
10.7100000000 -1.0883984073
10.7200000000 -1.0498538656
10.7300000000 -1.0112043395
10.7400000000 -0.9724536937
10.7500000000 -0.9336058034
10.7600000000 -0.8946645533
10.7700000000 -0.8556338374
10.7800000000 -0.8165175589
10.7900000000 -0.7773196293
10.8000000000 -0.7380439685
10.8100000000 -0.6986945038
10.8200000000 -0.6592751702
10.8300000000 -0.6197899097
10.8400000000 -0.5802426707
10.8500000000 -0.5406374080
10.8600000000 -0.5009780819
10.8700000000 -0.4612686584
10.8800000000 -0.4215131085
10.8900000000 -0.3817154076
10.9000000000 -0.3418795355
10.9100000000 -0.3020094757
10.9200000000 -0.2621092152
10.9300000000 -0.2221827441
10.9400000000 -0.1822340548
10.9500000000 -0.1422671423
10.9600000000 -0.1022860031
10.9700000000 -0.0622946355
10.9800000000 -0.0222970384
10.9900000000 0.0177027883
11.0000000000 0.0577008448
11.0100000000 0.0976931312
11.0200000000 0.1376756484
11.0300000000 0.1776443981
11.0400000000 0.2175953836
11.0500000000 0.2575246097
11.0600000000 0.2974280836
11.0700000000 0.3373018149
11.0800000000 0.3771418163
11.0900000000 0.4169441038
11.1000000000 0.4567046972
11.1100000000 0.4964196206
11.1200000000 0.5360849024
11.1300000000 0.5756965762
11.1400000000 0.6152506808
11.1500000000 0.6547432609
11.1600000000 0.6941703672
11.1700000000 0.7335280570
11.1800000000 0.7728123946
11.1900000000 0.8120194516
11.2000000000 0.8511453074
11.2100000000 0.8901860493
11.2200000000 0.9291377734
11.2300000000 0.9679965844
11.2400000000 1.0067585967
11.2500000000 1.0454199338
11.2600000000 1.0839767299
11.2700000000 1.1224251292
11.2800000000 1.1607612869
11.2900000000 1.1989813695
11.3000000000 1.2370815549
11.3100000000 1.2750580332
11.3200000000 1.3129070068
11.3300000000 1.3506246907
11.3400000000 1.3882073134
11.3500000000 1.4256511164
11.3600000000 1.4629523555
11.3700000000 1.5001073006
11.3800000000 1.5371122362
11.3900000000 1.5739634619
11.4000000000 1.6106572925
11.4100000000 1.6471900588
11.4200000000 1.6835581074
11.4300000000 1.7197578016
11.4400000000 1.7557855215
11.4500000000 1.7916376642
11.4600000000 1.8273106447
11.4700000000 1.8628008957
11.4800000000 1.8981048681
11.4900000000 1.9332190316
11.5000000000 1.9681398749
11.5100000000 2.0028639057
11.5200000000 2.0373876519
11.5300000000 2.0717076610
11.5400000000 2.1058205010
11.5500000000 2.1397227608
11.5600000000 2.1734110501
11.5700000000 2.2068820000
11.5800000000 2.2401322636
11.5900000000 2.2731585159
11.6000000000 2.3059574542
11.6100000000 2.3385257986
11.6200000000 2.3708602925
11.6300000000 2.4029577022
11.6400000000 2.4348148183
11.6500000000 2.4664284548
11.6600000000 2.4977954506
11.6700000000 2.5289126689
11.6800000000 2.5597769980
11.6900000000 2.5903853516
11.7000000000 2.6207346688
11.7100000000 2.6508219147
11.7200000000 2.6806440807
11.7300000000 2.7101981845
11.7400000000 2.7394812707
11.7500000000 2.7684904110
11.7600000000 2.7972227046
11.7700000000 2.8256752783
11.7800000000 2.8538452868
11.7900000000 2.8817299132
11.8000000000 2.9093263690
11.8100000000 2.9366318945
11.8200000000 2.9636437594
11.8300000000 2.9903592623
11.8400000000 3.0167757318
11.8500000000 3.0428905262
11.8600000000 3.0687010341
11.8700000000 3.0942046744
11.8800000000 3.1193988969
11.8900000000 3.1442811821
11.9000000000 3.1688490418
11.9100000000 3.1931000192
11.9200000000 3.2170316893
11.9300000000 3.2406416588
11.9400000000 3.2639275670
11.9500000000 3.2868870851
11.9600000000 3.3095179172
11.9700000000 3.3318178003
11.9800000000 3.3537845043
11.9900000000 3.3754158328
12.0000000000 3.3967096224
12.0100000000 3.4176637439
12.0200000000 3.4382761019
12.0300000000 3.4585446352
12.0400000000 3.4784673168
12.0500000000 3.4980421547
12.0600000000 3.5172671912
12.0700000000 3.5361405040
12.0800000000 3.5546602056
12.0900000000 3.5728244442
12.1000000000 3.5906314033
12.1100000000 3.6080793023
12.1200000000 3.6251663963
12.1300000000 3.6418909768
12.1400000000 3.6582513711
12.1500000000 3.6742459434
12.1600000000 3.6898730941
12.1700000000 3.7051312607
12.1800000000 3.7200189171
12.1900000000 3.7345345748
12.2000000000 3.7486767821
12.2100000000 3.7624441249
12.2200000000 3.7758352264
12.2300000000 3.7888487476
12.2400000000 3.8014833870
12.2500000000 3.8137378812
12.2600000000 3.8256110048
12.2700000000 3.8371015706
12.2800000000 3.8482084293
12.2900000000 3.8589304704
12.3000000000 3.8692666217
12.3100000000 3.8792158496
12.3200000000 3.8887771591
12.3300000000 3.8979495941
12.3400000000 3.9067322374
12.3500000000 3.9151242108
12.3600000000 3.9231246750
12.3700000000 3.9307328299
12.3800000000 3.9379479149
12.3900000000 3.9447692084
12.4000000000 3.9511960282
12.4100000000 3.9572277318
12.4200000000 3.9628637158
12.4300000000 3.9681034168
12.4400000000 3.9729463108
12.4500000000 3.9773919134
12.4600000000 3.9814397801
12.4700000000 3.9850895062
12.4800000000 3.9883407267
12.4900000000 3.9911931164
12.5000000000 3.9936463901
12.5100000000 3.9957003025
12.5200000000 3.9973546483
12.5300000000 3.9986092618
12.5400000000 3.9994640178
12.5500000000 3.9999188308
12.5600000000 3.9999736551
12.5700000000 3.9996284855
12.5800000000 3.9988833563
12.5900000000 3.9977383421
12.6000000000 3.9961935574
12.6100000000 3.9942491567
12.6200000000 3.9919053344
12.6300000000 3.9891623249
12.6400000000 3.9860204025
12.6500000000 3.9824798814
12.6600000000 3.9785411156
12.6700000000 3.9742044990
12.6800000000 3.9694704653
12.6900000000 3.9643394878
12.7000000000 3.9588120797
12.7100000000 3.9528887936
12.7200000000 3.9465702220
12.7300000000 3.9398569967
12.7400000000 3.9327497889
12.7500000000 3.9252493095
12.7600000000 3.9173563083
12.7700000000 3.9090715749
12.7800000000 3.9003959375
12.7900000000 3.8913302637
12.8000000000 3.8818754602
12.8100000000 3.8720324724
12.8200000000 3.8618022846
12.8300000000 3.8511859197
12.8400000000 3.8401844395
12.8500000000 3.8287989440
12.8600000000 3.8170305718
12.8700000000 3.8048804997
12.8800000000 3.7923499428
12.8900000000 3.7794401540
12.9000000000 3.7661524244
12.9100000000 3.7524880826
12.9200000000 3.7384484952
12.9300000000 3.7240350660
12.9400000000 3.7092492365
12.9500000000 3.6940924851
12.9600000000 3.6785663275
12.9700000000 3.6626723164
12.9800000000 3.6464120411
12.9900000000 3.6297871276
13.0000000000 3.6127992384
13.0100000000 3.5954500723
13.0200000000 3.5777413643
13.0300000000 3.5596748850
13.0400000000 3.5412524412
13.0500000000 3.5224758752
13.0600000000 3.5033470645
13.0700000000 3.4838679220
13.0800000000 3.4640403956
13.0900000000 3.4438664680
13.1000000000 3.4233481567
13.1100000000 3.4024875134
13.1200000000 3.3812866242
13.1300000000 3.3597476092
13.1400000000 3.3378726222
13.1500000000 3.3156638507
13.1600000000 3.2931235156
13.1700000000 3.2702538709
13.1800000000 3.2470572035
13.1900000000 3.2235358331
13.2000000000 3.1996921119
13.2100000000 3.1755284240
13.2200000000 3.1510471860
13.2300000000 3.1262508459
13.2400000000 3.1011418833
13.2500000000 3.0757228091
13.2600000000 3.0499961652
13.2700000000 3.0239645242
13.2800000000 2.9976304892
13.2900000000 2.9709966938
13.3000000000 2.9440658011
13.3100000000 2.9168405043
13.3200000000 2.8893235259
13.3300000000 2.8615176175
13.3400000000 2.8334255598
13.3500000000 2.8050501618
13.3600000000 2.7763942612
13.3700000000 2.7474607235
13.3800000000 2.7182524420
13.3900000000 2.6887723375
13.4000000000 2.6590233580
13.4100000000 2.6290084784
13.4200000000 2.5987307002
13.4300000000 2.5681930510
13.4400000000 2.5373985847
13.4500000000 2.5063503806
13.4600000000 2.4750515436
13.4700000000 2.4435052035
13.4800000000 2.4117145149
13.4900000000 2.3796826568
13.5000000000 2.3474128325
13.5100000000 2.3149082689
13.5200000000 2.2821722163
13.5300000000 2.2492079485
13.5400000000 2.2160187617
13.5500000000 2.1826079749
13.5600000000 2.1489789291
13.5700000000 2.1151349872
13.5800000000 2.0810795335
13.5900000000 2.0468159737
13.6000000000 2.0123477339
13.6100000000 1.9776782611
13.6200000000 1.9428110221
13.6300000000 1.9077495036
13.6400000000 1.8724972117
13.6500000000 1.8370576717
13.6600000000 1.8014344275
13.6700000000 1.7656310413
13.6800000000 1.7296510934
13.6900000000 1.6934981819
13.7000000000 1.6571759220
13.7100000000 1.6206879459
13.7200000000 1.5840379023
13.7300000000 1.5472294563
13.7400000000 1.5102662886
13.7500000000 1.4731520956
13.7600000000 1.4358905885
13.7700000000 1.3984854936
13.7800000000 1.3609405513
13.7900000000 1.3232595161
13.8000000000 1.2854461561
13.8100000000 1.2475042525
13.8200000000 1.2094375995
13.8300000000 1.1712500037
13.8400000000 1.1329452840
13.8500000000 1.0945272706
13.8600000000 1.0559998055
13.8700000000 1.0173667412
13.8800000000 0.9786319411
13.8900000000 0.9397992787
13.9000000000 0.9008726370
13.9100000000 0.8618559089
13.9200000000 0.8227529959
13.9300000000 0.7835678083
13.9400000000 0.7443042646
13.9500000000 0.7049662910
13.9600000000 0.6655578214
13.9700000000 0.6260827966
13.9800000000 0.5865451640
13.9900000000 0.5469488774
14.0000000000 0.5072978964
14.0100000000 0.4675961860
14.0200000000 0.4278477164
14.0300000000 0.3880564623
14.0400000000 0.3482264030
14.0500000000 0.3083615213
14.0600000000 0.2684658037
14.0700000000 0.2285432397
14.0800000000 0.1885978216
14.0900000000 0.1486335439
14.1000000000 0.1086544029
14.1100000000 0.0686643966
14.1200000000 0.0286675239
14.1300000000 -0.0113322155
14.1400000000 -0.0513308217
14.1500000000 -0.0913242949
14.1600000000 -0.1313086357
14.1700000000 -0.1712798458
14.1800000000 -0.2112339280
14.1900000000 -0.2511668870
14.2000000000 -0.2910747295
14.2100000000 -0.3309534648
14.2200000000 -0.3707991050
14.2300000000 -0.4106076656
14.2400000000 -0.4503751658
14.2500000000 -0.4900976289
14.2600000000 -0.5297710826
14.2700000000 -0.5693915596
14.2800000000 -0.6089550979
14.2900000000 -0.6484577413
14.3000000000 -0.6878955394
14.3100000000 -0.7272645485
14.3200000000 -0.7665608318
14.3300000000 -0.8057804597
14.3400000000 -0.8449195101
14.3500000000 -0.8839740693
14.3600000000 -0.9229402319
14.3700000000 -0.9618141012
14.3800000000 -1.0005917899
14.3900000000 -1.0392694202
14.4000000000 -1.0778431245
14.4100000000 -1.1163090453
14.4200000000 -1.1546633362
14.4300000000 -1.1929021617
14.4400000000 -1.2310216980
14.4500000000 -1.2690181331
14.4600000000 -1.3068876675
14.4700000000 -1.3446265142
14.4800000000 -1.3822308994
14.4900000000 -1.4196970626
14.5000000000 -1.4570212573
14.5100000000 -1.4941997511
14.5200000000 -1.5312288262
14.5300000000 -1.5681047797
14.5400000000 -1.6048239240
14.5500000000 -1.6413825872
14.5600000000 -1.6777771136
14.5700000000 -1.7140038636
14.5800000000 -1.7500592147
14.5900000000 -1.7859395613
14.6000000000 -1.8216413154
14.6100000000 -1.8571609070
14.6200000000 -1.8924947839
14.6300000000 -1.9276394130
14.6400000000 -1.9625912798
14.6500000000 -1.9973468890
14.6600000000 -2.0319027653
14.6700000000 -2.0662554529
14.6800000000 -2.1004015168
14.6900000000 -2.1343375422
14.7000000000 -2.1680601356
14.7100000000 -2.2015659249
14.7200000000 -2.2348515594
14.7300000000 -2.2679137106
14.7400000000 -2.3007490723
14.7500000000 -2.3333543610
14.7600000000 -2.3657263162
14.7700000000 -2.3978617008
14.7800000000 -2.4297573012
14.7900000000 -2.4614099279
14.8000000000 -2.4928164157
14.8100000000 -2.5239736238
14.8200000000 -2.5548784368
14.8300000000 -2.5855277640
14.8400000000 -2.6159185406
14.8500000000 -2.6460477275
14.8600000000 -2.6759123119
14.8700000000 -2.7055093072
14.8800000000 -2.7348357539
14.8900000000 -2.7638887193
14.9000000000 -2.7926652981
14.9100000000 -2.8211626127
14.9200000000 -2.8493778134
14.9300000000 -2.8773080787
14.9400000000 -2.9049506155
14.9500000000 -2.9323026598
14.9600000000 -2.9593614762
14.9700000000 -2.9861243589
14.9800000000 -3.0125886317
14.9900000000 -3.0387516482
15.0000000000 -3.0646107920
15.0100000000 -3.0901634772
15.0200000000 -3.1154071487
15.0300000000 -3.1403392821
15.0400000000 -3.1649573842
15.0500000000 -3.1892589932
15.0600000000 -3.2132416789
15.0700000000 -3.2369030431
15.0800000000 -3.2602407198
15.0900000000 -3.2832523751
15.1000000000 -3.3059357078
15.1100000000 -3.3282884498
15.1200000000 -3.3503083657
15.1300000000 -3.3719932535
15.1400000000 -3.3933409449
15.1500000000 -3.4143493049
15.1600000000 -3.4350162329
15.1700000000 -3.4553396621
15.1800000000 -3.4753175603
15.1900000000 -3.4949479295
15.2000000000 -3.5142288069
15.2100000000 -3.5331582644
15.2200000000 -3.5517344089
15.2300000000 -3.5699553830
15.2400000000 -3.5878193645
15.2500000000 -3.6053245671
15.2600000000 -3.6224692402
15.2700000000 -3.6392516694
15.2800000000 -3.6556701765
15.2900000000 -3.6717231196
15.3000000000 -3.6874088934
15.3100000000 -3.7027259295
15.3200000000 -3.7176726960
15.3300000000 -3.7322476984
15.3400000000 -3.7464494791
15.3500000000 -3.7602766179
15.3600000000 -3.7737277323
15.3700000000 -3.7868014770
15.3800000000 -3.7994965447
15.3900000000 -3.8118116660
15.4000000000 -3.8237456092
15.4100000000 -3.8352971811
15.4200000000 -3.8464652264
15.4300000000 -3.8572486284
15.4400000000 -3.8676463088
15.4500000000 -3.8776572278
15.4600000000 -3.8872803843
15.4700000000 -3.8965148160
15.4800000000 -3.9053595994
15.4900000000 -3.9138138502
15.5000000000 -3.9218767228
15.5100000000 -3.9295474110
15.5200000000 -3.9368251478
15.5300000000 -3.9437092053
15.5400000000 -3.9501988952
15.5500000000 -3.9562935684
15.5600000000 -3.9619926157
15.5700000000 -3.9672954669
15.5800000000 -3.9722015920
15.5900000000 -3.9767105001
15.6000000000 -3.9808217406
15.6100000000 -3.9845349022
15.6200000000 -3.9878496136
15.6300000000 -3.9907655433
15.6400000000 -3.9932823999
15.6500000000 -3.9953999315
15.6600000000 -3.9971179265
15.6700000000 -3.9984362130
15.6800000000 -3.9993546592
15.6900000000 -3.9998731733
15.7000000000 -3.9999917034
15.7100000000 -3.9997102377
15.7200000000 -3.9990288043
15.7300000000 -3.9979474713
15.7400000000 -3.9964663469
15.7500000000 -3.9945855792
15.7600000000 -3.9923053563
15.7700000000 -3.9896259062
15.7800000000 -3.9865474968
15.7900000000 -3.9830704359
15.8000000000 -3.9791950714
15.8100000000 -3.9749217906
15.8200000000 -3.9702510210
15.8300000000 -3.9651832296
15.8400000000 -3.9597189232
15.8500000000 -3.9538586482
15.8600000000 -3.9476029906
15.8700000000 -3.9409525760
15.8800000000 -3.9339080695
15.8900000000 -3.9264701754
15.9000000000 -3.9186396376
15.9100000000 -3.9104172390
15.9200000000 -3.9018038020
15.9300000000 -3.8928001879
15.9400000000 -3.8834072970
15.9500000000 -3.8736260686
15.9600000000 -3.8634574808
15.9700000000 -3.8529025505
15.9800000000 -3.8419623332
15.9900000000 -3.8306379228
16.0000000000 -3.8189304518
16.0100000000 -3.8068410910
16.0200000000 -3.7943710492
16.0300000000 -3.7815215735
16.0400000000 -3.7682939487
16.0500000000 -3.7546894978
16.0600000000 -3.7407095809
16.0700000000 -3.7263555963
16.0800000000 -3.7116289792
16.0900000000 -3.6965312023
16.1000000000 -3.6810637754
16.1100000000 -3.6652282451
16.1200000000 -3.6490261951
16.1300000000 -3.6324592455
16.1400000000 -3.6155290530
16.1500000000 -3.5982373106
16.1600000000 -3.5805857475
16.1700000000 -3.5625761288
16.1800000000 -3.5442102554
16.1900000000 -3.5254899640
16.2000000000 -3.5064171265
16.2100000000 -3.4869936502
16.2200000000 -3.4672214775
16.2300000000 -3.4471025855
16.2400000000 -3.4266389861
16.2500000000 -3.4058327256
16.2600000000 -3.3846858848
16.2700000000 -3.3632005782
16.2800000000 -3.3413789543
16.2900000000 -3.3192231953
16.3000000000 -3.2967355167
16.3100000000 -3.2739181674
16.3200000000 -3.2507734289
16.3300000000 -3.2273036159
16.3400000000 -3.2035110751
16.3500000000 -3.1793981859
16.3600000000 -3.1549673596
16.3700000000 -3.1302210391
16.3800000000 -3.1051616992
16.3900000000 -3.0797918456
16.4000000000 -3.0541140155
16.4100000000 -3.0281307765
16.4200000000 -3.0018447269
16.4300000000 -2.9752584953
16.4400000000 -2.9483747404
16.4500000000 -2.9211961505
16.4600000000 -2.8937254434
16.4700000000 -2.8659653662
16.4800000000 -2.8379186948
16.4900000000 -2.8095882339
16.5000000000 -2.7809768165
16.5100000000 -2.7520873038
16.5200000000 -2.7229225846
16.5300000000 -2.6934855754
16.5400000000 -2.6637792200
16.5500000000 -2.6338064888
16.5600000000 -2.6035703792
16.5700000000 -2.5730739147
16.5800000000 -2.5423201449
16.5900000000 -2.5113121453
16.6000000000 -2.4800530165
16.6100000000 -2.4485458845
16.6200000000 -2.4167938999
16.6300000000 -2.3848002380
16.6400000000 -2.3525680981
16.6500000000 -2.3201007033
16.6600000000 -2.2874013003
16.6700000000 -2.2544731591
16.6800000000 -2.2213195725
16.6900000000 -2.1879438558
16.7000000000 -2.1543493465
16.7100000000 -2.1205394041
16.7200000000 -2.0865174095
16.7300000000 -2.0522867649
16.7400000000 -2.0178508934
16.7500000000 -1.9832132384
16.7600000000 -1.9483772638
16.7700000000 -1.9133464530
16.7800000000 -1.8781243092
16.7900000000 -1.8427143546
16.8000000000 -1.8071201300
16.8100000000 -1.7713451950
16.8200000000 -1.7353931269
16.8300000000 -1.6992675209
16.8400000000 -1.6629719896
16.8500000000 -1.6265101625
16.8600000000 -1.5898856857
16.8700000000 -1.5531022217
16.8800000000 -1.5161634487
16.8900000000 -1.4790730607
16.9000000000 -1.4418347666
16.9100000000 -1.4044522902
16.9200000000 -1.3669293697
16.9300000000 -1.3292697575
16.9400000000 -1.2914772194
16.9500000000 -1.2535555346
16.9600000000 -1.2155084954
16.9700000000 -1.1773399063
16.9800000000 -1.1390535842
16.9900000000 -1.1006533576
17.0000000000 -1.0621430667
17.0100000000 -1.0235265623
17.0200000000 -0.9848077062
17.0300000000 -0.9459903701
17.0400000000 -0.9070784357
17.0500000000 -0.8680757943
17.0600000000 -0.8289863460
17.0700000000 -0.7898139997
17.0800000000 -0.7505626727
17.0900000000 -0.7112362901
17.1000000000 -0.6718387844
17.1100000000 -0.6323740954
17.1200000000 -0.5928461696
17.1300000000 -0.5532589596
17.1400000000 -0.5136164242
17.1500000000 -0.4739225275
17.1600000000 -0.4341812390
17.1700000000 -0.3943965328
17.1800000000 -0.3545723872
17.1900000000 -0.3147127846
17.2000000000 -0.2748217111
17.2100000000 -0.2349031556
17.2200000000 -0.1949611100
17.2300000000 -0.1549995684
17.2400000000 -0.1150225271
17.2500000000 -0.0750339835
17.2600000000 -0.0350379366
17.2700000000 0.0049616140
17.2800000000 0.0449606685
17.2900000000 0.0849552269
17.3000000000 0.1249412899
17.3100000000 0.1649148589
17.3200000000 0.2048719365
17.3300000000 0.2448085271
17.3400000000 0.2847206371
17.3500000000 0.3246042752
17.3600000000 0.3644554532
17.3700000000 0.4042701859
17.3800000000 0.4440444920
17.3900000000 0.4837743940
17.4000000000 0.5234559189
17.4100000000 0.5630850987
17.4200000000 0.6026579704
17.4300000000 0.6421705768
17.4400000000 0.6816189668
17.4500000000 0.7209991954
17.4600000000 0.7603073246
17.4700000000 0.7995394238
17.4800000000 0.8386915697
17.4900000000 0.8777598471
17.5000000000 0.9167403493
17.5100000000 0.9556291782
17.5200000000 0.9944224450
17.5300000000 1.0331162704
17.5400000000 1.0717067850
17.5500000000 1.1101901299
17.5600000000 1.1485624566
17.5700000000 1.1868199281
17.5800000000 1.2249587185
17.5900000000 1.2629750141
17.6000000000 1.3008650132
17.6100000000 1.3386249270
17.6200000000 1.3762509793
17.6300000000 1.4137394077
17.6400000000 1.4510864634
17.6500000000 1.4882884116
17.6600000000 1.5253415322
17.6700000000 1.5622421199
17.6800000000 1.5989864847
17.6900000000 1.6355709522
17.7000000000 1.6719918640
17.7100000000 1.7082455779
17.7200000000 1.7443284688
17.7300000000 1.7802369282
17.7400000000 1.8159673654
17.7500000000 1.8515162074
17.7600000000 1.8868798994
17.7700000000 1.9220549049
17.7800000000 1.9570377065
17.7900000000 1.9918248060
17.8000000000 2.0264127246
17.8100000000 2.0607980037
17.8200000000 2.0949772047
17.8300000000 2.1289469097
17.8400000000 2.1627037219
17.8500000000 2.1962442654
17.8600000000 2.2295651863
17.8700000000 2.2626631526
17.8800000000 2.2955348545
17.8900000000 2.3281770047
17.9000000000 2.3605863392
17.9100000000 2.3927596171
17.9200000000 2.4246936210
17.9300000000 2.4563851575
17.9400000000 2.4878310576
17.9500000000 2.5190281766
17.9600000000 2.5499733949
17.9700000000 2.5806636181
17.9800000000 2.6110957769
17.9900000000 2.6412668284
18.0000000000 2.6711737554
18.0100000000 2.7008135673
18.0200000000 2.7301833001
18.0300000000 2.7592800168
18.0400000000 2.7881008078
18.0500000000 2.8166427910
18.0600000000 2.8449031123
18.0700000000 2.8728789457
18.0800000000 2.9005674936
18.0900000000 2.9279659871
18.1000000000 2.9550716865
18.1100000000 2.9818818811
18.1200000000 3.0083938901
18.1300000000 3.0346050622
18.1400000000 3.0605127763
18.1500000000 3.0861144417
18.1600000000 3.1114074982
18.1700000000 3.1363894165
18.1800000000 3.1610576986
18.1900000000 3.1854098775
18.2000000000 3.2094435180
18.2100000000 3.2331562169
18.2200000000 3.2565456028
18.2300000000 3.2796093369
18.2400000000 3.3023451129
18.2500000000 3.3247506570
18.2600000000 3.3468237288
18.2700000000 3.3685621211
18.2800000000 3.3899636600
18.2900000000 3.4110262053
18.3000000000 3.4317476508
18.3100000000 3.4521259245
18.3200000000 3.4721589884
18.3300000000 3.4918448393
18.3400000000 3.5111815087
18.3500000000 3.5301670628
18.3600000000 3.5487996031
18.3700000000 3.5670772665
18.3800000000 3.5849982251
18.3900000000 3.6025606868
18.4000000000 3.6197628955
18.4100000000 3.6366031309
18.4200000000 3.6530797091
18.4300000000 3.6691909823
18.4400000000 3.6849353395
18.4500000000 3.7003112062
18.4600000000 3.7153170448
18.4700000000 3.7299513549
18.4800000000 3.7442126729
18.4900000000 3.7580995728
18.5000000000 3.7716106659
18.5100000000 3.7847446010
18.5200000000 3.7975000649
18.5300000000 3.8098757819
18.5400000000 3.8218705145
18.5500000000 3.8334830632
18.5600000000 3.8447122668
18.5700000000 3.8555570024
18.5800000000 3.8660161855
18.5900000000 3.8760887702
18.6000000000 3.8857737492
18.6100000000 3.8950701542
18.6200000000 3.9039770553
18.6300000000 3.9124935620
18.6400000000 3.9206188226
18.6500000000 3.9283520246
18.6600000000 3.9356923947
18.6700000000 3.9426391987
18.6800000000 3.9491917422
18.6900000000 3.9553493698
18.7000000000 3.9611114657
18.7100000000 3.9664774538
18.7200000000 3.9714467975
18.7300000000 3.9760189998
18.7400000000 3.9801936035
18.7500000000 3.9839701911
18.7600000000 3.9873483851
18.7700000000 3.9903278475
18.7800000000 3.9929082805
18.7900000000 3.9950894260
18.8000000000 3.9968710659
18.8100000000 3.9982530219
18.8200000000 3.9992351561
18.8300000000 3.9998173700
18.8400000000 3.9999996055
18.8500000000 3.9997818444
18.8600000000 3.9991641085
18.8700000000 3.9981464595
18.8800000000 3.9967289991
18.8900000000 3.9949118692
18.9000000000 3.9926952515
18.9100000000 3.9900793675
18.9200000000 3.9870644789
18.9300000000 3.9836508872
18.9400000000 3.9798389338
18.9500000000 3.9756289997
18.9600000000 3.9710215061
18.9700000000 3.9660169136
18.9800000000 3.9606157228
18.9900000000 3.9548184736
19.0000000000 3.9486257460
19.0100000000 3.9420381590
19.0200000000 3.9350563715
19.0300000000 3.9276810816
19.0400000000 3.9199130270
19.0500000000 3.9117529842
19.0600000000 3.9032017695
19.0700000000 3.8942602378
19.0800000000 3.8849292833
19.0900000000 3.8752098392
19.1000000000 3.8651028772
19.1100000000 3.8546094083
19.1200000000 3.8437304816
19.1300000000 3.8324671850
19.1400000000 3.8208206449
19.1500000000 3.8087920260
19.1600000000 3.7963825310
19.1700000000 3.7835934009
19.1800000000 3.7704259146
19.1900000000 3.7568813889
19.2000000000 3.7429611782
19.2100000000 3.7286666745
19.2200000000 3.7139993072
19.2300000000 3.6989605431
19.2400000000 3.6835518860
19.2500000000 3.6677748768
19.2600000000 3.6516310932
19.2700000000 3.6351221495
19.2800000000 3.6182496966
19.2900000000 3.6010154217
19.3000000000 3.5834210484
19.3100000000 3.5654683359
19.3200000000 3.5471590795
19.3300000000 3.5284951102
19.3400000000 3.5094782943
19.3500000000 3.4901105335
19.3600000000 3.4703937646
19.3700000000 3.4503299591
19.3800000000 3.4299211236
19.3900000000 3.4091692988
19.4000000000 3.3880765599
19.4100000000 3.3666450162
19.4200000000 3.3448768108
19.4300000000 3.3227741205
19.4400000000 3.3003391555
19.4500000000 3.2775741594
19.4600000000 3.2544814086
19.4700000000 3.2310632124
19.4800000000 3.2073219125
19.4900000000 3.1832598831
19.5000000000 3.1588795304
19.5100000000 3.1341832924
19.5200000000 3.1091736387
19.5300000000 3.0838530701
19.5400000000 3.0582241189
19.5500000000 3.0322893478
19.5600000000 3.0060513502
19.5700000000 2.9795127501
19.5800000000 2.9526762011
19.5900000000 2.9255443870
19.6000000000 2.8981200209
19.6100000000 2.8704058452
19.6200000000 2.8424046313
19.6300000000 2.8141191793
19.6400000000 2.7855523177
19.6500000000 2.7567069033
19.6600000000 2.7275858204
19.6700000000 2.6981919812
19.6800000000 2.6685283251
19.6900000000 2.6385978184
19.7000000000 2.6084034541
19.7100000000 2.5779482516
19.7200000000 2.5472352564
19.7300000000 2.5162675399
19.7400000000 2.4850481986
19.7500000000 2.4535803547
19.7600000000 2.4218671547
19.7700000000 2.3899117701
19.7800000000 2.3577173962
19.7900000000 2.3252872526
19.8000000000 2.2926245822
19.8100000000 2.2597326512
19.8200000000 2.2266147489
19.8300000000 2.1932741869
19.8400000000 2.1597142994
19.8500000000 2.1259384422
19.8600000000 2.0919499930
19.8700000000 2.0577523505
19.8800000000 2.0233489344
19.8900000000 1.9887431852
19.9000000000 1.9539385633
19.9100000000 1.9189385492
19.9200000000 1.8837466428
19.9300000000 1.8483663633
19.9400000000 1.8128012488
19.9500000000 1.7770548556
19.9600000000 1.7411307584
19.9700000000 1.7050325496
19.9800000000 1.6687638390
19.9900000000 1.6323282533
20.0000000000 1.5957294362
20.0100000000 1.5589710475
20.0200000000 1.5220567630
20.0300000000 1.4849902740
20.0400000000 1.4477752873
20.0500000000 1.4104155243
20.0600000000 1.3729147209
20.0700000000 1.3352766271
20.0800000000 1.2975050068
20.0900000000 1.2596036371
20.1000000000 1.2215763081
20.1100000000 1.1834268224
20.1200000000 1.1451589951
20.1300000000 1.1067766528
20.1400000000 1.0682836338
20.1500000000 1.0296837873
20.1600000000 0.9909809732
20.1700000000 0.9521790619
20.1800000000 0.9132819335
20.1900000000 0.8742934777
20.2000000000 0.8352175932
20.2100000000 0.7960581877
20.2200000000 0.7568191770
20.2300000000 0.7175044851
20.2400000000 0.6781180433
20.2500000000 0.6386637902
20.2600000000 0.5991456713
20.2700000000 0.5595676383
20.2800000000 0.5199336491
20.2900000000 0.4802476669
20.3000000000 0.4405136603
20.3100000000 0.4007356028
20.3200000000 0.3609174720
20.3300000000 0.3210632497
20.3400000000 0.2811769214
20.3500000000 0.2412624757
20.3600000000 0.2013239039
20.3700000000 0.1613651999
20.3800000000 0.1213903595
20.3900000000 0.0814033801
20.4000000000 0.0414082605
20.4100000000 0.0014090001
20.4200000000 -0.0385904012
20.4300000000 -0.0785859435
20.4400000000 -0.1185736272
20.4500000000 -0.1585494537
20.4600000000 -0.1985094254
20.4700000000 -0.2384495463
20.4800000000 -0.2783658225
20.4900000000 -0.3182542623
20.5000000000 -0.3581108769
20.5100000000 -0.3979316808
20.5200000000 -0.4377126918
20.5300000000 -0.4774499319
20.5400000000 -0.5171394274
20.5500000000 -0.5567772094
20.5600000000 -0.5963593142
20.5700000000 -0.6358817835
20.5800000000 -0.6753406652
20.5900000000 -0.7147320133
20.6000000000 -0.7540518889
20.6100000000 -0.7932963599
20.6200000000 -0.8324615019
20.6300000000 -0.8715433985
20.6400000000 -0.9105381414
20.6500000000 -0.9494418313
20.6600000000 -0.9882505778
20.6700000000 -1.0269605001
20.6800000000 -1.0655677272
20.6900000000 -1.1040683984
20.7000000000 -1.1424586636
20.7100000000 -1.1807346840
20.7200000000 -1.2188926318
20.7300000000 -1.2569286915
20.7400000000 -1.2948390593
20.7500000000 -1.3326199442
20.7600000000 -1.3702675683
20.7700000000 -1.4077781668
20.7800000000 -1.4451479887
20.7900000000 -1.4823732969
20.8000000000 -1.5194503690
20.8100000000 -1.5563754974
20.8200000000 -1.5931449895
20.8300000000 -1.6297551685
20.8400000000 -1.6662023733
20.8500000000 -1.7024829592
20.8600000000 -1.7385932983
20.8700000000 -1.7745297795
20.8800000000 -1.8102888091
20.8900000000 -1.8458668115
20.9000000000 -1.8812602286
20.9100000000 -1.9164655213
20.9200000000 -1.9514791691
20.9300000000 -1.9862976706
20.9400000000 -2.0209175439
20.9500000000 -2.0553353272
20.9600000000 -2.0895475787
20.9700000000 -2.1235508771
20.9800000000 -2.1573418223
20.9900000000 -2.1909170350
21.0000000000 -2.2242731579
21.0100000000 -2.2574068553
21.0200000000 -2.2903148139
21.0300000000 -2.3229937429
21.0400000000 -2.3554403745
21.0500000000 -2.3876514640
21.0600000000 -2.4196237904
21.0700000000 -2.4513541564
21.0800000000 -2.4828393890
21.0900000000 -2.5140763398
21.1000000000 -2.5450618850
21.1100000000 -2.5757929261
21.1200000000 -2.6062663901
21.1300000000 -2.6364792297
21.1400000000 -2.6664284235
21.1500000000 -2.6961109767
21.1600000000 -2.7255239210
21.1700000000 -2.7546643152
21.1800000000 -2.7835292453
21.1900000000 -2.8121158248
21.2000000000 -2.8404211950
21.2100000000 -2.8684425255
21.2200000000 -2.8961770141
21.2300000000 -2.9236218875
21.2400000000 -2.9507744011
21.2500000000 -2.9776318397
21.2600000000 -3.0041915176
21.2700000000 -3.0304507788
21.2800000000 -3.0564069975
21.2900000000 -3.0820575781
21.3000000000 -3.1073999554
21.3100000000 -3.1324315954
21.3200000000 -3.1571499948
21.3300000000 -3.1815526818
21.3400000000 -3.2056372162
21.3500000000 -3.2294011896
21.3600000000 -3.2528422255
21.3700000000 -3.2759579800
21.3800000000 -3.2987461413
21.3900000000 -3.3212044308
21.4000000000 -3.3433306026
21.4100000000 -3.3651224442
21.4200000000 -3.3865777763
21.4300000000 -3.4076944534
21.4400000000 -3.4284703640
21.4500000000 -3.4489034303
21.4600000000 -3.4689916092
21.4700000000 -3.4887328919
21.4800000000 -3.5081253041
21.4900000000 -3.5271669067
21.5000000000 -3.5458557956
21.5100000000 -3.5641901019
21.5200000000 -3.5821679921
21.5300000000 -3.5997876685
21.5400000000 -3.6170473691
21.5500000000 -3.6339453681
21.5600000000 -3.6504799755
21.5700000000 -3.6666495379
21.5800000000 -3.6824524385
21.5900000000 -3.6978870969
21.6000000000 -3.7129519696
21.6100000000 -3.7276455503
21.6200000000 -3.7419663695
21.6300000000 -3.7559129951
21.6400000000 -3.7694840326
21.6500000000 -3.7826781249
21.6600000000 -3.7954939525
21.6700000000 -3.8079302338
21.6800000000 -3.8199857254
21.6900000000 -3.8316592215
21.7000000000 -3.8429495549
21.7100000000 -3.8538555965
21.7200000000 -3.8643762558
21.7300000000 -3.8745104807
21.7400000000 -3.8842572577
21.7500000000 -3.8936156123
21.7600000000 -3.9025846086
21.7700000000 -3.9111633496
21.7800000000 -3.9193509776
21.7900000000 -3.9271466737
21.8000000000 -3.9345496585
21.8100000000 -3.9415591915
21.8200000000 -3.9481745720
21.8300000000 -3.9543951382
21.8400000000 -3.9602202683
21.8500000000 -3.9656493796
21.8600000000 -3.9706819293
21.8700000000 -3.9753174141
21.8800000000 -3.9795553704
21.8900000000 -3.9833953746
21.9000000000 -3.9868370425
21.9100000000 -3.9898800301
21.9200000000 -3.9925240329
21.9300000000 -3.9947687867
21.9400000000 -3.9966140670
21.9500000000 -3.9980596891
21.9600000000 -3.9991055087
21.9700000000 -3.9997514210
21.9800000000 -3.9999973615
21.9900000000 -3.9998433056
22.0000000000 -3.9992892687
22.0100000000 -3.9983353062
22.0200000000 -3.9969815135
22.0300000000 -3.9952280260
22.0400000000 -3.9930750190
22.0500000000 -3.9905227079
22.0600000000 -3.9875713478
22.0700000000 -3.9842212338
22.0800000000 -3.9804727011
22.0900000000 -3.9763261245
22.1000000000 -3.9717819185
22.1100000000 -3.9668405376
22.1200000000 -3.9615024760
22.1300000000 -3.9557682675
22.1400000000 -3.9496384854
22.1500000000 -3.9431137428
22.1600000000 -3.9361946921
22.1700000000 -3.9288820252
22.1800000000 -3.9211764733
22.1900000000 -3.9130788071
22.2000000000 -3.9045898363
22.2100000000 -3.8957104097
22.2200000000 -3.8864414153
22.2300000000 -3.8767837801
22.2400000000 -3.8667384697
22.2500000000 -3.8563064886
22.2600000000 -3.8454888801
22.2700000000 -3.8342867260
22.2800000000 -3.8227011464
22.2900000000 -3.8107332998
22.3000000000 -3.7983843831
22.3100000000 -3.7856556311
22.3200000000 -3.7725483167
22.3300000000 -3.7590637506
22.3400000000 -3.7452032813
22.3500000000 -3.7309682948
22.3600000000 -3.7163602145
22.3700000000 -3.7013805013
22.3800000000 -3.6860306532
22.3900000000 -3.6703122050
22.4000000000 -3.6542267287
22.4100000000 -3.6377758328
22.4200000000 -3.6209611623
22.4300000000 -3.6037843988
22.4400000000 -3.5862472597
22.4500000000 -3.5683514990
22.4600000000 -3.5500989061
22.4700000000 -3.5314913062
22.4800000000 -3.5125305602
22.4900000000 -3.4932185640
22.5000000000 -3.4735572489
22.5100000000 -3.4535485809
22.5200000000 -3.4331945610
22.5300000000 -3.4124972244
22.5400000000 -3.3914586410
22.5500000000 -3.3700809146
22.5600000000 -3.3483661829
22.5700000000 -3.3263166173
22.5800000000 -3.3039344229
22.5900000000 -3.2812218377
22.6000000000 -3.2581811331
22.6100000000 -3.2348146132
22.6200000000 -3.2111246144
22.6300000000 -3.1871135059
22.6400000000 -3.1627836887
22.6500000000 -3.1381375957
22.6600000000 -3.1131776916
22.6700000000 -3.0879064723
22.6800000000 -3.0623264650
22.6900000000 -3.0364402275
22.7000000000 -3.0102503486
22.7100000000 -2.9837594471
22.7200000000 -2.9569701722
22.7300000000 -2.9298852027
22.7400000000 -2.9025072471
22.7500000000 -2.8748390433
22.7600000000 -2.8468833579
22.7700000000 -2.8186429866
22.7800000000 -2.7901207533
22.7900000000 -2.7613195103
22.8000000000 -2.7322421376
22.8100000000 -2.7028915430
22.8200000000 -2.6732706614
22.8300000000 -2.6433824551
22.8400000000 -2.6132299127
22.8500000000 -2.5828160495
22.8600000000 -2.5521439068
22.8700000000 -2.5212165518
22.8800000000 -2.4900370774
22.8900000000 -2.4586086012
22.9000000000 -2.4269342663
22.9100000000 -2.3950172400
22.9200000000 -2.3628607139
22.9300000000 -2.3304679037
22.9400000000 -2.2978420487
22.9500000000 -2.2649864114
22.9600000000 -2.2319042774
22.9700000000 -2.1985989547
22.9800000000 -2.1650737740
22.9900000000 -2.1313320878
23.0000000000 -2.0973772701
23.0100000000 -2.0632127164
23.0200000000 -2.0288418432
23.0300000000 -1.9942680875
23.0400000000 -1.9594949066
23.0500000000 -1.9245257779
23.0600000000 -1.8893641982
23.0700000000 -1.8540136836
23.0800000000 -1.8184777693
23.0900000000 -1.7827600086
23.1000000000 -1.7468639735
23.1100000000 -1.7107932534
23.1200000000 -1.6745514554
23.1300000000 -1.6381422037
23.1400000000 -1.6015691391
23.1500000000 -1.5648359189
23.1600000000 -1.5279462165
23.1700000000 -1.4909037207
23.1800000000 -1.4537121357
23.1900000000 -1.4163751808
23.2000000000 -1.3788965895
23.2100000000 -1.3412801097
23.2200000000 -1.3035295031
23.2300000000 -1.2656485445
23.2400000000 -1.2276410222
23.2500000000 -1.1895107367
23.2600000000 -1.1512615012
23.2700000000 -1.1128971406
23.2800000000 -1.0744214911
23.2900000000 -1.0358384003
23.3000000000 -0.9971517266
23.3100000000 -0.9583653386
23.3200000000 -0.9194831148
23.3300000000 -0.8805089434
23.3400000000 -0.8414467220
23.3500000000 -0.8023003565
23.3600000000 -0.7630737617
23.3700000000 -0.7237708601
23.3800000000 -0.6843955820
23.3900000000 -0.6449518650
23.4000000000 -0.6054436533
23.4100000000 -0.5658748977
23.4200000000 -0.5262495552
23.4300000000 -0.4865715881
23.4400000000 -0.4468449642
23.4500000000 -0.4070736563
23.4600000000 -0.3672616413
23.4700000000 -0.3274129004
23.4800000000 -0.2875314186
23.4900000000 -0.2476211838
23.5000000000 -0.2076861871
23.5100000000 -0.1677304220
23.5200000000 -0.1277578840
23.5300000000 -0.0877725702
23.5400000000 -0.0477784793
23.5500000000 -0.0077796106
23.5600000000 0.0322200360
23.5700000000 0.0722164607
23.5800000000 0.1122056638
23.5900000000 0.1521836464
23.6000000000 0.1921464108
23.6100000000 0.2320899607
23.6200000000 0.2720103018
23.6300000000 0.3119034421
23.6400000000 0.3517653923
23.6500000000 0.3915921663
23.6600000000 0.4313797814
23.6700000000 0.4711242588
23.6800000000 0.5108216242
23.6900000000 0.5504679079
23.7000000000 0.5900591453
23.7100000000 0.6295913772
23.7200000000 0.6690606505
23.7300000000 0.7084630184
23.7400000000 0.7477945405
23.7500000000 0.7870512837
23.7600000000 0.8262293225
23.7700000000 0.8653247391
23.7800000000 0.9043336239
23.7900000000 0.9432520761
23.8000000000 0.9820762038
23.8100000000 1.0208021248
23.8200000000 1.0594259664
23.8300000000 1.0979438663
23.8400000000 1.1363519727
23.8500000000 1.1746464449
23.8600000000 1.2128234534
23.8700000000 1.2508791806
23.8800000000 1.2888098209
23.8900000000 1.3266115813
23.9000000000 1.3642806816
23.9100000000 1.4018133550
23.9200000000 1.4392058483
23.9300000000 1.4764544221
23.9400000000 1.5135553517
23.9500000000 1.5505049271
23.9600000000 1.5872994533
23.9700000000 1.6239352508
23.9800000000 1.6604086562
23.9900000000 1.6967160221
24.0000000000 1.7328537178
24.0100000000 1.7688181295
24.0200000000 1.8046056610
24.0300000000 1.8402127334
24.0400000000 1.8756357860
24.0500000000 1.9108712766
24.0600000000 1.9459156817
24.0700000000 1.9807654968
24.0800000000 2.0154172371
24.0900000000 2.0498674372
24.1000000000 2.0841126524
24.1100000000 2.1181494580
24.1200000000 2.1519744505
24.1300000000 2.1855842473
24.1400000000 2.2189754875
24.1500000000 2.2521448320
24.1600000000 2.2850889638
24.1700000000 2.3178045887
24.1800000000 2.3502884351
24.1900000000 2.3825372546
24.2000000000 2.4145478223
24.2100000000 2.4463169373
24.2200000000 2.4778414226
24.2300000000 2.5091181258
24.2400000000 2.5401439194
24.2500000000 2.5709157006
24.2600000000 2.6014303924
24.2700000000 2.6316849434
24.2800000000 2.6616763280
24.2900000000 2.6914015472
24.3000000000 2.7208576286
24.3100000000 2.7500416264
24.3200000000 2.7789506223
24.3300000000 2.8075817255
24.3400000000 2.8359320729
24.3500000000 2.8639988294
24.3600000000 2.8917791884
24.3700000000 2.9192703720
24.3800000000 2.9464696309
24.3900000000 2.9733742453
24.4000000000 2.9999815248
24.4100000000 3.0262888086
24.4200000000 3.0522934660
24.4300000000 3.0779928967
24.4400000000 3.1033845306
24.4500000000 3.1284658286
24.4600000000 3.1532342827
24.4700000000 3.1776874160
24.4800000000 3.2018227832
24.4900000000 3.2256379708
24.5000000000 3.2491305972
24.5100000000 3.2722983133
24.5200000000 3.2951388024
24.5300000000 3.3176497802
24.5400000000 3.3398289959
24.5500000000 3.3616742314
24.5600000000 3.3831833024
24.5700000000 3.4043540578
24.5800000000 3.4251843806
24.5900000000 3.4456721879
24.6000000000 3.4658154308
24.6100000000 3.4856120951
24.6200000000 3.5050602010
24.6300000000 3.5241578039
24.6400000000 3.5429029939
24.6500000000 3.5612938966
24.6600000000 3.5793286728
24.6700000000 3.5970055192
24.6800000000 3.6143226680
24.6900000000 3.6312783875
24.7000000000 3.6478709822
24.7100000000 3.6640987929
24.7200000000 3.6799601968
24.7300000000 3.6954536077
24.7400000000 3.7105774763
24.7500000000 3.7253302903
24.7600000000 3.7397105743
24.7700000000 3.7537168904
24.7800000000 3.7673478379
24.7900000000 3.7806020538
24.8000000000 3.7934782127
24.8100000000 3.8059750268
24.8200000000 3.8180912467
24.8300000000 3.8298256606
24.8400000000 3.8411770951
24.8500000000 3.8521444151
24.8600000000 3.8627265239
24.8700000000 3.8729223633
24.8800000000 3.8827309136
24.8900000000 3.8921511941
24.9000000000 3.9011822627
24.9100000000 3.9098232164
24.9200000000 3.9180731910
24.9300000000 3.9259313615
24.9400000000 3.9333969421
24.9500000000 3.9404691864
24.9600000000 3.9471473870
24.9700000000 3.9534308762
24.9800000000 3.9593190255
24.9900000000 3.9648112463
25.0000000000 3.9699069892
25.0100000000 3.9746057448
25.0200000000 3.9789070431
25.0300000000 3.9828104540
25.0400000000 3.9863155871
25.0500000000 3.9894220921
25.0600000000 3.9921296581
25.0700000000 3.9944380145
25.0800000000 3.9963469305
25.0900000000 3.9978562151
25.1000000000 3.9989657173
25.1100000000 3.9996753264
25.1200000000 3.9999849712
25.1300000000 3.9998946209
25.1400000000 3.9994042845
25.1500000000 3.9985140110
25.1600000000 3.9972238893
25.1700000000 3.9955340487
25.1800000000 3.9934446579
25.1900000000 3.9909559261
25.2000000000 3.9880681019
25.2100000000 3.9847814743
25.2200000000 3.9810963718
25.2300000000 3.9770131630
25.2400000000 3.9725322563
25.2500000000 3.9676540996
25.2600000000 3.9623791808
25.2700000000 3.9567080274
25.2800000000 3.9506412064
25.2900000000 3.9441793247
25.3000000000 3.9373230283
25.3100000000 3.9300730029
25.3200000000 3.9224299734
25.3300000000 3.9143947043
25.3400000000 3.9059679989
25.3500000000 3.8971507000
25.3600000000 3.8879436892
25.3700000000 3.8783478873
25.3800000000 3.8683642539
25.3900000000 3.8579937873
25.4000000000 3.8472375245
25.4100000000 3.8360965411
25.4200000000 3.8245719513
25.4300000000 3.8126649075
25.4400000000 3.8003766004
25.4500000000 3.7877082588
25.4600000000 3.7746611495
25.4700000000 3.7612365773
25.4800000000 3.7474358845
25.4900000000 3.7332604512
25.5000000000 3.7187116951
25.5100000000 3.7037910708
25.5200000000 3.6885000706
25.5300000000 3.6728402234
25.5400000000 3.6568130952
25.5500000000 3.6404202888
25.5600000000 3.6236634433
25.5700000000 3.6065442346
25.5800000000 3.5890643744
25.5900000000 3.5712256108
25.6000000000 3.5530297276
25.6100000000 3.5344785444
25.6200000000 3.5155739163
25.6300000000 3.4963177337
25.6400000000 3.4767119223
25.6500000000 3.4567584426
25.6600000000 3.4364592899
25.6700000000 3.4158164941
25.6800000000 3.3948321196
25.6900000000 3.3735082646
25.7000000000 3.3518470617
25.7100000000 3.3298506768
25.7200000000 3.3075213096
25.7300000000 3.2848611931
25.7400000000 3.2618725932
25.7500000000 3.2385578087
25.7600000000 3.2149191711
25.7700000000 3.1909590444
25.7800000000 3.1666798243
25.7900000000 3.1420839390
25.8000000000 3.1171738478
25.8100000000 3.0919520419
25.8200000000 3.0664210433
25.8300000000 3.0405834052
25.8400000000 3.0144417113
25.8500000000 2.9879985757
25.8600000000 2.9612566428
25.8700000000 2.9342185866
25.8800000000 2.9068871111
25.8900000000 2.8792649492
25.9000000000 2.8513548633
25.9100000000 2.8231596442
25.9200000000 2.7946821116
25.9300000000 2.7659251130
25.9400000000 2.7368915243
25.9500000000 2.7075842487
25.9600000000 2.6780062169
25.9700000000 2.6481603867
25.9800000000 2.6180497427
25.9900000000 2.5876772959
26.0000000000 2.5570460835
26.0100000000 2.5261591686
26.0200000000 2.4950196400
26.0300000000 2.4636306114
26.0400000000 2.4319952219
26.0500000000 2.4001166348
26.0600000000 2.3679980381
26.0700000000 2.3356426435
26.0800000000 2.3030536867
26.0900000000 2.2702344264
26.1000000000 2.2371881445
26.1100000000 2.2039181457
26.1200000000 2.1704277569
26.1300000000 2.1367203271
26.1400000000 2.1027992271
26.1500000000 2.0686678489
26.1600000000 2.0343296057
26.1700000000 1.9997879312
26.1800000000 1.9650462795
26.1900000000 1.9301081249
26.2000000000 1.8949769611
26.2100000000 1.8596563011
26.2200000000 1.8241496771
26.2300000000 1.7884606396
26.2400000000 1.7525927576
26.2500000000 1.7165496177
26.2600000000 1.6803348243
26.2700000000 1.6439519988
26.2800000000 1.6074047795
26.2900000000 1.5706968211
26.3000000000 1.5338317943
26.3100000000 1.4968133855
26.3200000000 1.4596452967
26.3300000000 1.4223312446
26.3400000000 1.3848749605
26.3500000000 1.3472801901
26.3600000000 1.3095506928
26.3700000000 1.2716902416
26.3800000000 1.2337026223
26.3900000000 1.1955916338
26.4000000000 1.1573610872
26.4100000000 1.1190148054
26.4200000000 1.0805566231
26.4300000000 1.0419903860
26.4400000000 1.0033199507
26.4500000000 0.9645491843
26.4600000000 0.9256819637
26.4700000000 0.8867221757
26.4800000000 0.8476737163
26.4900000000 0.8085404902
26.5000000000 0.7693264107
26.5100000000 0.7300353992
26.5200000000 0.6906713848
26.5300000000 0.6512383038
26.5400000000 0.6117400995
26.5500000000 0.5721807218
26.5600000000 0.5325641264
26.5700000000 0.4928942751
26.5800000000 0.4531751347
26.5900000000 0.4134106772
26.6000000000 0.3736048790
26.6100000000 0.3337617206
26.6200000000 0.2938851863
26.6300000000 0.2539792638
26.6400000000 0.2140479435
26.6500000000 0.1740952186
26.6600000000 0.1341250844
26.6700000000 0.0941415377
26.6800000000 0.0541485770
26.6900000000 0.0141502014
26.7000000000 -0.0258495891
26.7100000000 -0.0658467947
26.7200000000 -0.1058374157
26.7300000000 -0.1458174531
26.7400000000 -0.1857829088
26.7500000000 -0.2257297864
26.7600000000 -0.2656540912
26.7700000000 -0.3055518308
26.7800000000 -0.3454190154
26.7900000000 -0.3852516585
26.8000000000 -0.4250457767
26.8100000000 -0.4647973907
26.8200000000 -0.5045025253
26.8300000000 -0.5441572101
26.8400000000 -0.5837574797
26.8500000000 -0.6232993740
26.8600000000 -0.6627789388
26.8700000000 -0.7021922263
26.8800000000 -0.7415352952
26.8900000000 -0.7808042112
26.9000000000 -0.8199950474
26.9100000000 -0.8591038848
26.9200000000 -0.8981268125
26.9300000000 -0.9370599282
26.9400000000 -0.9758993388
26.9500000000 -1.0146411602
26.9600000000 -1.0532815184
26.9700000000 -1.0918165493
26.9800000000 -1.1302423995
26.9900000000 -1.1685552263
27.0000000000 -1.2067511986
27.0100000000 -1.2448264968
27.0200000000 -1.2827773134
27.0300000000 -1.3205998533
27.0400000000 -1.3582903343
27.0500000000 -1.3958449874
27.0600000000 -1.4332600572
27.0700000000 -1.4705318022
27.0800000000 -1.5076564952
27.0900000000 -1.5446304239
27.1000000000 -1.5814498908
27.1100000000 -1.6181112140
27.1200000000 -1.6546107274
27.1300000000 -1.6909447811
27.1400000000 -1.7271097418
27.1500000000 -1.7631019929
27.1600000000 -1.7989179354
27.1700000000 -1.8345539875
27.1800000000 -1.8700065857
27.1900000000 -1.9052721849
27.2000000000 -1.9403472584
27.2100000000 -1.9752282988
27.2200000000 -2.0099118180
27.2300000000 -2.0443943477
27.2400000000 -2.0786724397
27.2500000000 -2.1127426661
27.2600000000 -2.1466016201
27.2700000000 -2.1802459157
27.2800000000 -2.2136721885
27.2900000000 -2.2468770960
27.3000000000 -2.2798573176
27.3100000000 -2.3126095553
27.3200000000 -2.3451305341
27.3300000000 -2.3774170017
27.3400000000 -2.4094657296
27.3500000000 -2.4412735130
27.3600000000 -2.4728371710
27.3700000000 -2.5041535474
27.3800000000 -2.5352195106
27.3900000000 -2.5660319538
27.4000000000 -2.5965877961
27.4100000000 -2.6268839817
27.4200000000 -2.6569174811
27.4300000000 -2.6866852909
27.4400000000 -2.7161844345
27.4500000000 -2.7454119619
27.4600000000 -2.7743649504
27.4700000000 -2.8030405047
27.4800000000 -2.8314357573
27.4900000000 -2.8595478687
27.5000000000 -2.8873740276
27.5100000000 -2.9149114516
27.5200000000 -2.9421573869
27.5300000000 -2.9691091088
27.5400000000 -2.9957639224
27.5500000000 -3.0221191620
27.5600000000 -3.0481721922
27.5700000000 -3.0739204078
27.5800000000 -3.0993612339
27.5900000000 -3.1244921264
27.6000000000 -3.1493105723
27.6100000000 -3.1738140898
27.6200000000 -3.1980002286
27.6300000000 -3.2218665700
27.6400000000 -3.2454107274
27.6500000000 -3.2686303464
27.6600000000 -3.2915231051
27.6700000000 -3.3140867143
27.6800000000 -3.3363189175
27.6900000000 -3.3582174917
27.7000000000 -3.3797802469
27.7100000000 -3.4010050268
27.7200000000 -3.4218897092
27.7300000000 -3.4424322053
27.7400000000 -3.4626304612
27.7500000000 -3.4824824569
27.7600000000 -3.5019862072
27.7700000000 -3.5211397618
27.7800000000 -3.5399412054
27.7900000000 -3.5583886578
27.8000000000 -3.5764802744
27.8100000000 -3.5942142458
27.8200000000 -3.6115887989
27.8300000000 -3.6286021961
27.8400000000 -3.6452527360
27.8500000000 -3.6615387538
27.8600000000 -3.6774586207
27.8700000000 -3.6930107448
27.8800000000 -3.7081935709
27.8900000000 -3.7230055808
27.9000000000 -3.7374452932
27.9100000000 -3.7515112642
27.9200000000 -3.7652020872
27.9300000000 -3.7785163931
27.9400000000 -3.7914528505
27.9500000000 -3.8040101658
27.9600000000 -3.8161870833
27.9700000000 -3.8279823852
27.9800000000 -3.8393948921
27.9900000000 -3.8504234627
28.0000000000 -3.8610669941
28.0100000000 -3.8713244221
28.0200000000 -3.8811947208
28.0300000000 -3.8906769033
28.0400000000 -3.8997700214
28.0500000000 -3.9084731657
28.0600000000 -3.9167854660
28.0700000000 -3.9247060909
28.0800000000 -3.9322342486
28.0900000000 -3.9393691861
28.1000000000 -3.9461101899
28.1100000000 -3.9524565860
28.1200000000 -3.9584077398
28.1300000000 -3.9639630561
28.1400000000 -3.9691219793
28.1500000000 -3.9738839937
28.1600000000 -3.9782486230
28.1700000000 -3.9822154308
28.1800000000 -3.9857840203
28.1900000000 -3.9889540347
28.2000000000 -3.9917251571
28.2100000000 -3.9940971103
28.2200000000 -3.9960696571
28.2300000000 -3.9976426002
28.2400000000 -3.9988157825
28.2500000000 -3.9995890865
28.2600000000 -3.9999624349
28.2700000000 -3.9999357904
28.2800000000 -3.9995091556
28.2900000000 -3.9986825733
28.3000000000 -3.9974561260
28.3100000000 -3.9958299365
28.3200000000 -3.9938041673
28.3300000000 -3.9913790210
28.3400000000 -3.9885547402
28.3500000000 -3.9853316071
28.3600000000 -3.9817099443
28.3700000000 -3.9776901138
28.3800000000 -3.9732725175
28.3900000000 -3.9684575974
28.4000000000 -3.9632458347
28.4100000000 -3.9576377508
28.4200000000 -3.9516339065
28.4300000000 -3.9452349020
28.4400000000 -3.9384413773
28.4500000000 -3.9312540118
28.4600000000 -3.9236735241
28.4700000000 -3.9157006724
28.4800000000 -3.9073362538
28.4900000000 -3.8985811049
28.5000000000 -3.8894361012
28.5100000000 -3.8799021570
28.5200000000 -3.8699802259
28.5300000000 -3.8596713000
28.5400000000 -3.8489764101
28.5500000000 -3.8378966259
28.5600000000 -3.8264330551
28.5700000000 -3.8145868443
28.5800000000 -3.8023591779
28.5900000000 -3.7897512788
28.6000000000 -3.7767644077
28.6100000000 -3.7633998634
28.6200000000 -3.7496589821
28.6300000000 -3.7355431381
28.6400000000 -3.7210537429
28.6500000000 -3.7061922455
28.6600000000 -3.6909601319
28.6700000000 -3.6753589253
28.6800000000 -3.6593901860
28.6900000000 -3.6430555106
28.7000000000 -3.6263565328
28.7100000000 -3.6092949223
28.7200000000 -3.5918723853
28.7300000000 -3.5740906641
28.7400000000 -3.5559515368
28.7500000000 -3.5374568173
28.7600000000 -3.5186083551
28.7700000000 -3.4994080349
28.7800000000 -3.4798577769
28.7900000000 -3.4599595360
28.8000000000 -3.4397153021
28.8100000000 -3.4191270994
28.8200000000 -3.3981969869
28.8300000000 -3.3769270576
28.8400000000 -3.3553194383
28.8500000000 -3.3333762899
28.8600000000 -3.3110998067
28.8700000000 -3.2884922162
28.8800000000 -3.2655557793
28.8900000000 -3.2422927895
28.9000000000 -3.2187055731
28.9100000000 -3.1947964888
28.9200000000 -3.1705679276
28.9300000000 -3.1460223122
28.9400000000 -3.1211620972
28.9500000000 -3.0959897686
28.9600000000 -3.0705078435
28.9700000000 -3.0447188703
28.9800000000 -3.0186254277
28.9900000000 -2.9922301251
29.0000000000 -2.9655356020
29.0100000000 -2.9385445278
29.0200000000 -2.9112596015
29.0300000000 -2.8836835518
29.0400000000 -2.8558191361
29.0500000000 -2.8276691408
29.0600000000 -2.7992363810
29.0700000000 -2.7705236999
29.0800000000 -2.7415339687
29.0900000000 -2.7122700865
29.1000000000 -2.6827349794
29.1100000000 -2.6529316011
29.1200000000 -2.6228629319
29.1300000000 -2.5925319785
29.1400000000 -2.5619417742
29.1500000000 -2.5310953777
29.1600000000 -2.4999958739
29.1700000000 -2.4686463725
29.1800000000 -2.4370500086
29.1900000000 -2.4052099417
29.2000000000 -2.3731293558
29.2100000000 -2.3408114589
29.2200000000 -2.3082594828
29.2300000000 -2.2754766828
29.2400000000 -2.2424663369
29.2500000000 -2.2092317463
29.2600000000 -2.1757762343
29.2700000000 -2.1421031466
29.2800000000 -2.1082158503
29.2900000000 -2.0741177342
29.3000000000 -2.0398122080
29.3100000000 -2.0053027023
29.3200000000 -1.9705926680
29.3300000000 -1.9356855761
29.3400000000 -1.9005849173
29.3500000000 -1.8652942015
29.3600000000 -1.8298169579
29.3700000000 -1.7941567341
29.3800000000 -1.7583170961
29.3900000000 -1.7223016279
29.4000000000 -1.6861139310
29.4100000000 -1.6497576240
29.4200000000 -1.6132363427
29.4300000000 -1.5765537391
29.4400000000 -1.5397134814
29.4500000000 -1.5027192537
29.4600000000 -1.4655747553
29.4700000000 -1.4282837006
29.4800000000 -1.3908498188
29.4900000000 -1.3532768531
29.5000000000 -1.3155685609
29.5100000000 -1.2777287129
29.5200000000 -1.2397610931
29.5300000000 -1.2016694982
29.5400000000 -1.1634577374
29.5500000000 -1.1251296318
29.5600000000 -1.0866890142
29.5700000000 -1.0481397285
29.5800000000 -1.0094856298
29.5900000000 -0.9707305833
29.6000000000 -0.9318784646
29.6100000000 -0.8929331588
29.6200000000 -0.8538985605
29.6300000000 -0.8147785730
29.6400000000 -0.7755771083
29.6500000000 -0.7362980866
29.6600000000 -0.6969454356
29.6700000000 -0.6575230907
29.6800000000 -0.6180349941
29.6900000000 -0.5784850944
29.7000000000 -0.5388773468
29.7100000000 -0.4992157118
29.7200000000 -0.4595041557
29.7300000000 -0.4197466495
29.7400000000 -0.3799471691
29.7500000000 -0.3401096942
29.7600000000 -0.3002382087
29.7700000000 -0.2603366996
29.7800000000 -0.2204091570
29.7900000000 -0.1804595737
29.8000000000 -0.1404919446
29.8100000000 -0.1005102664
29.8200000000 -0.0605185373
29.8300000000 -0.0205207563
29.8400000000 0.0194790766
29.8500000000 0.0594769617
29.8600000000 0.0994688992
29.8700000000 0.1394508898
29.8800000000 0.1794189355
29.8900000000 0.2193690394
29.9000000000 0.2592972067
29.9100000000 0.2991994444
29.9200000000 0.3390717624
29.9300000000 0.3789101735
29.9400000000 0.4187106939
29.9500000000 0.4584693436
29.9600000000 0.4981821467
29.9700000000 0.5378451321
29.9800000000 0.5774543333
29.9900000000 0.6170057897
30.0000000000 0.6564955459
30.0100000000 0.6959196532
30.0200000000 0.7352741690
30.0300000000 0.7745551581
30.0400000000 0.8137586923
30.0500000000 0.8528808513
30.0600000000 0.8919177229
30.0700000000 0.9308654035
30.0800000000 0.9697199983
30.0900000000 1.0084776220
30.1000000000 1.0471343987
30.1100000000 1.0856864628
30.1200000000 1.1241299593
30.1300000000 1.1624610436
30.1400000000 1.2006758828
30.1500000000 1.2387706554
30.1600000000 1.2767415520
30.1700000000 1.3145847755
30.1800000000 1.3522965417
30.1900000000 1.3898730793
30.2000000000 1.4273106307
30.2100000000 1.4646054523
30.2200000000 1.5017538145
30.2300000000 1.5387520026
30.2400000000 1.5755963168
30.2500000000 1.6122830727
30.2600000000 1.6488086016
30.2700000000 1.6851692511
30.2800000000 1.7213613850
30.2900000000 1.7573813842
30.3000000000 1.7932256467
30.3100000000 1.8288905882
30.3200000000 1.8643726421
30.3300000000 1.8996682603
30.3400000000 1.9347739133
30.3500000000 1.9696860905
30.3600000000 2.0044013007
30.3700000000 2.0389160724
30.3800000000 2.0732269543
30.3900000000 2.1073305152
30.4000000000 2.1412233448
30.4100000000 2.1749020538
30.4200000000 2.2083632745
30.4300000000 2.2416036606
30.4400000000 2.2746198883
30.4500000000 2.3074086559
30.4600000000 2.3399666845
30.4700000000 2.3722907184
30.4800000000 2.4043775252
30.4900000000 2.4362238963
30.5000000000 2.4678266470
30.5100000000 2.4991826171
30.5200000000 2.5302886710
30.5300000000 2.5611416982
30.5400000000 2.5917386133
30.5500000000 2.6220763568
30.5600000000 2.6521518947
30.5700000000 2.6819622197
30.5800000000 2.7115043507
30.5900000000 2.7407753336
30.6000000000 2.7697722412
30.6100000000 2.7984921738
30.6200000000 2.8269322596
30.6300000000 2.8550896545
30.6400000000 2.8829615428
30.6500000000 2.9105451374
30.6600000000 2.9378376799
30.6700000000 2.9648364411
30.6800000000 2.9915387211
30.6900000000 3.0179418497
30.7000000000 3.0440431866
30.7100000000 3.0698401218
30.7200000000 3.0953300755
30.7300000000 3.1205104988
30.7400000000 3.1453788736
30.7500000000 3.1699327132
30.7600000000 3.1941695621
30.7700000000 3.2180869967
30.7800000000 3.2416826254
30.7900000000 3.2649540884
30.8000000000 3.2878990588
30.8100000000 3.3105152420
30.8200000000 3.3328003765
30.8300000000 3.3547522336
30.8400000000 3.3763686184
30.8500000000 3.3976473691
30.8600000000 3.4185863579
30.8700000000 3.4391834909
30.8800000000 3.4594367084
30.8900000000 3.4793439852
30.9000000000 3.4989033304
30.9100000000 3.5181127883
30.9200000000 3.5369704377
30.9300000000 3.5554743931
30.9400000000 3.5736228040
30.9500000000 3.5914138556
30.9600000000 3.6088457688
30.9700000000 3.6259168005
30.9800000000 3.6426252435
30.9900000000 3.6589694270
31.0000000000 3.6749477166
31.0100000000 3.6905585145
31.0200000000 3.7058002596
31.0300000000 3.7206714278
31.0400000000 3.7351705319
31.0500000000 3.7492961221
31.0600000000 3.7630467858
31.0700000000 3.7764211480
31.0800000000 3.7894178712
31.0900000000 3.8020356557
31.1000000000 3.8142732399
31.1100000000 3.8261293999
31.1200000000 3.8376029502
31.1300000000 3.8486927434
31.1400000000 3.8593976705
31.1500000000 3.8697166611
31.1600000000 3.8796486832
31.1700000000 3.8891927437
31.1800000000 3.8983478881
31.1900000000 3.9071132010
31.2000000000 3.9154878059
31.2100000000 3.9234708652
31.2200000000 3.9310615807
31.2300000000 3.9382591933
31.2400000000 3.9450629833
31.2500000000 3.9514722703
31.2600000000 3.9574864134
31.2700000000 3.9631048111
31.2800000000 3.9683269016
31.2900000000 3.9731521627
31.3000000000 3.9775801120
31.3100000000 3.9816103065
31.3200000000 3.9852423433
31.3300000000 3.9884758592
31.3400000000 3.9913105309
31.3500000000 3.9937460748
31.3600000000 3.9957822475
31.3700000000 3.9974188452
31.3800000000 3.9986557044
31.3900000000 3.9994927014
31.4000000000 3.9999297524
31.4100000000 3.9999668138
31.4200000000 3.9996038818
31.4300000000 3.9988409928
31.4400000000 3.9976782230
31.4500000000 3.9961156887
31.4600000000 3.9941535462
31.4700000000 3.9917919917
31.4800000000 3.9890312612
31.4900000000 3.9858716310
31.5000000000 3.9823134170
31.5100000000 3.9783569749
31.5200000000 3.9740027004
31.5300000000 3.9692510290
31.5400000000 3.9641024358
31.5500000000 3.9585574356
31.5600000000 3.9526165830
31.5700000000 3.9462804720
31.5800000000 3.9395497363
31.5900000000 3.9324250489
31.6000000000 3.9249071222
31.6100000000 3.9169967082
31.6200000000 3.9086945977
31.6300000000 3.9000016210
31.6400000000 3.8909186474
31.6500000000 3.8814465851
31.6600000000 3.8715863815
31.6700000000 3.8613390224
31.6800000000 3.8507055327
31.6900000000 3.8396869756
31.7000000000 3.8282844530
31.7100000000 3.8164991051
31.7200000000 3.8043321105
31.7300000000 3.7917846859
31.7400000000 3.7788580860
31.7500000000 3.7655536034
31.7600000000 3.7518725686
31.7700000000 3.7378163497
31.7800000000 3.7233863522
31.7900000000 3.7085840192
31.8000000000 3.6934108309
31.8100000000 3.6778683046
31.8200000000 3.6619579945
31.8300000000 3.6456814917
31.8400000000 3.6290404238
31.8500000000 3.6120364548
31.8600000000 3.5946712852
31.8700000000 3.5769466515
31.8800000000 3.5588643261
31.8900000000 3.5404261172
31.9000000000 3.5216338687
31.9100000000 3.5024894597
31.9200000000 3.4829948047
31.9300000000 3.4631518531
31.9400000000 3.4429625892
31.9500000000 3.4224290320
31.9600000000 3.4015532346
31.9700000000 3.3803372848
31.9800000000 3.3587833041
31.9900000000 3.3368934478
32.0000000000 3.3146699050
32.0100000000 3.2921148980
32.0200000000 3.2692306822
32.0300000000 3.2460195460
32.0400000000 3.2224838106
32.0500000000 3.1986258295
32.0600000000 3.1744479885
32.0700000000 3.1499527054
32.0800000000 3.1251424296
32.0900000000 3.1000196421
32.1000000000 3.0745868553
32.1100000000 3.0488466124
32.1200000000 3.0228014873
32.1300000000 2.9964540846
32.1400000000 2.9698070390
32.1500000000 2.9428630151
32.1600000000 2.9156247075
32.1700000000 2.8880948397
32.1800000000 2.8602761649
32.1900000000 2.8321714649
32.2000000000 2.8037835501
32.2100000000 2.7751152592
32.2200000000 2.7461694592
32.2300000000 2.7169490444
32.2400000000 2.6874569371
32.2500000000 2.6576960863
32.2600000000 2.6276694681
32.2700000000 2.5973800851
32.2800000000 2.5668309663
32.2900000000 2.5360251666
32.3000000000 2.5049657664
32.3100000000 2.4736558717
32.3200000000 2.4420986136
32.3300000000 2.4102971476
32.3400000000 2.3782546539
32.3500000000 2.3459743367
32.3600000000 2.3134594240
32.3700000000 2.2807131673
32.3800000000 2.2477388412
32.3900000000 2.2145397431
32.4000000000 2.1811191928
32.4100000000 2.1474805325
32.4200000000 2.1136271259
32.4300000000 2.0795623583
32.4400000000 2.0452896363
32.4500000000 2.0108123869
32.4600000000 1.9761340581
32.4700000000 1.9412581174
32.4800000000 1.9061880526
32.4900000000 1.8709273705
32.5000000000 1.8354795973
32.5100000000 1.7998482776
32.5200000000 1.7640369746
32.5300000000 1.7280492694
32.5400000000 1.6918887607
32.5500000000 1.6555590645
32.5600000000 1.6190638138
32.5700000000 1.5824066581
32.5800000000 1.5455912630
32.5900000000 1.5086213101
32.6000000000 1.4715004963
32.6100000000 1.4342325337
32.6200000000 1.3968211491
32.6300000000 1.3592700834
32.6400000000 1.3215830919
32.6500000000 1.2837639432
32.6600000000 1.2458164192
32.6700000000 1.2077443146
32.6800000000 1.1695514365
32.6900000000 1.1312416043
32.7000000000 1.0928186488
32.7100000000 1.0542864124
32.7200000000 1.0156487483
32.7300000000 0.9769095201
32.7400000000 0.9380726018
32.7500000000 0.8991418770
32.7600000000 0.8601212387
32.7700000000 0.8210145891
32.7800000000 0.7818258386
32.7900000000 0.7425589063
32.8000000000 0.7032177186
32.8100000000 0.6638062098
32.8200000000 0.6243283209
32.8300000000 0.5847879997
32.8400000000 0.5451892002
32.8500000000 0.5055358823
32.8600000000 0.4658320111
32.8700000000 0.4260815572
32.8800000000 0.3862884954
32.8900000000 0.3464568051
32.9000000000 0.3065904695
32.9100000000 0.2666934750
32.9200000000 0.2267698114
32.9300000000 0.1868234710
32.9400000000 0.1468584484
32.9500000000 0.1068787401
32.9600000000 0.0668883441
32.9700000000 0.0268912592
32.9800000000 -0.0131085148
32.9900000000 -0.0531069779
33.0000000000 -0.0931001304
33.0100000000 -0.1330839729
33.0200000000 -0.1730545071
33.0300000000 -0.2130077361
33.0400000000 -0.2529396644
33.0500000000 -0.2928462990
33.0600000000 -0.3327236492
33.0700000000 -0.3725677273
33.0800000000 -0.4123745490
33.0900000000 -0.4521401335
33.1000000000 -0.4918605044
33.1100000000 -0.5315316897
33.1200000000 -0.5711497223
33.1300000000 -0.6107106403
33.1400000000 -0.6502104878
33.1500000000 -0.6896453148
33.1600000000 -0.7290111778
33.1700000000 -0.7683041403
33.1800000000 -0.8075202730
33.1900000000 -0.8466556544
33.2000000000 -0.8857063710
33.2100000000 -0.9246685176
33.2200000000 -0.9635381981
33.2300000000 -1.0023115257
33.2400000000 -1.0409846229
33.2500000000 -1.0795536225
33.2600000000 -1.1180146676
33.2700000000 -1.1563639123
33.2800000000 -1.1945975215
33.2900000000 -1.2327116719
33.3000000000 -1.2707025522
33.3100000000 -1.3085663633
33.3200000000 -1.3462993188
33.3300000000 -1.3838976456
33.3400000000 -1.4213575837
33.3500000000 -1.4586753873
33.3600000000 -1.4958473245
33.3700000000 -1.5328696783
33.3800000000 -1.5697387463
33.3900000000 -1.6064508418
33.4000000000 -1.6430022936
33.4100000000 -1.6793894464
33.4200000000 -1.7156086618
33.4300000000 -1.7516563177
33.4400000000 -1.7875288094
33.4500000000 -1.8232225498
33.4600000000 -1.8587339694
33.4700000000 -1.8940595171
33.4800000000 -1.9291956605
33.4900000000 -1.9641388859
33.5000000000 -1.9988856991
33.5100000000 -2.0334326254
33.5200000000 -2.0677762101
33.5300000000 -2.1019130189
33.5400000000 -2.1358396382
33.5500000000 -2.1695526752
33.5600000000 -2.2030487588
33.5700000000 -2.2363245394
33.5800000000 -2.2693766894
33.5900000000 -2.3022019036
33.6000000000 -2.3347968995
33.6100000000 -2.3671584177
33.6200000000 -2.3992832220
33.6300000000 -2.4311681000
33.6400000000 -2.4628098632
33.6500000000 -2.4942053475
33.6600000000 -2.5253514133
33.6700000000 -2.5562449461
33.6800000000 -2.5868828565
33.6900000000 -2.6172620808
33.7000000000 -2.6473795811
33.7100000000 -2.6772323456
33.7200000000 -2.7068173891
33.7300000000 -2.7361317531
33.7400000000 -2.7651725063
33.7500000000 -2.7939367444
33.7600000000 -2.8224215913
33.7700000000 -2.8506241983
33.7800000000 -2.8785417453
33.7900000000 -2.9061714405
33.8000000000 -2.9335105210
33.8100000000 -2.9605562529
33.8200000000 -2.9873059316
33.8300000000 -3.0137568822
33.8400000000 -3.0399064597
33.8500000000 -3.0657520490
33.8600000000 -3.0912910657
33.8700000000 -3.1165209558
33.8800000000 -3.1414391965
33.8900000000 -3.1660432958
33.9000000000 -3.1903307935
33.9100000000 -3.2142992607
33.9200000000 -3.2379463007
33.9300000000 -3.2612695487
33.9400000000 -3.2842666726
33.9500000000 -3.3069353725
33.9600000000 -3.3292733816
33.9700000000 -3.3512784661
33.9800000000 -3.3729484256
33.9900000000 -3.3942810931
34.0000000000 -3.4152743352
34.0100000000 -3.4359260528
34.0200000000 -3.4562341807
34.0300000000 -3.4761966880
34.0400000000 -3.4958115785
34.0500000000 -3.5150768908
34.0600000000 -3.5339906984
34.0700000000 -3.5525511098
34.0800000000 -3.5707562690
34.0900000000 -3.5886043556
34.1000000000 -3.6060935848
34.1100000000 -3.6232222076
34.1200000000 -3.6399885112
34.1300000000 -3.6563908190
34.1400000000 -3.6724274908
34.1500000000 -3.6880969228
34.1600000000 -3.7033975483
34.1700000000 -3.7183278371
34.1800000000 -3.7328862962
34.1900000000 -3.7470714697
34.2000000000 -3.7608819393
34.2100000000 -3.7743163238
34.2200000000 -3.7873732798
34.2300000000 -3.8000515016
34.2400000000 -3.8123497215
34.2500000000 -3.8242667095
34.2600000000 -3.8358012741
34.2700000000 -3.8469522617
34.2800000000 -3.8577185573
34.2900000000 -3.8680990843
34.3000000000 -3.8780928046
34.3100000000 -3.8876987189
34.3200000000 -3.8969158665
34.3300000000 -3.9057433257
34.3400000000 -3.9141802139
34.3500000000 -3.9222256874
34.3600000000 -3.9298789415
34.3700000000 -3.9371392110
34.3800000000 -3.9440057699
34.3900000000 -3.9504779315
34.4000000000 -3.9565550486
34.4100000000 -3.9622365135
34.4200000000 -3.9675217580
34.4300000000 -3.9724102536
34.4400000000 -3.9769015116
34.4500000000 -3.9809950827
34.4600000000 -3.9846905576
34.4700000000 -3.9879875668
34.4800000000 -3.9908857805
34.4900000000 -3.9933849090
34.5000000000 -3.9954847024
34.5100000000 -3.9971849506
34.5200000000 -3.9984854836
34.5300000000 -3.9993861714
34.5400000000 -3.9998869239
34.5500000000 -3.9999876911
34.5600000000 -3.9996884628
34.5700000000 -3.9989892690
34.5800000000 -3.9978901797
34.5900000000 -3.9963913046
34.6000000000 -3.9944927938
34.6100000000 -3.9921948369
34.6200000000 -3.9894976640
34.6300000000 -3.9864015446
34.6400000000 -3.9829067883
34.6500000000 -3.9790137447
34.6600000000 -3.9747228031
34.6700000000 -3.9700343924
34.6800000000 -3.9649489817
34.6900000000 -3.9594670793
34.7000000000 -3.9535892335
34.7100000000 -3.9473160322
34.7200000000 -3.9406481025
34.7300000000 -3.9335861112
34.7400000000 -3.9261307647
34.7500000000 -3.9182828083
34.7600000000 -3.9100430269
34.7700000000 -3.9014122445
34.7800000000 -3.8923913241
34.7900000000 -3.8829811678
34.8000000000 -3.8731827166
34.8100000000 -3.8629969504
34.8200000000 -3.8524248877
34.8300000000 -3.8414675857
34.8400000000 -3.8301261402
34.8500000000 -3.8184016853
34.8600000000 -3.8062953933
34.8700000000 -3.7938084750
34.8800000000 -3.7809421790
34.8900000000 -3.7676977920
34.9000000000 -3.7540766383
34.9100000000 -3.7400800800
34.9200000000 -3.7257095169
34.9300000000 -3.7109663860
34.9400000000 -3.6958521614
34.9500000000 -3.6803683548
34.9600000000 -3.6645165144
34.9700000000 -3.6482982254
34.9800000000 -3.6317151096
34.9900000000 -3.6147688253
35.0000000000 -3.5974610671
35.0100000000 -3.5797935659
35.0200000000 -3.5617680882
35.0300000000 -3.5433864367
35.0400000000 -3.5246504496
35.0500000000 -3.5055620003
35.0600000000 -3.4861229977
35.0700000000 -3.4663353858
35.0800000000 -3.4462011432
35.0900000000 -3.4257222834
35.1000000000 -3.4049008541
35.1100000000 -3.3837389377
35.1200000000 -3.3622386501
35.1300000000 -3.3404021415
35.1400000000 -3.3182315955
35.1500000000 -3.2957292291
35.1600000000 -3.2728972925
35.1700000000 -3.2497380689
35.1800000000 -3.2262538742
35.1900000000 -3.2024470568
35.2000000000 -3.1783199974
35.2100000000 -3.1538751086
35.2200000000 -3.1291148349
35.2300000000 -3.1040416523
35.2400000000 -3.0786580682
35.2500000000 -3.0529666209
35.2600000000 -3.0269698794
35.2700000000 -3.0006704434
35.2800000000 -2.9740709429
35.2900000000 -2.9471740378
35.3000000000 -2.9199824178
35.3100000000 -2.8924988019
35.3200000000 -2.8647259386
35.3300000000 -2.8366666050
35.3400000000 -2.8083236072
35.3500000000 -2.7796997793
35.3600000000 -2.7507979838
35.3700000000 -2.7216211108
35.3800000000 -2.6921720779
35.3900000000 -2.6624538301
35.4000000000 -2.6324693391
35.4100000000 -2.6022216033
35.4200000000 -2.5717136476
35.4300000000 -2.5409485227
35.4400000000 -2.5099293050
35.4500000000 -2.4786590964
35.4600000000 -2.4471410241
35.4700000000 -2.4153782396
35.4800000000 -2.3833739194
35.4900000000 -2.3511312638
35.5000000000 -2.3186534969
35.5100000000 -2.2859438667
35.5200000000 -2.2530056440
35.5300000000 -2.2198421226
35.5400000000 -2.1864566188
35.5500000000 -2.1528524712
35.5600000000 -2.1190330402
35.5700000000 -2.0850017076
35.5800000000 -2.0507618765
35.5900000000 -2.0163169710
35.6000000000 -1.9816704355
35.6100000000 -1.9468257346
35.6200000000 -1.9117863527
35.6300000000 -1.8765557938
35.6400000000 -1.8411375809
35.6500000000 -1.8055352557
35.6600000000 -1.7697523786
35.6700000000 -1.7337925276
35.6800000000 -1.6976592989
35.6900000000 -1.6613563056
35.7000000000 -1.6248871781
35.7100000000 -1.5882555633
35.7200000000 -1.5514651242
35.7300000000 -1.5145195399
35.7400000000 -1.4774225049
35.7500000000 -1.4401777288
35.7600000000 -1.4027889362
35.7700000000 -1.3652598659
35.7800000000 -1.3275942707
35.7900000000 -1.2897959172
35.8000000000 -1.2518685852
35.8100000000 -1.2138160674
35.8200000000 -1.1756421690
35.8300000000 -1.1373507073
35.8400000000 -1.0989455115
35.8500000000 -1.0604304221
35.8600000000 -1.0218092905
35.8700000000 -0.9830859789
35.8800000000 -0.9442643594
35.8900000000 -0.9053483144
35.9000000000 -0.8663417352
35.9100000000 -0.8272485226
35.9200000000 -0.7880725858
35.9300000000 -0.7488178424
35.9400000000 -0.7094882179
35.9500000000 -0.6700876451
35.9600000000 -0.6306200642
35.9700000000 -0.5910894217
35.9800000000 -0.5514996708
35.9900000000 -0.5118547704
36.0000000000 -0.4721586849
36.0100000000 -0.4324153840
36.0200000000 -0.3926288419
36.0300000000 -0.3528030372
36.0400000000 -0.3129419525
36.0500000000 -0.2730495739
36.0600000000 -0.2331298906
36.0700000000 -0.1931868944
36.0800000000 -0.1532245798
36.0900000000 -0.1132469428
36.1000000000 -0.0732579812
36.1100000000 -0.0332616938
36.1200000000 0.0067379196
36.1300000000 0.0467368593
36.1400000000 0.0867311254
36.1500000000 0.1267167184
36.1600000000 0.1666896398
36.1700000000 0.2066458924
36.1800000000 0.2465814806
36.1900000000 0.2864924109
36.2000000000 0.3263746921
36.2100000000 0.3662243362
36.2200000000 0.4060373581
36.2300000000 0.4458097766
36.2400000000 0.4855376145
36.2500000000 0.5252168991
36.2600000000 0.5648436624
36.2700000000 0.6044139418
36.2800000000 0.6439237804
36.2900000000 0.6833692271
36.3000000000 0.7227463374
36.3100000000 0.7620511737
36.3200000000 0.8012798055
36.3300000000 0.8404283100
36.3400000000 0.8794927724
36.3500000000 0.9184692862
36.3600000000 0.9573539539
36.3700000000 0.9961428869
36.3800000000 1.0348322066
36.3900000000 1.0734180438
36.4000000000 1.1118965401
36.4100000000 1.1502638478
36.4200000000 1.1885161300
36.4300000000 1.2266495615
36.4400000000 1.2646603291
36.4500000000 1.3025446318
36.4600000000 1.3402986811
36.4700000000 1.3779187016
36.4800000000 1.4154009314
36.4900000000 1.4527416223
36.5000000000 1.4899370402
36.5100000000 1.5269834657
36.5200000000 1.5638771941
36.5300000000 1.6006145361
36.5400000000 1.6371918180
36.5500000000 1.6736053820
36.5600000000 1.7098515869
36.5700000000 1.7459268081
36.5800000000 1.7818274380
36.5900000000 1.8175498867
36.6000000000 1.8530905819
36.6100000000 1.8884459696
36.6200000000 1.9236125143
36.6300000000 1.9585866993
36.6400000000 1.9933650273
36.6500000000 2.0279440204
36.6600000000 2.0623202209
36.6700000000 2.0964901910
36.6800000000 2.1304505139
36.6900000000 2.1641977935
36.7000000000 2.1977286551
36.7100000000 2.2310397456
36.7200000000 2.2641277341
36.7300000000 2.2969893117
36.7400000000 2.3296211922
36.7500000000 2.3620201126
36.7600000000 2.3941828329
36.7700000000 2.4261061370
36.7800000000 2.4577868324
36.7900000000 2.4892217512
36.8000000000 2.5204077500
36.8100000000 2.5513417100
36.8200000000 2.5820205380
36.8300000000 2.6124411661
36.8400000000 2.6426005523
36.8500000000 2.6724956806
36.8600000000 2.7021235615
36.8700000000 2.7314812324
36.8800000000 2.7605657574
36.8900000000 2.7893742281
36.9000000000 2.8179037638
36.9100000000 2.8461515114
36.9200000000 2.8741146462
36.9300000000 2.9017903720
36.9400000000 2.9291759211
36.9500000000 2.9562685551
36.9600000000 2.9830655647
36.9700000000 3.0095642702
36.9800000000 3.0357620218
36.9900000000 3.0616561998
37.0000000000 3.0872442146
37.0100000000 3.1125235077
37.0200000000 3.1374915509
37.0300000000 3.1621458476
37.0400000000 3.1864839324
37.0500000000 3.2105033714
37.0600000000 3.2342017628
37.0700000000 3.2575767367
37.0800000000 3.2806259556
37.0900000000 3.3033471147
37.1000000000 3.3257379418
37.1100000000 3.3477961979
37.1200000000 3.3695196772
37.1300000000 3.3909062073
37.1400000000 3.4119536496
37.1500000000 3.4326598994
37.1600000000 3.4530228860
37.1700000000 3.4730405733
37.1800000000 3.4927109593
37.1900000000 3.5120320772
37.2000000000 3.5310019949
37.2100000000 3.5496188152
37.2200000000 3.5678806766
37.2300000000 3.5857857530
37.2400000000 3.6033322537
37.2500000000 3.6205184243
37.2600000000 3.6373425460
37.2700000000 3.6538029365
37.2800000000 3.6698979497
37.2900000000 3.6856259762
37.3000000000 3.7009854432
37.3100000000 3.7159748147
37.3200000000 3.7305925918
37.3300000000 3.7448373128
37.3400000000 3.7587075531
37.3500000000 3.7722019259
37.3600000000 3.7853190816
37.3700000000 3.7980577085
37.3800000000 3.8104165328
37.3900000000 3.8223943187
37.4000000000 3.8339898683
37.4100000000 3.8452020221
37.4200000000 3.8560296589
37.4300000000 3.8664716960
37.4400000000 3.8765270891
37.4500000000 3.8861948327
37.4600000000 3.8954739601
37.4700000000 3.9043635434
37.4800000000 3.9128626935
37.4900000000 3.9209705607
37.5000000000 3.9286863340
37.5100000000 3.9360092420
37.5200000000 3.9429385523
37.5300000000 3.9494735721
37.5400000000 3.9556136478
37.5500000000 3.9613581655
37.5600000000 3.9667065506
37.5700000000 3.9716582684
37.5800000000 3.9762128236
37.5900000000 3.9803697609
37.6000000000 3.9841286645
37.6100000000 3.9874891586
37.6200000000 3.9904509071
37.6300000000 3.9930136139
37.6400000000 3.9951770225
37.6500000000 3.9969409169
37.6600000000 3.9983051204
37.6700000000 3.9992694968
37.6800000000 3.9998339496
37.6900000000 3.9999984223
37.7000000000 3.9997628985
37.7100000000 3.9991274017
37.7200000000 3.9980919955
37.7300000000 3.9966567835
37.7400000000 3.9948219091
37.7500000000 3.9925875558
37.7600000000 3.9899539472
37.7700000000 3.9869213464
37.7800000000 3.9834900568
37.7900000000 3.9796604216
37.8000000000 3.9754328236
37.8100000000 3.9708076857
37.8200000000 3.9657854703
37.8300000000 3.9603666796
37.8400000000 3.9545518556
37.8500000000 3.9483415797
37.8600000000 3.9417364730
37.8700000000 3.9347371958
37.8800000000 3.9273444483
37.8900000000 3.9195589695
37.9000000000 3.9113815381
37.9100000000 3.9028129719
37.9200000000 3.8938541276
37.9300000000 3.8845059011
37.9400000000 3.8747692272
37.9500000000 3.8646450797
37.9600000000 3.8541344709
37.9700000000 3.8432384518
37.9800000000 3.8319581122
37.9900000000 3.8202945798
38.0000000000 3.8082490213
38.0100000000 3.7958226409
38.0200000000 3.7830166815
38.0300000000 3.7698324236
38.0400000000 3.7562711856
38.0500000000 3.7423343235
38.0600000000 3.7280232312
38.0700000000 3.7133393397
38.0800000000 3.6982841173
38.0900000000 3.6828590696
38.1000000000 3.6670657390
38.1100000000 3.6509057049
38.1200000000 3.6343805833
38.1300000000 3.6174920267
38.1400000000 3.6002417239
38.1500000000 3.5826313999
38.1600000000 3.5646628157
38.1700000000 3.5463377683
38.1800000000 3.5276580900
38.1900000000 3.5086256488
38.2000000000 3.4892423481
38.2100000000 3.4695101259
38.2200000000 3.4494309557
38.2300000000 3.4290068452
38.2400000000 3.4082398370
38.2500000000 3.3871320075
38.2600000000 3.3656854677
38.2700000000 3.3439023622
38.2800000000 3.3217848692
38.2900000000 3.2993352005
38.3000000000 3.2765556010
38.3100000000 3.2534483487
38.3200000000 3.2300157542
38.3300000000 3.2062601609
38.3400000000 3.1821839442
38.3500000000 3.1577895118
38.3600000000 3.1330793031
38.3700000000 3.1080557890
38.3800000000 3.0827214720
38.3900000000 3.0570788854
38.4000000000 3.0311305934
38.4100000000 3.0048791909
38.4200000000 2.9783273030
38.4300000000 2.9514775849
38.4400000000 2.9243327214
38.4500000000 2.8968954271
38.4600000000 2.8691684457
38.4700000000 2.8411545498
38.4800000000 2.8128565409
38.4900000000 2.7842772486
38.5000000000 2.7554195309
38.5100000000 2.7262862736
38.5200000000 2.6968803899
38.5300000000 2.6672048204
38.5400000000 2.6372625327
38.5500000000 2.6070565209
38.5600000000 2.5765898056
38.5700000000 2.5458654335
38.5800000000 2.5148864770
38.5900000000 2.4836560339
38.6000000000 2.4521772273
38.6100000000 2.4204532050
38.6200000000 2.3884871394
38.6300000000 2.3562822271
38.6400000000 2.3238416885
38.6500000000 2.2911687677
38.6600000000 2.2582667319
38.6700000000 2.2251388714
38.6800000000 2.1917884988
38.6900000000 2.1582189491
38.7000000000 2.1244335794
38.7100000000 2.0904357681
38.7200000000 2.0562289150
38.7300000000 2.0218164406
38.7400000000 1.9872017864
38.7500000000 1.9523884136
38.7600000000 1.9173798035
38.7700000000 1.8821794571
38.7800000000 1.8467908944
38.7900000000 1.8112176540
38.8000000000 1.7754632935
38.8100000000 1.7395313880
38.8200000000 1.7034255309
38.8300000000 1.6671493326
38.8400000000 1.6307064208
38.8500000000 1.5941004398
38.8600000000 1.5573350500
38.8700000000 1.5204139280
38.8800000000 1.4833407658
38.8900000000 1.4461192709
38.9000000000 1.4087531652
38.9100000000 1.3712461853
38.9200000000 1.3336020820
38.9300000000 1.2958246196
38.9400000000 1.2579175758
38.9500000000 1.2198847413
38.9600000000 1.1817299194
38.9700000000 1.1434569254
38.9800000000 1.1050695867
38.9900000000 1.0665717419
39.0000000000 1.0279672409
39.0100000000 0.9892599440
39.0200000000 0.9504537220
39.0300000000 0.9115524553
39.0400000000 0.8725600342
39.0500000000 0.8334803578
39.0600000000 0.7943173340
39.0700000000 0.7550748792
39.0800000000 0.7157569175
39.0900000000 0.6763673807
39.1000000000 0.6369102078
39.1100000000 0.5973893444
39.1200000000 0.5578087425
39.1300000000 0.5181723602
39.1400000000 0.4784841611
39.1500000000 0.4387481140
39.1600000000 0.3989681924
39.1700000000 0.3591483744
39.1800000000 0.3192926418
39.1900000000 0.2794049803
39.2000000000 0.2394893784
39.2100000000 0.1995498278
39.2200000000 0.1595903224
39.2300000000 0.1196148581
39.2400000000 0.0796274325
39.2500000000 0.0396320441
39.2600000000 -0.0003673074
39.2700000000 -0.0403666222
39.2800000000 -0.0803619004
39.2900000000 -0.1203491424
39.3000000000 -0.1603243497
39.3100000000 -0.2002835246
39.3200000000 -0.2402226713
39.3300000000 -0.2801377960
39.3400000000 -0.3200249072
39.3500000000 -0.3598800161
39.3600000000 -0.3996991373
39.3700000000 -0.4394782889
39.3800000000 -0.4792134931
39.3900000000 -0.5189007763
39.4000000000 -0.5585361698
39.4100000000 -0.5981157103
39.4200000000 -0.6376354396
39.4300000000 -0.6770914059
39.4400000000 -0.7164796637
39.4500000000 -0.7557962741
39.4600000000 -0.7950373055
39.4700000000 -0.8341988338
39.4800000000 -0.8732769429
39.4900000000 -0.9122677251
39.5000000000 -0.9511672812
39.5100000000 -0.9899717215
39.5200000000 -1.0286771653
39.5300000000 -1.0672797423
39.5400000000 -1.1057755923
39.5500000000 -1.1441608656
39.5600000000 -1.1824317237
39.5700000000 -1.2205843397
39.5800000000 -1.2586148982
39.5900000000 -1.2965195963
39.6000000000 -1.3342946436
39.6100000000 -1.3719362625
39.6200000000 -1.4094406889
39.6300000000 -1.4468041724
39.6400000000 -1.4840229766
39.6500000000 -1.5210933799
39.6600000000 -1.5580116750
39.6700000000 -1.5947741703
39.6800000000 -1.6313771895
39.6900000000 -1.6678170724
39.7000000000 -1.7040901749
39.7100000000 -1.7401928698
39.7200000000 -1.7761215469
39.7300000000 -1.8118726133
39.7400000000 -1.8474424940
39.7500000000 -1.8828276320
39.7600000000 -1.9180244887
39.7700000000 -1.9530295446
39.7800000000 -1.9878392992
39.7900000000 -2.0224502715
39.8000000000 -2.0568590005
39.8100000000 -2.0910620453
39.8200000000 -2.1250559856
39.8300000000 -2.1588374221
39.8400000000 -2.1924029766
39.8500000000 -2.2257492927
39.8600000000 -2.2588730357
39.8700000000 -2.2917708933
39.8800000000 -2.3244395757
39.8900000000 -2.3568758161
39.9000000000 -2.3890763709
39.9100000000 -2.4210380200
39.9200000000 -2.4527575673
39.9300000000 -2.4842318409
39.9400000000 -2.5154576935
39.9500000000 -2.5464320023
39.9600000000 -2.5771516700
39.9700000000 -2.6076136248
39.9800000000 -2.6378148203
39.9900000000 -2.6677522366
40.0000000000 -2.6974228799
40.0100000000 -2.7268237831
40.0200000000 -2.7559520062
40.0300000000 -2.7848046364
40.0400000000 -2.8133787885
40.0500000000 -2.8416716050
40.0600000000 -2.8696802568
40.0700000000 -2.8974019429
40.0800000000 -2.9248338912
40.0900000000 -2.9519733586
40.1000000000 -2.9788176311
40.1100000000 -3.0053640243
40.1200000000 -3.0316098837
40.1300000000 -3.0575525845
40.1400000000 -3.0831895327
40.1500000000 -3.1085181644
40.1600000000 -3.1335359470
40.1700000000 -3.1582403785
40.1800000000 -3.1826289887
40.1900000000 -3.2066993386
40.2000000000 -3.2304490212
40.2100000000 -3.2538756617
40.2200000000 -3.2769769173
40.2300000000 -3.2997504779
40.2400000000 -3.3221940662
40.2500000000 -3.3443054379
40.2600000000 -3.3660823818
40.2700000000 -3.3875227203
40.2800000000 -3.4086243094
40.2900000000 -3.4293850388
40.3000000000 -3.4498028326
40.3100000000 -3.4698756490
40.3200000000 -3.4896014807
40.3300000000 -3.5089783552
40.3400000000 -3.5280043348
40.3500000000 -3.5466775169
40.3600000000 -3.5649960342
40.3700000000 -3.5829580548
40.3800000000 -3.6005617827
40.3900000000 -3.6178054573
40.4000000000 -3.6346873544
40.4100000000 -3.6512057859
40.4200000000 -3.6673590997
40.4300000000 -3.6831456808
40.4400000000 -3.6985639503
40.4500000000 -3.7136123665
40.4600000000 -3.7282894246
40.4700000000 -3.7425936568
40.4800000000 -3.7565236328
40.4900000000 -3.7700779596
40.5000000000 -3.7832552817
40.5100000000 -3.7960542814
40.5200000000 -3.8084736789
40.5300000000 -3.8205122322
40.5400000000 -3.8321687374
40.5500000000 -3.8434420289
40.5600000000 -3.8543309795
40.5700000000 -3.8648345002
40.5800000000 -3.8749515406
40.5900000000 -3.8846810891
40.6000000000 -3.8940221728
40.6100000000 -3.9029738574
40.6200000000 -3.9115352480
40.6300000000 -3.9197054882
40.6400000000 -3.9274837612
40.6500000000 -3.9348692891
40.6600000000 -3.9418613333
40.6700000000 -3.9484591947
40.6800000000 -3.9546622135
40.6900000000 -3.9604697693
40.7000000000 -3.9658812815
40.7100000000 -3.9708962088
40.7200000000 -3.9755140498
40.7300000000 -3.9797343427
40.7400000000 -3.9835566656
40.7500000000 -3.9869806360
40.7600000000 -3.9900059117
40.7700000000 -3.9926321902
40.7800000000 -3.9948592088
40.7900000000 -3.9966867447
40.8000000000 -3.9981146154
40.8100000000 -3.9991426779
40.8200000000 -3.9997708294
40.8300000000 -3.9999990072
40.8400000000 -3.9998271885
40.8500000000 -3.9992553904
40.8600000000 -3.9982836700
40.8700000000 -3.9969121246
40.8800000000 -3.9951408914
40.8900000000 -3.9929701473
40.9000000000 -3.9904001096
40.9100000000 -3.9874310352
40.9200000000 -3.9840632211
40.9300000000 -3.9802970039
40.9400000000 -3.9761327603
40.9500000000 -3.9715709068
40.9600000000 -3.9666118995
40.9700000000 -3.9612562343
40.9800000000 -3.9555044468
40.9900000000 -3.9493571122
41.0000000000 -3.9428148451
41.0100000000 -3.9358782998
41.0200000000 -3.9285481700
41.0300000000 -3.9208251886
41.0400000000 -3.9127101280
41.0500000000 -3.9042037996
41.0600000000 -3.8953070541
41.0700000000 -3.8860207811
41.0800000000 -3.8763459093
41.0900000000 -3.8662834062
41.1000000000 -3.8558342779
41.1100000000 -3.8449995694
41.1200000000 -3.8337803642
41.1300000000 -3.8221777841
41.1400000000 -3.8101929894
41.1500000000 -3.7978271786
41.1600000000 -3.7850815882
41.1700000000 -3.7719574929
41.1800000000 -3.7584562049
41.1900000000 -3.7445790744
41.2000000000 -3.7303274892
41.2100000000 -3.7157028743
41.2200000000 -3.7007066922
41.2300000000 -3.6853404426
41.2400000000 -3.6696056620
41.2500000000 -3.6535039238
41.2600000000 -3.6370368383
41.2700000000 -3.6202060522
41.2800000000 -3.6030132484
41.2900000000 -3.5854601464
41.3000000000 -3.5675485013
41.3100000000 -3.5492801044
41.3200000000 -3.5306567824
41.3300000000 -3.5116803976
41.3400000000 -3.4923528477
41.3500000000 -3.4726760655
41.3600000000 -3.4526520186
41.3700000000 -3.4322827093
41.3800000000 -3.4115701746
41.3900000000 -3.3905164858
41.4000000000 -3.3691237481
41.4100000000 -3.3473941008
41.4200000000 -3.3253297170
41.4300000000 -3.3029328029
41.4400000000 -3.2802055983
41.4500000000 -3.2571503759
41.4600000000 -3.2337694412
41.4700000000 -3.2100651322
41.4800000000 -3.1860398193
41.4900000000 -3.1616959052
41.5000000000 -3.1370358241
41.5100000000 -3.1120620420
41.5200000000 -3.0867770563
41.5300000000 -3.0611833955
41.5400000000 -3.0352836188
41.5500000000 -3.0090803164
41.5600000000 -2.9825761084
41.5700000000 -2.9557736453
41.5800000000 -2.9286756073
41.5900000000 -2.9012847042
41.6000000000 -2.8736036750
41.6100000000 -2.8456352879
41.6200000000 -2.8173823396
41.6300000000 -2.7888476554
41.6400000000 -2.7600340888
41.6500000000 -2.7309445211
41.6600000000 -2.7015818611
41.6700000000 -2.6719490453
41.6800000000 -2.6420490368
41.6900000000 -2.6118848255
41.7000000000 -2.5814594280
41.7100000000 -2.5507758867
41.7200000000 -2.5198372699
41.7300000000 -2.4886466715
41.7400000000 -2.4572072105
41.7500000000 -2.4255220308
41.7600000000 -2.3935943009
41.7700000000 -2.3614272136
41.7800000000 -2.3290239856
41.7900000000 -2.2963878571
41.8000000000 -2.2635220917
41.8100000000 -2.2304299760
41.8200000000 -2.1971148191
41.8300000000 -2.1635799526
41.8400000000 -2.1298287300
41.8500000000 -2.0958645262
41.8600000000 -2.0616907377
41.8700000000 -2.0273107818
41.8800000000 -1.9927280966
41.8900000000 -1.9579461402
41.9000000000 -1.9229683908
41.9100000000 -1.8877983462
41.9200000000 -1.8524395234
41.9300000000 -1.8168954581
41.9400000000 -1.7811697048
41.9500000000 -1.7452658360
41.9600000000 -1.7091874421
41.9700000000 -1.6729381308
41.9800000000 -1.6365215272
41.9900000000 -1.5999412727
42.0000000000 -1.5632010255
42.0100000000 -1.5263044595
42.0200000000 -1.4892552642
42.0300000000 -1.4520571447
42.0400000000 -1.4147138207
42.0500000000 -1.3772290265
42.0600000000 -1.3396065106
42.0700000000 -1.3018500351
42.0800000000 -1.2639633756
42.0900000000 -1.2259503209
42.1000000000 -1.1878146722
42.1100000000 -1.1495602430
42.1200000000 -1.1111908588
42.1300000000 -1.0727103564
42.1400000000 -1.0341225838
42.1500000000 -0.9954313999
42.1600000000 -0.9566406736
42.1700000000 -0.9177542841
42.1800000000 -0.8787761199
42.1900000000 -0.8397100788
42.2000000000 -0.8005600674
42.2100000000 -0.7613300007
42.2200000000 -0.7220238016
42.2300000000 -0.6826454007
42.2400000000 -0.6431987359
42.2500000000 -0.6036877517
42.2600000000 -0.5641163992
42.2700000000 -0.5244886356
42.2800000000 -0.4848084236
42.2900000000 -0.4450797311
42.3000000000 -0.4053065310
42.3100000000 -0.3654928006
42.3200000000 -0.3256425212
42.3300000000 -0.2857596779
42.3400000000 -0.2458482588
42.3500000000 -0.2059122551
42.3600000000 -0.1659556603
42.3700000000 -0.1259824701
42.3800000000 -0.0859966818
42.3900000000 -0.0460022939
42.4000000000 -0.0060033057
42.4100000000 0.0339962827
42.4200000000 0.0739924716
42.4300000000 0.1139812612
42.4400000000 0.1539586529
42.4500000000 0.1939206487
42.4600000000 0.2338632527
42.4700000000 0.2737824706
42.4800000000 0.3136743104
42.4900000000 0.3535347831
42.5000000000 0.3933599026
42.5100000000 0.4331456864
42.5200000000 0.4728881560
42.5300000000 0.5125833372
42.5400000000 0.5522272605
42.5500000000 0.5918159615
42.5600000000 0.6313454815
42.5700000000 0.6708118674
42.5800000000 0.7102111726
42.5900000000 0.7495394574
42.6000000000 0.7887927888
42.6100000000 0.8279672416
42.6200000000 0.8670588984
42.6300000000 0.9060638500
42.6400000000 0.9449781959
42.6500000000 0.9837980449
42.6600000000 1.0225195148
42.6700000000 1.0611387337
42.6800000000 1.0996518395
42.6900000000 1.1380549811
42.7000000000 1.1763443182
42.7100000000 1.2145160218
42.7200000000 1.2525662748
42.7300000000 1.2904912722
42.7400000000 1.3282872216
42.7500000000 1.3659503433
42.7600000000 1.4034768712
42.7700000000 1.4408630525
42.7800000000 1.4781051488
42.7900000000 1.5151994357
42.8000000000 1.5521422040
42.8100000000 1.5889297594
42.8200000000 1.6255584230
42.8300000000 1.6620245323
42.8400000000 1.6983244404
42.8500000000 1.7344545175
42.8600000000 1.7704111506
42.8700000000 1.8061907441
42.8800000000 1.8417897200
42.8900000000 1.8772045184
42.9000000000 1.9124315980
42.9100000000 1.9474674360
42.9200000000 1.9823085289
42.9300000000 2.0169513926
42.9400000000 2.0513925628
42.9500000000 2.0856285955
42.9600000000 2.1196560670
42.9700000000 2.1534715747
42.9800000000 2.1870717371
42.9900000000 2.2204531941
43.0000000000 2.2536126076
43.0100000000 2.2865466618
43.0200000000 2.3192520632
43.0300000000 2.3517255413
43.0400000000 2.3839638488
43.0500000000 2.4159637619
43.0600000000 2.4477220807
43.0700000000 2.4792356293
43.0800000000 2.5105012564
43.0900000000 2.5415158354
43.1000000000 2.5722762650
43.1100000000 2.6027794691
43.1200000000 2.6330223975
43.1300000000 2.6630020258
43.1400000000 2.6927153561
43.1500000000 2.7221594171
43.1600000000 2.7513312644
43.1700000000 2.7802279809
43.1800000000 2.8088466770
43.1900000000 2.8371844907
43.2000000000 2.8652385883
43.2100000000 2.8930061644
43.2200000000 2.9204844424
43.2300000000 2.9476706743
43.2400000000 2.9745621416
43.2500000000 3.0011561552
43.2600000000 3.0274500557
43.2700000000 3.0534412136
43.2800000000 3.0791270301
43.2900000000 3.1045049363
43.3000000000 3.1295723947
43.3100000000 3.1543268984
43.3200000000 3.1787659721
43.3300000000 3.2028871718
43.3400000000 3.2266880855
43.3500000000 3.2501663330
43.3600000000 3.2733195667
43.3700000000 3.2961454711
43.3800000000 3.3186417637
43.3900000000 3.3408061949
43.4000000000 3.3626365482
43.4100000000 3.3841306407
43.4200000000 3.4052863230
43.4300000000 3.4261014795
43.4400000000 3.4465740286
43.4500000000 3.4667019233
43.4600000000 3.4864831506
43.4700000000 3.5059157325
43.4800000000 3.5249977258
43.4900000000 3.5437272222
43.5000000000 3.5621023489
43.5100000000 3.5801212683
43.5200000000 3.5977821786
43.5300000000 3.6150833136
43.5400000000 3.6320229434
43.5500000000 3.6485993738
43.5600000000 3.6648109474
43.5700000000 3.6806560429
43.5800000000 3.6961330759
43.5900000000 3.7112404986
43.6000000000 3.7259768004
43.6100000000 3.7403405076
43.6200000000 3.7543301839
43.6300000000 3.7679444303
43.6400000000 3.7811818854
43.6500000000 3.7940412255
43.6600000000 3.8065211646
43.6700000000 3.8186204547
43.6800000000 3.8303378860
43.6900000000 3.8416722867
43.7000000000 3.8526225234
43.7100000000 3.8631875010
43.7200000000 3.8733661631
43.7300000000 3.8831574918
43.7400000000 3.8925605080
43.7500000000 3.9015742714
43.7600000000 3.9101978806
43.7700000000 3.9184304733
43.7800000000 3.9262712262
43.7900000000 3.9337193552
43.8000000000 3.9407741156
43.8100000000 3.9474348019
43.8200000000 3.9537007480
43.8300000000 3.9595713272
43.8400000000 3.9650459527
43.8500000000 3.9701240769
43.8600000000 3.9748051919
43.8700000000 3.9790888298
43.8800000000 3.9829745621
43.8900000000 3.9864620003
43.9000000000 3.9895507955
43.9100000000 3.9922406391
43.9200000000 3.9945312618
43.9300000000 3.9964224348
43.9400000000 3.9979139689
43.9500000000 3.9990057149
43.9600000000 3.9996975637
43.9700000000 3.9999894461
43.9800000000 3.9998813328
43.9900000000 3.9993732347
44.0000000000 3.9984652027
44.0100000000 3.9971573274
44.0200000000 3.9954497398
44.0300000000 3.9933426105
44.0400000000 3.9908361503
44.0500000000 3.9879306098
44.0600000000 3.9846262795
44.0700000000 3.9809234900
44.0800000000 3.9768226114
44.0900000000 3.9723240539
44.1000000000 3.9674282672
44.1100000000 3.9621357411
44.1200000000 3.9564470047
44.1300000000 3.9503626268
44.1400000000 3.9438832161
44.1500000000 3.9370094202
44.1600000000 3.9297419267
44.1700000000 3.9220814623
44.1800000000 3.9140287930
44.1900000000 3.9055847241
44.2000000000 3.8967501000
44.2100000000 3.8875258041
44.2200000000 3.8779127589
44.2300000000 3.8679119256
44.2400000000 3.8575243044
44.2500000000 3.8467509340
44.2600000000 3.8355928916
44.2700000000 3.8240512932
44.2800000000 3.8121272928
44.2900000000 3.7998220829
44.3000000000 3.7871368939
44.3100000000 3.7740729944
44.3200000000 3.7606316907
44.3300000000 3.7468143270
44.3400000000 3.7326222850
44.3500000000 3.7180569839
44.3600000000 3.7031198802
44.3700000000 3.6878124676
44.3800000000 3.6721362768
44.3900000000 3.6560928754
44.4000000000 3.6396838678
44.4100000000 3.6229108948
44.4200000000 3.6057756338
44.4300000000 3.5882797982
44.4400000000 3.5704251377
44.4500000000 3.5522134375
44.4600000000 3.5336465190
44.4700000000 3.5147262388
44.4800000000 3.4954544889
44.4900000000 3.4758331965
44.5000000000 3.4558643236
44.5100000000 3.4355498672
44.5200000000 3.4148918587
44.5300000000 3.3938923638
44.5400000000 3.3725534825
44.5500000000 3.3508773487
44.5600000000 3.3288661299
44.5700000000 3.3065220273
44.5800000000 3.2838472753
44.5900000000 3.2608441412
44.6000000000 3.2375149255
44.6100000000 3.2138619610
44.6200000000 3.1898876129
44.6300000000 3.1655942788
44.6400000000 3.1409843878
44.6500000000 3.1160604010
44.6600000000 3.0908248108
44.6700000000 3.0652801407
44.6800000000 3.0394289451
44.6900000000 3.0132738092
44.7000000000 2.9868173484
44.7100000000 2.9600622084
44.7200000000 2.9330110646
44.7300000000 2.9056666221
44.7400000000 2.8780316154
44.7500000000 2.8501088079
44.7600000000 2.8219009919
44.7700000000 2.7934109882
44.7800000000 2.7646416457
44.7900000000 2.7355958414
44.8000000000 2.7062764797
44.8100000000 2.6766864926
44.8200000000 2.6468288392
44.8300000000 2.6167065050
44.8400000000 2.5863225024
44.8500000000 2.5556798697
44.8600000000 2.5247816711
44.8700000000 2.4936309965
44.8800000000 2.4622309608
44.8900000000 2.4305847041
44.9000000000 2.3986953910
44.9100000000 2.3665662103
44.9200000000 2.3342003750
44.9300000000 2.3016011215
44.9400000000 2.2687717099
44.9500000000 2.2357154230
44.9600000000 2.2024355664
44.9700000000 2.1689354681
44.9800000000 2.1352184781
44.9900000000 2.1012879680
45.0000000000 2.0671473308
45.0100000000 2.0327999806
45.0200000000 1.9982493522
45.0300000000 1.9634989004
45.0400000000 1.9285521004
45.0500000000 1.8934124468
45.0600000000 1.8580834536
45.0700000000 1.8225686535
45.0800000000 1.7868715981
45.0900000000 1.7509958570
45.1000000000 1.7149450178
45.1100000000 1.6787226856
45.1200000000 1.6423324824
45.1300000000 1.6057780474
45.1400000000 1.5690630359
45.1500000000 1.5321911194
45.1600000000 1.4951659851
45.1700000000 1.4579913354
45.1800000000 1.4206708878
45.1900000000 1.3832083743
45.2000000000 1.3456075411
45.2100000000 1.3078721483
45.2200000000 1.2700059694
45.2300000000 1.2320127909
45.2400000000 1.1938964122
45.2500000000 1.1556606448
45.2600000000 1.1173093123
45.2700000000 1.0788462498
45.2800000000 1.0402753036
45.2900000000 1.0016003307
45.3000000000 0.9628251987
45.3100000000 0.9239537849
45.3200000000 0.8849899765
45.3300000000 0.8459376698
45.3400000000 0.8068007701
45.3500000000 0.7675831910
45.3600000000 0.7282888542
45.3700000000 0.6889216891
45.3800000000 0.6494856324
45.3900000000 0.6099846278
45.4000000000 0.5704226251
45.4100000000 0.5308035807
45.4200000000 0.4911314563
45.4300000000 0.4514102192
45.4400000000 0.4116438415
45.4500000000 0.3718362997
45.4600000000 0.3319915746
45.4700000000 0.2921136506
45.4800000000 0.2522065155
45.4900000000 0.2122741600
45.5000000000 0.1723205772
45.5100000000 0.1323497625
45.5200000000 0.0923657130
45.5300000000 0.0523724269
45.5400000000 0.0123739037
45.5500000000 -0.0276258570
45.5600000000 -0.0676228550
45.5700000000 -0.1076130909
45.5800000000 -0.1475925655
45.5900000000 -0.1875572810
45.6000000000 -0.2275032409
45.6100000000 -0.2674264507
45.6200000000 -0.3073229181
45.6300000000 -0.3471886534
45.6400000000 -0.3870196701
45.6500000000 -0.4268119852
45.6600000000 -0.4665616195
45.6700000000 -0.5062645980
45.6800000000 -0.5459169504
45.6900000000 -0.5855147116
45.7000000000 -0.6250539219
45.7100000000 -0.6645306272
45.7200000000 -0.7039408801
45.7300000000 -0.7432807394
45.7400000000 -0.7825462713
45.7500000000 -0.8217335492
45.7600000000 -0.8608386545
45.7700000000 -0.8998576766
45.7800000000 -0.9387867136
45.7900000000 -0.9776218728
45.8000000000 -1.0163592706
45.8100000000 -1.0549950334
45.8200000000 -1.0935252975
45.8300000000 -1.1319462100
45.8400000000 -1.1702539288
45.8500000000 -1.2084446232
45.8600000000 -1.2465144742
45.8700000000 -1.2844596747
45.8800000000 -1.3222764303
45.8900000000 -1.3599609594
45.9000000000 -1.3975094936
45.9100000000 -1.4349182779
45.9200000000 -1.4721835716
45.9300000000 -1.5093016482
45.9400000000 -1.5462687959
45.9500000000 -1.5830813180
45.9600000000 -1.6197355333
45.9700000000 -1.6562277763
45.9800000000 -1.6925543980
45.9900000000 -1.7287117657
46.0000000000 -1.7646962636
46.0100000000 -1.8005042933
46.0200000000 -1.8361322741
46.0300000000 -1.8715766433
46.0400000000 -1.9068338563
46.0500000000 -1.9419003875
46.0600000000 -1.9767727303
46.0700000000 -2.0114473975
46.0800000000 -2.0459209216
46.0900000000 -2.0801898554
46.1000000000 -2.1142507718
46.1100000000 -2.1481002650
46.1200000000 -2.1817349499
46.1300000000 -2.2151514632
46.1400000000 -2.2483464631
46.1500000000 -2.2813166303
46.1600000000 -2.3140586677
46.1700000000 -2.3465693012
46.1800000000 -2.3788452797
46.1900000000 -2.4108833757
46.2000000000 -2.4426803853
46.2100000000 -2.4742331289
46.2200000000 -2.5055384513
46.2300000000 -2.5365932219
46.2400000000 -2.5673943353
46.2500000000 -2.5979387114
46.2600000000 -2.6282232958
46.2700000000 -2.6582450601
46.2800000000 -2.6880010021
46.2900000000 -2.7174881462
46.3000000000 -2.7467035438
46.3100000000 -2.7756442733
46.3200000000 -2.8043074407
46.3300000000 -2.8326901797
46.3400000000 -2.8607896520
46.3500000000 -2.8886030477
46.3600000000 -2.9161275856
46.3700000000 -2.9433605131
46.3800000000 -2.9702991070
46.3900000000 -2.9969406735
46.4000000000 -3.0232825484
46.4100000000 -3.0493220976
46.4200000000 -3.0750567171
46.4300000000 -3.1004838335
46.4400000000 -3.1256009041
46.4500000000 -3.1504054172
46.4600000000 -3.1748948924
46.4700000000 -3.1990668808
46.4800000000 -3.2229189651
46.4900000000 -3.2464487602
46.5000000000 -3.2696539132
46.5100000000 -3.2925321034
46.5200000000 -3.3150810433
46.5300000000 -3.3372984777
46.5400000000 -3.3591821852
46.5500000000 -3.3807299771
46.5600000000 -3.4019396990
46.5700000000 -3.4228092296
46.5800000000 -3.4433364822
46.5900000000 -3.4635194041
46.6000000000 -3.4833559768
46.6100000000 -3.5028442169
46.6200000000 -3.5219821755
46.6300000000 -3.5407679388
46.6400000000 -3.5591996282
46.6500000000 -3.5772754007
46.6600000000 -3.5949934486
46.6700000000 -3.6123520001
46.6800000000 -3.6293493195
46.6900000000 -3.6459837069
46.7000000000 -3.6622534990
46.7100000000 -3.6781570689
46.7200000000 -3.6936928260
46.7300000000 -3.7088592170
46.7400000000 -3.7236547251
46.7500000000 -3.7380778709
46.7600000000 -3.7521272120
46.7700000000 -3.7658013435
46.7800000000 -3.7790988980
46.7900000000 -3.7920185458
46.8000000000 -3.8045589949
46.8100000000 -3.8167189912
46.8200000000 -3.8284973188
46.8300000000 -3.8398927999
46.8400000000 -3.8509042949
46.8500000000 -3.8615307027
46.8600000000 -3.8717709606
46.8700000000 -3.8816240447
46.8800000000 -3.8910889696
46.8900000000 -3.9001647888
46.9000000000 -3.9088505948
46.9100000000 -3.9171455191
46.9200000000 -3.9250487320
46.9300000000 -3.9325594433
46.9400000000 -3.9396769019
46.9500000000 -3.9464003962
46.9600000000 -3.9527292537
46.9700000000 -3.9586628415
46.9800000000 -3.9642005664
46.9900000000 -3.9693418745
47.0000000000 -3.9740862518
47.0100000000 -3.9784332237
47.0200000000 -3.9823823556
47.0300000000 -3.9859332526
47.0400000000 -3.9890855596
47.0500000000 -3.9918389614
47.0600000000 -3.9941931826
47.0700000000 -3.9961479878
47.0800000000 -3.9977031816
47.0900000000 -3.9988586083
47.1000000000 -3.9996141526
47.1100000000 -3.9999697387
47.1200000000 -3.9999253312
47.1300000000 -3.9994809345
47.1400000000 -3.9986365931
47.1500000000 -3.9973923913
47.1600000000 -3.9957484536
47.1700000000 -3.9937049444
47.1800000000 -3.9912620680
47.1900000000 -3.9884200688
47.2000000000 -3.9851792308
47.2100000000 -3.9815398783
47.2200000000 -3.9775023751
47.2300000000 -3.9730671249
47.2400000000 -3.9682345714
47.2500000000 -3.9630051977
47.2600000000 -3.9573795268
47.2700000000 -3.9513581213
47.2800000000 -3.9449415832
47.2900000000 -3.9381305543
47.3000000000 -3.9309257155
47.3100000000 -3.9233277875
47.3200000000 -3.9153375300
47.3300000000 -3.9069557420
47.3400000000 -3.8981832617
47.3500000000 -3.8890209662
47.3600000000 -3.8794697720
47.3700000000 -3.8695306340
47.3800000000 -3.8592045461
47.3900000000 -3.8484925410
47.4000000000 -3.8373956899
47.4100000000 -3.8259151024
47.4200000000 -3.8140519266
47.4300000000 -3.8018073487
47.4400000000 -3.7891825933
47.4500000000 -3.7761789228
47.4600000000 -3.7627976376
47.4700000000 -3.7490400757
47.4800000000 -3.7349076129
47.4900000000 -3.7204016625
47.5000000000 -3.7055236750
47.5100000000 -3.6902751383
47.5200000000 -3.6746575771
47.5300000000 -3.6586725532
47.5400000000 -3.6423216651
47.5500000000 -3.6256065478
47.5600000000 -3.6085288730
47.5700000000 -3.5910903482
47.5800000000 -3.5732927174
47.5900000000 -3.5551377604
47.6000000000 -3.5366272925
47.6100000000 -3.5177631648
47.6200000000 -3.4985472637
47.6300000000 -3.4789815109
47.6400000000 -3.4590678627
47.6500000000 -3.4388083107
47.6600000000 -3.4182048807
47.6700000000 -3.3972596331
47.6800000000 -3.3759746623
47.6900000000 -3.3543520969
47.7000000000 -3.3323940991
47.7100000000 -3.3101028646
47.7200000000 -3.2874806226
47.7300000000 -3.2645296353
47.7400000000 -3.2412521977
47.7500000000 -3.2176506376
47.7600000000 -3.1937273152
47.7700000000 -3.1694846227
47.7800000000 -3.1449249843
47.7900000000 -3.1200508561
47.8000000000 -3.0948647254
47.8100000000 -3.0693691108
47.8200000000 -3.0435665618
47.8300000000 -3.0174596587
47.8400000000 -2.9910510122
47.8500000000 -2.9643432630
47.8600000000 -2.9373390820
47.8700000000 -2.9100411696
47.8800000000 -2.8824522554
47.8900000000 -2.8545750985
47.9000000000 -2.8264124864
47.9100000000 -2.7979672354
47.9200000000 -2.7692421900
47.9300000000 -2.7402402227
47.9400000000 -2.7109642336
47.9500000000 -2.6814171504
47.9600000000 -2.6516019278
47.9700000000 -2.6215215471
47.9800000000 -2.5911790165
47.9900000000 -2.5605773701
48.0000000000 -2.5297196681
48.0100000000 -2.4986089963
48.0200000000 -2.4672484656
48.0300000000 -2.4356412122
48.0400000000 -2.4037903966
48.0500000000 -2.3716992040
48.0600000000 -2.3393708435
48.0700000000 -2.3068085479
48.0800000000 -2.2740155733
48.0900000000 -2.2409951990
48.1000000000 -2.2077507271
48.1100000000 -2.1742854820
48.1200000000 -2.1406028101
48.1300000000 -2.1067060798
48.1400000000 -2.0725986805
48.1500000000 -2.0382840232
48.1600000000 -2.0037655391
48.1700000000 -1.9690466802
48.1800000000 -1.9341309182
48.1900000000 -1.8990217447
48.2000000000 -1.8637226707
48.2100000000 -1.8282372259
48.2200000000 -1.7925689590
48.2300000000 -1.7567214366
48.2400000000 -1.7206982435
48.2500000000 -1.6845029821
48.2600000000 -1.6481392718
48.2700000000 -1.6116107489
48.2800000000 -1.5749210663
48.2900000000 -1.5380738929
48.3000000000 -1.5010729134
48.3100000000 -1.4639218278
48.3200000000 -1.4266243513
48.3300000000 -1.3891842135
48.3400000000 -1.3516051585
48.3500000000 -1.3138909441
48.3600000000 -1.2760453417
48.3700000000 -1.2380721358
48.3800000000 -1.1999751237
48.3900000000 -1.1617581151
48.4000000000 -1.1234249317
48.4100000000 -1.0849794067
48.4200000000 -1.0464253847
48.4300000000 -1.0077667210
48.4400000000 -0.9690072815
48.4500000000 -0.9301509421
48.4600000000 -0.8912015883
48.4700000000 -0.8521631151
48.4800000000 -0.8130394264
48.4900000000 -0.7738344343
48.5000000000 -0.7345520595
48.5100000000 -0.6951962300
48.5200000000 -0.6557708816
48.5300000000 -0.6162799566
48.5400000000 -0.5767274041
48.5500000000 -0.5371171793
48.5600000000 -0.4974532433
48.5700000000 -0.4577395623
48.5800000000 -0.4179801078
48.5900000000 -0.3781788556
48.6000000000 -0.3383397859
48.6100000000 -0.2984668824
48.6200000000 -0.2585641326
48.6300000000 -0.2186355265
48.6400000000 -0.1786850570
48.6500000000 -0.1387167192
48.6600000000 -0.0987345099
48.6700000000 -0.0587424271
48.6800000000 -0.0187444702
48.6900000000 0.0212553612
48.7000000000 0.0612530670
48.7100000000 0.1012446476
48.7200000000 0.1412261038
48.7300000000 0.1811934375
48.7400000000 0.2211426520
48.7500000000 0.2610697525
48.7600000000 0.3009707461
48.7700000000 0.3408416430
48.7800000000 0.3806784560
48.7900000000 0.4204772014
48.8000000000 0.4602338995
48.8100000000 0.4999445746
48.8200000000 0.5396052556
48.8300000000 0.5792119766
48.8400000000 0.6187607768
48.8500000000 0.6582477015
48.8600000000 0.6976688019
48.8700000000 0.7370201361
48.8800000000 0.7762977688
48.8900000000 0.8154977725
48.9000000000 0.8546162270
48.9100000000 0.8936492206
48.9200000000 0.9325928501
48.9300000000 0.9714432210
48.9400000000 1.0101964484
48.9500000000 1.0488486570
48.9600000000 1.0873959817
48.9700000000 1.1258345676
48.9800000000 1.1641605710
48.9900000000 1.2023701594
49.0000000000 1.2404595117
49.0100000000 1.2784248191
49.0200000000 1.3162622851
49.0300000000 1.3539681259
49.0400000000 1.3915385711
49.0500000000 1.4289698635
49.0600000000 1.4662582602
49.0700000000 1.5034000323
49.0800000000 1.5403914656
49.0900000000 1.5772288611
49.1000000000 1.6139085349
49.1100000000 1.6504268193
49.1200000000 1.6867800624
49.1300000000 1.7229646289
49.1400000000 1.7589769003
49.1500000000 1.7948132755
49.1600000000 1.8304701709
49.1700000000 1.8659440208
49.1800000000 1.9012312778
49.1900000000 1.9363284133
49.2000000000 1.9712319176
49.2100000000 2.0059383003
49.2200000000 2.0404440909
49.2300000000 2.0747458388
49.2400000000 2.1088401138
49.2500000000 2.1427235065
49.2600000000 2.1763926287
49.2700000000 2.2098441134
49.2800000000 2.2430746156
49.2900000000 2.2760808122
49.3000000000 2.3088594026
49.3100000000 2.3414071090
49.3200000000 2.3737206766
49.3300000000 2.4057968741
49.3400000000 2.4376324939
49.3500000000 2.4692243526
49.3600000000 2.5005692908
49.3700000000 2.5316641742
49.3800000000 2.5625058933
49.3900000000 2.5930913639
49.4000000000 2.6234175276
49.4100000000 2.6534813517
49.4200000000 2.6832798299
49.4300000000 2.7128099823
49.4400000000 2.7420688560
49.4500000000 2.7710535251
49.4600000000 2.7997610911
49.4700000000 2.8281886834
49.4800000000 2.8563334591
49.4900000000 2.8841926039
49.5000000000 2.9117633319
49.5100000000 2.9390428859
49.5200000000 2.9660285381
49.5300000000 2.9927175899
49.5400000000 3.0191073724
49.5500000000 3.0451952468
49.5600000000 3.0709786041
49.5700000000 3.0964548661
49.5800000000 3.1216214853
49.5900000000 3.1464759448
49.6000000000 3.1710157594
49.6100000000 3.1952384751
49.6200000000 3.2191416696
49.6300000000 3.2427229526
49.6400000000 3.2659799660
49.6500000000 3.2889103842
49.6600000000 3.3115119140
49.6700000000 3.3337822954
49.6800000000 3.3557193014
49.6900000000 3.3773207382
49.7000000000 3.3985844458
49.7100000000 3.4195082977
49.7200000000 3.4400902017
49.7300000000 3.4603280995
49.7400000000 3.4802199674
49.7500000000 3.4997638162
49.7600000000 3.5189576915
49.7700000000 3.5377996740
49.7800000000 3.5562878795
49.7900000000 3.5744204591
49.8000000000 3.5921955997
49.8100000000 3.6096115237
49.8200000000 3.6266664896
49.8300000000 3.6433587918
49.8400000000 3.6596867612
49.8500000000 3.6756487650
49.8600000000 3.6912432070
49.8700000000 3.7064685277
49.8800000000 3.7213232046
49.8900000000 3.7358057524
49.9000000000 3.7499147227
49.9100000000 3.7636487046
49.9200000000 3.7770063248
49.9300000000 3.7899862475
49.9400000000 3.8025871747
49.9500000000 3.8148078464
49.9600000000 3.8266470405
49.9700000000 3.8381035731
49.9800000000 3.8491762985
49.9900000000 3.8598641095
50.0000000000 3.8701659373
50.0100000000 3.8800807517
50.0200000000 3.8896075613
50.0300000000 3.8987454133
50.0400000000 3.9074933941
50.0500000000 3.9158506288
50.0600000000 3.9238162817
50.0700000000 3.9313895562
50.0800000000 3.9385696951
50.0900000000 3.9453559803
50.1000000000 3.9517477331
50.1100000000 3.9577443145
50.1200000000 3.9633451248
50.1300000000 3.9685496038
50.1400000000 3.9733572312
50.1500000000 3.9777675261
50.1600000000 3.9817800477
50.1700000000 3.9853943945
50.1800000000 3.9886102053
50.1900000000 3.9914271583
50.2000000000 3.9938449719
50.2100000000 3.9958634044
50.2200000000 3.9974822539
50.2300000000 3.9987013584
50.2400000000 3.9995205962
50.2500000000 3.9999398852
50.2600000000 3.9999591836
50.2700000000 3.9995784894
50.2800000000 3.9987978407
50.2900000000 3.9976173155
50.3000000000 3.9960370320
50.3100000000 3.9940571480
50.3200000000 3.9916778617
50.3300000000 3.9888994109
50.3400000000 3.9857220735
50.3500000000 3.9821461672
50.3600000000 3.9781720496
50.3700000000 3.9738001181
50.3800000000 3.9690308100
50.3900000000 3.9638646020
50.4000000000 3.9583020109
50.4100000000 3.9523435929
50.4200000000 3.9459899438
50.4300000000 3.9392416990
50.4400000000 3.9320995334
50.4500000000 3.9245641610
50.4600000000 3.9166363355
50.4700000000 3.9083168497
50.4800000000 3.8996065354
50.4900000000 3.8905062637
50.5000000000 3.8810169446
50.5100000000 3.8711395271
50.5200000000 3.8608749988
50.5300000000 3.8502243862
50.5400000000 3.8391887545
50.5500000000 3.8277692070
50.5600000000 3.8159668858
50.5700000000 3.8037829711
50.5800000000 3.7912186813
50.5900000000 3.7782752728
50.6000000000 3.7649540399
50.6100000000 3.7512563147
50.6200000000 3.7371834670
50.6300000000 3.7227369041
50.6400000000 3.7079180706
50.6500000000 3.6927284484
50.6600000000 3.6771695564
50.6700000000 3.6612429505
50.6800000000 3.6449502234
50.6900000000 3.6282930043
50.7000000000 3.6112729589
50.7100000000 3.5938917893
50.7200000000 3.5761512334
50.7300000000 3.5580530654
50.7400000000 3.5395990951
50.7500000000 3.5207911678
50.7600000000 3.5016311643
50.7700000000 3.4821210006
50.7800000000 3.4622626277
50.7900000000 3.4420580315
50.8000000000 3.4215092323
50.8100000000 3.4006182850
50.8200000000 3.3793872788
50.8300000000 3.3578183366
50.8400000000 3.3359136154
50.8500000000 3.3136753056
50.8600000000 3.2911056311
50.8700000000 3.2682068487
50.8800000000 3.2449812484
50.8900000000 3.2214311526
50.9000000000 3.1975589164
50.9100000000 3.1733669270
50.9200000000 3.1488576036
50.9300000000 3.1240333970
50.9400000000 3.0988967896
50.9500000000 3.0734502952
50.9600000000 3.0476964583
50.9700000000 3.0216378543
50.9800000000 2.9952770890
50.9900000000 2.9686167985
51.0000000000 2.9416596489
51.0100000000 2.9144083356
51.0200000000 2.8868655840
51.0300000000 2.8590341483
51.0400000000 2.8309168115
51.0500000000 2.8025163854
51.0600000000 2.7738357100
51.0700000000 2.7448776533
51.0800000000 2.7156451111
51.0900000000 2.6861410067
51.1000000000 2.6563682904
51.1100000000 2.6263299396
51.1200000000 2.5960289579
51.1300000000 2.5654683755
51.1400000000 2.5346512483
51.1500000000 2.5035806582
51.1600000000 2.4722597121
51.1700000000 2.4406915421
51.1800000000 2.4088793049
51.1900000000 2.3768261819
51.2000000000 2.3445353782
51.2100000000 2.3120101229
51.2200000000 2.2792536685
51.2300000000 2.2462692907
51.2400000000 2.2130602878
51.2500000000 2.1796299807
51.2600000000 2.1459817124
51.2700000000 2.1121188478
51.2800000000 2.0780447730
51.2900000000 2.0437628955
51.3000000000 2.0092766434
51.3100000000 1.9745894653
51.3200000000 1.9397048299
51.3300000000 1.9046262257
51.3400000000 1.8693571604
51.3500000000 1.8339011609
51.3600000000 1.7982617729
51.3700000000 1.7624425601
51.3800000000 1.7264471046
51.3900000000 1.6902790059
51.4000000000 1.6539418806
51.4100000000 1.6174393625
51.4200000000 1.5807751018
51.4300000000 1.5439527650
51.4400000000 1.5069760341
51.4500000000 1.4698486069
51.4600000000 1.4325741961
51.4700000000 1.3951565290
51.4800000000 1.3575993475
51.4900000000 1.3199064071
51.5000000000 1.2820814772
51.5100000000 1.2441283402
51.5200000000 1.2060507915
51.5300000000 1.1678526386
51.5400000000 1.1295377015
51.5500000000 1.0911098115
51.5600000000 1.0525728115
51.5700000000 1.0139305551
51.5800000000 0.9751869064
51.5900000000 0.9363457399
51.6000000000 0.8974109395
51.6100000000 0.8583863989
51.6200000000 0.8192760203
51.6300000000 0.7800837148
51.6400000000 0.7408134015
51.6500000000 0.7014690076
51.6600000000 0.6620544673
51.6700000000 0.6225737221
51.6800000000 0.5830307201
51.6900000000 0.5434294155
51.7000000000 0.5037737684
51.7100000000 0.4640677444
51.7200000000 0.4243153139
51.7300000000 0.3845204523
51.7400000000 0.3446871389
51.7500000000 0.3048193572
51.7600000000 0.2649210937
51.7700000000 0.2249963384
51.7800000000 0.1850490836
51.7900000000 0.1450833241
51.8000000000 0.1051030563
51.8100000000 0.0651122783
51.8200000000 0.0251149892
51.8300000000 -0.0148848114
51.8400000000 -0.0548831236
51.8500000000 -0.0948759475
51.8600000000 -0.1348592839
51.8700000000 -0.1748291344
51.8800000000 -0.2147815022
51.8900000000 -0.2547123920
51.9000000000 -0.2946178108
51.9100000000 -0.3344937681
51.9200000000 -0.3743362762
51.9300000000 -0.4141413511
51.9400000000 -0.4539050121
51.9500000000 -0.4936232830
51.9600000000 -0.5332921920
51.9700000000 -0.5729077723
51.9800000000 -0.6124660622
51.9900000000 -0.6519631061
52.0000000000 -0.6913949541
52.0100000000 -0.7307576633
52.0200000000 -0.7700472973
52.0300000000 -0.8092599272
52.0400000000 -0.8483916318
52.0500000000 -0.8874384979
52.0600000000 -0.9263966209
52.0700000000 -0.9652621051
52.0800000000 -1.0040310638
52.0900000000 -1.0426996203
52.1000000000 -1.0812639076
52.1100000000 -1.1197200695
52.1200000000 -1.1580642603
52.1300000000 -1.1962926456
52.1400000000 -1.2344014027
52.1500000000 -1.2723867207
52.1600000000 -1.3102448010
52.1700000000 -1.3479718580
52.1800000000 -1.3855641189
52.1900000000 -1.4230178245
52.2000000000 -1.4603292296
52.2100000000 -1.4974946029
52.2200000000 -1.5345102280
52.2300000000 -1.5713724034
52.2400000000 -1.6080774429
52.2500000000 -1.6446216759
52.2600000000 -1.6810014482
52.2700000000 -1.7172131217
52.2800000000 -1.7532530753
52.2900000000 -1.7891177051
52.3000000000 -1.8248034246
52.3100000000 -1.8603066653
52.3200000000 -1.8956238768
52.3300000000 -1.9307515276
52.3400000000 -1.9656861048
52.3500000000 -2.0004241150
52.3600000000 -2.0349620845
52.3700000000 -2.0692965595
52.3800000000 -2.1034241065
52.3900000000 -2.1373413129
52.4000000000 -2.1710447870
52.4100000000 -2.2045311583
52.4200000000 -2.2377970784
52.4300000000 -2.2708392207
52.4400000000 -2.3036542809
52.4500000000 -2.3362389776
52.4600000000 -2.3685900524
52.4700000000 -2.4007042701
52.4800000000 -2.4325784194
52.4900000000 -2.4642093129
52.5000000000 -2.4955937875
52.5100000000 -2.5267287048
52.5200000000 -2.5576109514
52.5300000000 -2.5882374389
52.5400000000 -2.6186051049
52.5500000000 -2.6487109126
52.5600000000 -2.6785518514
52.5700000000 -2.7081249372
52.5800000000 -2.7374272128
52.5900000000 -2.7664557480
52.6000000000 -2.7952076398
52.6100000000 -2.8236800133
52.6200000000 -2.8518700211
52.6300000000 -2.8797748443
52.6400000000 -2.9073916924
52.6500000000 -2.9347178037
52.6600000000 -2.9617504457
52.6700000000 -2.9884869152
52.6800000000 -3.0149245384
52.6900000000 -3.0410606717
52.7000000000 -3.0668927014
52.7100000000 -3.0924180445
52.7200000000 -3.1176341483
52.7300000000 -3.1425384913
52.7400000000 -3.1671285831
52.7500000000 -3.1914019646
52.7600000000 -3.2153562086
52.7700000000 -3.2389889197
52.7800000000 -3.2622977346
52.7900000000 -3.2852803224
52.8000000000 -3.3079343849
52.8100000000 -3.3302576568
52.8200000000 -3.3522479056
52.8300000000 -3.3739029325
52.8400000000 -3.3952205719
52.8500000000 -3.4161986920
52.8600000000 -3.4368351952
52.8700000000 -3.4571280176
52.8800000000 -3.4770751302
52.8900000000 -3.4966745381
52.9000000000 -3.5159242815
52.9100000000 -3.5348224354
52.9200000000 -3.5533671100
52.9300000000 -3.5715564509
52.9400000000 -3.5893886391
52.9500000000 -3.6068618914
52.9600000000 -3.6239744605
52.9700000000 -3.6407246352
52.9800000000 -3.6571107405
52.9900000000 -3.6731311377
53.0000000000 -3.6887842249
53.0100000000 -3.7040684368
53.0200000000 -3.7189822448
53.0300000000 -3.7335241578
53.0400000000 -3.7476927215
53.0500000000 -3.7614865190
53.0600000000 -3.7749041710
53.0700000000 -3.7879443357
53.0800000000 -3.8006057091
53.0900000000 -3.8128870252
53.1000000000 -3.8247870557
53.1100000000 -3.8363046107
53.1200000000 -3.8474385384
53.1300000000 -3.8581877255
53.1400000000 -3.8685510970
53.1500000000 -3.8785276167
53.1600000000 -3.8881162868
53.1700000000 -3.8973161485
53.1800000000 -3.9061262818
53.1900000000 -3.9145458058
53.2000000000 -3.9225738785
53.2100000000 -3.9302096970
53.2200000000 -3.9374524979
53.2300000000 -3.9443015568
53.2400000000 -3.9507561888
53.2500000000 -3.9568157485
53.2600000000 -3.9624796299
53.2700000000 -3.9677472666
53.2800000000 -3.9726181320
53.2900000000 -3.9770917388
53.3000000000 -3.9811676398
53.3100000000 -3.9848454273
53.3200000000 -3.9881247336
53.3300000000 -3.9910052307
53.3400000000 -3.9934866307
53.3500000000 -3.9955686853
53.3600000000 -3.9972511864
53.3700000000 -3.9985339657
53.3800000000 -3.9994168949
53.3900000000 -3.9998998858
53.4000000000 -3.9999828900
53.4100000000 -3.9996658992
53.4200000000 -3.9989489452
53.4300000000 -3.9978320997
53.4400000000 -3.9963154742
53.4500000000 -3.9943992206
53.4600000000 -3.9920835303
53.4700000000 -3.9893686350
53.4800000000 -3.9862548062
53.4900000000 -3.9827423553
53.5000000000 -3.9788316334
53.5100000000 -3.9745230316
53.5200000000 -3.9698169809
53.5300000000 -3.9647139518
53.5400000000 -3.9592144546
53.5500000000 -3.9533190392
53.5600000000 -3.9470282952
53.5700000000 -3.9403428517
53.5800000000 -3.9332633772
53.5900000000 -3.9257905797
53.6000000000 -3.9179252063
53.6100000000 -3.9096680437
53.6200000000 -3.9010199176
53.6300000000 -3.8919816927
53.6400000000 -3.8825542728
53.6500000000 -3.8727386008
53.6600000000 -3.8625356582
53.6700000000 -3.8519464652
53.6800000000 -3.8409720807
53.6900000000 -3.8296136023
53.7000000000 -3.8178721657
53.7100000000 -3.8057489451
53.7200000000 -3.7932451527
53.7300000000 -3.7803620390
53.7400000000 -3.7671008922
53.7500000000 -3.7534630385
53.7600000000 -3.7394498416
53.7700000000 -3.7250627028
53.7800000000 -3.7103030609
53.7900000000 -3.6951723917
53.8000000000 -3.6796722084
53.8100000000 -3.6638040610
53.8200000000 -3.6475695362
53.8300000000 -3.6309702574
53.8400000000 -3.6140078847
53.8500000000 -3.5966841142
53.8600000000 -3.5790006783
53.8700000000 -3.5609593453
53.8800000000 -3.5425619193
53.8900000000 -3.5238102401
53.9000000000 -3.5047061828
53.9100000000 -3.4852516578
53.9200000000 -3.4654486106
53.9300000000 -3.4452990213
53.9400000000 -3.4248049051
53.9500000000 -3.4039683112
53.9600000000 -3.3827913233
53.9700000000 -3.3612760591
53.9800000000 -3.3394246701
53.9900000000 -3.3172393414
54.0000000000 -3.2947222915
54.0100000000 -3.2718757722
54.0200000000 -3.2487020680
54.0300000000 -3.2252034963
54.0400000000 -3.2013824069
54.0500000000 -3.1772411820
54.0600000000 -3.1527822356
54.0700000000 -3.1280080136
54.0800000000 -3.1029209934
54.0900000000 -3.0775236837
54.1000000000 -3.0518186242
54.1100000000 -3.0258083854
54.1200000000 -2.9994955682
54.1300000000 -2.9728828040
54.1400000000 -2.9459727540
54.1500000000 -2.9187681092
54.1600000000 -2.8912715900
54.1700000000 -2.8634859460
54.1800000000 -2.8354139559
54.1900000000 -2.8070584267
54.2000000000 -2.7784221940
54.2100000000 -2.7495081214
54.2200000000 -2.7203191002
54.2300000000 -2.6908580495
54.2400000000 -2.6611279151
54.2500000000 -2.6311316702
54.2600000000 -2.6008723144
54.2700000000 -2.5703528734
54.2800000000 -2.5395763993
54.2900000000 -2.5085459697
54.3000000000 -2.4772646876
54.3100000000 -2.4457356811
54.3200000000 -2.4139621030
54.3300000000 -2.3819471308
54.3400000000 -2.3496939658
54.3500000000 -2.3172058334
54.3600000000 -2.2844859823
54.3700000000 -2.2515376845
54.3800000000 -2.2183642349
54.3900000000 -2.1849689507
54.4000000000 -2.1513551714
54.4100000000 -2.1175262583
54.4200000000 -2.0834855944
54.4300000000 -2.0492365837
54.4400000000 -2.0147826511
54.4500000000 -1.9801272418
54.4600000000 -1.9452738215
54.4700000000 -1.9102258754
54.4800000000 -1.8749869083
54.4900000000 -1.8395604441
54.5000000000 -1.8039500254
54.5100000000 -1.7681592132
54.5200000000 -1.7321915865
54.5300000000 -1.6960507421
54.5400000000 -1.6597402941
54.5500000000 -1.6232638734
54.5600000000 -1.5866251277
54.5700000000 -1.5498277208
54.5800000000 -1.5128753324
54.5900000000 -1.4757716577
54.6000000000 -1.4385204071
54.6100000000 -1.4011253056
54.6200000000 -1.3635900928
54.6300000000 -1.3259185221
54.6400000000 -1.2881143607
54.6500000000 -1.2501813889
54.6600000000 -1.2121234000
54.6700000000 -1.1739441998
54.6800000000 -1.1356476062
54.6900000000 -1.0972374487
54.7000000000 -1.0587175684
54.7100000000 -1.0200918172
54.7200000000 -0.9813640577
54.7300000000 -0.9425381626
54.7400000000 -0.9036180145
54.7500000000 -0.8646075053
54.7600000000 -0.8255105361
54.7700000000 -0.7863310165
54.7800000000 -0.7470728645
54.7900000000 -0.7077400058
54.8000000000 -0.6683363737
54.8100000000 -0.6288659085
54.8200000000 -0.5893325573
54.8300000000 -0.5497402733
54.8400000000 -0.5100930157
54.8500000000 -0.4703947493
54.8600000000 -0.4306494437
54.8700000000 -0.3908610736
54.8800000000 -0.3510336177
54.8900000000 -0.3111710587
54.9000000000 -0.2712773829
54.9100000000 -0.2313565796
54.9200000000 -0.1914126408
54.9300000000 -0.1514495609
54.9400000000 -0.1114713361
54.9500000000 -0.0714819644
54.9600000000 -0.0314854445
54.9700000000 0.0085142240
54.9800000000 0.0485130410
54.9900000000 0.0885070067
55.0000000000 0.1284921218
55.0100000000 0.1684643879
55.0200000000 0.2084198076
55.0300000000 0.2483543855
55.0400000000 0.2882641282
55.0500000000 0.3281450447
55.0600000000 0.3679931469
55.0700000000 0.4078044502
55.0800000000 0.4475749734
55.0900000000 0.4873007394
55.1000000000 0.5269777758
55.1100000000 0.5666021148
55.1200000000 0.6061697941
55.1300000000 0.6456768569
55.1400000000 0.6851193526
55.1500000000 0.7244933369
55.1600000000 0.7637948725
55.1700000000 0.8030200292
55.1800000000 0.8421648846
55.1900000000 0.8812255242
55.2000000000 0.9201980420
55.2100000000 0.9590785407
55.2200000000 0.9978631324
55.2300000000 1.0365479386
55.2400000000 1.0751290909
55.2500000000 1.1136027312
55.2600000000 1.1519650121
55.2700000000 1.1902120975
55.2800000000 1.2283401626
55.2900000000 1.2663453948
55.3000000000 1.3042239935
55.3100000000 1.3419721709
55.3200000000 1.3795861521
55.3300000000 1.4170621760
55.3400000000 1.4543964947
55.3500000000 1.4915853751
55.3600000000 1.5286250981
55.3700000000 1.5655119599
55.3800000000 1.6022422718
55.3900000000 1.6388123609
55.4000000000 1.6752185700
55.4100000000 1.7114572587
55.4200000000 1.7475248031
55.4300000000 1.7834175965
55.4400000000 1.8191320496
55.4500000000 1.8546645910
55.4600000000 1.8900116675
55.4700000000 1.9251697444
55.4800000000 1.9601353059
55.4900000000 1.9949048555
55.5000000000 2.0294749163
55.5100000000 2.0638420313
55.5200000000 2.0980027639
55.5300000000 2.1319536979
55.5400000000 2.1656914383
55.5500000000 2.1992126113
55.5600000000 2.2325138650
55.5700000000 2.2655918691
55.5800000000 2.2984433159
55.5900000000 2.3310649203
55.6000000000 2.3634534201
55.6100000000 2.3956055766
55.6200000000 2.4275181745
55.6300000000 2.4591880226
55.6400000000 2.4906119540
55.6500000000 2.5217868263
55.6600000000 2.5527095219
55.6700000000 2.5833769488
55.6800000000 2.6137860401
55.6900000000 2.6439337549
55.7000000000 2.6738170786
55.7100000000 2.7034330229
55.7200000000 2.7327786260
55.7300000000 2.7618509536
55.7400000000 2.7906470984
55.7500000000 2.8191641808
55.7600000000 2.8473993492
55.7700000000 2.8753497799
55.7800000000 2.9030126781
55.7900000000 2.9303852775
55.8000000000 2.9574648407
55.8100000000 2.9842486600
55.8200000000 3.0107340568
55.8300000000 3.0369183828
55.8400000000 3.0627990195
55.8500000000 3.0883733788
55.8600000000 3.1136389033
55.8700000000 3.1385930666
55.8800000000 3.1632333731
55.8900000000 3.1875573590
55.9000000000 3.2115625918
55.9100000000 3.2352466709
55.9200000000 3.2586072282
55.9300000000 3.2816419274
55.9400000000 3.3043484651
55.9500000000 3.3267245708
55.9600000000 3.3487680068
55.9700000000 3.3704765688
55.9800000000 3.3918480859
55.9900000000 3.4128804210
56.0000000000 3.4335714710
56.0100000000 3.4539191666
56.0200000000 3.4739214732
56.0300000000 3.4935763906
56.0400000000 3.5128819532
56.0500000000 3.5318362306
56.0600000000 3.5504373273
56.0700000000 3.5686833832
56.0800000000 3.5865725738
56.0900000000 3.6041031101
56.1000000000 3.6212732390
56.1100000000 3.6380812437
56.1200000000 3.6545254433
56.1300000000 3.6706041934
56.1400000000 3.6863158861
56.1500000000 3.7016589503
56.1600000000 3.7166318517
56.1700000000 3.7312330930
56.1800000000 3.7454612141
56.1900000000 3.7593147922
56.2000000000 3.7727924419
56.2100000000 3.7858928156
56.2200000000 3.7986146031
56.2300000000 3.8109565324
56.2400000000 3.8229173691
56.2500000000 3.8344959173
56.2600000000 3.8456910191
56.2700000000 3.8565015550
56.2800000000 3.8669264440
56.2900000000 3.8769646436
56.3000000000 3.8866151499
56.3100000000 3.8958769979
56.3200000000 3.9047492615
56.3300000000 3.9132310534
56.3400000000 3.9213215255
56.3500000000 3.9290198687
56.3600000000 3.9363253132
56.3700000000 3.9432371284
56.3800000000 3.9497546232
56.3900000000 3.9558771458
56.4000000000 3.9616040840
56.4100000000 3.9669348651
56.4200000000 3.9718689560
56.4300000000 3.9764058634
56.4400000000 3.9805451334
56.4500000000 3.9842863523
56.4600000000 3.9876291458
56.4700000000 3.9905731798
56.4800000000 3.9931181598
56.4900000000 3.9952638312
56.5000000000 3.9970099797
56.5100000000 3.9983564304
56.5200000000 3.9993030489
56.5300000000 3.9998497403
56.5400000000 3.9999964502
56.5500000000 3.9997431637
56.5600000000 3.9990899062
56.5700000000 3.9980367431
56.5800000000 3.9965837796
56.5900000000 3.9947311611
56.6000000000 3.9924790728
56.6100000000 3.9898277400
56.6200000000 3.9867774276
56.6300000000 3.9833284409
56.6400000000 3.9794811246
56.6500000000 3.9752358635
56.6600000000 3.9705930822
56.6700000000 3.9655532449
56.6800000000 3.9601168555
56.6900000000 3.9542844578
56.7000000000 3.9480566349
56.7100000000 3.9414340096
56.7200000000 3.9344172442
56.7300000000 3.9270070404
56.7400000000 3.9192041391
56.7500000000 3.9110093207
56.7600000000 3.9024234046
56.7700000000 3.8934472494
56.7800000000 3.8840817528
56.7900000000 3.8743278512
56.8000000000 3.8641865201
56.8100000000 3.8536587735
56.8200000000 3.8427456642
56.8300000000 3.8314482836
56.8400000000 3.8197677614
56.8500000000 3.8077052655
56.8600000000 3.7952620023
56.8700000000 3.7824392161
56.8800000000 3.7692381891
56.8900000000 3.7556602414
56.9000000000 3.7417067309
56.9100000000 3.7273790528
56.9200000000 3.7126786398
56.9300000000 3.6976069621
56.9400000000 3.6821655268
56.9500000000 3.6663558780
56.9600000000 3.6501795967
56.9700000000 3.6336383005
56.9800000000 3.6167336434
56.9900000000 3.5994673160
57.0000000000 3.5818410449
57.0100000000 3.5638565926
57.0200000000 3.5455157577
57.0300000000 3.5268203742
57.0400000000 3.5077723115
57.0500000000 3.4883734745
57.0600000000 3.4686258031
57.0700000000 3.4485312720
57.0800000000 3.4280918907
57.0900000000 3.4073097030
57.1000000000 3.3861867872
57.1100000000 3.3647252555
57.1200000000 3.3429272541
57.1300000000 3.3207949628
57.1400000000 3.2983305948
57.1500000000 3.2755363964
57.1600000000 3.2524146471
57.1700000000 3.2289676591
57.1800000000 3.2051977770
57.1900000000 3.1811073777
57.2000000000 3.1566988704
57.2100000000 3.1319746959
57.2200000000 3.1069373265
57.2300000000 3.0815892659
57.2400000000 3.0559330490
57.2500000000 3.0299712413
57.2600000000 3.0037064390
57.2700000000 2.9771412686
57.2800000000 2.9502783866
57.2900000000 2.9231204791
57.3000000000 2.8956702621
57.3100000000 2.8679304804
57.3200000000 2.8399039081
57.3300000000 2.8115933477
57.3400000000 2.7830016304
57.3500000000 2.7541316152
57.3600000000 2.7249861891
57.3700000000 2.6955682667
57.3800000000 2.6658807897
57.3900000000 2.6359267269
57.4000000000 2.6057090736
57.4100000000 2.5752308515
57.4200000000 2.5444951086
57.4300000000 2.5135049182
57.4400000000 2.4822633794
57.4500000000 2.4507736164
57.4600000000 2.4190387780
57.4700000000 2.3870620378
57.4800000000 2.3548465933
57.4900000000 2.3223956662
57.5000000000 2.2897125014
57.5100000000 2.2568003673
57.5200000000 2.2236625550
57.5300000000 2.1903023784
57.5400000000 2.1567231733
57.5500000000 2.1229282977
57.5600000000 2.0889211310
57.5700000000 2.0547050740
57.5800000000 2.0202835481
57.5900000000 1.9856599956
57.6000000000 1.9508378788
57.6100000000 1.9158206798
57.6200000000 1.8806119003
57.6300000000 1.8452150612
57.6400000000 1.8096337021
57.6500000000 1.7738713812
57.6600000000 1.7379316746
57.6700000000 1.7018181763
57.6800000000 1.6655344976
57.6900000000 1.6290842668
57.7000000000 1.5924711290
57.7100000000 1.5556987453
57.7200000000 1.5187707931
57.7300000000 1.4816909651
57.7400000000 1.4444629692
57.7500000000 1.4070905282
57.7600000000 1.3695773794
57.7700000000 1.3319272739
57.7800000000 1.2941439769
57.7900000000 1.2562312665
57.8000000000 1.2181929340
57.8100000000 1.1800327832
57.8200000000 1.1417546302
57.8300000000 1.1033623026
57.8400000000 1.0648596398
57.8500000000 1.0262504918
57.8600000000 0.9875387197
57.8700000000 0.9487281945
57.8800000000 0.9098227973
57.8900000000 0.8708264186
57.9000000000 0.8317429579
57.9100000000 0.7925763237
57.9200000000 0.7533304324
57.9300000000 0.7140092088
57.9400000000 0.6746165848
57.9500000000 0.6351564998
57.9600000000 0.5956328996
57.9700000000 0.5560497366
57.9800000000 0.5164109691
57.9900000000 0.4767205610
58.0000000000 0.4369824812
58.0100000000 0.3972007035
58.0200000000 0.3573792060
58.0300000000 0.3175219710
58.0400000000 0.2776329840
58.0500000000 0.2377162339
58.0600000000 0.1977757124
58.0700000000 0.1578154135
58.0800000000 0.1178393332
58.0900000000 0.0778514691
58.1000000000 0.0378558199
58.1100000000 -0.0021436149
58.1200000000 -0.0421428353
58.1300000000 -0.0821378414
58.1400000000 -0.1221246339
58.1500000000 -0.1620992140
58.1600000000 -0.2020575843
58.1700000000 -0.2419957490
58.1800000000 -0.2819097143
58.1900000000 -0.3217954889
58.2000000000 -0.3616490842
58.2100000000 -0.4014665149
58.2200000000 -0.4412437993
58.2300000000 -0.4809769597
58.2400000000 -0.5206620228
58.2500000000 -0.5602950201
58.2600000000 -0.5998719884
58.2700000000 -0.6393889700
58.2800000000 -0.6788420132
58.2900000000 -0.7182271728
58.3000000000 -0.7575405102
58.3100000000 -0.7967780943
58.3200000000 -0.8359360012
58.3300000000 -0.8750103152
58.3400000000 -0.9139971289
58.3500000000 -0.9528925436
58.3600000000 -0.9916926699
58.3700000000 -1.0303936277
58.3800000000 -1.0689915471
58.3900000000 -1.1074825681
58.4000000000 -1.1458628419
58.4100000000 -1.1841285303
58.4200000000 -1.2222758068
58.4300000000 -1.2603008568
58.4400000000 -1.2981998777
58.4500000000 -1.3359690798
58.4600000000 -1.3736046860
58.4700000000 -1.4111029329
58.4800000000 -1.4484600708
58.4900000000 -1.4856723638
58.5000000000 -1.5227360908
58.5100000000 -1.5596475454
58.5200000000 -1.5964030366
58.5300000000 -1.6329988889
58.5400000000 -1.6694314426
58.5500000000 -1.7056970545
58.5600000000 -1.7417920982
58.5700000000 -1.7777129641
58.5800000000 -1.8134560602
58.5900000000 -1.8490178122
58.6000000000 -1.8843946640
58.6100000000 -1.9195830779
58.6200000000 -1.9545795350
58.6300000000 -1.9893805358
58.6400000000 -2.0239826003
58.6500000000 -2.0583822682
58.6600000000 -2.0925760995
58.6700000000 -2.1265606750
58.6800000000 -2.1603325962
58.6900000000 -2.1938884859
58.7000000000 -2.2272249886
58.7100000000 -2.2603387707
58.7200000000 -2.2932265208
58.7300000000 -2.3258849501
58.7400000000 -2.3583107929
58.7500000000 -2.3905008066
58.7600000000 -2.4224517721
58.7700000000 -2.4541604946
58.7800000000 -2.4856238030
58.7900000000 -2.5168385511
58.8000000000 -2.5478016174
58.8100000000 -2.5785099057
58.8200000000 -2.6089603452
58.8300000000 -2.6391498908
58.8400000000 -2.6690755236
58.8500000000 -2.6987342511
58.8600000000 -2.7281231074
58.8700000000 -2.7572391537
58.8800000000 -2.7860794784
58.8900000000 -2.8146411974
58.9000000000 -2.8429214546
58.9100000000 -2.8709174221
58.9200000000 -2.8986263003
58.9300000000 -2.9260453182
58.9400000000 -2.9531717340
58.9500000000 -2.9800028351
58.9600000000 -3.0065359384
58.9700000000 -3.0327683906
58.9800000000 -3.0586975686
58.9900000000 -3.0843208793
59.0000000000 -3.1096357604
59.0100000000 -3.1346396806
59.0200000000 -3.1593301395
59.0300000000 -3.1837046679
59.0400000000 -3.2077608286
59.0500000000 -3.2314962158
59.0600000000 -3.2549084562
59.0700000000 -3.2779952083
59.0800000000 -3.3007541637
59.0900000000 -3.3231830464
59.1000000000 -3.3452796136
59.1100000000 -3.3670416556
59.1200000000 -3.3884669963
59.1300000000 -3.4095534931
59.1400000000 -3.4302990374
59.1500000000 -3.4507015546
59.1600000000 -3.4707590045
59.1700000000 -3.4904693815
59.1800000000 -3.5098307144
59.1900000000 -3.5288410671
59.2000000000 -3.5474985387
59.2100000000 -3.5658012634
59.2200000000 -3.5837474110
59.2300000000 -3.6013351868
59.2400000000 -3.6185628320
59.2500000000 -3.6354286240
59.2600000000 -3.6519308762
59.2700000000 -3.6680679383
59.2800000000 -3.6838381967
59.2900000000 -3.6992400744
59.3000000000 -3.7142720311
59.3100000000 -3.7289325637
59.3200000000 -3.7432202062
59.3300000000 -3.7571335297
59.3400000000 -3.7706711430
59.3500000000 -3.7838316924
59.3600000000 -3.7966138618
59.3700000000 -3.8090163729
59.3800000000 -3.8210379855
59.3900000000 -3.8326774976
59.4000000000 -3.8439337451
59.4100000000 -3.8548056024
59.4200000000 -3.8652919824
59.4300000000 -3.8753918364
59.4400000000 -3.8851041544
59.4500000000 -3.8944279653
59.4600000000 -3.9033623366
59.4700000000 -3.9119063749
59.4800000000 -3.9200592259
59.4900000000 -3.9278200742
59.5000000000 -3.9351881438
59.5100000000 -3.9421626978
59.5200000000 -3.9487430388
59.5300000000 -3.9549285089
59.5400000000 -3.9607184893
59.5500000000 -3.9661124013
59.5600000000 -3.9711097053
59.5700000000 -3.9757099016
59.5800000000 -3.9799125302
59.5900000000 -3.9837171710
59.6000000000 -3.9871234433
59.6100000000 -3.9901310066
59.6200000000 -3.9927395601
59.6300000000 -3.9949488430
59.6400000000 -3.9967586343
59.6500000000 -3.9981687532
59.6600000000 -3.9991790584
59.6700000000 -3.9997894491
59.6800000000 -3.9999998642
59.6900000000 -3.9998102826
59.7000000000 -3.9992207234
59.7100000000 -3.9982312453
59.7200000000 -3.9968419475
59.7300000000 -3.9950529689
59.7400000000 -3.9928644882
59.7500000000 -3.9902767245
59.7600000000 -3.9872899364
59.7700000000 -3.9839044226
59.7800000000 -3.9801205217
59.7900000000 -3.9759386121
59.8000000000 -3.9713591119
59.8100000000 -3.9663824791
59.8200000000 -3.9610092114
59.8300000000 -3.9552398461
59.8400000000 -3.9490749601
59.8500000000 -3.9425151698
59.8600000000 -3.9355611314
59.8700000000 -3.9282135401
59.8800000000 -3.9204731307
59.8900000000 -3.9123406772
59.9000000000 -3.9038169930
59.9100000000 -3.8949029303
59.9200000000 -3.8855993806
59.9300000000 -3.8759072742
59.9400000000 -3.8658275803
59.9500000000 -3.8553613068
59.9600000000 -3.8445095004
59.9700000000 -3.8332732463
59.9800000000 -3.8216536680
59.9900000000 -3.8096519276
60.0000000000 -3.7972692251
60.0100000000 -3.7845067989
60.0200000000 -3.7713659252
60.0300000000 -3.7578479180
60.0400000000 -3.7439541292
60.0500000000 -3.7296859480
60.0600000000 -3.7150448014
60.0700000000 -3.7000321534
60.0800000000 -3.6846495052
60.0900000000 -3.6688983952
60.1000000000 -3.6527803984
60.1100000000 -3.6362971266
60.1200000000 -3.6194502281
60.1300000000 -3.6022413876
60.1400000000 -3.5846723260
60.1500000000 -3.5667448001
60.1600000000 -3.5484606027
60.1700000000 -3.5298215622
60.1800000000 -3.5108295425
60.1900000000 -3.4914864428
60.2000000000 -3.4717941974
60.2100000000 -3.4517547754
60.2200000000 -3.4313701808
60.2300000000 -3.4106424520
60.2400000000 -3.3895736619
60.2500000000 -3.3681659172
60.2600000000 -3.3464213587
60.2700000000 -3.3243421609
60.2800000000 -3.3019305316
60.2900000000 -3.2791887120
60.3000000000 -3.2561189763
60.3100000000 -3.2327236314
60.3200000000 -3.2090050169
60.3300000000 -3.1849655045
60.3400000000 -3.1606074982
60.3500000000 -3.1359334338
60.3600000000 -3.1109457787
60.3700000000 -3.0856470315
60.3800000000 -3.0600397223
60.3900000000 -3.0341264116
60.4000000000 -3.0079096908
60.4100000000 -2.9813921816
60.4200000000 -2.9545765356
60.4300000000 -2.9274654344
60.4400000000 -2.9000615891
60.4500000000 -2.8723677401
60.4600000000 -2.8443866567
60.4700000000 -2.8161211370
60.4800000000 -2.7875740076
60.4900000000 -2.7587481230
60.5000000000 -2.7296463660
60.5100000000 -2.7002716466
60.5200000000 -2.6706269022
60.5300000000 -2.6407150974
60.5400000000 -2.6105392233
60.5500000000 -2.5801022975
60.5600000000 -2.5494073636
60.5700000000 -2.5184574910
60.5800000000 -2.4872557748
60.5900000000 -2.4558053351
60.6000000000 -2.4241093169
60.6100000000 -2.3921708899
60.6200000000 -2.3599932477
60.6300000000 -2.3275796081
60.6400000000 -2.2949332125
60.6500000000 -2.2620573256
60.6600000000 -2.2289552347
60.6700000000 -2.1956302503
60.6800000000 -2.1620857046
60.6900000000 -2.1283249521
60.7000000000 -2.0943513689
60.7100000000 -2.0601683524
60.7200000000 -2.0257793207
60.7300000000 -1.9911877127
60.7400000000 -1.9563969877
60.7500000000 -1.9214106246
60.7600000000 -1.8862321220
60.7700000000 -1.8508649978
60.7800000000 -1.8153127886
60.7900000000 -1.7795790497
60.8000000000 -1.7436673543
60.8100000000 -1.7075812937
60.8200000000 -1.6713244764
60.8300000000 -1.6349005280
60.8400000000 -1.5983130909
60.8500000000 -1.5615658238
60.8600000000 -1.5246624014
60.8700000000 -1.4876065141
60.8800000000 -1.4504018674
60.8900000000 -1.4130521817
60.9000000000 -1.3755611919
60.9100000000 -1.3379326472
60.9200000000 -1.3001703103
60.9300000000 -1.2622779575
60.9400000000 -1.2242593779
60.9500000000 -1.1861183735
60.9600000000 -1.1478587581
60.9700000000 -1.1094843579
60.9800000000 -1.0709990101
60.9900000000 -1.0324065634
61.0000000000 -0.9937108768
61.0100000000 -0.9549158200
61.0200000000 -0.9160252724
61.0300000000 -0.8770431230
61.0400000000 -0.8379732700
61.0500000000 -0.7988196204
61.0600000000 -0.7595860896
61.0700000000 -0.7202766007
61.0800000000 -0.6808950848
61.0900000000 -0.6414454799
61.1000000000 -0.6019317310
61.1100000000 -0.5623577895
61.1200000000 -0.5227276126
61.1300000000 -0.4830451635
61.1400000000 -0.4433144102
61.1500000000 -0.4035393258
61.1600000000 -0.3637238878
61.1700000000 -0.3238720778
61.1800000000 -0.2839878808
61.1900000000 -0.2440752853
61.2000000000 -0.2041382824
61.2100000000 -0.1641808659
61.2200000000 -0.1242070314
61.2300000000 -0.0842207764
61.2400000000 -0.0442260993
61.2500000000 -0.0042269996
61.2600000000 0.0357725227
61.2700000000 0.0757684678
61.2800000000 0.1157568362
61.2900000000 0.1557336289
61.3000000000 0.1956948484
61.3100000000 0.2356364986
61.3200000000 0.2755545854
61.3300000000 0.3154451169
61.3400000000 0.3553041042
61.3500000000 0.3951275613
61.3600000000 0.4349115060
61.3700000000 0.4746519600
61.3800000000 0.5143449491
61.3900000000 0.5539865042
61.4000000000 0.5935726611
61.4100000000 0.6330994612
61.4200000000 0.6725629519
61.4300000000 0.7119591868
61.4400000000 0.7512842265
61.4500000000 0.7905341383
61.4600000000 0.8297049974
61.4700000000 0.8687928866
61.4800000000 0.9077938974
61.4900000000 0.9467041294
61.5000000000 0.9855196919
61.5100000000 1.0242367032
61.5200000000 1.0628512917
61.5300000000 1.1013595959
61.5400000000 1.1397577651
61.5500000000 1.1780419595
61.5600000000 1.2162083506
61.5700000000 1.2542531220
61.5800000000 1.2921724690
61.5900000000 1.3299625999
61.6000000000 1.3676197357
61.6100000000 1.4051401106
61.6200000000 1.4425199727
61.6300000000 1.4797555840
61.6400000000 1.5168432209
61.6500000000 1.5537791748
61.6600000000 1.5905597521
61.6700000000 1.6271812747
61.6800000000 1.6636400806
61.6900000000 1.6999325238
61.7000000000 1.7360549752
61.7100000000 1.7720038225
61.7200000000 1.8077754710
61.7300000000 1.8433663434
61.7400000000 1.8787728807
61.7500000000 1.9139915422
61.7600000000 1.9490188063
61.7700000000 1.9838511700
61.7800000000 2.0184851503
61.7900000000 2.0529172838
61.8000000000 2.0871441272
61.8100000000 2.1211622580
61.8200000000 2.1549682743
61.8300000000 2.1885587956
61.8400000000 2.2219304628
61.8500000000 2.2550799389
61.8600000000 2.2880039088
61.8700000000 2.3206990802
61.8800000000 2.3531621837
61.8900000000 2.3853899729
61.9000000000 2.4173792251
61.9100000000 2.4491267414
61.9200000000 2.4806293470
61.9300000000 2.5118838918
61.9400000000 2.5428872503
61.9500000000 2.5736363222
61.9600000000 2.6041280326
61.9700000000 2.6343593324
61.9800000000 2.6643271984
61.9900000000 2.6940286339
62.0000000000 2.7234606688
62.0100000000 2.7526203599
62.0200000000 2.7815047913
62.0300000000 2.8101110745
62.0400000000 2.8384363489
62.0500000000 2.8664777821
62.0600000000 2.8942325699
62.0700000000 2.9216979368
62.0800000000 2.9488711364
62.0900000000 2.9757494513
62.1000000000 3.0023301938
62.1100000000 3.0286107057
62.1200000000 3.0545883591
62.1300000000 3.0802605562
62.1400000000 3.1056247298
62.1500000000 3.1306783436
62.1600000000 3.1554188921
62.1700000000 3.1798439013
62.1800000000 3.2039509288
62.1900000000 3.2277375639
62.2000000000 3.2512014279
62.2100000000 3.2743401745
62.2200000000 3.2971514898
62.2300000000 3.3196330927
62.2400000000 3.3417827350
62.2500000000 3.3635982019
62.2600000000 3.3850773117
62.2700000000 3.4062179167
62.2800000000 3.4270179026
62.2900000000 3.4474751897
62.3000000000 3.4675877321
62.3100000000 3.4873535186
62.3200000000 3.5067705727
62.3300000000 3.5258369526
62.3400000000 3.5445507518
62.3500000000 3.5629100988
62.3600000000 3.5809131578
62.3700000000 3.5985581285
62.3800000000 3.6158432464
62.3900000000 3.6327667830
62.4000000000 3.6493270459
62.4100000000 3.6655223791
62.4200000000 3.6813511632
62.4300000000 3.6968118152
62.4400000000 3.7119027891
62.4500000000 3.7266225758
62.4600000000 3.7409697034
62.4700000000 3.7549427371
62.4800000000 3.7685402797
62.4900000000 3.7817609714
62.5000000000 3.7946034901
62.5100000000 3.8070665517
62.5200000000 3.8191489097
62.5300000000 3.8308493561
62.5400000000 3.8421667207
62.5500000000 3.8530998719
62.5600000000 3.8636477163
62.5700000000 3.8738091991
62.5800000000 3.8835833042
62.5900000000 3.8929690543
62.6000000000 3.9019655106
62.6100000000 3.9105717737
62.6200000000 3.9187869829
62.6300000000 3.9266103166
62.6400000000 3.9340409926
62.6500000000 3.9410782677
62.6600000000 3.9477214383
62.6700000000 3.9539698401
62.6800000000 3.9598228481
62.6900000000 3.9652798772
62.7000000000 3.9703403816
62.7100000000 3.9750038553
62.7200000000 3.9792698318
62.7300000000 3.9831378848
62.7400000000 3.9866076272
62.7500000000 3.9896787122
62.7600000000 3.9923508327
62.7700000000 3.9946237214
62.7800000000 3.9964971511
62.7900000000 3.9979709344
62.8000000000 3.9990449239
62.8100000000 3.9997190122
62.8200000000 3.9999931320
62.8300000000 3.9998672559
62.8400000000 3.9993413963
62.8500000000 3.9984156059
62.8600000000 3.9970899773
62.8700000000 3.9953646430
62.8800000000 3.9932397756
62.8900000000 3.9907155875
62.9000000000 3.9877923312
62.9100000000 3.9844702990
62.9200000000 3.9807498231
62.9300000000 3.9766312755
62.9400000000 3.9721150681
62.9500000000 3.9672016525
62.9600000000 3.9618915201
62.9700000000 3.9561852018
62.9800000000 3.9500832682
62.9900000000 3.9435863297
63.0000000000 3.9366950358
63.0100000000 3.9294100756
63.0200000000 3.9217321778
63.0300000000 3.9136621100
63.0400000000 3.9052006792
63.0500000000 3.8963487316
63.0600000000 3.8871071524
63.0700000000 3.8774768657
63.0800000000 3.8674588346
63.0900000000 3.8570540608
63.1000000000 3.8462635848
63.1100000000 3.8350884857
63.1200000000 3.8235298809
63.1300000000 3.8115889263
63.1400000000 3.7992668160
63.1500000000 3.7865647822
63.1600000000 3.7734840950
63.1700000000 3.7600260626
63.1800000000 3.7461920307
63.1900000000 3.7319833827
63.2000000000 3.7174015396
63.2100000000 3.7024479593
63.2200000000 3.6871241373
63.2300000000 3.6714316060
63.2400000000 3.6553719346
63.2500000000 3.6389467291
63.2600000000 3.6221576319
63.2700000000 3.6050063220
63.2800000000 3.5874945144
63.2900000000 3.5696239604
63.3000000000 3.5513964469
63.3100000000 3.5328137968
63.3200000000 3.5138778682
63.3300000000 3.4945905548
63.3400000000 3.4749537852
63.3500000000 3.4549695232
63.3600000000 3.4346397670
63.3700000000 3.4139665498
63.3800000000 3.3929519388
63.3900000000 3.3715980353
63.4000000000 3.3499069749
63.4100000000 3.3278809266
63.4200000000 3.3055220930
63.4300000000 3.2828327099
63.4400000000 3.2598150463
63.4500000000 3.2364714038
63.4600000000 3.2128041170
63.4700000000 3.1888155524
63.4800000000 3.1645081089
63.4900000000 3.1398842172
63.5000000000 3.1149463398
63.5100000000 3.0896969703
63.5200000000 3.0641386336
63.5300000000 3.0382738857
63.5400000000 3.0121053129
63.5500000000 2.9856355321
63.5600000000 2.9588671902
63.5700000000 2.9318029641
63.5800000000 2.9044455601
63.5900000000 2.8767977140
63.6000000000 2.8488621905
63.6100000000 2.8206417831
63.6200000000 2.7921393140
63.6300000000 2.7633576332
63.6400000000 2.7342996190
63.6500000000 2.7049681770
63.6600000000 2.6753662406
63.6700000000 2.6454967697
63.6800000000 2.6153627513
63.6900000000 2.5849671989
63.7000000000 2.5543131519
63.7100000000 2.5234036757
63.7200000000 2.4922418612
63.7300000000 2.4608308246
63.7400000000 2.4291737070
63.7500000000 2.3972736741
63.7600000000 2.3651339158
63.7700000000 2.3327576460
63.7800000000 2.3001481025
63.7900000000 2.2673085460
63.8000000000 2.2342422606
63.8100000000 2.2009525528
63.8200000000 2.1674427516
63.8300000000 2.1337162080
63.8400000000 2.0997762944
63.8500000000 2.0656264050
63.8600000000 2.0312699547
63.8700000000 1.9967103791
63.8800000000 1.9619511341
63.8900000000 1.9269956957
63.9000000000 1.8918475592
63.9100000000 1.8565102396
63.9200000000 1.8209872705
63.9300000000 1.7852822042
63.9400000000 1.7493986112
63.9500000000 1.7133400798
63.9600000000 1.6771102157
63.9700000000 1.6407126421
63.9800000000 1.6041509986
63.9900000000 1.5674289413
64.0000000000 1.5305501424
64.0100000000 1.4935182898
64.0200000000 1.4563370866
64.0300000000 1.4190102509
64.0400000000 1.3815415153
64.0500000000 1.3439346268
64.0600000000 1.3061933459
64.0700000000 1.2683214467
64.0800000000 1.2303227165
64.0900000000 1.1922009550
64.1000000000 1.1539599745
64.1100000000 1.1156035989
64.1200000000 1.0771356638
64.1300000000 1.0385600161
64.1400000000 0.9998805133
64.1500000000 0.9611010232
64.1600000000 0.9222254239
64.1700000000 0.8832576027
64.1800000000 0.8442014566
64.1900000000 0.8050608910
64.2000000000 0.7658398199
64.2100000000 0.7265421656
64.2200000000 0.6871718576
64.2300000000 0.6477328330
64.2400000000 0.6082290357
64.2500000000 0.5686644159
64.2600000000 0.5290429302
64.2700000000 0.4893685407
64.2800000000 0.4496452147
64.2900000000 0.4098769246
64.3000000000 0.3700676471
64.3100000000 0.3302213631
64.3200000000 0.2903420573
64.3300000000 0.2504337175
64.3400000000 0.2105003346
64.3500000000 0.1705459018
64.3600000000 0.1305744146
64.3700000000 0.0905898700
64.3800000000 0.0505962665
64.3900000000 0.0105976034
64.4000000000 -0.0294021194
64.4100000000 -0.0693989020
64.4200000000 -0.1093887448
64.4300000000 -0.1493676489
64.4400000000 -0.1893316162
64.4500000000 -0.2292766506
64.4600000000 -0.2691987575
64.4700000000 -0.3090939448
64.4800000000 -0.3489582229
64.4900000000 -0.3887876055
64.5000000000 -0.4285781096
64.5100000000 -0.4683257563
64.5200000000 -0.5080265708
64.5300000000 -0.5476765831
64.5400000000 -0.5872718281
64.5500000000 -0.6268083465
64.5600000000 -0.6662821846
64.5700000000 -0.7056893950
64.5800000000 -0.7450260370
64.5900000000 -0.7842881771
64.6000000000 -0.8234718890
64.6100000000 -0.8625732544
64.6200000000 -0.9015883632
64.6300000000 -0.9405133139
64.6400000000 -0.9793442141
64.6500000000 -1.0180771806
64.6600000000 -1.0567083403
64.6700000000 -1.0952338300
64.6800000000 -1.1336497973
64.6900000000 -1.1719524005
64.7000000000 -1.2101378095
64.7100000000 -1.2482022057
64.7200000000 -1.2861417827
64.7300000000 -1.3239527466
64.7400000000 -1.3616313163
64.7500000000 -1.3991737241
64.7600000000 -1.4365762156
64.7700000000 -1.4738350507
64.7800000000 -1.5109465035
64.7900000000 -1.5479068630
64.8000000000 -1.5847124330
64.8100000000 -1.6213595331
64.8200000000 -1.6578444987
64.8300000000 -1.6941636811
64.8400000000 -1.7303134486
64.8500000000 -1.7662901862
64.8600000000 -1.8020902962
64.8700000000 -1.8377101987
64.8800000000 -1.8731463318
64.8900000000 -1.9083951517
64.9000000000 -1.9434531337
64.9100000000 -1.9783167721
64.9200000000 -2.0129825804
64.9300000000 -2.0474470921
64.9400000000 -2.0817068608
64.9500000000 -2.1157584606
64.9600000000 -2.1495984863
64.9700000000 -2.1832235539
64.9800000000 -2.2166303010
64.9900000000 -2.2498153869
65.0000000000 -2.2827754932
65.0100000000 -2.3155073238
65.0200000000 -2.3480076056
65.0300000000 -2.3802730886
65.0400000000 -2.4123005463
65.0500000000 -2.4440867759
65.0600000000 -2.4756285989
65.0700000000 -2.5069228611
65.0800000000 -2.5379664330
65.0900000000 -2.5687562105
65.1000000000 -2.5992891145
65.1100000000 -2.6295620917
65.1200000000 -2.6595721149
65.1300000000 -2.6893161832
65.1400000000 -2.7187913220
65.1500000000 -2.7479945840
65.1600000000 -2.7769230488
65.1700000000 -2.8055738236
65.1800000000 -2.8339440434
65.1900000000 -2.8620308711
65.2000000000 -2.8898314982
65.2100000000 -2.9173431445
65.2200000000 -2.9445630589
65.2300000000 -2.9714885194
65.2400000000 -2.9981168336
65.2500000000 -3.0244453386
65.2600000000 -3.0504714016
65.2700000000 -3.0761924200
65.2800000000 -3.1016058217
65.2900000000 -3.1267090654
65.3000000000 -3.1514996408
65.3100000000 -3.1759750689
65.3200000000 -3.2001329021
65.3300000000 -3.2239707246
65.3400000000 -3.2474861528
65.3500000000 -3.2706768351
65.3600000000 -3.2935404525
65.3700000000 -3.3160747185
65.3800000000 -3.3382773798
65.3900000000 -3.3601462162
65.4000000000 -3.3816790407
65.4100000000 -3.4028737002
65.4200000000 -3.4237280751
65.4300000000 -3.4442400801
65.4400000000 -3.4644076639
65.4500000000 -3.4842288099
65.4600000000 -3.5037015359
65.4700000000 -3.5228238946
65.4800000000 -3.5415939739
65.4900000000 -3.5600098967
65.5000000000 -3.5780698216
65.5100000000 -3.5957719424
65.5200000000 -3.6131144890
65.5300000000 -3.6300957272
65.5400000000 -3.6467139588
65.5500000000 -3.6629675221
65.5600000000 -3.6788547917
65.5700000000 -3.6943741788
65.5800000000 -3.7095241317
65.5900000000 -3.7243031352
65.6000000000 -3.7387097115
65.6100000000 -3.7527424199
65.6200000000 -3.7663998572
65.6300000000 -3.7796806577
65.6400000000 -3.7925834933
65.6500000000 -3.8051070737
65.6600000000 -3.8172501465
65.6700000000 -3.8290114975
65.6800000000 -3.8403899505
65.6900000000 -3.8513843678
65.7000000000 -3.8619936498
65.7100000000 -3.8722167357
65.7200000000 -3.8820526031
65.7300000000 -3.8915002685
65.7400000000 -3.9005587871
65.7500000000 -3.9092272531
65.7600000000 -3.9175047997
65.7700000000 -3.9253905990
65.7800000000 -3.9328838625
65.7900000000 -3.9399838409
65.8000000000 -3.9466898242
65.8100000000 -3.9530011418
65.8200000000 -3.9589171626
65.8300000000 -3.9644372950
65.8400000000 -3.9695609870
65.8500000000 -3.9742877261
65.8600000000 -3.9786170398
65.8700000000 -3.9825484952
65.8800000000 -3.9860816989
65.8900000000 -3.9892162979
65.9000000000 -3.9919519785
65.9100000000 -3.9942884673
65.9200000000 -3.9962255305
65.9300000000 -3.9977629745
65.9400000000 -3.9989006456
65.9500000000 -3.9996384299
65.9600000000 -3.9999762537
65.9700000000 -3.9999140832
65.9800000000 -3.9994519247
65.9900000000 -3.9985898243
66.0000000000 -3.9973278682
66.0100000000 -3.9956661827
66.0200000000 -3.9936049339
66.0300000000 -3.9911443279
66.0400000000 -3.9882846108
66.0500000000 -3.9850260686
66.0600000000 -3.9813690271
66.0700000000 -3.9773138520
66.0800000000 -3.9728609488
66.0900000000 -3.9680107629
66.1000000000 -3.9627637792
66.1100000000 -3.9571205224
66.1200000000 -3.9510815568
66.1300000000 -3.9446474864
66.1400000000 -3.9378189546
66.1500000000 -3.9305966441
66.1600000000 -3.9229812772
66.1700000000 -3.9149736155
66.1800000000 -3.9065744597
66.1900000000 -3.8977846496
66.2000000000 -3.8886050644
66.2100000000 -3.8790366219
66.2200000000 -3.8690802790
66.2300000000 -3.8587370312
66.2400000000 -3.8480079130
66.2500000000 -3.8368939972
66.2600000000 -3.8253963952
66.2700000000 -3.8135162567
66.2800000000 -3.8012547698
66.2900000000 -3.7886131606
66.3000000000 -3.7755926932
66.3100000000 -3.7621946697
66.3200000000 -3.7484204299
66.3300000000 -3.7342713511
66.3400000000 -3.7197488484
66.3500000000 -3.7048543738
66.3600000000 -3.6895894169
66.3700000000 -3.6739555041
66.3800000000 -3.6579541989
66.3900000000 -3.6415871012
66.4000000000 -3.6248558479
66.4100000000 -3.6077621120
66.4200000000 -3.5903076030
66.4300000000 -3.5724940661
66.4400000000 -3.5543232828
66.4500000000 -3.5357970702
66.4600000000 -3.5169172808
66.4700000000 -3.4976858026
66.4800000000 -3.4781045587
66.4900000000 -3.4581755073
66.5000000000 -3.4379006412
66.5100000000 -3.4172819879
66.5200000000 -3.3963216093
66.5300000000 -3.3750216013
66.5400000000 -3.3533840940
66.5500000000 -3.3314112510
66.5600000000 -3.3091052697
66.5700000000 -3.2864683807
66.5800000000 -3.2635028475
66.5900000000 -3.2402109668
66.6000000000 -3.2165950677
66.6100000000 -3.1926575117
66.6200000000 -3.1684006927
66.6300000000 -3.1438270362
66.6400000000 -3.1189389997
66.6500000000 -3.0937390719
66.6600000000 -3.0682297727
66.6700000000 -3.0424136531
66.6800000000 -3.0162932947
66.6900000000 -2.9898713094
66.7000000000 -2.9631503395
66.7100000000 -2.9361330571
66.7200000000 -2.9088221638
66.7300000000 -2.8812203907
66.7400000000 -2.8533304980
66.7500000000 -2.8251552745
66.7600000000 -2.7966975380
66.7700000000 -2.7679601340
66.7800000000 -2.7389459363
66.7900000000 -2.7096578462
66.8000000000 -2.6800987927
66.8100000000 -2.6502717315
66.8200000000 -2.6201796453
66.8300000000 -2.5898255434
66.8400000000 -2.5592124611
66.8500000000 -2.5283434596
66.8600000000 -2.4972216259
66.8700000000 -2.4658500722
66.8800000000 -2.4342319354
66.8900000000 -2.4023703775
66.9000000000 -2.3702685846
66.9100000000 -2.3379297668
66.9200000000 -2.3053571580
66.9300000000 -2.2725540154
66.9400000000 -2.2395236192
66.9500000000 -2.2062692726
66.9600000000 -2.1727943009
66.9700000000 -2.1391020515
66.9800000000 -2.1051958938
66.9900000000 -2.0710792182
67.0000000000 -2.0367554364
67.0100000000 -2.0022279807
67.0200000000 -1.9675003040
67.0300000000 -1.9325758788
67.0400000000 -1.8974581977
67.0500000000 -1.8621507723
67.0600000000 -1.8266571334
67.0700000000 -1.7909808303
67.0800000000 -1.7551254306
67.0900000000 -1.7190945199
67.1000000000 -1.6828917011
67.1100000000 -1.6465205945
67.1200000000 -1.6099848373
67.1300000000 -1.5732880829
67.1400000000 -1.5364340010
67.1500000000 -1.4994262770
67.1600000000 -1.4622686117
67.1700000000 -1.4249647206
67.1800000000 -1.3875183343
67.1900000000 -1.3499331974
67.2000000000 -1.3122130682
67.2100000000 -1.2743617188
67.2200000000 -1.2363829343
67.2300000000 -1.1982805125
67.2400000000 -1.1600582637
67.2500000000 -1.1217200101
67.2600000000 -1.0832695853
67.2700000000 -1.0447108345
67.2800000000 -1.0060476135
67.2900000000 -0.9672837886
67.3000000000 -0.9284232361
67.3100000000 -0.8894698420
67.3200000000 -0.8504275017
67.3300000000 -0.8113001194
67.3400000000 -0.7720916077
67.3500000000 -0.7328058875
67.3600000000 -0.6934468874
67.3700000000 -0.6540185431
67.3800000000 -0.6145247975
67.3900000000 -0.5749695999
67.4000000000 -0.5353569059
67.4100000000 -0.4956906766
67.4200000000 -0.4559748787
67.4300000000 -0.4162134836
67.4400000000 -0.3764104676
67.4500000000 -0.3365698108
67.4600000000 -0.2966954973
67.4700000000 -0.2567915146
67.4800000000 -0.2168618528
67.4900000000 -0.1769105051
67.5000000000 -0.1369414665
67.5100000000 -0.0969587338
67.5200000000 -0.0569663054
67.5300000000 -0.0169681803
67.5400000000 0.0230316415
67.5500000000 0.0630291602
67.5600000000 0.1030203760
67.5700000000 0.1430012899
67.5800000000 0.1829679038
67.5900000000 0.2229162210
67.6000000000 0.2628422468
67.6100000000 0.3027419886
67.6200000000 0.3426114564
67.6300000000 0.3824466634
67.6400000000 0.4222436260
67.6500000000 0.4619983647
67.6600000000 0.5017069038
67.6700000000 0.5413652727
67.6800000000 0.5809695056
67.6900000000 0.6205156419
67.7000000000 0.6599997272
67.7100000000 0.6994178131
67.7200000000 0.7387659578
67.7300000000 0.7780402265
67.7400000000 0.8172366919
67.7500000000 0.8563514342
67.7600000000 0.8953805421
67.7700000000 0.9343201127
67.7800000000 0.9731662521
67.7900000000 1.0119150757
67.8000000000 1.0505627086
67.8100000000 1.0891052861
67.8200000000 1.1275389539
67.8300000000 1.1658598689
67.8400000000 1.2040641988
67.8500000000 1.2421481233
67.8600000000 1.2801078340
67.8700000000 1.3179395350
67.8800000000 1.3556394431
67.8900000000 1.3932037885
67.9000000000 1.4306288146
67.9100000000 1.4679107790
67.9200000000 1.5050459536
67.9300000000 1.5420306248
67.9400000000 1.5788610942
67.9500000000 1.6155336789
67.9600000000 1.6520447115
67.9700000000 1.6883905411
67.9800000000 1.7245675330
67.9900000000 1.7605720695
68.0000000000 1.7964005504
68.0100000000 1.8320493927
68.0200000000 1.8675150315
68.0300000000 1.9027939205
68.0400000000 1.9378825316
68.0500000000 1.9727773560
68.0600000000 2.0074749044
68.0700000000 2.0419717070
68.0800000000 2.0762643141
68.0900000000 2.1103492965
68.1000000000 2.1442232457
68.1100000000 2.1778827744
68.1200000000 2.2113245166
68.1300000000 2.2445451282
68.1400000000 2.2775412872
68.1500000000 2.3103096940
68.1600000000 2.3428470717
68.1700000000 2.3751501666
68.1800000000 2.4072157485
68.1900000000 2.4390406108
68.2000000000 2.4706215711
68.2100000000 2.5019554714
68.2200000000 2.5330391781
68.2300000000 2.5638695831
68.2400000000 2.5944436032
68.2500000000 2.6247581811
68.2600000000 2.6548102854
68.2700000000 2.6845969109
68.2800000000 2.7141150789
68.2900000000 2.7433618377
68.3000000000 2.7723342625
68.3100000000 2.8010294563
68.3200000000 2.8294445494
68.3300000000 2.8575767005
68.3400000000 2.8854230963
68.3500000000 2.9129809521
68.3600000000 2.9402475123
68.3700000000 2.9672200502
68.3800000000 2.9938958686
68.3900000000 3.0202722998
68.4000000000 3.0463467064
68.4100000000 3.0721164808
68.4200000000 3.0975790461
68.4300000000 3.1227318562
68.4400000000 3.1475723956
68.4500000000 3.1720981804
68.4600000000 3.1963067580
68.4700000000 3.2201957076
68.4800000000 3.2437626404
68.4900000000 3.2670051996
68.5000000000 3.2899210609
68.5100000000 3.3125079330
68.5200000000 3.3347635569
68.5300000000 3.3566857073
68.5400000000 3.3782721920
68.5500000000 3.3995208522
68.5600000000 3.4204295632
68.5700000000 3.4409962340
68.5800000000 3.4612188082
68.5900000000 3.4810952633
68.6000000000 3.5006236118
68.6100000000 3.5198019008
68.6200000000 3.5386282126
68.6300000000 3.5571006645
68.6400000000 3.5752174093
68.6500000000 3.5929766354
68.6600000000 3.6103765668
68.6700000000 3.6274154635
68.6800000000 3.6440916217
68.6900000000 3.6604033738
68.7000000000 3.6763490886
68.7100000000 3.6919271716
68.7200000000 3.7071360649
68.7300000000 3.7219742477
68.7400000000 3.7364402362
68.7500000000 3.7505325837
68.7600000000 3.7642498812
68.7700000000 3.7775907567
68.7800000000 3.7905538764
68.7900000000 3.8031379438
68.8000000000 3.8153417006
68.8100000000 3.8271639264
68.8200000000 3.8386034390
68.8300000000 3.8496590945
68.8400000000 3.8603297872
68.8500000000 3.8706144502
68.8600000000 3.8805120550
68.8700000000 3.8900216118
68.8800000000 3.8991421697
68.8900000000 3.9078728166
68.9000000000 3.9162126795
68.9100000000 3.9241609244
68.9200000000 3.9317167565
68.9300000000 3.9388794202
68.9400000000 3.9456481992
68.9500000000 3.9520224166
68.9600000000 3.9580014352
68.9700000000 3.9635846569
68.9800000000 3.9687715234
68.9900000000 3.9735615161
69.0000000000 3.9779541559
69.0100000000 3.9819490036
69.0200000000 3.9855456598
69.0300000000 3.9887437647
69.0400000000 3.9915429985
69.0500000000 3.9939430814
69.0600000000 3.9959437733
69.0700000000 3.9975448742
69.0800000000 3.9987462239
69.0900000000 3.9995477023
69.1000000000 3.9999492293
69.1100000000 3.9999507647
69.1200000000 3.9995523083
69.1300000000 3.9987539000
69.1400000000 3.9975556197
69.1500000000 3.9959575872
69.1600000000 3.9939599622
69.1700000000 3.9915629446
69.1800000000 3.9887667739
69.1900000000 3.9855717300
69.2000000000 3.9819781322
69.2100000000 3.9779863399
69.2200000000 3.9735967522
69.2300000000 3.9688098082
69.2400000000 3.9636259866
69.2500000000 3.9580458056
69.2600000000 3.9520698234
69.2700000000 3.9456986374
69.2800000000 3.9389328849
69.2900000000 3.9317732424
69.3000000000 3.9242204258
69.3100000000 3.9162751905
69.3200000000 3.9079383309
69.3300000000 3.8992106807
69.3400000000 3.8900931128
69.3500000000 3.8805865387
69.3600000000 3.8706919092
69.3700000000 3.8604102138
69.3800000000 3.8497424805
69.3900000000 3.8386897763
69.4000000000 3.8272532062
69.4100000000 3.8154339140
69.4200000000 3.8032330816
69.4300000000 3.7906519291
69.4400000000 3.7776917145
69.4500000000 3.7643537339
69.4600000000 3.7506393210
69.4700000000 3.7365498474
69.4800000000 3.7220867219
69.4900000000 3.7072513908
69.5000000000 3.6920453376
69.5100000000 3.6764700831
69.5200000000 3.6605271845
69.5300000000 3.6442182363
69.5400000000 3.6275448693
69.5500000000 3.6105087509
69.5600000000 3.5931115845
69.5700000000 3.5753551101
69.5800000000 3.5572411030
69.5900000000 3.5387713749
69.6000000000 3.5199477725
69.6100000000 3.5007721783
69.6200000000 3.4812465098
69.6300000000 3.4613727196
69.6400000000 3.4411527949
69.6500000000 3.4205887579
69.6600000000 3.3996826648
69.6700000000 3.3784366063
69.6800000000 3.3568527070
69.6900000000 3.3349331251
69.7000000000 3.3126800528
69.7100000000 3.2900957152
69.7200000000 3.2671823708
69.7300000000 3.2439423108
69.7400000000 3.2203778593
69.7500000000 3.1964913728
69.7600000000 3.1722852397
69.7700000000 3.1477618808
69.7800000000 3.1229237483
69.7900000000 3.0977733260
69.8000000000 3.0723131290
69.8100000000 3.0465457032
69.8200000000 3.0204736254
69.8300000000 2.9940995028
69.8400000000 2.9674259727
69.8500000000 2.9404557025
69.8600000000 2.9131913891
69.8700000000 2.8856357591
69.8800000000 2.8577915678
69.8900000000 2.8296615998
69.9000000000 2.8012486680
69.9100000000 2.7725556137
69.9200000000 2.7435853061
69.9300000000 2.7143406423
69.9400000000 2.6848245466
69.9500000000 2.6550399708
69.9600000000 2.6249898931
69.9700000000 2.5946773187
69.9800000000 2.5641052787
69.9900000000 2.5332768303
70.0000000000 2.5021950563
70.0100000000 2.4708630649
70.0200000000 2.4392839893
70.0300000000 2.4074609873
70.0400000000 2.3753972412
70.0500000000 2.3430959573
70.0600000000 2.3105603658
70.0700000000 2.2777937202
70.0800000000 2.2447992972
70.0900000000 2.2115803960
70.1000000000 2.1781403387
70.1100000000 2.1444824692
70.1200000000 2.1106101532
70.1300000000 2.0765267779
70.1400000000 2.0422357517
70.1500000000 2.0077405036
70.1600000000 1.9730444832
70.1700000000 1.9381511599
70.1800000000 1.9030640231
70.1900000000 1.8677865815
70.2000000000 1.8323223629
70.2100000000 1.7966749135
70.2200000000 1.7608477981
70.2300000000 1.7248445994
70.2400000000 1.6886689177
70.2500000000 1.6523243705
70.2600000000 1.6158145922
70.2700000000 1.5791432338
70.2800000000 1.5423139624
70.2900000000 1.5053304609
70.3000000000 1.4681964276
70.3100000000 1.4309155759
70.3200000000 1.3934916339
70.3300000000 1.3559283438
70.3400000000 1.3182294620
70.3500000000 1.2803987584
70.3600000000 1.2424400160
70.3700000000 1.2043570306
70.3800000000 1.1661536105
70.3900000000 1.1278335760
70.4000000000 1.0894007591
70.4100000000 1.0508590030
70.4200000000 1.0122121619
70.4300000000 0.9734641004
70.4400000000 0.9346186933
70.4500000000 0.8956798252
70.4600000000 0.8566513898
70.4700000000 0.8175372899
70.4800000000 0.7783414371
70.4900000000 0.7390677507
70.5000000000 0.6997201582
70.5100000000 0.6603025942
70.5200000000 0.6208190006
70.5300000000 0.5812733255
70.5400000000 0.5416695236
70.5500000000 0.5020115552
70.5600000000 0.4623033861
70.5700000000 0.4225489870
70.5800000000 0.3827523333
70.5900000000 0.3429174048
70.6000000000 0.3030481848
70.6100000000 0.2631486602
70.6200000000 0.2232228210
70.6300000000 0.1832746597
70.6400000000 0.1433081711
70.6500000000 0.1033273517
70.6600000000 0.0633361998
70.6700000000 0.0233387142
70.6800000000 -0.0166611052
70.6900000000 -0.0566592585
70.7000000000 -0.0966517459
70.7100000000 -0.1366345682
70.7200000000 -0.1766037272
70.7300000000 -0.2165552260
70.7400000000 -0.2564850694
70.7500000000 -0.2963892645
70.7600000000 -0.3362638209
70.7700000000 -0.3761047513
70.7800000000 -0.4159080714
70.7900000000 -0.4556698012
70.8000000000 -0.4953859643
70.8100000000 -0.5350525892
70.8200000000 -0.5746657093
70.8300000000 -0.6142213634
70.8400000000 -0.6537155958
70.8500000000 -0.6931444571
70.8600000000 -0.7325040047
70.8700000000 -0.7717903024
70.8800000000 -0.8109994217
70.8900000000 -0.8501274418
70.9000000000 -0.8891704499
70.9100000000 -0.9281245416
70.9200000000 -0.9669858217
70.9300000000 -1.0057504039
70.9400000000 -1.0444144120
70.9500000000 -1.0829739795
70.9600000000 -1.1214252505
70.9700000000 -1.1597643800
70.9800000000 -1.1979875339
70.9900000000 -1.2360908901
71.0000000000 -1.2740706382
71.0100000000 -1.3119229804
71.0200000000 -1.3496441313
71.0300000000 -1.3872303189
71.0400000000 -1.4246777847
71.0500000000 -1.4619827839
71.0600000000 -1.4991415860
71.0700000000 -1.5361504752
71.0800000000 -1.5730057506
71.0900000000 -1.6097037268
71.1000000000 -1.6462407339
71.1100000000 -1.6826131184
71.1200000000 -1.7188172429
71.1300000000 -1.7548494871
71.1400000000 -1.7907062479
71.1500000000 -1.8263839395
71.1600000000 -1.8618789943
71.1700000000 -1.8971878627
71.1800000000 -1.9323070139
71.1900000000 -1.9672329360
71.2000000000 -2.0019621364
71.2100000000 -2.0364911423
71.2200000000 -2.0708165008
71.2300000000 -2.1049347794
71.2400000000 -2.1388425662
71.2500000000 -2.1725364706
71.2600000000 -2.2060131231
71.2700000000 -2.2392691761
71.2800000000 -2.2723013041
71.2900000000 -2.3051062039
71.3000000000 -2.3376805950
71.3100000000 -2.3700212199
71.3200000000 -2.4021248447
71.3300000000 -2.4339882591
71.3400000000 -2.4656082766
71.3500000000 -2.4969817353
71.3600000000 -2.5281054980
71.3700000000 -2.5589764522
71.3800000000 -2.5895915109
71.3900000000 -2.6199476126
71.4000000000 -2.6500417218
71.4100000000 -2.6798708289
71.4200000000 -2.7094319513
71.4300000000 -2.7387221327
71.4400000000 -2.7677384441
71.4500000000 -2.7964779840
71.4600000000 -2.8249378785
71.4700000000 -2.8531152815
71.4800000000 -2.8810073753
71.4900000000 -2.9086113709
71.5000000000 -2.9359245077
71.5100000000 -2.9629440545
71.5200000000 -2.9896673094
71.5300000000 -3.0160916000
71.5400000000 -3.0422142840
71.5500000000 -3.0680327491
71.5600000000 -3.0935444135
71.5700000000 -3.1187467260
71.5800000000 -3.1436371664
71.5900000000 -3.1682132458
71.6000000000 -3.1924725064
71.6100000000 -3.2164125225
71.6200000000 -3.2400309000
71.6300000000 -3.2633252771
71.6400000000 -3.2862933244
71.6500000000 -3.3089327451
71.6600000000 -3.3312412753
71.6700000000 -3.3532166841
71.6800000000 -3.3748567741
71.6900000000 -3.3961593812
71.7000000000 -3.4171223751
71.7100000000 -3.4377436597
71.7200000000 -3.4580211728
71.7300000000 -3.4779528867
71.7400000000 -3.4975368082
71.7500000000 -3.5167709789
71.7600000000 -3.5356534754
71.7700000000 -3.5541824095
71.7800000000 -3.5723559284
71.7900000000 -3.5901722146
71.8000000000 -3.6076294867
71.8100000000 -3.6247259987
71.8200000000 -3.6414600412
71.8300000000 -3.6578299407
71.8400000000 -3.6738340603
71.8500000000 -3.6894707995
71.8600000000 -3.7047385948
71.8700000000 -3.7196359192
71.8800000000 -3.7341612832
71.8900000000 -3.7483132341
71.9000000000 -3.7620903569
71.9100000000 -3.7754912737
71.9200000000 -3.7885146446
71.9300000000 -3.8011591671
71.9400000000 -3.8134235769
71.9500000000 -3.8253066476
71.9600000000 -3.8368071907
71.9700000000 -3.8479240563
71.9800000000 -3.8586561328
71.9900000000 -3.8690023468
72.0000000000 -3.8789616638
72.0100000000 -3.8885330879
72.0200000000 -3.8977156619
72.0300000000 -3.9065084676
72.0400000000 -3.9149106257
72.0500000000 -3.9229212961
72.0600000000 -3.9305396775
72.0700000000 -3.9377650083
72.0800000000 -3.9445965658
72.0900000000 -3.9510336670
72.1000000000 -3.9570756681
72.1100000000 -3.9627219649
72.1200000000 -3.9679719928
72.1300000000 -3.9728252269
72.1400000000 -3.9772811817
72.1500000000 -3.9813394117
72.1600000000 -3.9849995111
72.1700000000 -3.9882611139
72.1800000000 -3.9911238939
72.1900000000 -3.9935875648
72.2000000000 -3.9956518803
72.2100000000 -3.9973166339
72.2200000000 -3.9985816592
72.2300000000 -3.9994468297
72.2400000000 -3.9999120588
72.2500000000 -3.9999773000
72.2600000000 -3.9996425469
72.2700000000 -3.9989078328
72.2800000000 -3.9977732313
72.2900000000 -3.9962388557
72.3000000000 -3.9943048597
72.3100000000 -3.9919714364
72.3200000000 -3.9892388194
72.3300000000 -3.9861072818
72.3400000000 -3.9825771368
72.3500000000 -3.9786487374
72.3600000000 -3.9743224764
72.3700000000 -3.9695987865
72.3800000000 -3.9644781400
72.3900000000 -3.9589610491
72.4000000000 -3.9530480653
72.4100000000 -3.9467397800
72.4200000000 -3.9400368240
72.4300000000 -3.9329398676
72.4400000000 -3.9254496205
72.4500000000 -3.9175668317
72.4600000000 -3.9092922895
72.4700000000 -3.9006268213
72.4800000000 -3.8915712937
72.4900000000 -3.8821266122
72.5000000000 -3.8722937213
72.5100000000 -3.8620736042
72.5200000000 -3.8514672830
72.5300000000 -3.8404758183
72.5400000000 -3.8291003092
72.5500000000 -3.8173418933
72.5600000000 -3.8052017463
72.5700000000 -3.7926810823
72.5800000000 -3.7797811534
72.5900000000 -3.7665032496
72.6000000000 -3.7528486985
72.6100000000 -3.7388188657
72.6200000000 -3.7244151541
72.6300000000 -3.7096390041
72.6400000000 -3.6944918934
72.6500000000 -3.6789753364
72.6600000000 -3.6630908851
72.6700000000 -3.6468401277
72.6800000000 -3.6302246893
72.6900000000 -3.6132462315
72.7000000000 -3.5959064520
72.7100000000 -3.5782070849
72.7200000000 -3.5601499001
72.7300000000 -3.5417367033
72.7400000000 -3.5229693357
72.7500000000 -3.5038496742
72.7600000000 -3.4843796306
72.7700000000 -3.4645611519
72.7800000000 -3.4443962201
72.7900000000 -3.4238868514
72.8000000000 -3.4030350969
72.8100000000 -3.3818430418
72.8200000000 -3.3603128052
72.8300000000 -3.3384465401
72.8400000000 -3.3162464331
72.8500000000 -3.2937147042
72.8600000000 -3.2708536066
72.8700000000 -3.2476654264
72.8800000000 -3.2241524824
72.8900000000 -3.2003171257
72.9000000000 -3.1761617401
72.9100000000 -3.1516887409
72.9200000000 -3.1269005754
72.9300000000 -3.1017997225
72.9400000000 -3.0763886923
72.9500000000 -3.0506700257
72.9600000000 -3.0246462946
72.9700000000 -2.9983201015
72.9800000000 -2.9716940788
72.9900000000 -2.9447708892
73.0000000000 -2.9175532250
73.0100000000 -2.8900438079
73.0200000000 -2.8622453888
73.0300000000 -2.8341607475
73.0400000000 -2.8057926926
73.0500000000 -2.7771440607
73.0600000000 -2.7482177167
73.0700000000 -2.7190165532
73.0800000000 -2.6895434904
73.0900000000 -2.6598014754
73.1000000000 -2.6297934825
73.1100000000 -2.5995225125
73.1200000000 -2.5689915923
73.1300000000 -2.5382037752
73.1400000000 -2.5071621398
73.1500000000 -2.4758697902
73.1600000000 -2.4443298558
73.1700000000 -2.4125454904
73.1800000000 -2.3805198724
73.1900000000 -2.3482562045
73.2000000000 -2.3157577129
73.2100000000 -2.2830276474
73.2200000000 -2.2500692811
73.2300000000 -2.2168859097
73.2400000000 -2.1834808516
73.2500000000 -2.1498574472
73.2600000000 -2.1160190589
73.2700000000 -2.0819690704
73.2800000000 -2.0477108868
73.2900000000 -2.0132479338
73.3000000000 -1.9785836576
73.3100000000 -1.9437215248
73.3200000000 -1.9086650214
73.3300000000 -1.8734176531
73.3400000000 -1.8379829446
73.3500000000 -1.8023644393
73.3600000000 -1.7665656991
73.3700000000 -1.7305903038
73.3800000000 -1.6944418509
73.3900000000 -1.6581239552
73.4000000000 -1.6216402485
73.4100000000 -1.5849943792
73.4200000000 -1.5481900117
73.4300000000 -1.5112308265
73.4400000000 -1.4741205195
73.4500000000 -1.4368628017
73.4600000000 -1.3994613987
73.4700000000 -1.3619200509
73.4800000000 -1.3242425121
73.4900000000 -1.2864325502
73.5000000000 -1.2484939461
73.5100000000 -1.2104304937
73.5200000000 -1.1722459992
73.5300000000 -1.1339442811
73.5400000000 -1.0955291695
73.5500000000 -1.0570045059
73.5600000000 -1.0183741427
73.5700000000 -0.9796419430
73.5800000000 -0.9408117799
73.5900000000 -0.9018875364
73.6000000000 -0.8628731049
73.6100000000 -0.8237723868
73.6200000000 -0.7845892921
73.6300000000 -0.7453277392
73.6400000000 -0.7059916541
73.6500000000 -0.6665849705
73.6600000000 -0.6271116289
73.6700000000 -0.5875755766
73.6800000000 -0.5479807673
73.6900000000 -0.5083311604
73.7000000000 -0.4686307208
73.7100000000 -0.4288834185
73.7200000000 -0.3890932282
73.7300000000 -0.3492641289
73.7400000000 -0.3094001035
73.7500000000 -0.2695051384
73.7600000000 -0.2295832229
73.7700000000 -0.1896383494
73.7800000000 -0.1496745121
73.7900000000 -0.1096957075
73.8000000000 -0.0697059335
73.8100000000 -0.0297091889
73.8200000000 0.0102905266
73.8300000000 0.0502892130
73.8400000000 0.0902828706
73.8500000000 0.1302675000
73.8600000000 0.1702391027
73.8700000000 0.2101936816
73.8800000000 0.2501272414
73.8900000000 0.2900357886
73.9000000000 0.3299153325
73.9100000000 0.3697618851
73.9200000000 0.4095714619
73.9300000000 0.4493400818
73.9400000000 0.4890637681
73.9500000000 0.5287385485
73.9600000000 0.5683604554
73.9700000000 0.6079255268
73.9800000000 0.6474298061
73.9900000000 0.6868693430
74.0000000000 0.7262401935
74.0100000000 0.7655384206
74.0200000000 0.8047600945
74.0300000000 0.8439012931
74.0400000000 0.8829581022
74.0500000000 0.9219266162
74.0600000000 0.9608029384
74.0700000000 0.9995831811
74.0800000000 1.0382634663
74.0900000000 1.0768399260
74.1000000000 1.1153087026
74.1100000000 1.1536659492
74.1200000000 1.1919078303
74.1300000000 1.2300305215
74.1400000000 1.2680302107
74.1500000000 1.3059030980
74.1600000000 1.3436453960
74.1700000000 1.3812533306
74.1800000000 1.4187231411
74.1900000000 1.4560510804
74.2000000000 1.4932334158
74.2100000000 1.5302664291
74.2200000000 1.5671464170
74.2300000000 1.6038696916
74.2400000000 1.6404325806
74.2500000000 1.6768314277
74.2600000000 1.7130625930
74.2700000000 1.7491224535
74.2800000000 1.7850074032
74.2900000000 1.8207138537
74.3000000000 1.8562382343
74.3100000000 1.8915769926
74.3200000000 1.9267265948
74.3300000000 1.9616835259
74.3400000000 1.9964442903
74.3500000000 2.0310054120
74.3600000000 2.0653634348
74.3700000000 2.0995149230
74.3800000000 2.1334564614
74.3900000000 2.1671846560
74.4000000000 2.2006961339
74.4100000000 2.2339875440
74.4200000000 2.2670555573
74.4300000000 2.2998968669
74.4400000000 2.3325081887
74.4500000000 2.3648862616
74.4600000000 2.3970278479
74.4700000000 2.4289297334
74.4800000000 2.4605887279
74.4900000000 2.4920016656
74.5000000000 2.5231654052
74.5100000000 2.5540768304
74.5200000000 2.5847328501
74.5300000000 2.6151303986
74.5400000000 2.6452664362
74.5500000000 2.6751379494
74.5600000000 2.7047419511
74.5700000000 2.7340754808
74.5800000000 2.7631356052
74.5900000000 2.7919194184
74.6000000000 2.8204240419
74.6100000000 2.8486466254
74.6200000000 2.8765843466
74.6300000000 2.9042344118
74.6400000000 2.9315940560
74.6500000000 2.9586605431
74.6600000000 2.9854311667
74.6700000000 3.0119032497
74.6800000000 3.0380741449
74.6900000000 3.0639412352
74.7000000000 3.0895019339
74.7100000000 3.1147536849
74.7200000000 3.1396939633
74.7300000000 3.1643202748
74.7400000000 3.1886301569
74.7500000000 3.2126211787
74.7600000000 3.2362909411
74.7700000000 3.2596370770
74.7800000000 3.2826572520
74.7900000000 3.3053491639
74.8000000000 3.3277105437
74.8100000000 3.3497391553
74.8200000000 3.3714327957
74.8300000000 3.3927892956
74.8400000000 3.4138065194
74.8500000000 3.4344823654
74.8600000000 3.4548147661
74.8700000000 3.4748016881
74.8800000000 3.4944411329
74.8900000000 3.5137311365
74.9000000000 3.5326697699
74.9100000000 3.5512551392
74.9200000000 3.5694853860
74.9300000000 3.5873586873
74.9400000000 3.6048732556
74.9500000000 3.6220273397
74.9600000000 3.6388192240
74.9700000000 3.6552472294
74.9800000000 3.6713097132
74.9900000000 3.6870050690
75.0000000000 3.7023317274
75.0100000000 3.7172881557
75.0200000000 3.7318728583
75.0300000000 3.7460843768
75.0400000000 3.7599212899
75.0500000000 3.7733822140
75.0600000000 3.7864658030
75.0700000000 3.7991707486
75.0800000000 3.8114957804
75.0900000000 3.8234396657
75.1000000000 3.8350012102
75.1100000000 3.8461792578
75.1200000000 3.8569726907
75.1300000000 3.8673804295
75.1400000000 3.8774014335
75.1500000000 3.8870347006
75.1600000000 3.8962792674
75.1700000000 3.9051342096
75.1800000000 3.9135986416
75.1900000000 3.9216717170
75.2000000000 3.9293526285
75.2100000000 3.9366406080
75.2200000000 3.9435349268
75.2300000000 3.9500348953
75.2400000000 3.9561398637
75.2500000000 3.9618492213
75.2600000000 3.9671623973
75.2700000000 3.9720788604
75.2800000000 3.9765981189
75.2900000000 3.9807197209
75.3000000000 3.9844432543
75.3100000000 3.9877683467
75.3200000000 3.9906946655
75.3300000000 3.9932219182
75.3400000000 3.9953498520
75.3500000000 3.9970782542
75.3600000000 3.9984069519
75.3700000000 3.9993358122
75.3800000000 3.9998647423
75.3900000000 3.9999936893
75.4000000000 3.9997226402
75.4100000000 3.9990516221
75.4200000000 3.9979807023
75.4300000000 3.9965099877
75.4400000000 3.9946396254
75.4500000000 3.9923698025
75.4600000000 3.9897007460
75.4700000000 3.9866327226
75.4800000000 3.9831660394
75.4900000000 3.9793010429
75.5000000000 3.9750381195
75.5100000000 3.9703776957
75.5200000000 3.9653202374
75.5300000000 3.9598662504
75.5400000000 3.9540162801
75.5500000000 3.9477709114
75.5600000000 3.9411307690
75.5700000000 3.9340965167
75.5800000000 3.9266688581
75.5900000000 3.9188485358
75.6000000000 3.9106363320
75.6100000000 3.9020330678
75.6200000000 3.8930396035
75.6300000000 3.8836568386
75.6400000000 3.8738857111
75.6500000000 3.8637271984
75.6600000000 3.8531823161
75.6700000000 3.8422521188
75.6800000000 3.8309376995
75.6900000000 3.8192401896
75.7000000000 3.8071607589
75.7100000000 3.7947006153
75.7200000000 3.7818610048
75.7300000000 3.7686432113
75.7400000000 3.7550485567
75.7500000000 3.7410784003
75.7600000000 3.7267341392
75.7700000000 3.7120172078
75.7800000000 3.6969290778
75.7900000000 3.6814712580
75.8000000000 3.6656452940
75.8100000000 3.6494527687
75.8200000000 3.6328953010
75.8300000000 3.6159745469
75.8400000000 3.5986921983
75.8500000000 3.5810499836
75.8600000000 3.5630496668
75.8700000000 3.5446930480
75.8800000000 3.5259819628
75.8900000000 3.5069182824
75.9000000000 3.4875039131
75.9100000000 3.4677407963
75.9200000000 3.4476309083
75.9300000000 3.4271762601
75.9400000000 3.4063788971
75.9500000000 3.3852408991
75.9600000000 3.3637643798
75.9700000000 3.3419514869
75.9800000000 3.3198044016
75.9900000000 3.2973253386
76.0000000000 3.2745165458
76.0100000000 3.2513803042
76.0200000000 3.2279189272
76.0300000000 3.2041347610
76.0400000000 3.1800301840
76.0500000000 3.1556076066
76.0600000000 3.1308694711
76.0700000000 3.1058182512
76.0800000000 3.0804564521
76.0900000000 3.0547866100
76.1000000000 3.0288112917
76.1100000000 3.0025330948
76.1200000000 2.9759546471
76.1300000000 2.9490786065
76.1400000000 2.9219076604
76.1500000000 2.8944445260
76.1600000000 2.8666919495
76.1700000000 2.8386527063
76.1800000000 2.8103296001
76.1900000000 2.7817254633
76.2000000000 2.7528431563
76.2100000000 2.7236855673
76.2200000000 2.6942556120
76.2300000000 2.6645562333
76.2400000000 2.6345904013
76.2500000000 2.6043611124
76.2600000000 2.5738713896
76.2700000000 2.5431242818
76.2800000000 2.5121228637
76.2900000000 2.4808702354
76.3000000000 2.4493695221
76.3100000000 2.4176238739
76.3200000000 2.3856364654
76.3300000000 2.3534104952
76.3400000000 2.3209491858
76.3500000000 2.2882557836
76.3600000000 2.2553335576
76.3700000000 2.2221858002
76.3800000000 2.1888158260
76.3900000000 2.1552269721
76.4000000000 2.1214225973
76.4100000000 2.0874060820
76.4200000000 2.0531808278
76.4300000000 2.0187502572
76.4400000000 1.9841178133
76.4500000000 1.9492869593
76.4600000000 1.9142611782
76.4700000000 1.8790439726
76.4800000000 1.8436388641
76.4900000000 1.8080493933
76.5000000000 1.7722791191
76.5100000000 1.7363316184
76.5200000000 1.7002104861
76.5300000000 1.6639193340
76.5400000000 1.6274617915
76.5500000000 1.5908415041
76.5600000000 1.5540621339
76.5700000000 1.5171273588
76.5800000000 1.4800408722
76.5900000000 1.4428063827
76.6000000000 1.4054276138
76.6100000000 1.3679083033
76.6200000000 1.3302522032
76.6300000000 1.2924630789
76.6400000000 1.2545447094
76.6500000000 1.2165008864
76.6600000000 1.1783354144
76.6700000000 1.1400521099
76.6800000000 1.1016548010
76.6900000000 1.0631473276
76.7000000000 1.0245335404
76.7100000000 0.9858173007
76.7200000000 0.9470024800
76.7300000000 0.9080929599
76.7400000000 0.8690926312
76.7500000000 0.8300053941
76.7600000000 0.7908351570
76.7700000000 0.7515858371
76.7800000000 0.7122613593
76.7900000000 0.6728656559
76.8000000000 0.6334026665
76.8100000000 0.5938763374
76.8200000000 0.5542906211
76.8300000000 0.5146494762
76.8400000000 0.4749568668
76.8500000000 0.4352167621
76.8600000000 0.3954331361
76.8700000000 0.3556099672
76.8800000000 0.3157512375
76.8900000000 0.2758609329
76.9000000000 0.2359430425
76.9100000000 0.1960015580
76.9200000000 0.1560404735
76.9300000000 0.1160637851
76.9400000000 0.0760754904
76.9500000000 0.0360795882
76.9600000000 -0.0039199219
76.9700000000 -0.0439190400
76.9800000000 -0.0839137663
76.9900000000 -0.1239001013
77.0000000000 -0.1638740463
77.0100000000 -0.2038316041
77.0200000000 -0.2437687789
77.0300000000 -0.2836815770
77.0400000000 -0.3235660072
77.0500000000 -0.3634180811
77.0600000000 -0.4032338134
77.0700000000 -0.4430092227
77.0800000000 -0.4827403315
77.0900000000 -0.5224231666
77.1000000000 -0.5620537599
77.1100000000 -0.6016281482
77.1200000000 -0.6411423742
77.1300000000 -0.6805924866
77.1400000000 -0.7199745402
77.1500000000 -0.7592845970
77.1600000000 -0.7985187259
77.1700000000 -0.8376730037
77.1800000000 -0.8767435148
77.1900000000 -0.9157263524
77.2000000000 -0.9546176180
77.2100000000 -0.9934134227
77.2200000000 -1.0321098869
77.2300000000 -1.0707031410
77.2400000000 -1.1091893256
77.2500000000 -1.1475645922
77.2600000000 -1.1858251033
77.2700000000 -1.2239670329
77.2800000000 -1.2619865668
77.2900000000 -1.2998799031
77.3000000000 -1.3376432525
77.3100000000 -1.3752728387
77.3200000000 -1.4127648988
77.3300000000 -1.4501156835
77.3400000000 -1.4873214579
77.3500000000 -1.5243785013
77.3600000000 -1.5612831082
77.3700000000 -1.5980315881
77.3800000000 -1.6346202662
77.3900000000 -1.6710454836
77.4000000000 -1.7073035978
77.4100000000 -1.7433909831
77.4200000000 -1.7793040308
77.4300000000 -1.8150391495
77.4400000000 -1.8505927658
77.4500000000 -1.8859613244
77.4600000000 -1.9211412884
77.4700000000 -1.9561291399
77.4800000000 -1.9909213802
77.4900000000 -2.0255145299
77.5000000000 -2.0599051299
77.5100000000 -2.0940897411
77.5200000000 -2.1280649450
77.5300000000 -2.1618273443
77.5400000000 -2.1953735626
77.5500000000 -2.2287002453
77.5600000000 -2.2618040599
77.5700000000 -2.2946816960
77.5800000000 -2.3273298658
77.5900000000 -2.3597453046
77.6000000000 -2.3919247708
77.6100000000 -2.4238650466
77.6200000000 -2.4555629378
77.6300000000 -2.4870152748
77.6400000000 -2.5182189124
77.6500000000 -2.5491707301
77.6600000000 -2.5798676329
77.6700000000 -2.6103065511
77.6800000000 -2.6404844408
77.6900000000 -2.6703982843
77.7000000000 -2.7000450902
77.7100000000 -2.7294218938
77.7200000000 -2.7585257574
77.7300000000 -2.7873537709
77.7400000000 -2.8159030512
77.7500000000 -2.8441707436
77.7600000000 -2.8721540213
77.7700000000 -2.8998500860
77.7800000000 -2.9272561681
77.7900000000 -2.9543695270
77.8000000000 -2.9811874514
77.8100000000 -3.0077072596
77.8200000000 -3.0339262996
77.8300000000 -3.0598419494
77.8400000000 -3.0854516176
77.8500000000 -3.1107527432
77.8600000000 -3.1357427961
77.8700000000 -3.1604192774
77.8800000000 -3.1847797194
77.8900000000 -3.2088216860
77.9000000000 -3.2325427732
77.9100000000 -3.2559406087
77.9200000000 -3.2790128530
77.9300000000 -3.3017571986
77.9400000000 -3.3241713713
77.9500000000 -3.3462531297
77.9600000000 -3.3680002655
77.9700000000 -3.3894106041
77.9800000000 -3.4104820044
77.9900000000 -3.4312123594
78.0000000000 -3.4515995961
78.0100000000 -3.4716416756
78.0200000000 -3.4913365939
78.0300000000 -3.5106823814
78.0400000000 -3.5296771036
78.0500000000 -3.5483188610
78.0600000000 -3.5666057895
78.0700000000 -3.5845360604
78.0800000000 -3.6021078807
78.0900000000 -3.6193194932
78.1000000000 -3.6361691767
78.1100000000 -3.6526552464
78.1200000000 -3.6687760536
78.1300000000 -3.6845299862
78.1400000000 -3.6999154689
78.1500000000 -3.7149309632
78.1600000000 -3.7295749674
78.1700000000 -3.7438460173
78.1800000000 -3.7577426857
78.1900000000 -3.7712635829
78.2000000000 -3.7844073569
78.2100000000 -3.7971726934
78.2200000000 -3.8095583157
78.2300000000 -3.8215629854
78.2400000000 -3.8331855020
78.2500000000 -3.8444247032
78.2600000000 -3.8552794651
78.2700000000 -3.8657487023
78.2800000000 -3.8758313679
78.2900000000 -3.8855264536
78.3000000000 -3.8948329898
78.3100000000 -3.9037500460
78.3200000000 -3.9122767305
78.3300000000 -3.9204121905
78.3400000000 -3.9281556126
78.3500000000 -3.9355062224
78.3600000000 -3.9424632848
78.3700000000 -3.9490261042
78.3800000000 -3.9551940243
78.3900000000 -3.9609664283
78.4000000000 -3.9663427389
78.4100000000 -3.9713224186
78.4200000000 -3.9759049693
78.4300000000 -3.9800899329
78.4400000000 -3.9838768908
78.4500000000 -3.9872654643
78.4600000000 -3.9902553146
78.4700000000 -3.9928461426
78.4800000000 -3.9950376894
78.4900000000 -3.9968297358
78.5000000000 -3.9982221025
78.5100000000 -3.9992146503
78.5200000000 -3.9998072800
78.5300000000 -3.9999999323
78.5400000000 -3.9997925880
78.5500000000 -3.9991852677
78.5600000000 -3.9981780322
78.5700000000 -3.9967709823
78.5800000000 -3.9949642586
78.5900000000 -3.9927580417
78.6000000000 -3.9901525525
78.6100000000 -3.9871480512
78.6200000000 -3.9837448385
78.6300000000 -3.9799432547
78.6400000000 -3.9757436798
78.6500000000 -3.9711465339
78.6600000000 -3.9661522766
78.6700000000 -3.9607614074
78.6800000000 -3.9549744654
78.6900000000 -3.9487920292
78.7000000000 -3.9422147171
78.7100000000 -3.9352431868
78.7200000000 -3.9278781355
78.7300000000 -3.9201202996
78.7400000000 -3.9119704550
78.7500000000 -3.9034294166
78.7600000000 -3.8944980385
78.7700000000 -3.8851772138
78.7800000000 -3.8754678747
78.7900000000 -3.8653709920
78.8000000000 -3.8548875754
78.8100000000 -3.8440186733
78.8200000000 -3.8327653725
78.8300000000 -3.8211287983
78.8400000000 -3.8091101145
78.8500000000 -3.7967105229
78.8600000000 -3.7839312633
78.8700000000 -3.7707736138
78.8800000000 -3.7572388900
78.8900000000 -3.7433284455
78.9000000000 -3.7290436713
78.9100000000 -3.7143859958
78.9200000000 -3.6993568848
78.9300000000 -3.6839578412
78.9400000000 -3.6681904049
78.9500000000 -3.6520561526
78.9600000000 -3.6355566978
78.9700000000 -3.6186936903
78.9800000000 -3.6014688164
78.9900000000 -3.5838837987
79.0000000000 -3.5659403955
79.0100000000 -3.5476404013
79.0200000000 -3.5289856460
79.0300000000 -3.5099779951
79.0400000000 -3.4906193494
79.0500000000 -3.4709116445
79.0600000000 -3.4508568515
79.0700000000 -3.4304569756
79.0800000000 -3.4097140568
79.0900000000 -3.3886301696
79.1000000000 -3.3672074221
79.1100000000 -3.3454479566
79.1200000000 -3.3233539492
79.1300000000 -3.3009276092
79.1400000000 -3.2781711791
79.1500000000 -3.2550869346
79.1600000000 -3.2316771842
79.1700000000 -3.2079442687
79.1800000000 -3.1838905615
79.1900000000 -3.1595184679
79.2000000000 -3.1348304251
79.2100000000 -3.1098289018
79.2200000000 -3.0845163983
79.2300000000 -3.0588954457
79.2400000000 -3.0329686060
79.2500000000 -3.0067384721
79.2600000000 -2.9802076668
79.2700000000 -2.9533788432
79.2800000000 -2.9262546842
79.2900000000 -2.8988379022
79.3000000000 -2.8711312388
79.3100000000 -2.8431374646
79.3200000000 -2.8148593791
79.3300000000 -2.7862998100
79.3400000000 -2.7574616132
79.3500000000 -2.7283476726
79.3600000000 -2.6989608995
79.3700000000 -2.6693042325
79.3800000000 -2.6393806374
79.3900000000 -2.6091931063
79.4000000000 -2.5787446582
79.4100000000 -2.5480383377
79.4200000000 -2.5170772155
79.4300000000 -2.4858643877
79.4400000000 -2.4544029755
79.4500000000 -2.4226961251
79.4600000000 -2.3907470070
79.4700000000 -2.3585588163
79.4800000000 -2.3261347716
79.4900000000 -2.2934781155
79.5000000000 -2.2605921134
79.5100000000 -2.2274800539
79.5200000000 -2.1941452484
79.5300000000 -2.1605910301
79.5400000000 -2.1268207545
79.5500000000 -2.0928377987
79.5600000000 -2.0586455608
79.5700000000 -2.0242474600
79.5800000000 -1.9896469362
79.5900000000 -1.9548474494
79.6000000000 -1.9198524794
79.6100000000 -1.8846655258
79.6200000000 -1.8492901072
79.6300000000 -1.8137297612
79.6400000000 -1.7779880437
79.6500000000 -1.7420685288
79.6600000000 -1.7059748086
79.6700000000 -1.6697104923
79.6800000000 -1.6332792063
79.6900000000 -1.5966845938
79.7000000000 -1.5599303141
79.7100000000 -1.5230200428
79.7200000000 -1.4859574706
79.7300000000 -1.4487463040
79.7400000000 -1.4113902640
79.7500000000 -1.3738930861
79.7600000000 -1.3362585200
79.7700000000 -1.2984903292
79.7800000000 -1.2605922905
79.7900000000 -1.2225681935
79.8000000000 -1.1844218408
79.8100000000 -1.1461570469
79.8200000000 -1.1077776382
79.8300000000 -1.0692874527
79.8400000000 -1.0306903393
79.8500000000 -0.9919901578
79.8600000000 -0.9531907780
79.8700000000 -0.9142960800
79.8800000000 -0.8753099531
79.8900000000 -0.8362362960
79.9000000000 -0.7970790159
79.9100000000 -0.7578420286
79.9200000000 -0.7185292578
79.9300000000 -0.6791446346
79.9400000000 -0.6396920975
79.9500000000 -0.6001755917
79.9600000000 -0.5605990689
79.9700000000 -0.5209664866
79.9800000000 -0.4812818081
79.9900000000 -0.4415490018
80.0000000000 -0.4017720410
80.0100000000 -0.3619549034
80.0200000000 -0.3221015705
80.0300000000 -0.2822160278
80.0400000000 -0.2423022637
80.0500000000 -0.2023642695
80.0600000000 -0.1624060391
80.0700000000 -0.1224315683
80.0800000000 -0.0824448543
80.0900000000 -0.0424498960
80.1000000000 -0.0024506927
80.1100000000 0.0375487556
80.1200000000 0.0775444492
80.1300000000 0.1175323883
80.1400000000 0.1575085743
80.1500000000 0.1974690096
80.1600000000 0.2374096981
80.1700000000 0.2773266458
80.1800000000 0.3172158612
80.1900000000 0.3570733552
80.2000000000 0.3968951421
80.2100000000 0.4366772399
80.2200000000 0.4764156703
80.2300000000 0.5161064596
80.2400000000 0.5557456386
80.2500000000 0.5953292436
80.2600000000 0.6348533161
80.2700000000 0.6743139038
80.2800000000 0.7137070606
80.2900000000 0.7530288474
80.3000000000 0.7922753319
80.3100000000 0.8314425895
80.3200000000 0.8705267036
80.3300000000 0.9095237657
80.3400000000 0.9484298762
80.3500000000 0.9872411445
80.3600000000 1.0259536896
80.3700000000 1.0645636401
80.3800000000 1.1030671351
80.3900000000 1.1414603243
80.4000000000 1.1797393685
80.4100000000 1.2179004397
80.4200000000 1.2559397218
80.4300000000 1.2938534111
80.4400000000 1.3316377160
80.4500000000 1.3692888584
80.4600000000 1.4068030729
80.4700000000 1.4441766084
80.4800000000 1.4814057273
80.4900000000 1.5184867070
80.5000000000 1.5554158392
80.5100000000 1.5921894312
80.5200000000 1.6288038055
80.5300000000 1.6652553008
80.5400000000 1.7015402720
80.5500000000 1.7376550905
80.5600000000 1.7735961450
80.5700000000 1.8093598414
80.5800000000 1.8449426033
80.5900000000 1.8803408724
80.6000000000 1.9155511091
80.6100000000 1.9505697922
80.6200000000 1.9853934200
80.6300000000 2.0200185100
80.6400000000 2.0544416000
80.6500000000 2.0886592474
80.6600000000 2.1226680307
80.6700000000 2.1564645490
80.6800000000 2.1900454225
80.6900000000 2.2234072934
80.7000000000 2.2565468254
80.7100000000 2.2894607046
80.7200000000 2.3221456396
80.7300000000 2.3545983621
80.7400000000 2.3868156266
80.7500000000 2.4187942115
80.7600000000 2.4505309191
80.7700000000 2.4820225756
80.7800000000 2.5132660319
80.7900000000 2.5442581637
80.8000000000 2.5749958718
80.8100000000 2.6054760825
80.8200000000 2.6356957477
80.8300000000 2.6656518456
80.8400000000 2.6953413805
80.8500000000 2.7247613835
80.8600000000 2.7539089126
80.8700000000 2.7827810531
80.8800000000 2.8113749179
80.8900000000 2.8396876475
80.9000000000 2.8677164107
80.9100000000 2.8954584046
80.9200000000 2.9229108551
80.9300000000 2.9500710170
80.9400000000 2.9769361742
80.9500000000 3.0035036403
80.9600000000 3.0297707585
80.9700000000 3.0557349022
80.9800000000 3.0813934750
80.9900000000 3.1067439109
81.0000000000 3.1317836751
81.0100000000 3.1565102635
81.0200000000 3.1809212035
81.0300000000 3.2050140540
81.0400000000 3.2287864058
81.0500000000 3.2522358816
81.0600000000 3.2753601366
81.0700000000 3.2981568583
81.0800000000 3.3206237670
81.0900000000 3.3427586162
81.1000000000 3.3645591922
81.1100000000 3.3860233152
81.1200000000 3.4071488386
81.1300000000 3.4279336500
81.1400000000 3.4483756709
81.1500000000 3.4684728571
81.1600000000 3.4882231989
81.1700000000 3.5076247212
81.1800000000 3.5266754841
81.1900000000 3.5453735823
81.2000000000 3.5637171461
81.2100000000 3.5817043412
81.2200000000 3.5993333688
81.2300000000 3.6166024661
81.2400000000 3.6335099061
81.2500000000 3.6500539982
81.2600000000 3.6662330880
81.2700000000 3.6820455575
81.2800000000 3.6974898254
81.2900000000 3.7125643475
81.3000000000 3.7272676163
81.3100000000 3.7415981614
81.3200000000 3.7555545498
81.3300000000 3.7691353859
81.3400000000 3.7823393115
81.3500000000 3.7951650064
81.3600000000 3.8076111880
81.3700000000 3.8196766116
81.3800000000 3.8313600707
81.3900000000 3.8426603970
81.4000000000 3.8535764605
81.4100000000 3.8641071696
81.4200000000 3.8742514711
81.4300000000 3.8840083508
81.4400000000 3.8933768328
81.4500000000 3.9023559804
81.4600000000 3.9109448956
81.4700000000 3.9191427197
81.4800000000 3.9269486327
81.4900000000 3.9343618541
81.5000000000 3.9413816426
81.5100000000 3.9480072962
81.5200000000 3.9542381524
81.5300000000 3.9600735881
81.5400000000 3.9655130197
81.5500000000 3.9705559033
81.5600000000 3.9752017347
81.5700000000 3.9794500492
81.5800000000 3.9833004219
81.5900000000 3.9867524680
81.6000000000 3.9898058422
81.6100000000 3.9924602390
81.6200000000 3.9947153932
81.6300000000 3.9965710792
81.6400000000 3.9980271114
81.6500000000 3.9990833442
81.6600000000 3.9997396720
81.6700000000 3.9999960292
81.6800000000 3.9998523901
81.6900000000 3.9993087691
81.7000000000 3.9983652206
81.7100000000 3.9970218389
81.7200000000 3.9952787583
81.7300000000 3.9931361532
81.7400000000 3.9905942377
81.7500000000 3.9876532662
81.7600000000 3.9843135327
81.7700000000 3.9805753712
81.7800000000 3.9764391554
81.7900000000 3.9719052990
81.8000000000 3.9669742554
81.8100000000 3.9616465177
81.8200000000 3.9559226187
81.8300000000 3.9498031306
81.8400000000 3.9432886656
81.8500000000 3.9363798750
81.8600000000 3.9290774496
81.8700000000 3.9213821198
81.8800000000 3.9132946551
81.8900000000 3.9048158641
81.9000000000 3.8959465948
81.9100000000 3.8866877341
81.9200000000 3.8770402079
81.9300000000 3.8670049809
81.9400000000 3.8565830566
81.9500000000 3.8457754772
81.9600000000 3.8345833235
81.9700000000 3.8230077146
81.9800000000 3.8110498081
81.9900000000 3.7987107999
82.0000000000 3.7859919237
82.0100000000 3.7728944515
82.0200000000 3.7594196930
82.0300000000 3.7455689956
82.0400000000 3.7313437445
82.0500000000 3.7167453621
82.0600000000 3.7017753083
82.0700000000 3.6864350800
82.0800000000 3.6707262113
82.0900000000 3.6546502730
82.1000000000 3.6382088727
82.1100000000 3.6214036546
82.1200000000 3.6042362992
82.1300000000 3.5867085231
82.1400000000 3.5688220791
82.1500000000 3.5505787560
82.1600000000 3.5319803779
82.1700000000 3.5130288047
82.1800000000 3.4937259315
82.1900000000 3.4740736887
82.2000000000 3.4540740414
82.2100000000 3.4337289895
82.2200000000 3.4130405677
82.2300000000 3.3920108446
82.2400000000 3.3706419233
82.2500000000 3.3489359405
82.2600000000 3.3268950670
82.2700000000 3.3045215068
82.2800000000 3.2818174971
82.2900000000 3.2587853084
82.3000000000 3.2354272440
82.3100000000 3.2117456394
82.3200000000 3.1877428630
82.3300000000 3.1634213150
82.3400000000 3.1387834275
82.3500000000 3.1138316642
82.3600000000 3.0885685204
82.3700000000 3.0629965223
82.3800000000 3.0371182271
82.3900000000 3.0109362226
82.4000000000 2.9844531270
82.4100000000 2.9576715886
82.4200000000 2.9305942854
82.4300000000 2.9032239253
82.4400000000 2.8755632452
82.4500000000 2.8476150112
82.4600000000 2.8193820181
82.4700000000 2.7908670891
82.4800000000 2.7620730757
82.4900000000 2.7330028573
82.5000000000 2.7036593409
82.5100000000 2.6740454609
82.5200000000 2.6441641785
82.5300000000 2.6140184819
82.5400000000 2.5836113856
82.5500000000 2.5529459303
82.5600000000 2.5220251826
82.5700000000 2.4908522345
82.5800000000 2.4594302032
82.5900000000 2.4277622309
82.6000000000 2.3958514845
82.6100000000 2.3637011549
82.6200000000 2.3313144571
82.6300000000 2.2986946298
82.6400000000 2.2658449350
82.6500000000 2.2327686576
82.6600000000 2.1994691052
82.6700000000 2.1659496077
82.6800000000 2.1322135170
82.6900000000 2.0982642068
82.7000000000 2.0641050719
82.7100000000 2.0297395282
82.7200000000 1.9951710123
82.7300000000 1.9604029809
82.7400000000 1.9254389109
82.7500000000 1.8902822985
82.7600000000 1.8549366595
82.7700000000 1.8194055284
82.7800000000 1.7836924583
82.7900000000 1.7478010204
82.8000000000 1.7117348038
82.8100000000 1.6754974152
82.8200000000 1.6390924782
82.8300000000 1.6025236334
82.8400000000 1.5657945376
82.8500000000 1.5289088635
82.8600000000 1.4918702999
82.8700000000 1.4546825505
82.8800000000 1.4173493341
82.8900000000 1.3798743839
82.9000000000 1.3422614474
82.9100000000 1.3045142858
82.9200000000 1.2666366740
82.9300000000 1.2286323995
82.9400000000 1.1905052628
82.9500000000 1.1522590766
82.9600000000 1.1138976654
82.9700000000 1.0754248654
82.9800000000 1.0368445238
82.9900000000 0.9981604986
83.0000000000 0.9593766582
83.0100000000 0.9204968809
83.0200000000 0.8815250548
83.0300000000 0.8424650768
83.0400000000 0.8033208530
83.0500000000 0.7640962978
83.0600000000 0.7247953337
83.0700000000 0.6854218906
83.0800000000 0.6459799058
83.0900000000 0.6064733236
83.1000000000 0.5669060946
83.1100000000 0.5272821755
83.1200000000 0.4876055286
83.1300000000 0.4478801215
83.1400000000 0.4081099268
83.1500000000 0.3682989215
83.1600000000 0.3284510865
83.1700000000 0.2885704067
83.1800000000 0.2486608702
83.1900000000 0.2087264677
83.2000000000 0.1687711928
83.2100000000 0.1287990409
83.2200000000 0.0888140092
83.2300000000 0.0488200961
83.2400000000 0.0088213011
83.2500000000 -0.0311783760
83.2600000000 -0.0711749353
83.2700000000 -0.1111643772
83.2800000000 -0.1511427027
83.2900000000 -0.1911059141
83.3000000000 -0.2310500151
83.3100000000 -0.2709710112
83.3200000000 -0.3108649105
83.3300000000 -0.3507277235
83.3400000000 -0.3905554641
83.3500000000 -0.4303441494
83.3600000000 -0.4700898007
83.3700000000 -0.5097884434
83.3800000000 -0.5494361077
83.3900000000 -0.5890288288
83.4000000000 -0.6285626476
83.4100000000 -0.6680336105
83.4200000000 -0.7074377707
83.4300000000 -0.7467711877
83.4400000000 -0.7860299282
83.4500000000 -0.8252100664
83.4600000000 -0.8643076842
83.4700000000 -0.9033188720
83.4800000000 -0.9422397287
83.4900000000 -0.9810663622
83.5000000000 -1.0197948898
83.5100000000 -1.0584214388
83.5200000000 -1.0969421466
83.5300000000 -1.1353531611
83.5400000000 -1.1736506411
83.5500000000 -1.2118307571
83.5600000000 -1.2498896911
83.5700000000 -1.2878236371
83.5800000000 -1.3256288018
83.5900000000 -1.3633014047
83.6000000000 -1.4008376787
83.6100000000 -1.4382338700
83.6200000000 -1.4754862391
83.6300000000 -1.5125910609
83.6400000000 -1.5495446248
83.6500000000 -1.5863432355
83.6600000000 -1.6229832133
83.6700000000 -1.6594608940
83.6800000000 -1.6957726301
83.6900000000 -1.7319147903
83.7000000000 -1.7678837605
83.7100000000 -1.8036759437
83.7200000000 -1.8392877609
83.7300000000 -1.8747156509
83.7400000000 -1.9099560708
83.7500000000 -1.9450054967
83.7600000000 -1.9798604237
83.7700000000 -2.0145173663
83.7800000000 -2.0489728588
83.7900000000 -2.0832234558
83.8000000000 -2.1172657321
83.8100000000 -2.1510962837
83.8200000000 -2.1847117274
83.8300000000 -2.2181087017
83.8400000000 -2.2512838671
83.8500000000 -2.2842339059
83.8600000000 -2.3169555232
83.8700000000 -2.3494454469
83.8800000000 -2.3817004281
83.8900000000 -2.4137172411
83.9000000000 -2.4454926845
83.9100000000 -2.4770235806
83.9200000000 -2.5083067764
83.9300000000 -2.5393391437
83.9400000000 -2.5701175791
83.9500000000 -2.6006390049
83.9600000000 -2.6309003690
83.9700000000 -2.6608986453
83.9800000000 -2.6906308339
83.9900000000 -2.7200939617
84.0000000000 -2.7492850823
84.0100000000 -2.7782012767
84.0200000000 -2.8068396533
84.0300000000 -2.8351973483
84.0400000000 -2.8632715259
84.0500000000 -2.8910593787
84.0600000000 -2.9185581280
84.0700000000 -2.9457650240
84.0800000000 -2.9726773459
84.0900000000 -2.9992924025
84.1000000000 -3.0256075324
84.1100000000 -3.0516201040
84.1200000000 -3.0773275162
84.1300000000 -3.1027271982
84.1400000000 -3.1278166101
84.1500000000 -3.1525932429
84.1600000000 -3.1770546190
84.1700000000 -3.2011982923
84.1800000000 -3.2250218484
84.1900000000 -3.2485229051
84.2000000000 -3.2716991121
84.2100000000 -3.2945481520
84.2200000000 -3.3170677398
84.2300000000 -3.3392556236
84.2400000000 -3.3611095846
84.2500000000 -3.3826274374
84.2600000000 -3.4038070304
84.2700000000 -3.4246462454
84.2800000000 -3.4451429987
84.2900000000 -3.4652952406
84.3000000000 -3.4851009558
84.3100000000 -3.5045581639
84.3200000000 -3.5236649190
84.3300000000 -3.5424193106
84.3400000000 -3.5608194632
84.3500000000 -3.5788635368
84.3600000000 -3.5965497271
84.3700000000 -3.6138762653
84.3800000000 -3.6308414190
84.3900000000 -3.6474434916
84.4000000000 -3.6636808228
84.4100000000 -3.6795517890
84.4200000000 -3.6950548031
84.4300000000 -3.7101883148
84.4400000000 -3.7249508108
84.4500000000 -3.7393408147
84.4600000000 -3.7533568878
84.4700000000 -3.7669976282
84.4800000000 -3.7802616720
84.4900000000 -3.7931476929
84.5000000000 -3.8056544021
84.5100000000 -3.8177805490
84.5200000000 -3.8295249211
84.5300000000 -3.8408863438
84.5400000000 -3.8518636811
84.5500000000 -3.8624558353
84.5600000000 -3.8726617471
84.5700000000 -3.8824803960
84.5800000000 -3.8919108000
84.5900000000 -3.9009520163
84.6000000000 -3.9096031405
84.6100000000 -3.9178633077
84.6200000000 -3.9257316919
84.6300000000 -3.9332075061
84.6400000000 -3.9402900029
84.6500000000 -3.9469784740
84.6600000000 -3.9532722504
84.6700000000 -3.9591707030
84.6800000000 -3.9646732418
84.6900000000 -3.9697793166
84.7000000000 -3.9744884167
84.7100000000 -3.9788000714
84.7200000000 -3.9827138493
84.7300000000 -3.9862293592
84.7400000000 -3.9893462494
84.7500000000 -3.9920642084
84.7600000000 -3.9943829642
84.7700000000 -3.9963022851
84.7800000000 -3.9978219791
84.7900000000 -3.9989418942
84.8000000000 -3.9996619185
84.8100000000 -3.9999819799
84.8200000000 -3.9999020465
84.8300000000 -3.9994221261
84.8400000000 -3.9985422669
84.8500000000 -3.9972625568
84.8600000000 -3.9955831238
84.8700000000 -3.9935041358
84.8800000000 -3.9910258007
84.8900000000 -3.9881483664
84.9000000000 -3.9848721205
84.9100000000 -3.9811973908
84.9200000000 -3.9771245446
84.9300000000 -3.9726539893
84.9400000000 -3.9677861719
84.9500000000 -3.9625215792
84.9600000000 -3.9568607376
84.9700000000 -3.9508042133
84.9800000000 -3.9443526118
84.9900000000 -3.9375065783
85.0000000000 -3.9302667975
85.0100000000 -3.9226339933
85.0200000000 -3.9146089289
85.0300000000 -3.9061924069
85.0400000000 -3.8973852690
85.0500000000 -3.8881883957
85.0600000000 -3.8786027069
85.0700000000 -3.8686291610
85.0800000000 -3.8582687554
85.0900000000 -3.8475225261
85.1000000000 -3.8363915478
85.1100000000 -3.8248769336
85.1200000000 -3.8129798348
85.1300000000 -3.8007014413
85.1400000000 -3.7880429808
85.1500000000 -3.7750057191
85.1600000000 -3.7615909600
85.1700000000 -3.7478000449
85.1800000000 -3.7336343530
85.1900000000 -3.7190953007
85.2000000000 -3.7041843420
85.2100000000 -3.6889029679
85.2200000000 -3.6732527067
85.2300000000 -3.6572351232
85.2400000000 -3.6408518192
85.2500000000 -3.6241044332
85.2600000000 -3.6069946396
85.2700000000 -3.5895241497
85.2800000000 -3.5716947103
85.2900000000 -3.5535081044
85.3000000000 -3.5349661506
85.3100000000 -3.5160707032
85.3200000000 -3.4968236517
85.3300000000 -3.4772269207
85.3400000000 -3.4572824699
85.3500000000 -3.4369922937
85.3600000000 -3.4163584212
85.3700000000 -3.3953829157
85.3800000000 -3.3740678747
85.3900000000 -3.3524154297
85.4000000000 -3.3304277460
85.4100000000 -3.3081070223
85.4200000000 -3.2854554906
85.4300000000 -3.2624754162
85.4400000000 -3.2391690969
85.4500000000 -3.2155388634
85.4600000000 -3.1915870787
85.4700000000 -3.1673161379
85.4800000000 -3.1427284682
85.4900000000 -3.1178265283
85.5000000000 -3.0926128082
85.5100000000 -3.0670898295
85.5200000000 -3.0412601444
85.5300000000 -3.0151263358
85.5400000000 -2.9886910170
85.5500000000 -2.9619568317
85.5600000000 -2.9349264531
85.5700000000 -2.9076025843
85.5800000000 -2.8799879577
85.5900000000 -2.8520853347
85.6000000000 -2.8238975056
85.6100000000 -2.7954272890
85.6200000000 -2.7666775321
85.6300000000 -2.7376511097
85.6400000000 -2.7083509245
85.6500000000 -2.6787799064
85.6600000000 -2.6489410126
85.6700000000 -2.6188372269
85.6800000000 -2.5884715596
85.6900000000 -2.5578470473
85.7000000000 -2.5269667525
85.7100000000 -2.4958337631
85.7200000000 -2.4644511924
85.7300000000 -2.4328221787
85.7400000000 -2.4009498847
85.7500000000 -2.3688374978
85.7600000000 -2.3364882291
85.7700000000 -2.3039053135
85.7800000000 -2.2710920093
85.7900000000 -2.2380515978
85.8000000000 -2.2047873830
85.8100000000 -2.1713026913
85.8200000000 -2.1376008711
85.8300000000 -2.1036852926
85.8400000000 -2.0695593474
85.8500000000 -2.0352264479
85.8600000000 -2.0006900275
85.8700000000 -1.9659535398
85.8800000000 -1.9310204583
85.8900000000 -1.8958942764
85.9000000000 -1.8605785067
85.9100000000 -1.8250766806
85.9200000000 -1.7893923485
85.9300000000 -1.7535290785
85.9400000000 -1.7174904571
85.9500000000 -1.6812800882
85.9600000000 -1.6449015926
85.9700000000 -1.6083586082
85.9800000000 -1.5716547893
85.9900000000 -1.5347938062
86.0000000000 -1.4977793450
86.0100000000 -1.4606151071
86.0200000000 -1.4233048090
86.0300000000 -1.3858521815
86.0400000000 -1.3482609700
86.0500000000 -1.3105349335
86.0600000000 -1.2726778446
86.0700000000 -1.2346934890
86.0800000000 -1.1965856651
86.0900000000 -1.1583581836
86.1000000000 -1.1200148672
86.1100000000 -1.0815595503
86.1200000000 -1.0429960783
86.1300000000 -1.0043283076
86.1400000000 -0.9655601049
86.1500000000 -0.9266953470
86.1600000000 -0.8877379204
86.1700000000 -0.8486917206
86.1800000000 -0.8095606524
86.1900000000 -0.7703486289
86.2000000000 -0.7310595711
86.2100000000 -0.6916974079
86.2200000000 -0.6522660756
86.2300000000 -0.6127695173
86.2400000000 -0.5732116824
86.2500000000 -0.5335965269
86.2600000000 -0.4939280122
86.2700000000 -0.4542101051
86.2800000000 -0.4144467774
86.2900000000 -0.3746420053
86.3000000000 -0.3347997694
86.3100000000 -0.2949240537
86.3200000000 -0.2550188459
86.3300000000 -0.2150881364
86.3400000000 -0.1751359183
86.3500000000 -0.1351661868
86.3600000000 -0.0951829387
86.3700000000 -0.0551901724
86.3800000000 -0.0151918871
86.3900000000 0.0248079173
86.4000000000 0.0648052409
86.4100000000 0.1047960841
86.4200000000 0.1447764478
86.4300000000 0.1847423339
86.4400000000 0.2246897460
86.4500000000 0.2646146893
86.4600000000 0.3045131713
86.4700000000 0.3443812023
86.4800000000 0.3842147954
86.4900000000 0.4240099674
86.5000000000 0.4637627387
86.5100000000 0.5034691342
86.5200000000 0.5431251831
86.5300000000 0.5827269200
86.5400000000 0.6222703847
86.5500000000 0.6617516228
86.5600000000 0.7011666864
86.5700000000 0.7405116338
86.5800000000 0.7797825308
86.5900000000 0.8189754501
86.6000000000 0.8580864725
86.6100000000 0.8971116870
86.6200000000 0.9360471911
86.6300000000 0.9748890913
86.6400000000 1.0136335033
86.6500000000 1.0522765529
86.6600000000 1.0908143757
86.6700000000 1.1292431179
86.6800000000 1.1675589368
86.6900000000 1.2057580008
86.7000000000 1.2438364899
86.7100000000 1.2817905965
86.7200000000 1.3196165250
86.7300000000 1.3573104930
86.7400000000 1.3948687311
86.7500000000 1.4322874835
86.7600000000 1.4695630083
86.7700000000 1.5066915781
86.7800000000 1.5436694799
86.7900000000 1.5804930161
86.8000000000 1.6171585043
86.8100000000 1.6536622780
86.8200000000 1.6900006868
86.8300000000 1.7261700970
86.8400000000 1.7621668916
86.8500000000 1.7979874710
86.8600000000 1.8336282531
86.8700000000 1.8690856740
86.8800000000 1.9043561878
86.8900000000 1.9394362676
86.9000000000 1.9743224054
86.9100000000 2.0090111126
86.9200000000 2.0434989204
86.9300000000 2.0777823800
86.9400000000 2.1118580630
86.9500000000 2.1457225620
86.9600000000 2.1793724906
86.9700000000 2.2128044837
86.9800000000 2.2460151982
86.9900000000 2.2790013131
87.0000000000 2.3117595297
87.0100000000 2.3442865723
87.0200000000 2.3765791882
87.0300000000 2.4086341482
87.0400000000 2.4404482468
87.0500000000 2.4720183025
87.0600000000 2.5033411585
87.0700000000 2.5344136825
87.0800000000 2.5652327672
87.0900000000 2.5957953308
87.1000000000 2.6260983170
87.1100000000 2.6561386955
87.1200000000 2.6859134624
87.1300000000 2.7154196402
87.1400000000 2.7446542783
87.1500000000 2.7736144533
87.1600000000 2.8022972691
87.1700000000 2.8306998575
87.1800000000 2.8588193783
87.1900000000 2.8866530196
87.2000000000 2.9141979979
87.2100000000 2.9414515589
87.2200000000 2.9684109772
87.2300000000 2.9950735568
87.2400000000 3.0214366316
87.2500000000 3.0474975653
87.2600000000 3.0732537517
87.2700000000 3.0987026153
87.2800000000 3.1238416112
87.2900000000 3.1486682256
87.3000000000 3.1731799758
87.3100000000 3.1973744106
87.3200000000 3.2212491106
87.3300000000 3.2448016885
87.3400000000 3.2680297888
87.3500000000 3.2909310889
87.3600000000 3.3135032987
87.3700000000 3.3357441608
87.3800000000 3.3576514514
87.3900000000 3.3792229795
87.4000000000 3.4004565882
87.4100000000 3.4213501541
87.4200000000 3.4419015878
87.4300000000 3.4621088342
87.4400000000 3.4819698727
87.4500000000 3.5014827170
87.4600000000 3.5206454160
87.4700000000 3.5394560534
87.4800000000 3.5579127481
87.4900000000 3.5760136545
87.5000000000 3.5937569625
87.5100000000 3.6111408978
87.5200000000 3.6281637221
87.5300000000 3.6448237330
87.5400000000 3.6611192645
87.5500000000 3.6770486872
87.5600000000 3.6926104081
87.5700000000 3.7078028710
87.5800000000 3.7226245567
87.5900000000 3.7370739831
87.6000000000 3.7511497052
87.6100000000 3.7648503154
87.6200000000 3.7781744437
87.6300000000 3.7911207578
87.6400000000 3.8036879629
87.6500000000 3.8158748024
87.6600000000 3.8276800576
87.6700000000 3.8391025480
87.6800000000 3.8501411313
87.6900000000 3.8607947038
87.7000000000 3.8710621999
87.7100000000 3.8809425931
87.7200000000 3.8904348953
87.7300000000 3.8995381572
87.7400000000 3.9082514685
87.7500000000 3.9165739580
87.7600000000 3.9245047933
87.7700000000 3.9320431814
87.7800000000 3.9391883685
87.7900000000 3.9459396400
87.8000000000 3.9522963208
87.8100000000 3.9582577753
87.8200000000 3.9638234073
87.8300000000 3.9689926603
87.8400000000 3.9737650173
87.8500000000 3.9781400012
87.8600000000 3.9821171743
87.8700000000 3.9856961391
87.8800000000 3.9888765375
87.8900000000 3.9916580517
87.9000000000 3.9940404033
87.9100000000 3.9960233543
87.9200000000 3.9976067062
87.9300000000 3.9987903008
87.9400000000 3.9995740197
87.9500000000 3.9999577845
87.9600000000 3.9999415569
87.9700000000 3.9995253384
87.9800000000 3.9987091708
87.9900000000 3.9974931356
88.0000000000 3.9958773544
88.0100000000 3.9938619888
88.0200000000 3.9914472403
88.0300000000 3.9886333504
88.0400000000 3.9854206005
88.0500000000 3.9818093119
88.0600000000 3.9777998456
88.0700000000 3.9733926027
88.0800000000 3.9685880238
88.0900000000 3.9633865895
88.1000000000 3.9577888198
88.1100000000 3.9517952745
88.1200000000 3.9454065529
88.1300000000 3.9386232940
88.1400000000 3.9314461761
88.1500000000 3.9238759168
88.1600000000 3.9159132732
88.1700000000 3.9075590415
88.1800000000 3.8988140572
88.1900000000 3.8896791947
88.2000000000 3.8801553675
88.2100000000 3.8702435281
88.2200000000 3.8599446675
88.2300000000 3.8492598157
88.2400000000 3.8381900410
88.2500000000 3.8267364506
88.2600000000 3.8149001898
88.2700000000 3.8026824420
88.2800000000 3.7900844293
88.2900000000 3.7771074112
88.3000000000 3.7637526855
88.3100000000 3.7500215877
88.3200000000 3.7359154909
88.3300000000 3.7214358056
88.3400000000 3.7065839799
88.3500000000 3.6913614988
88.3600000000 3.6757698847
88.3700000000 3.6598106966
88.3800000000 3.6434855306
88.3900000000 3.6267960190
88.4000000000 3.6097438308
88.4100000000 3.5923306712
88.4200000000 3.5745582816
88.4300000000 3.5564284392
88.4400000000 3.5379429568
88.4500000000 3.5191036831
88.4600000000 3.4999125020
88.4700000000 3.4803713325
88.4800000000 3.4604821288
88.4900000000 3.4402468798
88.5000000000 3.4196676089
88.5100000000 3.3987463742
88.5200000000 3.3774852676
88.5300000000 3.3558864153
88.5400000000 3.3339519772
88.5500000000 3.3116841467
88.5600000000 3.2890851505
88.5700000000 3.2661572485
88.5800000000 3.2429027335
88.5900000000 3.2193239310
88.6000000000 3.1954231987
88.6100000000 3.1712029268
88.6200000000 3.1466655373
88.6300000000 3.1218134838
88.6400000000 3.0966492515
88.6500000000 3.0711753569
88.6600000000 3.0453943474
88.6700000000 3.0193088009
88.6800000000 2.9929213261
88.6900000000 2.9662345616
88.7000000000 2.9392511762
88.7100000000 2.9119738681
88.7200000000 2.8844053650
88.7300000000 2.8565484238
88.7400000000 2.8284058301
88.7500000000 2.7999803982
88.7600000000 2.7712749706
88.7700000000 2.7422924179
88.7800000000 2.7130356381
88.7900000000 2.6835075571
88.8000000000 2.6537111275
88.8100000000 2.6236493290
88.8200000000 2.5933251678
88.8300000000 2.5627416762
88.8400000000 2.5319019126
88.8500000000 2.5008089610
88.8600000000 2.4694659305
88.8700000000 2.4378759554
88.8800000000 2.4060421948
88.8900000000 2.3739678320
88.9000000000 2.3416560744
88.9100000000 2.3091101531
88.9200000000 2.2763333228
88.9300000000 2.2433288610
88.9400000000 2.2101000682
88.9500000000 2.1766502672
88.9600000000 2.1429828030
88.9700000000 2.1091010423
88.9800000000 2.0750083733
88.9900000000 2.0407082052
89.0000000000 2.0062039679
89.0100000000 1.9714991119
89.0200000000 1.9365971077
89.0300000000 1.9015014453
89.0400000000 1.8662156344
89.0500000000 1.8307432035
89.0600000000 1.7950876998
89.0700000000 1.7592526888
89.0800000000 1.7232417540
89.0900000000 1.6870584965
89.1000000000 1.6507065345
89.1100000000 1.6141895032
89.1200000000 1.5775110544
89.1300000000 1.5406748557
89.1400000000 1.5036845909
89.1500000000 1.4665439588
89.1600000000 1.4292566736
89.1700000000 1.3918264639
89.1800000000 1.3542570727
89.1900000000 1.3165522570
89.2000000000 1.2787157871
89.2100000000 1.2407514466
89.2200000000 1.2026630321
89.2300000000 1.1644543523
89.2400000000 1.1261292280
89.2500000000 1.0876914917
89.2600000000 1.0491449872
89.2700000000 1.0104935691
89.2800000000 0.9717411024
89.2900000000 0.9328914625
89.3000000000 0.8939485342
89.3100000000 0.8549162117
89.3200000000 0.8157983984
89.3300000000 0.7765990059
89.3400000000 0.7373219541
89.3500000000 0.6979711708
89.3600000000 0.6585505909
89.3700000000 0.6190641565
89.3800000000 0.5795158163
89.3900000000 0.5399095249
89.4000000000 0.5002492430
89.4100000000 0.4605389366
89.4200000000 0.4207825767
89.4300000000 0.3809841389
89.4400000000 0.3411476030
89.4500000000 0.3012769526
89.4600000000 0.2613761748
89.4700000000 0.2214492596
89.4800000000 0.1815001996
89.4900000000 0.1415329898
89.5000000000 0.1015516268
89.5100000000 0.0615601087
89.5200000000 0.0215624346
89.5300000000 -0.0184373956
89.5400000000 -0.0584353822
89.5500000000 -0.0984275252
89.5600000000 -0.1384098256
89.5700000000 -0.1783782852
89.5800000000 -0.2183289070
89.5900000000 -0.2582576961
89.6000000000 -0.2981606597
89.6100000000 -0.3380338075
89.6200000000 -0.3778731521
89.6300000000 -0.4176747098
89.6400000000 -0.4574345004
89.6500000000 -0.4971485478
89.6600000000 -0.5368128809
89.6700000000 -0.5764235331
89.6800000000 -0.6159765434
89.6900000000 -0.6554679565
89.7000000000 -0.6948938235
89.7100000000 -0.7342502016
89.7200000000 -0.7735331553
89.7300000000 -0.8127387564
89.7400000000 -0.8518630842
89.7500000000 -0.8909022265
89.7600000000 -0.9298522792
89.7700000000 -0.9687093475
89.7800000000 -1.0074695457
89.7900000000 -1.0461289978
89.8000000000 -1.0846838378
89.8100000000 -1.1231302104
89.8200000000 -1.1614642709
89.8300000000 -1.1996821859
89.8400000000 -1.2377801337
89.8500000000 -1.2757543045
89.8600000000 -1.3136009010
89.8700000000 -1.3513161384
89.8800000000 -1.3888962454
89.8900000000 -1.4263374639
89.9000000000 -1.4636360499
89.9100000000 -1.5007882734
89.9200000000 -1.5377904194
89.9300000000 -1.5746387876
89.9400000000 -1.6113296933
89.9500000000 -1.6478594673
89.9600000000 -1.6842244568
89.9700000000 -1.7204210252
89.9800000000 -1.7564455529
89.9900000000 -1.7922944376
90.0000000000 -1.8279640943
90.0100000000 -1.8634509561
90.0200000000 -1.8987514744
90.0300000000 -1.9338621191
90.0400000000 -1.9687793792
90.0500000000 -2.0034997630
90.0600000000 -2.0380197985
90.0700000000 -2.0723360337
90.0800000000 -2.1064450371
90.0900000000 -2.1403433977
90.1000000000 -2.1740277257
90.1100000000 -2.2074946528
90.1200000000 -2.2407408323
90.1300000000 -2.2737629395
90.1400000000 -2.3065576723
90.1500000000 -2.3391217513
90.1600000000 -2.3714519201
90.1700000000 -2.4035449457
90.1800000000 -2.4353976187
90.1900000000 -2.4670067541
90.2000000000 -2.4983691908
90.2100000000 -2.5294817926
90.2200000000 -2.5603414485
90.2300000000 -2.5909450722
90.2400000000 -2.6212896037
90.2500000000 -2.6513720084
90.2600000000 -2.6811892780
90.2700000000 -2.7107384310
90.2800000000 -2.7400165124
90.2900000000 -2.7690205944
90.3000000000 -2.7977477767
90.3100000000 -2.8261951866
90.3200000000 -2.8543599792
90.3300000000 -2.8822393383
90.3400000000 -2.9098304758
90.3500000000 -2.9371306327
90.3600000000 -2.9641370790
90.3700000000 -2.9908471140
90.3800000000 -3.0172580668
90.3900000000 -3.0433672964
90.4000000000 -3.0691721917
90.4100000000 -3.0946701724
90.4200000000 -3.1198586886
90.4300000000 -3.1447352216
90.4400000000 -3.1692972837
90.4500000000 -3.1935424186
90.4600000000 -3.2174682020
90.4700000000 -3.2410722413
90.4800000000 -3.2643521760
90.4900000000 -3.2873056783
90.5000000000 -3.3099304527
90.5100000000 -3.3322242368
90.5200000000 -3.3541848013
90.5300000000 -3.3758099501
90.5400000000 -3.3970975207
90.5500000000 -3.4180453844
90.5600000000 -3.4386514464
90.5700000000 -3.4589136461
90.5800000000 -3.4788299573
90.5900000000 -3.4983983885
90.6000000000 -3.5176169827
90.6100000000 -3.5364838181
90.6200000000 -3.5549970082
90.6300000000 -3.5731547014
90.6400000000 -3.5909550822
90.6500000000 -3.6083963705
90.6600000000 -3.6254768221
90.6700000000 -3.6421947291
90.6800000000 -3.6585484197
90.6900000000 -3.6745362584
90.7000000000 -3.6901566466
90.7100000000 -3.7054080222
90.7200000000 -3.7202888601
90.7300000000 -3.7347976722
90.7400000000 -3.7489330076
90.7500000000 -3.7626934529
90.7600000000 -3.7760776319
90.7700000000 -3.7890842064
90.7800000000 -3.8017118755
90.7900000000 -3.8139593767
90.8000000000 -3.8258254851
90.8100000000 -3.8373090141
90.8200000000 -3.8484088155
90.8300000000 -3.8591237791
90.8400000000 -3.8694528336
90.8500000000 -3.8793949461
90.8600000000 -3.8889491222
90.8700000000 -3.8981144067
90.8800000000 -3.9068898831
90.8900000000 -3.9152746736
90.9000000000 -3.9232679400
90.9100000000 -3.9308688829
90.9200000000 -3.9380767421
90.9300000000 -3.9448907969
90.9400000000 -3.9513103660
90.9500000000 -3.9573348073
90.9600000000 -3.9629635184
90.9700000000 -3.9681959365
90.9800000000 -3.9730315383
90.9900000000 -3.9774698402
91.0000000000 -3.9815103985
91.0100000000 -3.9851528091
91.0200000000 -3.9883967077
91.0300000000 -3.9912417699
91.0400000000 -3.9936877113
91.0500000000 -3.9957342873
91.0600000000 -3.9973812931
91.0700000000 -3.9986285642
91.0800000000 -3.9994759757
91.0900000000 -3.9999234430
91.1000000000 -3.9999709213
91.1100000000 -3.9996184058
91.1200000000 -3.9988659318
91.1300000000 -3.9977135745
91.1400000000 -3.9961614492
91.1500000000 -3.9942097111
91.1600000000 -3.9918585553
91.1700000000 -3.9891082170
91.1800000000 -3.9859589713
91.1900000000 -3.9824111329
91.2000000000 -3.9784650568
91.2100000000 -3.9741211374
91.2200000000 -3.9693798093
91.2300000000 -3.9642415465
91.2400000000 -3.9587068628
91.2500000000 -3.9527763118
91.2600000000 -3.9464504864
91.2700000000 -3.9397300192
91.2800000000 -3.9326155824
91.2900000000 -3.9251078872
91.3000000000 -3.9172076845
91.3100000000 -3.9089157644
91.3200000000 -3.9002329559
91.3300000000 -3.8911601274
91.3400000000 -3.8816981860
91.3500000000 -3.8718480782
91.3600000000 -3.8616107887
91.3700000000 -3.8509873414
91.3800000000 -3.8399787985
91.3900000000 -3.8285862610
91.4000000000 -3.8168108680
91.4100000000 -3.8046537971
91.4200000000 -3.7921162640
91.4300000000 -3.7791995225
91.4400000000 -3.7659048641
91.4500000000 -3.7522336184
91.4600000000 -3.7381871525
91.4700000000 -3.7237668710
91.4800000000 -3.7089742158
91.4900000000 -3.6938106664
91.5000000000 -3.6782777389
91.5100000000 -3.6623769868
91.5200000000 -3.6461100000
91.5300000000 -3.6294784052
91.5400000000 -3.6124838657
91.5500000000 -3.5951280807
91.5600000000 -3.5774127860
91.5700000000 -3.5593397529
91.5800000000 -3.5409107888
91.5900000000 -3.5221277366
91.6000000000 -3.5029924746
91.6100000000 -3.4835069162
91.6200000000 -3.4636730101
91.6300000000 -3.4434927395
91.6400000000 -3.4229681225
91.6500000000 -3.4021012116
91.6600000000 -3.3808940934
91.6700000000 -3.3593488886
91.6800000000 -3.3374677517
91.6900000000 -3.3152528708
91.7000000000 -3.2927064674
91.7100000000 -3.2698307961
91.7200000000 -3.2466281444
91.7300000000 -3.2231008326
91.7400000000 -3.1992512134
91.7500000000 -3.1750816718
91.7600000000 -3.1505946246
91.7700000000 -3.1257925206
91.7800000000 -3.1006778400
91.7900000000 -3.0752530942
91.8000000000 -3.0495208256
91.8100000000 -3.0234836075
91.8200000000 -2.9971440435
91.8300000000 -2.9705047676
91.8400000000 -2.9435684437
91.8500000000 -2.9163377655
91.8600000000 -2.8888154558
91.8700000000 -2.8610042671
91.8800000000 -2.8329069803
91.8900000000 -2.8045264052
91.9000000000 -2.7758653797
91.9100000000 -2.7469267701
91.9200000000 -2.7177134700
91.9300000000 -2.6882284009
91.9400000000 -2.6584745112
91.9500000000 -2.6284547762
91.9600000000 -2.5981721979
91.9700000000 -2.5676298046
91.9800000000 -2.5368306505
91.9900000000 -2.5057778154
92.0000000000 -2.4744744046
92.0100000000 -2.4429235484
92.0200000000 -2.4111284019
92.0300000000 -2.3790921446
92.0400000000 -2.3468179801
92.0500000000 -2.3143091357
92.0600000000 -2.2815688623
92.0700000000 -2.2486004339
92.0800000000 -2.2154071474
92.0900000000 -2.1819923220
92.1000000000 -2.1483592992
92.1100000000 -2.1145114422
92.1200000000 -2.0804521359
92.1300000000 -2.0461847860
92.1400000000 -2.0117128194
92.1500000000 -1.9770396833
92.1600000000 -1.9421688447
92.1700000000 -1.9071037909
92.1800000000 -1.8718480284
92.1900000000 -1.8364050826
92.2000000000 -1.8007784978
92.2100000000 -1.7649718366
92.2200000000 -1.7289886798
92.2300000000 -1.6928326255
92.2400000000 -1.6565072893
92.2500000000 -1.6200163039
92.2600000000 -1.5833633181
92.2700000000 -1.5465519973
92.2800000000 -1.5095860226
92.2900000000 -1.4724690906
92.3000000000 -1.4352049129
92.3100000000 -1.3977972159
92.3200000000 -1.3602497403
92.3300000000 -1.3225662409
92.3400000000 -1.2847504860
92.3500000000 -1.2468062571
92.3600000000 -1.2087373486
92.3700000000 -1.1705475673
92.3800000000 -1.1322407323
92.3900000000 -1.0938206742
92.4000000000 -1.0552912349
92.4100000000 -1.0166562674
92.4200000000 -0.9779196351
92.4300000000 -0.9390852116
92.4400000000 -0.9001568804
92.4500000000 -0.8611385343
92.4600000000 -0.8220340750
92.4700000000 -0.7828474130
92.4800000000 -0.7435824669
92.4900000000 -0.7042431632
92.5000000000 -0.6648334358
92.5100000000 -0.6253572256
92.5200000000 -0.5858184801
92.5300000000 -0.5462211533
92.5400000000 -0.5065692049
92.5500000000 -0.4668665999
92.5600000000 -0.4271173087
92.5700000000 -0.3873253061
92.5800000000 -0.3474945713
92.5900000000 -0.3076290873
92.6000000000 -0.2677328407
92.6100000000 -0.2278098210
92.6200000000 -0.1878640206
92.6300000000 -0.1478994338
92.6400000000 -0.1079200573
92.6500000000 -0.0679298888
92.6600000000 -0.0279329275
92.6700000000 0.0120668272
92.6800000000 0.0520653752
92.6900000000 0.0920587167
92.7000000000 0.1320428524
92.7100000000 0.1720137839
92.7200000000 0.2119675142
92.7300000000 0.2519000479
92.7400000000 0.2918073918
92.7500000000 0.3316855552
92.7600000000 0.3715305504
92.7700000000 0.4113383928
92.7800000000 0.4511051017
92.7900000000 0.4908267005
92.8000000000 0.5304992170
92.8100000000 0.5701186840
92.8200000000 0.6096811396
92.8300000000 0.6491826276
92.8400000000 0.6886191979
92.8500000000 0.7279869069
92.8600000000 0.7672818178
92.8700000000 0.8065000011
92.8800000000 0.8456375351
92.8900000000 0.8846905061
92.9000000000 0.9236550087
92.9100000000 0.9625271466
92.9200000000 1.0013030326
92.9300000000 1.0399787892
92.9400000000 1.0785505487
92.9500000000 1.1170144540
92.9600000000 1.1553666589
92.9700000000 1.1936033280
92.9800000000 1.2317206378
92.9900000000 1.2697147766
93.0000000000 1.3075819449
93.0100000000 1.3453183562
93.0200000000 1.3829202367
93.0300000000 1.4203838264
93.0400000000 1.4577053788
93.0500000000 1.4948811620
93.0600000000 1.5319074582
93.0700000000 1.5687805650
93.0800000000 1.6054967951
93.0900000000 1.6420524768
93.1000000000 1.6784439546
93.1100000000 1.7146675894
93.1200000000 1.7507197589
93.1300000000 1.7865968579
93.1400000000 1.8222952987
93.1500000000 1.8578115115
93.1600000000 1.8931419447
93.1700000000 1.9282830652
93.1800000000 1.9632313591
93.1900000000 1.9979833314
93.2000000000 2.0325355071
93.2100000000 2.0668844309
93.2200000000 2.1010266681
93.2300000000 2.1349588043
93.2400000000 2.1686774463
93.2500000000 2.2021792225
93.2600000000 2.2354607826
93.2700000000 2.2685187984
93.2800000000 2.3013499643
93.2900000000 2.3339509971
93.3000000000 2.3663186367
93.3100000000 2.3984496464
93.3200000000 2.4303408132
93.3300000000 2.4619889479
93.3400000000 2.4933908858
93.3500000000 2.5245434867
93.3600000000 2.5554436353
93.3700000000 2.5860882417
93.3800000000 2.6164742414
93.3900000000 2.6465985958
93.4000000000 2.6764582927
93.4100000000 2.7060503459
93.4200000000 2.7353717963
93.4300000000 2.7644197119
93.4400000000 2.7931911877
93.4500000000 2.8216833468
93.4600000000 2.8498933399
93.4700000000 2.8778183460
93.4800000000 2.9054555727
93.4900000000 2.9328022563
93.5000000000 2.9598556621
93.5100000000 2.9866130848
93.5200000000 3.0130718486
93.5300000000 3.0392293078
93.5400000000 3.0650828466
93.5500000000 3.0906298797
93.5600000000 3.1158678523
93.5700000000 3.1407942408
93.5800000000 3.1654065525
93.5900000000 3.1897023261
93.6000000000 3.2136791322
93.6100000000 3.2373345730
93.6200000000 3.2606662831
93.6300000000 3.2836719292
93.6400000000 3.3063492109
93.6500000000 3.3286958604
93.6600000000 3.3507096432
93.6700000000 3.3723883577
93.6800000000 3.3937298362
93.6900000000 3.4147319446
93.7000000000 3.4353925826
93.7100000000 3.4557096843
93.7200000000 3.4756812178
93.7300000000 3.4953051861
93.7400000000 3.5145796268
93.7500000000 3.5335026125
93.7600000000 3.5520722508
93.7700000000 3.5702866849
93.7800000000 3.5881440933
93.7900000000 3.6056426903
93.8000000000 3.6227807260
93.8100000000 3.6395564867
93.8200000000 3.6559682947
93.8300000000 3.6720145090
93.8400000000 3.6876935249
93.8500000000 3.7030037744
93.8600000000 3.7179437267
93.8700000000 3.7325118878
93.8800000000 3.7467068007
93.8900000000 3.7605270461
93.9000000000 3.7739712419
93.9100000000 3.7870380438
93.9200000000 3.7997261450
93.9300000000 3.8120342767
93.9400000000 3.8239612082
93.9500000000 3.8355057468
93.9600000000 3.8466667379
93.9700000000 3.8574430656
93.9800000000 3.8678336523
93.9900000000 3.8778374587
94.0000000000 3.8874534847
94.0100000000 3.8966807686
94.0200000000 3.9055183876
94.0300000000 3.9139654580
94.0400000000 3.9220211352
94.0500000000 3.9296846135
94.0600000000 3.9369551266
94.0700000000 3.9438319475
94.0800000000 3.9503143885
94.0900000000 3.9564018013
94.1000000000 3.9620935773
94.1100000000 3.9673891472
94.1200000000 3.9722879815
94.1300000000 3.9767895903
94.1400000000 3.9808935234
94.1500000000 3.9845993706
94.1600000000 3.9879067611
94.1700000000 3.9908153642
94.1800000000 3.9933248892
94.1900000000 3.9954350849
94.2000000000 3.9971457406
94.2100000000 3.9984566849
94.2200000000 3.9993677869
94.2300000000 3.9998789555
94.2400000000 3.9999901395
94.2500000000 3.9997013279
94.2600000000 3.9990125494
94.2700000000 3.9979238730
94.2800000000 3.9964354076
94.2900000000 3.9945473019
94.3000000000 3.9922597449
94.3100000000 3.9895729652
94.3200000000 3.9864872315
94.3300000000 3.9830028524
94.3400000000 3.9791201764
94.3500000000 3.9748395916
94.3600000000 3.9701615262
94.3700000000 3.9650864480
94.3800000000 3.9596148644
94.3900000000 3.9537473227
94.4000000000 3.9474844095
94.4100000000 3.9408267511
94.4200000000 3.9337750134
94.4300000000 3.9263299014
94.4400000000 3.9184921597
94.4500000000 3.9102625721
94.4600000000 3.9016419615
94.4700000000 3.8926311899
94.4800000000 3.8832311584
94.4900000000 3.8734428071
94.5000000000 3.8632671147
94.5100000000 3.8527050989
94.5200000000 3.8417578157
94.5300000000 3.8304263599
94.5400000000 3.8187118647
94.5500000000 3.8066155015
94.5600000000 3.7941384799
94.5700000000 3.7812820477
94.5800000000 3.7680474904
94.5900000000 3.7544361314
94.6000000000 3.7404493320
94.6100000000 3.7260884908
94.6200000000 3.7113550438
94.6300000000 3.6962504644
94.6400000000 3.6807762631
94.6500000000 3.6649339872
94.6600000000 3.6487252209
94.6700000000 3.6321515852
94.6800000000 3.6152147373
94.6900000000 3.5979163710
94.7000000000 3.5802582160
94.7100000000 3.5622420382
94.7200000000 3.5438696392
94.7300000000 3.5251428561
94.7400000000 3.5060635617
94.7500000000 3.4866336639
94.7600000000 3.4668551056
94.7700000000 3.4467298647
94.7800000000 3.4262599536
94.7900000000 3.4054474195
94.8000000000 3.3842943434
94.8100000000 3.3628028407
94.8200000000 3.3409750605
94.8300000000 3.3188131856
94.8400000000 3.2963194322
94.8500000000 3.2734960496
94.8600000000 3.2503453200
94.8700000000 3.2268695587
94.8800000000 3.2030711131
94.8900000000 3.1789523630
94.9000000000 3.1545157204
94.9100000000 3.1297636288
94.9200000000 3.1046985635
94.9300000000 3.0793230309
94.9400000000 3.0536395685
94.9500000000 3.0276507448
94.9600000000 3.0013591585
94.9700000000 2.9747674388
94.9800000000 2.9478782448
94.9900000000 2.9206942654
95.0000000000 2.8932182191
95.0100000000 2.8654528533
95.0200000000 2.8374009447
95.0300000000 2.8090652983
95.0400000000 2.7804487477
95.0500000000 2.7515541546
95.0600000000 2.7223844083
95.0700000000 2.6929424259
95.0800000000 2.6632311515
95.0900000000 2.6332535562
95.1000000000 2.6030126377
95.1100000000 2.5725114201
95.1200000000 2.5417529535
95.1300000000 2.5107403138
95.1400000000 2.4794766021
95.1500000000 2.4479649448
95.1600000000 2.4162084931
95.1700000000 2.3842104225
95.1800000000 2.3519739329
95.1900000000 2.3195022478
95.2000000000 2.2867986145
95.2100000000 2.2538663032
95.2200000000 2.2207086071
95.2300000000 2.1873288420
95.2400000000 2.1537303459
95.2500000000 2.1199164785
95.2600000000 2.0858906213
95.2700000000 2.0516561767
95.2800000000 2.0172165682
95.2900000000 1.9825752397
95.3000000000 1.9477356554
95.3100000000 1.9127012991
95.3200000000 1.8774756743
95.3300000000 1.8420623035
95.3400000000 1.8064647280
95.3500000000 1.7706865075
95.3600000000 1.7347312199
95.3700000000 1.6986024605
95.3800000000 1.6623038424
95.3900000000 1.6258389952
95.4000000000 1.5892115655
95.4100000000 1.5524252160
95.4200000000 1.5154836252
95.4300000000 1.4783904874
95.4400000000 1.4411495117
95.4500000000 1.4037644223
95.4600000000 1.3662389576
95.4700000000 1.3285768701
95.4800000000 1.2907819261
95.4900000000 1.2528579049
95.5000000000 1.2148085990
95.5100000000 1.1766378132
95.5200000000 1.1383493647
95.5300000000 1.0999470822
95.5400000000 1.0614348058
95.5500000000 1.0228163869
95.5600000000 0.9840956872
95.5700000000 0.9452765787
95.5800000000 0.9063629434
95.5900000000 0.8673586725
95.6000000000 0.8282676665
95.6100000000 0.7890938344
95.6200000000 0.7498410936
95.6300000000 0.7105133693
95.6400000000 0.6711145943
95.6500000000 0.6316487083
95.6600000000 0.5921196580
95.6700000000 0.5525313963
95.6800000000 0.5128878818
95.6900000000 0.4731930790
95.7000000000 0.4334509573
95.7100000000 0.3936654908
95.7200000000 0.3538406582
95.7300000000 0.3139804417
95.7400000000 0.2740888275
95.7500000000 0.2341698046
95.7600000000 0.1942273650
95.7700000000 0.1542655027
95.7800000000 0.1142882141
95.7900000000 0.0742994967
95.8000000000 0.0343033494
95.8100000000 -0.0056962282
95.8200000000 -0.0456952361
95.8300000000 -0.0856896746
95.8400000000 -0.1256755442
95.8500000000 -0.1656488463
95.8600000000 -0.2056055837
95.8700000000 -0.2455417607
95.8800000000 -0.2854533837
95.8900000000 -0.3253364617
95.9000000000 -0.3651870062
95.9100000000 -0.4050010324
95.9200000000 -0.4447745588
95.9300000000 -0.4845036081
95.9400000000 -0.5241842074
95.9500000000 -0.5638123888
95.9600000000 -0.6033841894
95.9700000000 -0.6428956521
95.9800000000 -0.6823428257
95.9900000000 -0.7217217656
96.0000000000 -0.7610285340
96.0100000000 -0.8002592001
96.0200000000 -0.8394098410
96.0300000000 -0.8784765416
96.0400000000 -0.9174553953
96.0500000000 -0.9563425042
96.0600000000 -0.9951339797
96.0700000000 -1.0338259426
96.0800000000 -1.0724145237
96.0900000000 -1.1108958643
96.1000000000 -1.1492661162
96.1100000000 -1.1875214425
96.1200000000 -1.2256580176
96.1300000000 -1.2636720280
96.1400000000 -1.3015596722
96.1500000000 -1.3393171615
96.1600000000 -1.3769407202
96.1700000000 -1.4144265860
96.1800000000 -1.4517710103
96.1900000000 -1.4889702587
96.2000000000 -1.5260206113
96.2100000000 -1.5629183632
96.2200000000 -1.5996598245
96.2300000000 -1.6362413211
96.2400000000 -1.6726591950
96.2500000000 -1.7089098044
96.2600000000 -1.7449895242
96.2700000000 -1.7808947465
96.2800000000 -1.8166218808
96.2900000000 -1.8521673545
96.3000000000 -1.8875276129
96.3100000000 -1.9226991202
96.3200000000 -1.9576783591
96.3300000000 -1.9924618319
96.3400000000 -2.0270460601
96.3500000000 -2.0614275854
96.3600000000 -2.0956029697
96.3700000000 -2.1295687954
96.3800000000 -2.1633216660
96.3900000000 -2.1968582063
96.4000000000 -2.2301750625
96.4100000000 -2.2632689031
96.4200000000 -2.2961364187
96.4300000000 -2.3287743226
96.4400000000 -2.3611793510
96.4500000000 -2.3933482634
96.4600000000 -2.4252778430
96.4700000000 -2.4569648968
96.4800000000 -2.4884062562
96.4900000000 -2.5195987771
96.5000000000 -2.5505393401
96.5100000000 -2.5812248514
96.5200000000 -2.6116522423
96.5300000000 -2.6418184701
96.5400000000 -2.6717205183
96.5500000000 -2.7013553967
96.5600000000 -2.7307201418
96.5700000000 -2.7598118172
96.5800000000 -2.7886275137
96.5900000000 -2.8171643497
96.6000000000 -2.8454194717
96.6100000000 -2.8733900541
96.6200000000 -2.9010732999
96.6300000000 -2.9284664408
96.6400000000 -2.9555667374
96.6500000000 -2.9823714799
96.6600000000 -3.0088779877
96.6700000000 -3.0350836102
96.6800000000 -3.0609857268
96.6900000000 -3.0865817475
96.7000000000 -3.1118691125
96.7100000000 -3.1368452933
96.7200000000 -3.1615077921
96.7300000000 -3.1858541427
96.7400000000 -3.2098819106
96.7500000000 -3.2335886930
96.7600000000 -3.2569721192
96.7700000000 -3.2800298510
96.7800000000 -3.3027595824
96.7900000000 -3.3251590407
96.8000000000 -3.3472259858
96.8100000000 -3.3689582111
96.8200000000 -3.3903535434
96.8300000000 -3.4114098432
96.8400000000 -3.4321250049
96.8500000000 -3.4524969569
96.8600000000 -3.4725236620
96.8700000000 -3.4922031177
96.8800000000 -3.5115333560
96.8900000000 -3.5305124439
96.9000000000 -3.5491384835
96.9100000000 -3.5674096122
96.9200000000 -3.5853240029
96.9300000000 -3.6028798642
96.9400000000 -3.6200754405
96.9500000000 -3.6369090123
96.9600000000 -3.6533788963
96.9700000000 -3.6694834453
96.9800000000 -3.6852210491
96.9900000000 -3.7005901339
97.0000000000 -3.7155891627
97.0100000000 -3.7302166357
97.0200000000 -3.7444710901
97.0300000000 -3.7583511006
97.0400000000 -3.7718552791
97.0500000000 -3.7849822752
97.0600000000 -3.7977307762
97.0700000000 -3.8100995073
97.0800000000 -3.8220872316
97.0900000000 -3.8336927504
97.1000000000 -3.8449149032
97.1100000000 -3.8557525676
97.1200000000 -3.8662046600
97.1300000000 -3.8762701351
97.1400000000 -3.8859479865
97.1500000000 -3.8952372463
97.1600000000 -3.9041369856
97.1700000000 -3.9126463145
97.1800000000 -3.9207643820
97.1900000000 -3.9284903763
97.2000000000 -3.9358235249
97.2100000000 -3.9427630944
97.2200000000 -3.9493083908
97.2300000000 -3.9554587598
97.2400000000 -3.9612135861
97.2500000000 -3.9665722944
97.2600000000 -3.9715343488
97.2700000000 -3.9760992530
97.2800000000 -3.9802665506
97.2900000000 -3.9840358249
97.3000000000 -3.9874066990
97.3100000000 -3.9903788356
97.3200000000 -3.9929519378
97.3300000000 -3.9951257480
97.3400000000 -3.9969000490
97.3500000000 -3.9982746634
97.3600000000 -3.9992494536
97.3700000000 -3.9998243221
97.3800000000 -3.9999992116
97.3900000000 -3.9997741045
97.4000000000 -3.9991490234
97.4100000000 -3.9981240306
97.4200000000 -3.9966992288
97.4300000000 -3.9948747604
97.4400000000 -3.9926508078
97.4500000000 -3.9900275935
97.4600000000 -3.9870053798
97.4700000000 -3.9835844688
97.4800000000 -3.9797652027
97.4900000000 -3.9755479635
97.5000000000 -3.9709331727
97.5100000000 -3.9659212919
97.5200000000 -3.9605128223
97.5300000000 -3.9547083047
97.5400000000 -3.9485083196
97.5500000000 -3.9419134869
97.5600000000 -3.9349244662
97.5700000000 -3.9275419563
97.5800000000 -3.9197666955
97.5900000000 -3.9115994613
97.6000000000 -3.9030410704
97.6100000000 -3.8940923786
97.6200000000 -3.8847542808
97.6300000000 -3.8750277109
97.6400000000 -3.8649136414
97.6500000000 -3.8544130838
97.6600000000 -3.8435270881
97.6700000000 -3.8322567428
97.6800000000 -3.8206031751
97.6900000000 -3.8085675503
97.7000000000 -3.7961510718
97.7100000000 -3.7833549815
97.7200000000 -3.7701805588
97.7300000000 -3.7566291211
97.7400000000 -3.7427020237
97.7500000000 -3.7284006592
97.7600000000 -3.7137264578
97.7700000000 -3.6986808868
97.7800000000 -3.6832654508
97.7900000000 -3.6674816913
97.8000000000 -3.6513311867
97.8100000000 -3.6348155520
97.8200000000 -3.6179364388
97.8300000000 -3.6006955350
97.8400000000 -3.5830945646
97.8500000000 -3.5651352877
97.8600000000 -3.5468195003
97.8700000000 -3.5281490339
97.8800000000 -3.5091257555
97.8900000000 -3.4897515675
97.9000000000 -3.4700284073
97.9100000000 -3.4499582470
97.9200000000 -3.4295430939
97.9300000000 -3.4087849892
97.9400000000 -3.3876860090
97.9500000000 -3.3662482629
97.9600000000 -3.3444738948
97.9700000000 -3.3223650822
97.9800000000 -3.2999240357
97.9900000000 -3.2771529997
98.0000000000 -3.2540542510
98.0100000000 -3.2306300997
98.0200000000 -3.2068828880
98.0300000000 -3.1828149907
98.0400000000 -3.1584288146
98.0500000000 -3.1337267982
98.0600000000 -3.1087114117
98.0700000000 -3.0833851567
98.0800000000 -3.0577505658
98.0900000000 -3.0318102023
98.1000000000 -3.0055666604
98.1100000000 -2.9790225643
98.1200000000 -2.9521805684
98.1300000000 -2.9250433569
98.1400000000 -2.8976136435
98.1500000000 -2.8698941712
98.1600000000 -2.8418877118
98.1700000000 -2.8135970661
98.1800000000 -2.7850250630
98.1900000000 -2.7561745597
98.2000000000 -2.7270484412
98.2100000000 -2.6976496202
98.2200000000 -2.6679810364
98.2300000000 -2.6380456568
98.2400000000 -2.6078464748
98.2500000000 -2.5773865103
98.2600000000 -2.5466688093
98.2700000000 -2.5156964436
98.2800000000 -2.4844725103
98.2900000000 -2.4530001318
98.3000000000 -2.4212824554
98.3100000000 -2.3893226528
98.3200000000 -2.3571239198
98.3300000000 -2.3246894765
98.3400000000 -2.2920225661
98.3500000000 -2.2591264554
98.3600000000 -2.2260044339
98.3700000000 -2.1926598138
98.3800000000 -2.1590959296
98.3900000000 -2.1253161376
98.4000000000 -2.0913238157
98.4100000000 -2.0571223632
98.4200000000 -2.0227152002
98.4300000000 -1.9881057673
98.4400000000 -1.9532975256
98.4500000000 -1.9182939557
98.4600000000 -1.8830985580
98.4700000000 -1.8477148520
98.4800000000 -1.8121463761
98.4900000000 -1.7763966870
98.5000000000 -1.7404693597
98.5100000000 -1.7043679870
98.5200000000 -1.6680961789
98.5300000000 -1.6316575626
98.5400000000 -1.5950557818
98.5500000000 -1.5582944969
98.5600000000 -1.5213773837
98.5700000000 -1.4843081341
98.5800000000 -1.4470904549
98.5900000000 -1.4097280679
98.6000000000 -1.3722247093
98.6100000000 -1.3345841293
98.6200000000 -1.2968100920
98.6300000000 -1.2589063748
98.6400000000 -1.2208767680
98.6500000000 -1.1827250745
98.6600000000 -1.1444551096
98.6700000000 -1.1060707000
98.6800000000 -1.0675756844
98.6900000000 -1.0289739120
98.7000000000 -0.9902692431
98.7100000000 -0.9514655481
98.7200000000 -0.9125667073
98.7300000000 -0.8735766107
98.7400000000 -0.8344991571
98.7500000000 -0.7953382543
98.7600000000 -0.7560978183
98.7700000000 -0.7167817731
98.7800000000 -0.6773940504
98.7900000000 -0.6379385889
98.8000000000 -0.5984193340
98.8100000000 -0.5588402377
98.8200000000 -0.5192052578
98.8300000000 -0.4795183578
98.8400000000 -0.4397835064
98.8500000000 -0.4000046770
98.8600000000 -0.3601858475
98.8700000000 -0.3203309997
98.8800000000 -0.2804441191
98.8900000000 -0.2405291942
98.9000000000 -0.2005902167
98.9100000000 -0.1606311803
98.9200000000 -0.1206560809
98.9300000000 -0.0806689160
98.9400000000 -0.0406736843
98.9500000000 -0.0006743853
98.9600000000 0.0393249812
98.9700000000 0.0793204152
98.9800000000 0.1193079172
98.9900000000 0.1592834886
99.0000000000 0.1992431317
99.0100000000 0.2391828507
99.0200000000 0.2790986516
99.0300000000 0.3189865429
99.0400000000 0.3588425357
99.0500000000 0.3986626447
99.0600000000 0.4384428877
99.0700000000 0.4781792867
99.0800000000 0.5178678683
99.0900000000 0.5575046635
99.1000000000 0.5970857086
99.1100000000 0.6366070457
99.1200000000 0.6760647227
99.1300000000 0.7154547937
99.1400000000 0.7547733198
99.1500000000 0.7940163693
99.1600000000 0.8331800177
99.1700000000 0.8722603489
99.1800000000 0.9112534547
99.1900000000 0.9501554360
99.2000000000 0.9889624025
99.2100000000 1.0276704736
99.2200000000 1.0662757785
99.2300000000 1.1047744567
99.2400000000 1.1431626584
99.2500000000 1.1814365448
99.2600000000 1.2195922885
99.2700000000 1.2576260740
99.2800000000 1.2955340979
99.2900000000 1.3333125695
99.3000000000 1.3709577110
99.3100000000 1.4084657578
99.3200000000 1.4458329592
99.3300000000 1.4830555786
99.3400000000 1.5201298936
99.3500000000 1.5570521969
99.3600000000 1.5938187962
99.3700000000 1.6304260151
99.3800000000 1.6668701926
99.3900000000 1.7031476846
99.4000000000 1.7392548632
99.4100000000 1.7751881177
99.4200000000 1.8109438550
99.4300000000 1.8465184993
99.4400000000 1.8819084933
99.4500000000 1.9171102981
99.4600000000 1.9521203934
99.4700000000 1.9869352783
99.4800000000 2.0215514714
99.4900000000 2.0559655110
99.5000000000 2.0901739557
99.5100000000 2.1241733848
99.5200000000 2.1579603983
99.5300000000 2.1915316176
99.5400000000 2.2248836855
99.5500000000 2.2580132670
99.5600000000 2.2909170489
99.5700000000 2.3235917411
99.5800000000 2.3560340761
99.5900000000 2.3882408096
99.6000000000 2.4202087210
99.6100000000 2.4519346135
99.6200000000 2.4834153147
99.6300000000 2.5146476764
99.6400000000 2.5456285754
99.6500000000 2.5763549136
99.6600000000 2.6068236186
99.6700000000 2.6370316433
99.6800000000 2.6669759671
99.6900000000 2.6966535955
99.7000000000 2.7260615608
99.7100000000 2.7551969222
99.7200000000 2.7840567662
99.7300000000 2.8126382068
99.7400000000 2.8409383860
99.7500000000 2.8689544737
99.7600000000 2.8966836683
99.7700000000 2.9241231970
99.7800000000 2.9512703158
99.7900000000 2.9781223100
99.8000000000 3.0046764945
99.8100000000 3.0309302139
99.8200000000 3.0568808427
99.8300000000 3.0825257860
99.8400000000 3.1078624793
99.8500000000 3.1328883890
99.8600000000 3.1576010124
99.8700000000 3.1819978783
99.8800000000 3.2060765471
99.8900000000 3.2298346109
99.9000000000 3.2532696940
99.9100000000 3.2763794528
99.9200000000 3.2991615764
99.9300000000 3.3216137865
99.9400000000 3.3437338381
99.9500000000 3.3655195191
99.9600000000 3.3869686509
99.9700000000 3.4080790886
99.9800000000 3.4288487213
99.9900000000 3.4492754720
